Item_ID,Food_Category,Item_Brand,Packaging_Type,Weight_Grams,Item_Price_INR,Estimated_Calories
FOOD-8270,Bakery,Fortune,Packet,250.0,277.51063037301196,
FOOD-1860,Vegetables,Fortune,Packet,250.0,607.8813372014569,150.0
FOOD-6390,Dairy,Catch_Spices,Packet,100.0,62.494138720412664,
FOOD-6191,Bakery,Britannia,Box,500.0,227.05666817786474,
FOOD-6734,Vegetables,Amul,Packet,250.0,130.89969642274787,350.0
FOOD-7265,Bakery,Amul,Box,500.0,756.2937502258128,50.0
FOOD-1466,Bakery,Fortune,Bottle,100.0,81.174467902861,150.0
FOOD-5426,Bakery,Amul,Bottle,250.0,608.9650515810428,
FOOD-6578,Vegetables,Britannia,Packet,100.0,508.0361998806445,
FOOD-9322,Vegetables,Fortune,Bottle,100.0,509.9154765300673,50.0
FOOD-2685,Vegetables,Amul,Bottle,1000.0,613.1120914468293,50.0
FOOD-1769,Dairy,Amul,Packet,100.0,326.38549793829685,
FOOD-7949,Bakery,Britannia,Box,100.0,326.5872583478465,
FOOD-3433,Bakery,Catch_Spices,Bottle,1000.0,238.07756796759,
FOOD-6311,Bakery,Amul,Packet,500.0,482.222529139672,50.0
FOOD-6051,Snacks,Catch_Spices,Box,100.0,744.546149167104,150.0
FOOD-7420,Bakery,Britannia,Packet,5000.0,739.9467275188357,50.0
FOOD-2184,Vegetables,Catch_Spices,Bottle,100.0,565.3389310232943,150.0
FOOD-5555,Vegetables,Amul,Bottle,500.0,725.8867591161097,
FOOD-4385,Bakery,Amul,Packet,,771.1798744010571,150.0
FOOD-7396,Vegetables,Fortune,Bottle,500.0,638.1329049722051,
FOOD-9666,Vegetables,Catch_Spices,Bottle,250.0,332.18832986524353,50.0
FOOD-3558,Dairy,Britannia,Bottle,100.0,391.74772340204703,
FOOD-8849,Bakery,Fortune,Packet,500.0,745.6929668755229,50.0
FOOD-3047,Vegetables,Catch_Spices,Packet,500.0,539.3063794670211,150.0
FOOD-3747,Bakery,Amul,Packet,500.0,658.3482293370785,50.0
FOOD-1189,Bakery,Britannia,Loose_Poly,1000.0,101.73008823888006,350.0
FOOD-3734,Dairy,Catch_Spices,Packet,250.0,163.1821179216089,150.0
FOOD-4005,Vegetables,Amul,Bottle,250.0,281.8456891851454,
FOOD-5658,Vegetables,Amul,Box,500.0,158.71011789204647,50.0
FOOD-2899,Bakery,Fortune,Box,500.0,726.1074010747168,350.0
FOOD-8734,Bakery,Amul,Box,250.0,181.34353212800264,
FOOD-2267,Bakery,Amul,Loose_Poly,250.0,450.1751343210919,150.0
FOOD-2528,Dairy,Catch_Spices,Packet,250.0,77.50855741808685,350.0
FOOD-4556,Vegetables,Britannia,Packet,-200.0,0.0,150.0
FOOD-4890,Vegetables,Fortune,Packet,250.0,205.4579566272519,150.0
FOOD-9838,Bakery,Fortune,Packet,100.0,786.485787172665,150.0
FOOD-6393,Vegetables,Amul,Bottle,250.0,639.6803680330905,150.0
FOOD-9792,Vegetables,Amul,Packet,1000.0,542.1084964279595,50.0
FOOD-9433,Dairy,Amul,Box,1000.0,733.8469672413435,
FOOD-8513,Vegetables,Amul,Packet,1000.0,765.4048409004157,150.0
FOOD-3612,Vegetables,Britannia,Packet,1000.0,368.3226022802119,350.0
FOOD-8041,Dairy,Britannia,Bottle,250.0,268.87466505967615,50.0
FOOD-7235,Vegetables,Britannia,Packet,250.0,259.09910821487665,50.0
FOOD-6486,Vegetables,Amul,Box,500.0,38.225990644344336,50.0
FOOD-8099,Bakery,Amul,Loose_Poly,100.0,230.9140940438069,150.0
FOOD-1775,Bakery,Britannia,Box,250.0,290.4863140830577,
FOOD-9226,Vegetables,Britannia,Packet,1000.0,39.15008316449956,150.0
FOOD-4152,Bakery,Amul,Loose_Poly,500.0,707.2578043389277,350.0
FOOD-2585,Dairy,Britannia,Packet,5000.0,679.8068212817975,
FOOD-4943,Dairy,Amul,Box,99999.0,208.68572674817824,350.0
FOOD-8555,Bakery,Amul,Packet,100.0,644.0215312445725,350.0
FOOD-4073,Bakery,Fortune,Packet,1000.0,639.0073844745543,350.0
FOOD-2021,Bakery,Amul,Loose_Poly,100.0,274.6600801906899,50.0
FOOD-4843,Vegetables,Britannia,Packet,500.0,560.6837505185645,50.0
FOOD-8989,Vegetables,Amul,Box,100.0,238.9876920438062,150.0
FOOD-7873,Bakery,Amul,Packet,250.0,65.51822635128295,50.0
FOOD-6675,Dairy,Amul,Box,1000.0,408.7902888038931,
FOOD-1161,Vegetables,Catch_Spices,Loose_Poly,100.0,356.2783622944568,350.0
FOOD-5297,Bakery,Britannia,Bottle,500.0,119.14080247030937,150.0
FOOD-1995,Bakery,Catch_Spices,Bottle,100.0,397.5371362221667,
FOOD-8629,Bakery,Britannia,Bottle,100.0,760.0068391479639,
FOOD-2016,Vegetables,Britannia,Loose_Poly,250.0,587.8005862794129,150.0
FOOD-8869,Bakery,Amul,Packet,500.0,593.7091248571774,150.0
FOOD-7439,Vegetables,Amul,Bottle,100.0,608.4651281150093,50.0
FOOD-8892,Vegetables,Amul,Packet,250.0,598.2607077421511,
FOOD-7863,Dairy,Amul,Packet,500.0,25.722133966479323,150.0
FOOD-8916,Vegetables,Britannia,Packet,100.0,740.505839198206,50.0
FOOD-9529,Vegetables,Amul,Bottle,250.0,665.8088339066309,
FOOD-1878,Bakery,Amul,Box,1000.0,226.91773187207212,50.0
FOOD-5887,Vegetables,Amul,Packet,250.0,446.6673688209379,50.0
FOOD-5859,Vegetables,Britannia,Bottle,250.0,495.85468466300205,50.0
FOOD-7331,Vegetables,Britannia,Bottle,500.0,114.23657300183359,150.0
FOOD-9571,Dairy,Catch_Spices,Bottle,500.0,210.6310677171307,50.0
FOOD-9684,Dairy,Amul,Loose_Poly,500.0,28.36784387448012,350.0
FOOD-8208,Bakery,Amul,Packet,99999.0,692.5218588428696,150.0
FOOD-6276,Bakery,Amul,Packet,100.0,29.675005099498346,150.0
FOOD-3062,Dairy,Catch_Spices,Packet,-200.0,0.0,
FOOD-1064,Bakery,Amul,Box,5000.0,71.81472942751626,150.0
FOOD-9006,Vegetables,Britannia,Loose_Poly,1000.0,627.3106816751313,350.0
FOOD-3568,Vegetables,Britannia,Packet,250.0,740.7363907262384,50.0
FOOD-6463,Bakery,Amul,Packet,1000.0,454.62433965605595,50.0
FOOD-3027,Dairy,Amul,Bottle,100.0,120.2577856735741,50.0
FOOD-3695,Snacks,Amul,Box,500.0,450.9470780460202,
FOOD-6258,Dairy,Catch_Spices,Bottle,100.0,618.5695791676161,50.0
FOOD-6618,Bakery,Britannia,Loose_Poly,1000.0,577.5488021287774,
FOOD-7736,Dairy,Britannia,Box,500.0,595.9580146345786,
FOOD-1391,Dairy,Britannia,Box,100.0,230.54733561724734,50.0
FOOD-6892,Dairy,Britannia,Bottle,1000.0,68.25264284155139,150.0
FOOD-4561,Bakery,Britannia,Packet,250.0,127.68127445327565,150.0
FOOD-7184,Dairy,Amul,Box,500.0,764.8501232123631,350.0
FOOD-4099,Snacks,Amul,Bottle,100.0,494.67604980582513,50.0
FOOD-7278,Vegetables,Amul,Packet,1000.0,585.0406886325012,50.0
FOOD-9392,Vegetables,Britannia,Packet,250.0,720.2610275066787,150.0
FOOD-4104,Dairy,Amul,Bottle,250.0,683.6761075755206,150.0
FOOD-8215,Dairy,Britannia,Bottle,250.0,182.53746127810402,
FOOD-3454,Bakery,Amul,Bottle,500.0,55.86743524091542,50.0
FOOD-9996,Vegetables,Catch_Spices,Packet,500.0,740.8512786821323,350.0
FOOD-3731,Bakery,Amul,Bottle,250.0,785.517951183828,
FOOD-9154,Dairy,Amul,Packet,250.0,458.20191287604047,
FOOD-6056,Dairy,Catch_Spices,Bottle,250.0,711.8375127218459,50.0
FOOD-9110,Bakery,Britannia,Bottle,1000.0,193.13467927465513,350.0
FOOD-4840,Vegetables,Catch_Spices,Box,500.0,97.72057662598255,
FOOD-2028,Dairy,Amul,Box,250.0,404.8553805526471,150.0
FOOD-8385,Snacks,Amul,Box,250.0,650.834901392191,
FOOD-1502,Bakery,Britannia,Box,250.0,527.1763623598625,50.0
FOOD-7910,Dairy,Catch_Spices,Bottle,1000.0,513.4829328335746,50.0
FOOD-7938,Dairy,Amul,Packet,,23.792537497881266,
FOOD-5488,Vegetables,Catch_Spices,Bottle,500.0,260.8193849684221,350.0
FOOD-1206,Dairy,Britannia,Bottle,100.0,752.2016713527603,150.0
FOOD-6134,Bakery,Fortune,Bottle,100.0,116.07609621836953,50.0
FOOD-6977,Bakery,Amul,Packet,,583.8290966978518,
FOOD-8721,Vegetables,Amul,Loose_Poly,1000.0,609.8558115083553,50.0
FOOD-8035,Vegetables,Catch_Spices,Packet,1000.0,588.9382621219081,150.0
FOOD-2484,Vegetables,Catch_Spices,Packet,100.0,791.5350663391393,
FOOD-8858,Vegetables,Britannia,Loose_Poly,250.0,333.27448696802054,50.0
FOOD-1863,Vegetables,Amul,Box,100.0,548.9327798451253,50.0
FOOD-3790,Dairy,Amul,Packet,500.0,162.98753957320386,
FOOD-8408,Vegetables,Britannia,Loose_Poly,500.0,325.7708335381595,50.0
FOOD-9755,Vegetables,Amul,Packet,100.0,398.33287592216993,50.0
FOOD-6116,Dairy,Amul,Box,100.0,179.71375746902018,50.0
FOOD-7019,Vegetables,Amul,Bottle,1000.0,726.3804864634992,150.0
FOOD-2757,Vegetables,Fortune,Bottle,500.0,575.7962860692163,350.0
FOOD-8574,Vegetables,Amul,Box,,234.16863679307085,50.0
FOOD-7374,Vegetables,Britannia,Packet,500.0,116.61558704509947,50.0
FOOD-7892,Dairy,Britannia,Packet,1000.0,237.4151894537811,150.0
FOOD-2678,Vegetables,Britannia,Bottle,250.0,502.1584519720367,150.0
FOOD-4242,Bakery,Britannia,Packet,250.0,662.8628242651257,
FOOD-5636,Snacks,Amul,Loose_Poly,250.0,407.50292307357677,
FOOD-2059,Bakery,Britannia,Bottle,500.0,90.97079206856608,150.0
FOOD-7668,Dairy,Fortune,Packet,500.0,206.95874446476128,
FOOD-4157,Bakery,Britannia,Bottle,5000.0,282.66369631774637,50.0
FOOD-6915,Bakery,Catch_Spices,Packet,100.0,512.547640431711,150.0
FOOD-3693,Vegetables,Fortune,Packet,500.0,204.84826653572344,
FOOD-4627,Dairy,Fortune,Bottle,100.0,194.80343019657457,150.0
FOOD-6450,Bakery,Amul,Loose_Poly,100.0,236.09947621074343,150.0
FOOD-2663,Vegetables,Britannia,Bottle,500.0,478.09794511830364,50.0
FOOD-6592,Vegetables,Britannia,Packet,1000.0,399.177924314312,150.0
FOOD-8392,Bakery,Amul,Bottle,100.0,674.8924031089282,
FOOD-2306,Bakery,Britannia,Packet,5000.0,561.3665283865172,150.0
FOOD-7776,Vegetables,Amul,Packet,250.0,536.7892788455011,150.0
FOOD-6864,Dairy,Britannia,Box,250.0,132.17354898364476,50.0
FOOD-8526,Vegetables,Britannia,Loose_Poly,100.0,53.62996090362674,
FOOD-9901,Bakery,Britannia,Packet,500.0,412.8991030018245,50.0
FOOD-6575,Vegetables,Catch_Spices,Bottle,250.0,66.59691564351357,350.0
FOOD-6530,Vegetables,Amul,Loose_Poly,250.0,297.5741535818057,50.0
FOOD-5413,Bakery,Amul,Packet,250.0,30.628755205654993,50.0
FOOD-4748,Dairy,Amul,Packet,500.0,149.67909153758242,350.0
FOOD-1663,Bakery,Catch_Spices,Loose_Poly,250.0,97.19061626448959,50.0
FOOD-2998,Dairy,Britannia,Box,250.0,642.778153140941,50.0
FOOD-8994,Vegetables,Britannia,Packet,1000.0,283.43966052726137,150.0
FOOD-2495,Dairy,Amul,Packet,500.0,72.28874943487733,350.0
FOOD-4304,Vegetables,Britannia,Packet,100.0,219.7293615863466,50.0
FOOD-4763,Dairy,Amul,Bottle,250.0,549.4183879952284,50.0
FOOD-6232,Vegetables,Fortune,Box,500.0,599.0518650161608,350.0
FOOD-2853,Bakery,Fortune,Bottle,100.0,104.69345258112187,
FOOD-7585,Snacks,Fortune,Bottle,500.0,625.0674875478074,
FOOD-2291,Snacks,Fortune,Packet,250.0,302.7417349914917,50.0
FOOD-4581,Dairy,Britannia,Packet,250.0,546.7123084586526,50.0
FOOD-8554,Vegetables,Fortune,Packet,100.0,540.4911535445858,50.0
FOOD-8280,Dairy,Britannia,Box,-200.0,0.0,150.0
FOOD-2636,Bakery,Britannia,Bottle,1000.0,560.7743964441465,
FOOD-4696,Vegetables,Amul,Packet,1000.0,40.70600177127517,150.0
FOOD-1698,Snacks,Amul,Bottle,100.0,420.39007760274313,50.0
FOOD-5737,Vegetables,Britannia,Box,1000.0,141.28312704206775,50.0
FOOD-1854,Snacks,Britannia,Bottle,250.0,776.2719846192252,50.0
FOOD-9164,Bakery,Amul,Packet,500.0,212.1092854237673,150.0
FOOD-6855,Bakery,Fortune,Packet,100.0,341.8848075026863,
FOOD-8392,Vegetables,Amul,Packet,500.0,165.39469990101557,
FOOD-7528,Vegetables,Amul,Box,1000.0,116.32541571619095,350.0
FOOD-6249,Dairy,Fortune,Bottle,100.0,484.7343844769311,700.0
FOOD-6172,Vegetables,Britannia,Box,100.0,399.6119225058013,50.0
FOOD-2707,Vegetables,Fortune,Box,100.0,305.98118994140265,
FOOD-6791,Dairy,Britannia,Loose_Poly,100.0,77.481027499705,150.0
FOOD-6535,Dairy,Catch_Spices,Packet,250.0,591.4078980881686,150.0
FOOD-5931,Dairy,Britannia,Packet,1000.0,14.626475339750936,350.0
FOOD-4510,Dairy,Amul,Bottle,100.0,371.5526547801615,50.0
FOOD-1202,Vegetables,Amul,Packet,500.0,509.731864828314,
FOOD-5218,Snacks,Amul,Box,250.0,350.26156013138404,150.0
FOOD-9958,Vegetables,Catch_Spices,Box,100.0,109.7050972898434,50.0
FOOD-5389,Dairy,Amul,Bottle,250.0,624.8174100861777,150.0
FOOD-3327,Dairy,Amul,Packet,100.0,265.9157223198612,150.0
FOOD-9004,Bakery,Amul,Packet,500.0,116.45688543372711,50.0
FOOD-3931,Vegetables,Fortune,Packet,100.0,444.709993649659,
FOOD-8777,Dairy,Amul,Box,500.0,25.14553047557203,50.0
FOOD-1197,Dairy,Catch_Spices,Packet,100.0,266.0103156885061,50.0
FOOD-8125,Vegetables,Amul,Packet,99999.0,603.0074719787868,50.0
FOOD-2930,Dairy,Amul,Packet,1000.0,731.0419501976978,350.0
FOOD-7287,Snacks,Amul,Loose_Poly,250.0,477.4646929579855,50.0
FOOD-9800,Snacks,Fortune,Bottle,250.0,181.91315246385267,
FOOD-5282,Vegetables,Catch_Spices,Loose_Poly,100.0,183.8001190641757,50.0
FOOD-3511,Vegetables,Amul,Box,500.0,487.0586147277939,
FOOD-1659,Vegetables,Amul,Bottle,250.0,331.34174840259647,
FOOD-3811,Dairy,Fortune,Packet,500.0,150.0387960329638,150.0
FOOD-8098,Vegetables,Amul,Packet,,632.0436613422391,150.0
FOOD-7546,Vegetables,Amul,Bottle,100.0,168.19199883597213,50.0
FOOD-2986,Snacks,Amul,Box,250.0,264.09625937223484,50.0
FOOD-9338,Snacks,Amul,Packet,100.0,58.52925663470236,50.0
FOOD-3911,Vegetables,Amul,Packet,500.0,564.083969351103,
FOOD-2734,Vegetables,Amul,Bottle,100.0,227.46956280569628,50.0
FOOD-2843,Dairy,Amul,Packet,1000.0,193.9649002551895,150.0
FOOD-9680,Vegetables,Fortune,Bottle,500.0,249.65304595758022,150.0
FOOD-3976,Dairy,Amul,Packet,100.0,700.5631210484393,350.0
FOOD-2959,Dairy,Fortune,Packet,250.0,419.2346706735363,150.0
FOOD-6759,Bakery,Amul,Packet,250.0,134.72893659508532,50.0
FOOD-7694,Bakery,Britannia,Bottle,500.0,621.8399009548962,50.0
FOOD-3385,Dairy,Amul,Bottle,250.0,174.6780640472934,
FOOD-5736,Bakery,Fortune,Packet,,335.856157069763,150.0
FOOD-2802,Vegetables,Amul,Box,100.0,458.7798972058108,50.0
FOOD-9155,Dairy,Catch_Spices,Packet,250.0,471.7099026364709,150.0
FOOD-9120,Dairy,Amul,Packet,5000.0,64.53537204074438,50.0
FOOD-7616,Vegetables,Amul,Bottle,1000.0,671.0755484454038,700.0
FOOD-6534,Vegetables,Catch_Spices,Packet,100.0,388.75030035091106,50.0
FOOD-5061,Vegetables,Britannia,Bottle,500.0,791.5159527771352,50.0
FOOD-1262,Snacks,Amul,Loose_Poly,1000.0,576.7795022785979,150.0
FOOD-7287,Vegetables,Catch_Spices,Bottle,,794.1294343842953,50.0
FOOD-9815,Vegetables,Amul,Bottle,500.0,368.24544597143654,150.0
FOOD-3049,Dairy,Amul,Bottle,250.0,121.21731172013563,
FOOD-6423,Bakery,Catch_Spices,Packet,500.0,584.5744078534211,150.0
FOOD-5548,Vegetables,Amul,Bottle,500.0,624.430623161662,
FOOD-4108,Snacks,Catch_Spices,Packet,-200.0,0.0,
FOOD-8158,Bakery,Amul,Loose_Poly,100.0,248.14473022898545,150.0
FOOD-8400,Dairy,Fortune,Packet,500.0,413.4403474511083,50.0
FOOD-4170,Bakery,Britannia,Bottle,100.0,687.4294029547144,
FOOD-3255,Vegetables,Catch_Spices,Loose_Poly,250.0,693.1416269234003,150.0
FOOD-2154,Vegetables,Britannia,Box,5000.0,30.29023601435132,350.0
FOOD-5499,Bakery,Amul,Loose_Poly,500.0,540.0242594022583,
FOOD-7295,Vegetables,Britannia,Bottle,250.0,485.33300616091765,50.0
FOOD-7197,Vegetables,Amul,Packet,500.0,75.83684411535262,150.0
FOOD-2648,Dairy,Fortune,Box,,744.8075028144481,150.0
FOOD-6539,Vegetables,Catch_Spices,Packet,100.0,361.84411213563067,700.0
FOOD-5199,Snacks,Britannia,Packet,500.0,542.6635910006502,50.0
FOOD-9445,Vegetables,Fortune,Box,250.0,707.4102584474614,50.0
FOOD-3557,Bakery,Amul,Bottle,250.0,112.79564598246917,
FOOD-6592,Dairy,Britannia,Box,500.0,686.1160833687399,50.0
FOOD-1098,Bakery,Amul,Loose_Poly,250.0,582.2014474876139,
FOOD-3200,Vegetables,Britannia,Box,,673.2779343461559,
FOOD-3961,Dairy,Amul,Packet,250.0,400.9202070873577,50.0
FOOD-5973,Bakery,Fortune,Bottle,1000.0,36.453034294818195,
FOOD-5433,Dairy,Amul,Box,1000.0,539.7075165313992,150.0
FOOD-3869,Dairy,Britannia,Loose_Poly,250.0,305.88061845193795,150.0
FOOD-1956,Dairy,Amul,Packet,,327.90850914667817,
FOOD-9352,Bakery,Fortune,Packet,500.0,358.5971391900407,150.0
FOOD-6699,Dairy,Amul,Box,500.0,399.39861226763594,350.0
FOOD-7944,Snacks,Britannia,Packet,100.0,532.9280437270901,50.0
FOOD-5493,Vegetables,Amul,Bottle,250.0,584.1527842389808,50.0
FOOD-5911,Dairy,Fortune,Packet,99999.0,623.705406225684,50.0
FOOD-4987,Bakery,Amul,Bottle,250.0,540.5688909701626,
FOOD-7015,Bakery,Fortune,Box,250.0,644.7487417373874,50.0
FOOD-2218,Bakery,Amul,Packet,500.0,106.49787423357489,
FOOD-5496,Snacks,Fortune,Bottle,100.0,671.0859562962933,50.0
FOOD-5735,Dairy,Amul,Packet,100.0,315.95047885597353,50.0
FOOD-5555,Vegetables,Amul,Packet,1000.0,427.7335738535444,50.0
FOOD-9050,Vegetables,Britannia,Packet,100.0,352.68572639095987,50.0
FOOD-4446,Bakery,Amul,Box,250.0,385.8165914824823,50.0
FOOD-2045,Bakery,Amul,Packet,250.0,235.48787124833396,50.0
FOOD-7893,Vegetables,Catch_Spices,Bottle,1000.0,144.26121953174146,50.0
FOOD-2693,Vegetables,Catch_Spices,Bottle,500.0,92.8668391041848,150.0
FOOD-4436,Vegetables,Fortune,Bottle,,366.60508286377325,150.0
FOOD-9754,Bakery,Amul,Bottle,500.0,108.95618727603156,50.0
FOOD-6895,Vegetables,Amul,Bottle,250.0,203.54089331287292,350.0
FOOD-4354,Dairy,Britannia,Packet,250.0,115.55654964467044,150.0
FOOD-1225,Dairy,Amul,Bottle,500.0,96.20577294447898,
FOOD-5893,Bakery,Catch_Spices,Packet,100.0,707.1443067997235,
FOOD-8022,Bakery,Amul,Box,-200.0,0.0,
FOOD-6600,Dairy,Catch_Spices,Box,500.0,739.769698376445,50.0
FOOD-8996,Vegetables,Britannia,Packet,250.0,518.7696050039997,50.0
FOOD-8683,Dairy,Fortune,Bottle,500.0,676.7213089867394,50.0
FOOD-5642,Bakery,Amul,Loose_Poly,100.0,448.6858855230155,150.0
FOOD-8679,Snacks,Catch_Spices,Packet,500.0,375.47774003342766,
FOOD-9208,Vegetables,Amul,Box,,427.4971467926836,50.0
FOOD-8339,Vegetables,Britannia,Packet,250.0,262.9781406366522,50.0
FOOD-3205,Vegetables,Fortune,Bottle,500.0,529.7981888850952,350.0
FOOD-2069,Dairy,Amul,Box,1000.0,718.7681723198373,
FOOD-4444,Bakery,Britannia,Bottle,100.0,628.0592227253543,
FOOD-2060,Vegetables,Britannia,Bottle,250.0,374.98000848245545,
FOOD-3327,Dairy,Amul,Loose_Poly,250.0,763.596077803315,50.0
FOOD-4420,Vegetables,Britannia,Box,250.0,788.4842443533066,50.0
FOOD-1301,Vegetables,Amul,Bottle,100.0,399.54948168685826,150.0
FOOD-1606,Dairy,Amul,Bottle,500.0,693.0654746370972,50.0
FOOD-4170,Vegetables,Britannia,Bottle,100.0,13.768502380718653,
FOOD-1699,Dairy,Britannia,Box,1000.0,62.65791747987203,50.0
FOOD-6088,Bakery,Amul,Loose_Poly,250.0,27.687633053734576,150.0
FOOD-1190,Dairy,Catch_Spices,Box,1000.0,620.7987679046208,50.0
FOOD-1980,Vegetables,Catch_Spices,Box,100.0,73.02549804015558,150.0
FOOD-3975,Snacks,Britannia,Packet,1000.0,23.469931390701056,50.0
FOOD-7102,Dairy,Britannia,Box,100.0,126.46083095065504,50.0
FOOD-2184,Bakery,Amul,Box,500.0,251.97288512584947,150.0
FOOD-4327,Vegetables,Fortune,Box,250.0,377.11353869899096,
FOOD-4394,Vegetables,Britannia,Packet,250.0,61.66859492573252,
FOOD-9319,Vegetables,Amul,Loose_Poly,100.0,404.1959645052296,
FOOD-2816,Vegetables,Britannia,Packet,,205.9685542252343,
FOOD-6854,Dairy,Amul,Packet,500.0,226.7534811271216,50.0
FOOD-7709,Snacks,Amul,Bottle,250.0,659.3027788018118,50.0
FOOD-1569,Dairy,Britannia,Bottle,500.0,789.6696250813472,50.0
FOOD-6442,Vegetables,Britannia,Packet,100.0,376.45258311667794,50.0
FOOD-2895,Dairy,Britannia,Box,100.0,264.1988491720522,50.0
FOOD-3733,Vegetables,Britannia,Packet,1000.0,745.8440591660593,
FOOD-4863,Dairy,Catch_Spices,Packet,500.0,405.35427270839,150.0
FOOD-8455,Dairy,Britannia,Packet,250.0,586.9793212327698,50.0
FOOD-5014,Bakery,Britannia,Box,500.0,336.8546244583082,150.0
FOOD-2686,Snacks,Amul,Packet,1000.0,170.013376349946,50.0
FOOD-4009,Vegetables,Amul,Packet,1000.0,527.3592389284244,50.0
FOOD-8806,Dairy,Amul,Bottle,,535.2256931340087,150.0
FOOD-1154,Snacks,Britannia,Bottle,1000.0,373.545241562371,50.0
FOOD-2409,Bakery,Fortune,Box,250.0,223.2602117138607,50.0
FOOD-1784,Dairy,Amul,Box,500.0,667.1326587295715,50.0
FOOD-9096,Snacks,Amul,Box,250.0,227.5013182646061,50.0
FOOD-8560,Vegetables,Amul,Packet,500.0,530.6289491507658,50.0
FOOD-8343,Snacks,Amul,Bottle,500.0,313.34864287523044,50.0
FOOD-8206,Vegetables,Catch_Spices,Bottle,250.0,383.25973557080624,50.0
FOOD-6596,Dairy,Britannia,Packet,250.0,177.0081025853729,150.0
FOOD-6801,Bakery,Amul,Packet,500.0,523.0891569286986,
FOOD-3806,Vegetables,Fortune,Bottle,250.0,188.40240855915602,
FOOD-1537,Dairy,Fortune,Packet,,393.7140968200148,350.0
FOOD-6986,Vegetables,Britannia,Loose_Poly,,269.4829205856613,
FOOD-2841,Snacks,Amul,Box,500.0,771.2485288998511,50.0
FOOD-9716,Bakery,Britannia,Packet,1000.0,785.9546657559025,150.0
FOOD-7971,Bakery,Amul,Packet,500.0,605.2581327970545,
FOOD-6625,Dairy,Fortune,Loose_Poly,250.0,787.2948209352701,350.0
FOOD-3950,Bakery,Britannia,Packet,250.0,99.70500781811309,
FOOD-8992,Dairy,Britannia,Box,100.0,793.9364766706249,
FOOD-5780,Dairy,Amul,Bottle,-200.0,0.0,
FOOD-3368,Bakery,Amul,Box,100.0,338.2069012064792,50.0
FOOD-7655,Dairy,Amul,Box,250.0,198.7685804220184,350.0
FOOD-9173,Vegetables,Catch_Spices,Packet,500.0,763.538311090101,150.0
FOOD-5495,Vegetables,Amul,Packet,1000.0,512.2740484913218,150.0
FOOD-7002,Vegetables,Amul,Bottle,100.0,481.730751720519,
FOOD-7614,Bakery,Catch_Spices,Loose_Poly,250.0,797.976418860988,150.0
FOOD-6919,Dairy,Britannia,Packet,250.0,493.8166220736956,150.0
FOOD-1853,Bakery,Fortune,Bottle,500.0,520.4663059394668,50.0
FOOD-5146,Dairy,Amul,Packet,100.0,45.37169644443963,150.0
FOOD-4769,Vegetables,Britannia,Box,500.0,688.6499756064945,150.0
FOOD-1574,Vegetables,Amul,Box,250.0,776.3706510762779,150.0
FOOD-2148,Bakery,Fortune,Packet,1000.0,768.6458089137124,
FOOD-7293,Dairy,Amul,Packet,100.0,184.67343153507434,700.0
FOOD-7457,Snacks,Britannia,Packet,100.0,188.4731217364257,
FOOD-8509,Bakery,Fortune,Bottle,500.0,299.1772289184108,150.0
FOOD-5777,Dairy,Britannia,Bottle,500.0,255.06595602487786,
FOOD-4854,Dairy,Britannia,Packet,500.0,251.4355714440215,350.0
FOOD-3491,Snacks,Amul,Loose_Poly,500.0,488.1212065367221,50.0
FOOD-4124,Bakery,Amul,Bottle,100.0,646.4303254011903,50.0
FOOD-6691,Vegetables,Britannia,Box,100.0,750.046846932934,
FOOD-4051,Dairy,Britannia,Packet,100.0,63.60977807609256,50.0
FOOD-1004,Bakery,Catch_Spices,Packet,1000.0,229.60299634345094,350.0
FOOD-6222,Bakery,Fortune,Bottle,250.0,211.46088101993442,350.0
FOOD-6315,Vegetables,Britannia,Bottle,100.0,292.37733422333133,
FOOD-5869,Bakery,Catch_Spices,Bottle,100.0,345.22406786051107,50.0
FOOD-1876,Snacks,Amul,Box,1000.0,317.4454626453871,50.0
FOOD-8027,Vegetables,Britannia,Bottle,1000.0,762.196295411148,50.0
FOOD-5142,Bakery,Amul,Packet,1000.0,355.3319543066648,150.0
FOOD-7966,Vegetables,Amul,Loose_Poly,250.0,445.7581311570378,150.0
FOOD-8079,Vegetables,Fortune,Bottle,500.0,601.4202915838662,50.0
FOOD-8987,Vegetables,Britannia,Packet,100.0,582.816989619352,50.0
FOOD-7799,Vegetables,Britannia,Packet,100.0,470.5420076887093,150.0
FOOD-5465,Bakery,Britannia,Box,,690.05729856436,
FOOD-1635,Vegetables,Britannia,Box,100.0,503.103234063254,
FOOD-2693,Vegetables,Amul,Packet,500.0,701.0594894369935,
FOOD-5752,Vegetables,Britannia,Packet,1000.0,249.18494296017798,
FOOD-9311,Vegetables,Britannia,Box,100.0,114.29870476153513,50.0
FOOD-1830,Vegetables,Fortune,Loose_Poly,1000.0,657.4211606739227,350.0
FOOD-6177,Bakery,Amul,Packet,250.0,312.1891473001784,
FOOD-9932,Vegetables,Amul,Box,250.0,524.3568115965797,150.0
FOOD-9308,Bakery,Britannia,Packet,250.0,592.4758452109787,50.0
FOOD-6949,Bakery,Fortune,Packet,250.0,268.1012755875267,150.0
FOOD-3838,Vegetables,Britannia,Packet,100.0,409.07907697033085,
FOOD-2150,Bakery,Fortune,Packet,500.0,716.9919469602082,
FOOD-8560,Vegetables,Catch_Spices,Packet,500.0,705.0366558383928,
FOOD-2931,Vegetables,Catch_Spices,Loose_Poly,1000.0,601.992091235084,150.0
FOOD-2664,Vegetables,Fortune,Packet,250.0,612.564230235367,150.0
FOOD-2081,Vegetables,Fortune,Packet,500.0,719.1707147742524,350.0
FOOD-1512,Dairy,Amul,Packet,500.0,591.7025859590337,50.0
FOOD-8805,Bakery,Fortune,Box,5000.0,278.2724338497614,50.0
FOOD-6237,Vegetables,Britannia,Loose_Poly,250.0,105.41831691561474,50.0
FOOD-1559,Bakery,Catch_Spices,Packet,99999.0,343.2884389800425,50.0
FOOD-4672,Vegetables,Amul,Bottle,500.0,79.0012985244043,50.0
FOOD-8404,Bakery,Britannia,Packet,500.0,101.45891382272285,150.0
FOOD-4343,Vegetables,Britannia,Bottle,,760.63595334089,50.0
FOOD-5070,Vegetables,Britannia,Packet,250.0,543.950698875967,150.0
FOOD-1580,Vegetables,Amul,Bottle,250.0,682.7708733715364,50.0
FOOD-8004,Vegetables,Britannia,Box,,517.8903626860576,50.0
FOOD-9130,Dairy,Fortune,Bottle,250.0,340.6466224360562,50.0
FOOD-4147,Bakery,Britannia,Packet,5000.0,29.87543814465038,
FOOD-5249,Vegetables,Amul,Packet,250.0,765.1112592102795,350.0
FOOD-2679,Bakery,Fortune,Bottle,100.0,66.03665292153917,150.0
FOOD-4506,Bakery,Amul,Bottle,250.0,492.02882215566774,150.0
FOOD-8253,Bakery,Amul,Packet,,90.74053726710716,700.0
FOOD-3744,Vegetables,Britannia,Box,250.0,234.476666085759,
FOOD-6188,Dairy,Fortune,Bottle,250.0,156.79579126604784,50.0
FOOD-3141,Snacks,Britannia,Packet,250.0,447.4363629755127,150.0
FOOD-7617,Bakery,Britannia,Packet,500.0,710.7895226464591,50.0
FOOD-3479,Dairy,Amul,Loose_Poly,100.0,512.1416231601956,
FOOD-7484,Vegetables,Britannia,Packet,1000.0,534.7085354099459,
FOOD-8421,Vegetables,Amul,Loose_Poly,5000.0,728.055882008509,50.0
FOOD-5452,Dairy,Catch_Spices,Bottle,,602.0459300971733,150.0
FOOD-6881,Bakery,Fortune,Packet,1000.0,694.1051107433858,
FOOD-7665,Vegetables,Britannia,Box,250.0,338.94975256929365,50.0
FOOD-3849,Dairy,Britannia,Packet,250.0,693.6315068399748,
FOOD-8390,Dairy,Fortune,Packet,100.0,520.2304969670172,50.0
FOOD-7905,Dairy,Britannia,Packet,250.0,117.1301483656571,150.0
FOOD-3489,Bakery,Amul,Box,5000.0,40.5828816099822,50.0
FOOD-5611,Bakery,Amul,Bottle,100.0,202.78718681176966,50.0
FOOD-3839,Vegetables,Britannia,Packet,100.0,308.89622257308605,
FOOD-9527,Bakery,Catch_Spices,Packet,100.0,671.6786142038768,
FOOD-6878,Vegetables,Amul,Bottle,250.0,595.5832000499844,
FOOD-7303,Vegetables,Amul,Packet,1000.0,764.7468249674649,150.0
FOOD-1851,Vegetables,Britannia,Packet,250.0,451.7480910097397,
FOOD-2687,Vegetables,Fortune,Packet,100.0,600.7159047703157,50.0
FOOD-7833,Vegetables,Amul,Bottle,250.0,227.47387434167354,150.0
FOOD-3427,Vegetables,Amul,Packet,250.0,546.8665353872926,150.0
FOOD-5000,Bakery,Britannia,Bottle,,567.8594500036661,50.0
FOOD-6052,Vegetables,Britannia,Bottle,250.0,680.2481094514534,50.0
FOOD-3738,Bakery,Amul,Loose_Poly,100.0,433.7587735913162,
FOOD-6732,Vegetables,Amul,Box,1000.0,522.7140666001899,
FOOD-6387,Snacks,Britannia,Bottle,250.0,170.4085599828701,50.0
FOOD-9002,Bakery,Britannia,Box,1000.0,592.0396811998966,50.0
FOOD-6536,Vegetables,Catch_Spices,Loose_Poly,5000.0,672.3452608857068,
FOOD-4913,Bakery,Britannia,Bottle,1000.0,479.05281948726895,150.0
FOOD-2066,Dairy,Amul,Bottle,100.0,101.38282527561658,150.0
FOOD-8723,Bakery,Britannia,Packet,1000.0,257.157311486435,50.0
FOOD-5380,Dairy,Britannia,Box,500.0,385.6565742989191,
FOOD-5107,Dairy,Amul,Packet,500.0,544.958289208239,50.0
FOOD-6726,Bakery,Catch_Spices,Packet,100.0,263.05841521352806,50.0
FOOD-4373,Dairy,Fortune,Bottle,100.0,673.8299305579002,50.0
FOOD-9945,Vegetables,Amul,Box,5000.0,303.7139351786688,150.0
FOOD-3082,Bakery,Amul,Bottle,100.0,43.84071487809902,50.0
FOOD-9967,Dairy,Amul,Box,100.0,637.2555891691696,
FOOD-7748,Dairy,Amul,Box,250.0,518.9363039137226,50.0
FOOD-1417,Vegetables,Britannia,Bottle,1000.0,643.5456308372511,150.0
FOOD-9306,Dairy,Britannia,Bottle,250.0,285.62295248084587,150.0
FOOD-9808,Snacks,Catch_Spices,Bottle,1000.0,23.927851800590204,150.0
FOOD-4974,Vegetables,Amul,Loose_Poly,250.0,68.26480968968406,50.0
FOOD-4267,Dairy,Britannia,Box,100.0,98.3226167536535,150.0
FOOD-1825,Bakery,Catch_Spices,Loose_Poly,250.0,646.0665867430043,150.0
FOOD-8668,Bakery,Britannia,Packet,500.0,248.1334559445243,50.0
FOOD-6745,Dairy,Amul,Packet,250.0,798.3398224437456,50.0
FOOD-1412,Vegetables,Amul,Packet,250.0,609.1268332325394,150.0
FOOD-8543,Snacks,Amul,Bottle,100.0,484.91241294128315,350.0
FOOD-8587,Bakery,Catch_Spices,Box,100.0,787.0593354771755,350.0
FOOD-1728,Vegetables,Catch_Spices,Packet,500.0,259.88425877004914,50.0
FOOD-8164,Vegetables,Catch_Spices,Packet,250.0,140.8362996057252,350.0
FOOD-9867,Dairy,Fortune,Packet,100.0,592.4456460245391,50.0
FOOD-6988,Vegetables,Amul,Bottle,100.0,229.68586924381688,50.0
FOOD-3504,Vegetables,Catch_Spices,Packet,250.0,769.2191731727382,700.0
FOOD-3967,Bakery,Catch_Spices,Packet,1000.0,790.574756677635,150.0
FOOD-3786,Vegetables,Amul,Box,250.0,741.8594720700295,150.0
FOOD-2122,Bakery,Amul,Packet,100.0,756.3617926985403,150.0
FOOD-5079,Vegetables,Britannia,Bottle,250.0,496.3673057589244,150.0
FOOD-2571,Bakery,Amul,Bottle,500.0,556.7737331592176,50.0
FOOD-6073,Bakery,Amul,Box,250.0,84.45446464042858,350.0
FOOD-6104,Vegetables,Catch_Spices,Packet,100.0,612.8096261856642,350.0
FOOD-3143,Dairy,Catch_Spices,Loose_Poly,500.0,169.6300568307466,50.0
FOOD-7806,Vegetables,Amul,Bottle,500.0,673.8575871664624,50.0
FOOD-8357,Bakery,Britannia,Packet,100.0,769.6101382826911,50.0
FOOD-4440,Bakery,Fortune,Packet,100.0,177.77832704072392,150.0
FOOD-4766,Dairy,Britannia,Packet,250.0,71.64458290844084,150.0
FOOD-6644,Dairy,Amul,Box,500.0,392.27321002163296,700.0
FOOD-3914,Vegetables,Fortune,Bottle,5000.0,635.3240038391642,50.0
FOOD-5968,Bakery,Catch_Spices,Packet,250.0,618.8057342553831,150.0
FOOD-6917,Dairy,Catch_Spices,Packet,500.0,560.4866194687015,150.0
FOOD-9787,Vegetables,Amul,Box,100.0,658.3498322854455,
FOOD-1728,Dairy,Amul,Box,1000.0,148.2407985501706,150.0
FOOD-2365,Vegetables,Catch_Spices,Bottle,500.0,525.0308287298973,50.0
FOOD-5492,Bakery,Amul,Bottle,500.0,488.48665955914333,150.0
FOOD-1698,Vegetables,Fortune,Box,100.0,131.21106177015758,150.0
FOOD-8186,Dairy,Amul,Box,,337.39738580445265,150.0
FOOD-1395,Vegetables,Amul,Bottle,500.0,683.4984782545425,50.0
FOOD-8400,Vegetables,Britannia,Packet,100.0,777.7234251980462,
FOOD-9082,Dairy,Amul,Box,100.0,535.6898402861079,150.0
FOOD-5171,Snacks,Catch_Spices,Packet,100.0,738.3334231691331,50.0
FOOD-5360,Bakery,Amul,Packet,100.0,114.3188921608997,50.0
FOOD-3502,Vegetables,Catch_Spices,Box,500.0,780.2978152579283,50.0
FOOD-1717,Vegetables,Catch_Spices,Bottle,250.0,36.47013435276364,
FOOD-3782,Bakery,Amul,Box,100.0,426.53482604217015,150.0
FOOD-5946,Dairy,Fortune,Bottle,250.0,239.8965802819471,150.0
FOOD-6486,Vegetables,Amul,Loose_Poly,1000.0,652.9881943599994,50.0
FOOD-9335,Bakery,Fortune,Packet,1000.0,181.85946935703345,150.0
FOOD-5980,Bakery,Britannia,Box,250.0,19.10872901917965,50.0
FOOD-8266,Snacks,Amul,Packet,250.0,337.54147279659264,50.0
FOOD-5491,Snacks,Britannia,Packet,100.0,60.645318156491406,150.0
FOOD-8192,Bakery,Britannia,Packet,250.0,239.17312965832176,50.0
FOOD-6588,Vegetables,Catch_Spices,Box,500.0,518.5606764166916,
FOOD-8651,Vegetables,Amul,Packet,250.0,242.81550952708713,150.0
FOOD-4636,Dairy,Britannia,Bottle,250.0,204.1766495837738,50.0
FOOD-2167,Dairy,Amul,Packet,250.0,132.84157382556828,
FOOD-2062,Dairy,Fortune,Packet,1000.0,116.78609652676951,
FOOD-3156,Dairy,Amul,Bottle,1000.0,425.4273248133212,350.0
FOOD-8860,Dairy,Britannia,Loose_Poly,500.0,548.3905481253424,50.0
FOOD-6161,Dairy,Amul,Packet,100.0,367.6592325311521,
FOOD-6305,Vegetables,Britannia,Bottle,100.0,107.64644824780189,150.0
FOOD-7541,Vegetables,Fortune,Loose_Poly,1000.0,521.7274766220057,150.0
FOOD-5729,Dairy,Fortune,Bottle,100.0,450.1262996740941,50.0
FOOD-8330,Bakery,Fortune,Bottle,500.0,311.20760965970317,
FOOD-6334,Vegetables,Britannia,Packet,250.0,270.7370329295507,50.0
FOOD-9924,Dairy,Catch_Spices,Bottle,250.0,154.69078400861218,
FOOD-5330,Bakery,Britannia,Packet,250.0,125.57657247685094,150.0
FOOD-9010,Dairy,Catch_Spices,Bottle,1000.0,277.6296386302725,50.0
FOOD-7801,Vegetables,Britannia,Box,100.0,42.88858804172966,50.0
FOOD-5846,Dairy,Britannia,Bottle,500.0,354.9356561130328,150.0
FOOD-7731,Vegetables,Amul,Packet,1000.0,485.24340413509935,50.0
FOOD-8241,Snacks,Britannia,Loose_Poly,1000.0,753.9068774813836,350.0
FOOD-1953,Vegetables,Amul,Bottle,250.0,504.40423318941225,50.0
FOOD-3539,Bakery,Catch_Spices,Loose_Poly,250.0,503.0200770161608,50.0
FOOD-8056,Vegetables,Britannia,Bottle,5000.0,305.78769642684847,150.0
FOOD-2542,Dairy,Catch_Spices,Packet,250.0,115.3205534620302,
FOOD-6293,Dairy,Amul,Bottle,250.0,363.08074607211535,
FOOD-2191,Vegetables,Amul,Bottle,250.0,482.954292063336,150.0
FOOD-7313,Dairy,Catch_Spices,Packet,,581.9865413580852,50.0
FOOD-7938,Vegetables,Amul,Bottle,250.0,662.6085513773903,50.0
FOOD-3681,Vegetables,Britannia,Bottle,500.0,212.18319273381599,150.0
FOOD-2540,Dairy,Catch_Spices,Bottle,500.0,200.5638594300311,150.0
FOOD-7172,Vegetables,Britannia,Packet,,456.5868918525693,150.0
FOOD-6541,Bakery,Amul,Bottle,1000.0,457.1519946761992,150.0
FOOD-2365,Dairy,Catch_Spices,Packet,250.0,182.17875939519172,
FOOD-9691,Dairy,Amul,Bottle,250.0,474.10549517750576,150.0
FOOD-9702,Vegetables,Catch_Spices,Packet,5000.0,283.24429147977196,350.0
FOOD-8494,Dairy,Amul,Packet,100.0,515.05878591412,50.0
FOOD-5312,Bakery,Britannia,Packet,500.0,239.9253238010393,150.0
FOOD-2324,Vegetables,Amul,Packet,250.0,477.9105157365454,50.0
FOOD-4141,Bakery,Fortune,Bottle,500.0,616.9649325771692,
FOOD-8419,Vegetables,Amul,Loose_Poly,250.0,784.3254328045309,
FOOD-4486,Bakery,Fortune,Bottle,100.0,729.7437646126882,50.0
FOOD-2810,Vegetables,Britannia,Bottle,250.0,407.7956103886873,50.0
FOOD-7588,Bakery,Amul,Loose_Poly,250.0,395.79577582091827,50.0
FOOD-3923,Dairy,Fortune,Loose_Poly,100.0,355.7830046892415,350.0
FOOD-6301,Vegetables,Britannia,Box,1000.0,31.922972411024364,
FOOD-5186,Vegetables,Amul,Packet,250.0,141.10405301414673,50.0
FOOD-9905,Dairy,Amul,Bottle,1000.0,56.75937976020407,50.0
FOOD-6977,Snacks,Britannia,Box,250.0,560.1205169725034,350.0
FOOD-5268,Vegetables,Amul,Box,250.0,336.4553736723508,50.0
FOOD-5748,Vegetables,Amul,Bottle,99999.0,60.37820367167356,150.0
FOOD-5849,Dairy,Amul,Packet,5000.0,555.5543113465574,150.0
FOOD-4709,Dairy,Britannia,Loose_Poly,100.0,519.1043316340756,50.0
FOOD-7619,Dairy,Britannia,Bottle,1000.0,578.7706362454927,
FOOD-9647,Bakery,Amul,Packet,250.0,483.86895303163965,
FOOD-4072,Vegetables,Catch_Spices,Packet,100.0,137.61625235835442,
FOOD-7530,Snacks,Catch_Spices,Bottle,250.0,58.49991521631336,
FOOD-1504,Dairy,Amul,Packet,5000.0,655.5413664793595,50.0
FOOD-2214,Vegetables,Amul,Packet,5000.0,180.48910918303417,150.0
FOOD-2531,Bakery,Catch_Spices,Loose_Poly,100.0,438.5980999746045,
FOOD-8576,Dairy,Britannia,Packet,500.0,393.32144163842787,
FOOD-1823,Vegetables,Amul,Bottle,1000.0,737.6315069448463,150.0
FOOD-1928,Dairy,Britannia,Box,250.0,446.4274110748957,
FOOD-6029,Vegetables,Fortune,Bottle,500.0,468.21333945584905,
FOOD-1133,Dairy,Amul,Packet,250.0,262.4089766354921,350.0
FOOD-3105,Bakery,Fortune,Bottle,100.0,767.3688143972423,
FOOD-4627,Vegetables,Fortune,Packet,500.0,493.7753144339954,50.0
FOOD-7316,Dairy,Britannia,Packet,100.0,13.93450303709388,
FOOD-2852,Bakery,Catch_Spices,Bottle,250.0,449.304988350621,150.0
FOOD-5910,Snacks,Amul,Loose_Poly,100.0,297.45365676110896,50.0
FOOD-5175,Dairy,Britannia,Box,500.0,35.36864139607745,
FOOD-6348,Dairy,Britannia,Packet,250.0,350.9243305505967,150.0
FOOD-7190,Dairy,Britannia,Bottle,250.0,621.1175258191175,
FOOD-2256,Snacks,Amul,Packet,500.0,407.9936717855263,50.0
FOOD-4376,Bakery,Amul,Bottle,100.0,515.1726780505958,150.0
FOOD-6645,Vegetables,Amul,Packet,1000.0,515.3957579190504,
FOOD-4486,Dairy,Amul,Box,250.0,540.1052489619073,50.0
FOOD-4584,Dairy,Amul,Packet,250.0,316.20099370917455,50.0
FOOD-9053,Bakery,Fortune,Packet,100.0,302.30382285490754,350.0
FOOD-4330,Dairy,Amul,Bottle,100.0,13.621779762767453,700.0
FOOD-3703,Bakery,Britannia,Packet,1000.0,131.83574381784766,150.0
FOOD-9662,Snacks,Amul,Box,250.0,761.1400680974258,150.0
FOOD-9120,Vegetables,Amul,Loose_Poly,500.0,675.5092054726857,150.0
FOOD-8114,Vegetables,Amul,Packet,100.0,227.33566553802336,150.0
FOOD-2353,Dairy,Amul,Packet,500.0,326.94163965136875,50.0
FOOD-6063,Vegetables,Britannia,Loose_Poly,1000.0,752.53784547386,150.0
FOOD-9549,Vegetables,Amul,Box,100.0,207.85113884732598,150.0
FOOD-8575,Vegetables,Catch_Spices,Loose_Poly,250.0,430.7010457382546,350.0
FOOD-1667,Bakery,Catch_Spices,Packet,1000.0,27.443029403769604,
FOOD-5468,Bakery,Britannia,Packet,500.0,499.5905207187172,
FOOD-7819,Dairy,Fortune,Packet,100.0,744.758142557772,350.0
FOOD-4719,Dairy,Amul,Packet,250.0,708.9472740236175,50.0
FOOD-3745,Vegetables,Britannia,Box,100.0,406.55568429575123,700.0
FOOD-8483,Bakery,Fortune,Packet,1000.0,523.217158098961,150.0
FOOD-1539,Bakery,Amul,Bottle,500.0,460.1405732704955,150.0
FOOD-5964,Dairy,Amul,Packet,5000.0,62.909652881798664,50.0
FOOD-5835,Vegetables,Amul,Box,,135.39155463262924,50.0
FOOD-4775,Vegetables,Britannia,Packet,250.0,771.4156786681102,50.0
FOOD-7042,Vegetables,Britannia,Packet,100.0,212.21527052862186,150.0
FOOD-8102,Dairy,Amul,Bottle,250.0,313.7148807161555,150.0
FOOD-8312,Bakery,Britannia,Packet,100.0,412.0660032840607,50.0
FOOD-6320,Bakery,Britannia,Bottle,250.0,783.5143822207398,150.0
FOOD-7132,Dairy,Fortune,Bottle,1000.0,555.0948699215235,150.0
FOOD-8891,Bakery,Amul,Box,100.0,507.38281320698854,350.0
FOOD-3779,Snacks,Fortune,Bottle,250.0,424.27597822827886,50.0
FOOD-1924,Vegetables,Britannia,Bottle,1000.0,563.5327875297002,
FOOD-2581,Dairy,Fortune,Loose_Poly,99999.0,534.5725535173939,50.0
FOOD-8714,Snacks,Fortune,Loose_Poly,100.0,723.2443048861759,50.0
FOOD-4324,Vegetables,Britannia,Bottle,1000.0,438.0498912380519,350.0
FOOD-6713,Snacks,Amul,Bottle,100.0,342.98704467048697,
FOOD-8026,Snacks,Britannia,Bottle,250.0,647.6580021704583,350.0
FOOD-1255,Bakery,Catch_Spices,Packet,1000.0,641.8288344025865,350.0
FOOD-5804,Bakery,Britannia,Loose_Poly,500.0,144.1707860295491,
FOOD-2838,Bakery,Amul,Box,1000.0,197.06567830659998,150.0
FOOD-1009,Bakery,Amul,Packet,1000.0,767.3242264267675,50.0
FOOD-3871,Vegetables,Catch_Spices,Packet,100.0,360.846535322084,150.0
FOOD-9989,Vegetables,Amul,Packet,250.0,420.5319502596398,
FOOD-8409,Vegetables,Amul,Packet,250.0,255.02649841804973,350.0
FOOD-8418,Bakery,Amul,Packet,250.0,390.04610808890925,150.0
FOOD-6124,Vegetables,Catch_Spices,Bottle,100.0,597.2517196845681,150.0
FOOD-2015,Vegetables,Amul,Packet,250.0,391.05262699630345,150.0
FOOD-3193,Vegetables,Britannia,Bottle,1000.0,258.67989716734553,50.0
FOOD-9415,Bakery,Britannia,Packet,1000.0,85.84079347155746,
FOOD-8449,Snacks,Amul,Packet,500.0,743.3266012246969,
FOOD-5158,Snacks,Catch_Spices,Bottle,250.0,698.6096800134975,50.0
FOOD-4925,Dairy,Britannia,Box,500.0,635.1783052462805,150.0
FOOD-7970,Bakery,Britannia,Bottle,500.0,558.3160614356264,
FOOD-7938,Bakery,Catch_Spices,Bottle,-200.0,0.0,700.0
FOOD-5784,Dairy,Catch_Spices,Bottle,100.0,718.9434610367358,150.0
FOOD-5000,Dairy,Britannia,Packet,250.0,635.4441951096694,50.0
FOOD-2633,Vegetables,Amul,Packet,1000.0,654.6485650413255,50.0
FOOD-8266,Snacks,Fortune,Packet,1000.0,254.54487366957852,350.0
FOOD-9702,Dairy,Britannia,Bottle,250.0,344.53203598789463,
FOOD-1384,Dairy,Catch_Spices,Bottle,100.0,568.3737886573742,50.0
FOOD-1404,Bakery,Catch_Spices,Bottle,1000.0,303.1392195341255,
FOOD-9175,Vegetables,Amul,Packet,250.0,400.23997608762994,350.0
FOOD-3000,Vegetables,Catch_Spices,Box,500.0,520.7452444870476,150.0
FOOD-6989,Dairy,Amul,Packet,250.0,355.82913725158204,50.0
FOOD-2460,Vegetables,Britannia,Packet,100.0,636.501289658683,50.0
FOOD-8190,Bakery,Amul,Packet,,101.86028271876681,50.0
FOOD-8140,Dairy,Catch_Spices,Bottle,250.0,577.2646427277937,
FOOD-4636,Dairy,Britannia,Packet,100.0,124.71594788290957,150.0
FOOD-5809,Dairy,Britannia,Bottle,100.0,750.8933273935355,50.0
FOOD-5178,Dairy,Catch_Spices,Box,250.0,258.08976774901737,150.0
FOOD-8245,Dairy,Britannia,Packet,250.0,638.3915652211822,
FOOD-7600,Bakery,Britannia,Bottle,100.0,421.9194127058541,50.0
FOOD-6997,Bakery,Catch_Spices,Packet,100.0,81.95878260442056,
FOOD-3048,Bakery,Fortune,Packet,1000.0,470.2436149689687,150.0
FOOD-5780,Bakery,Catch_Spices,Packet,100.0,730.6204121372302,150.0
FOOD-1716,Vegetables,Catch_Spices,Loose_Poly,250.0,134.2151795059441,
FOOD-8939,Dairy,Amul,Bottle,250.0,263.832489995057,
FOOD-6565,Snacks,Britannia,Box,1000.0,356.93535005661477,150.0
FOOD-5544,Dairy,Amul,Packet,250.0,227.29192003911643,
FOOD-5976,Vegetables,Britannia,Box,100.0,755.5857850417252,50.0
FOOD-4419,Dairy,Amul,Box,,308.22520919868776,50.0
FOOD-8239,Vegetables,Fortune,Box,500.0,529.8690262036862,
FOOD-1249,Vegetables,Amul,Loose_Poly,500.0,186.89424385235208,50.0
FOOD-9865,Snacks,Amul,Packet,250.0,183.5676906105021,50.0
FOOD-1770,Dairy,Amul,Bottle,100.0,148.92097512711192,50.0
FOOD-5363,Vegetables,Amul,Bottle,250.0,353.50168818611144,50.0
FOOD-2077,Snacks,Britannia,Bottle,250.0,430.95797980914267,150.0
FOOD-9427,Snacks,Amul,Box,500.0,18.4910509437496,
FOOD-9580,Dairy,Amul,Packet,100.0,668.0095078143605,50.0
FOOD-8901,Vegetables,Amul,Packet,250.0,415.0755750995681,50.0
FOOD-5858,Bakery,Fortune,Packet,100.0,134.1958394989813,150.0
FOOD-7544,Bakery,Fortune,Box,500.0,63.161716877361116,
FOOD-5719,Bakery,Amul,Loose_Poly,500.0,59.92744473216915,150.0
FOOD-3814,Bakery,Fortune,Bottle,1000.0,213.53835461823792,150.0
FOOD-4374,Bakery,Britannia,Bottle,250.0,404.4407968970733,150.0
FOOD-2252,Vegetables,Amul,Bottle,250.0,689.5892334423687,50.0
FOOD-7996,Bakery,Britannia,Bottle,100.0,723.3426872438138,50.0
FOOD-5673,Vegetables,Amul,Packet,100.0,667.539056783729,150.0
FOOD-5530,Bakery,Fortune,Bottle,,269.5651398153717,50.0
FOOD-7881,Dairy,Amul,Bottle,100.0,252.18062384781848,150.0
FOOD-7949,Vegetables,Catch_Spices,Bottle,100.0,790.0920926724482,
FOOD-7241,Dairy,Amul,Packet,5000.0,548.2116976900925,50.0
FOOD-9017,Vegetables,Britannia,Box,500.0,250.912033593458,150.0
FOOD-7941,Vegetables,Catch_Spices,Box,100.0,269.9733203365947,150.0
FOOD-8002,Dairy,Amul,Bottle,100.0,353.3691070554506,150.0
FOOD-2331,Vegetables,Britannia,Box,250.0,501.2272912816216,150.0
FOOD-5261,Bakery,Amul,Bottle,250.0,719.4035363776263,700.0
FOOD-8648,Vegetables,Britannia,Bottle,100.0,166.6626245601633,
FOOD-6115,Bakery,Amul,Packet,250.0,76.67868417072545,
FOOD-5637,Bakery,Amul,Box,1000.0,330.54417792384373,
FOOD-5854,Bakery,Britannia,Bottle,250.0,203.9098312623555,700.0
FOOD-4177,Dairy,Britannia,Bottle,250.0,465.06581201689164,50.0
FOOD-8730,Snacks,Britannia,Bottle,1000.0,562.3797213464629,150.0
FOOD-3180,Vegetables,Amul,Box,,255.48140343676963,
FOOD-5892,Vegetables,Amul,Box,100.0,551.506518200971,50.0
FOOD-8043,Dairy,Britannia,Bottle,250.0,281.0863313376672,150.0
FOOD-1137,Vegetables,Britannia,Box,500.0,511.62483033634703,50.0
FOOD-7327,Snacks,Amul,Bottle,250.0,510.1180373304459,
FOOD-4472,Vegetables,Amul,Loose_Poly,100.0,229.74616570309857,50.0
FOOD-6449,Bakery,Amul,Box,1000.0,512.2209738510608,
FOOD-3832,Bakery,Amul,Packet,250.0,310.9545256216881,50.0
FOOD-4579,Vegetables,Amul,Box,500.0,275.79940604492555,
FOOD-6971,Dairy,Amul,Bottle,1000.0,238.53732018252919,150.0
FOOD-5164,Vegetables,Britannia,Loose_Poly,250.0,283.05975550608827,
FOOD-8941,Dairy,Britannia,Box,1000.0,631.5284647283069,50.0
FOOD-6569,Vegetables,Amul,Packet,500.0,203.6912631962886,
FOOD-5300,Snacks,Amul,Packet,1000.0,548.7700500655847,50.0
FOOD-7269,Snacks,Amul,Bottle,100.0,721.4902621349111,50.0
FOOD-4818,Vegetables,Britannia,Box,1000.0,286.8388634173041,150.0
FOOD-2906,Vegetables,Catch_Spices,Box,100.0,33.31453095097132,150.0
FOOD-7254,Bakery,Britannia,Packet,500.0,29.438763008742182,350.0
FOOD-1760,Vegetables,Fortune,Bottle,250.0,120.20728179674042,350.0
FOOD-8830,Bakery,Fortune,Bottle,100.0,96.93542604794581,150.0
FOOD-8350,Dairy,Amul,Packet,100.0,600.9873473984322,150.0
FOOD-7238,Dairy,Amul,Packet,250.0,242.93206635682438,150.0
FOOD-7090,Bakery,Britannia,Packet,250.0,525.4827211445406,150.0
FOOD-7031,Dairy,Amul,Packet,100.0,43.53979422303732,150.0
FOOD-8687,Snacks,Britannia,Packet,100.0,243.63481810173263,50.0
FOOD-9472,Snacks,Fortune,Packet,250.0,194.97552539505156,50.0
FOOD-2887,Vegetables,Fortune,Box,250.0,228.73560317836663,50.0
FOOD-4266,Vegetables,Amul,Packet,250.0,160.66703761570156,150.0
FOOD-1666,Snacks,Britannia,Packet,1000.0,498.1536566708326,50.0
FOOD-5188,Snacks,Britannia,Packet,500.0,533.5115670287668,
FOOD-1671,Vegetables,Fortune,Bottle,,127.28773748177564,50.0
FOOD-7777,Bakery,Fortune,Bottle,250.0,595.5053278456586,350.0
FOOD-8570,Dairy,Catch_Spices,Packet,500.0,207.53592624431687,
FOOD-8956,Vegetables,Amul,Bottle,100.0,233.50877697465668,150.0
FOOD-6124,Bakery,Britannia,Box,250.0,664.7585876864617,700.0
FOOD-6585,Vegetables,Amul,Packet,250.0,721.9210730642417,50.0
FOOD-5777,Snacks,Amul,Bottle,5000.0,661.5574876400544,150.0
FOOD-4900,Vegetables,Catch_Spices,Bottle,250.0,126.73262807723401,150.0
FOOD-7677,Dairy,Catch_Spices,Packet,500.0,799.4214317262506,50.0
FOOD-7981,Vegetables,Amul,Box,250.0,541.002777678071,
FOOD-7376,Dairy,Amul,Box,500.0,413.4282110171562,
FOOD-1523,Bakery,Amul,Bottle,250.0,764.3247121252141,50.0
FOOD-3393,Vegetables,Fortune,Packet,250.0,655.7305123870088,350.0
FOOD-3593,Dairy,Amul,Loose_Poly,250.0,556.477001306702,50.0
FOOD-8240,Dairy,Amul,Bottle,1000.0,672.3338263008852,350.0
FOOD-7937,Vegetables,Amul,Packet,100.0,314.5186007895617,
FOOD-7190,Bakery,Britannia,Bottle,100.0,550.7063718977687,350.0
FOOD-6240,Vegetables,Catch_Spices,Bottle,500.0,160.55821479651675,50.0
FOOD-7493,Dairy,Amul,Box,250.0,790.5205018610106,150.0
FOOD-3878,Dairy,Britannia,Packet,100.0,475.29554307378874,
FOOD-5143,Dairy,Amul,Packet,100.0,653.2474254738929,50.0
FOOD-4644,Vegetables,Britannia,Bottle,250.0,331.79850561951685,
FOOD-5432,Dairy,Britannia,Loose_Poly,250.0,609.2851672273928,
FOOD-2276,Dairy,Amul,Packet,1000.0,316.0340705807948,
FOOD-6811,Bakery,Amul,Box,,476.10401869886044,50.0
FOOD-1302,Bakery,Fortune,Bottle,1000.0,624.7265043921866,50.0
FOOD-1638,Dairy,Amul,Box,250.0,102.01439150402847,150.0
FOOD-1055,Vegetables,Britannia,Bottle,100.0,291.86082258202214,150.0
FOOD-9717,Vegetables,Amul,Packet,250.0,440.50018969111653,150.0
FOOD-9150,Vegetables,Amul,Bottle,500.0,273.8581878096537,150.0
FOOD-3125,Vegetables,Britannia,Loose_Poly,,254.24211545697042,150.0
FOOD-1364,Dairy,Fortune,Packet,500.0,232.51463077034262,50.0
FOOD-7809,Vegetables,Britannia,Bottle,500.0,189.9555392293956,50.0
FOOD-5621,Vegetables,Amul,Packet,100.0,680.6346044189482,50.0
FOOD-6126,Vegetables,Britannia,Packet,100.0,739.7144122264681,50.0
FOOD-6122,Vegetables,Britannia,Box,100.0,563.1338640434992,50.0
FOOD-2646,Vegetables,Britannia,Packet,500.0,33.69961508441062,50.0
FOOD-1918,Vegetables,Britannia,Box,100.0,631.1242241519116,
FOOD-3797,Dairy,Amul,Bottle,500.0,430.2324744811386,
FOOD-7506,Dairy,Britannia,Loose_Poly,250.0,608.9069694280489,150.0
FOOD-6870,Vegetables,Britannia,Packet,500.0,355.4973151936355,
FOOD-2531,Dairy,Amul,Packet,250.0,42.61271276193067,
FOOD-9172,Vegetables,Britannia,Packet,250.0,548.5785388426705,50.0
FOOD-4345,Vegetables,Amul,Box,1000.0,360.86150909769395,50.0
FOOD-8673,Vegetables,Amul,Bottle,500.0,700.4943614807447,50.0
FOOD-7949,Dairy,Catch_Spices,Packet,250.0,593.1289700889276,50.0
FOOD-7882,Bakery,Amul,Box,500.0,294.0537807444694,
FOOD-2906,Vegetables,Amul,Box,500.0,582.0247482292167,
FOOD-4086,Vegetables,Britannia,Box,250.0,401.2147935651293,
FOOD-9152,Bakery,Catch_Spices,Packet,250.0,167.56072228504067,50.0
FOOD-6750,Vegetables,Catch_Spices,Packet,250.0,341.7101923577752,50.0
FOOD-9905,Vegetables,Britannia,Box,99999.0,185.82429166183027,150.0
FOOD-2062,Bakery,Amul,Bottle,250.0,13.931450751317918,50.0
FOOD-2976,Bakery,Catch_Spices,Packet,100.0,204.9686611354253,50.0
FOOD-2296,Dairy,Britannia,Packet,250.0,175.52184746751777,50.0
FOOD-7229,Dairy,Amul,Loose_Poly,,13.426157862652191,50.0
FOOD-8641,Vegetables,Fortune,Packet,100.0,629.3010407991721,700.0
FOOD-1125,Vegetables,Amul,Box,250.0,70.81810115497322,
FOOD-5632,Dairy,Amul,Bottle,250.0,364.7566684117169,
FOOD-7288,Vegetables,Fortune,Box,5000.0,340.12770880068126,50.0
FOOD-4596,Dairy,Britannia,Bottle,-200.0,0.0,150.0
FOOD-7168,Snacks,Amul,Bottle,100.0,773.826120164531,350.0
FOOD-8561,Snacks,Amul,Packet,250.0,486.9495478922181,150.0
FOOD-9258,Vegetables,Britannia,Box,1000.0,652.6753061226203,50.0
FOOD-1232,Dairy,Amul,Packet,100.0,401.95104021561065,350.0
FOOD-7371,Dairy,Amul,Box,500.0,581.0214147246013,
FOOD-5206,Bakery,Britannia,Bottle,1000.0,776.1255745662888,150.0
FOOD-8943,Vegetables,Catch_Spices,Bottle,500.0,285.2402769044502,350.0
FOOD-7891,Vegetables,Britannia,Packet,250.0,408.3684436408569,150.0
FOOD-7738,Vegetables,Fortune,Packet,1000.0,416.4841499666852,50.0
FOOD-3472,Vegetables,Fortune,Box,1000.0,793.6759048960696,150.0
FOOD-3739,Vegetables,Britannia,Packet,500.0,194.14832564984832,50.0
FOOD-6401,Bakery,Amul,Loose_Poly,250.0,543.4929317837922,
FOOD-2761,Bakery,Catch_Spices,Loose_Poly,500.0,119.20144597999695,150.0
FOOD-1876,Vegetables,Britannia,Packet,250.0,742.388090322856,
FOOD-4812,Dairy,Amul,Packet,100.0,476.40171601134176,
FOOD-2460,Vegetables,Amul,Bottle,250.0,688.9351063611814,50.0
FOOD-2733,Bakery,Fortune,Loose_Poly,99999.0,717.2408200282109,150.0
FOOD-2605,Snacks,Amul,Bottle,1000.0,450.1168305622766,
FOOD-6622,Snacks,Amul,Packet,500.0,548.7857442781767,
FOOD-7767,Bakery,Britannia,Box,250.0,561.9893056228392,150.0
FOOD-7986,Vegetables,Catch_Spices,Packet,250.0,373.7798505719194,
FOOD-4517,Vegetables,Britannia,Packet,1000.0,353.52221536910525,50.0
FOOD-4735,Dairy,Amul,Packet,250.0,157.08869299273286,350.0
FOOD-9434,Snacks,Amul,Bottle,1000.0,313.2925027959553,50.0
FOOD-3590,Vegetables,Britannia,Packet,250.0,792.6979830309883,
FOOD-2063,Vegetables,Amul,Bottle,500.0,223.19064592360385,50.0
FOOD-5324,Bakery,Britannia,Box,1000.0,612.328317854122,150.0
FOOD-6342,Vegetables,Amul,Bottle,250.0,56.88450134474462,150.0
FOOD-1005,Dairy,Catch_Spices,Bottle,,379.30034995205,150.0
FOOD-8489,Bakery,Britannia,Packet,100.0,56.144004214545035,
FOOD-9659,Vegetables,Amul,Bottle,1000.0,385.8819477082397,
FOOD-9195,Vegetables,Catch_Spices,Packet,500.0,31.76644403940775,50.0
FOOD-6966,Bakery,Amul,Bottle,500.0,494.50286947228483,150.0
FOOD-9837,Dairy,Amul,Packet,250.0,473.34218898331557,50.0
FOOD-1117,Snacks,Fortune,Packet,500.0,640.2961458779808,
FOOD-3551,Vegetables,Amul,Packet,500.0,470.7960997390642,150.0
FOOD-6560,Vegetables,Britannia,Packet,100.0,741.5393382573479,150.0
FOOD-5289,Bakery,Amul,Bottle,5000.0,628.6526451187414,150.0
FOOD-1846,Dairy,Amul,Bottle,250.0,114.7986510546086,50.0
FOOD-7316,Vegetables,Amul,Packet,250.0,219.7238187618118,50.0
FOOD-7469,Bakery,Fortune,Bottle,250.0,30.722172237346904,50.0
FOOD-9915,Vegetables,Britannia,Bottle,100.0,315.0458612425178,150.0
FOOD-1224,Vegetables,Amul,Bottle,500.0,412.5336404778658,150.0
FOOD-5208,Vegetables,Amul,Box,100.0,757.2975365378325,150.0
FOOD-7283,Dairy,Catch_Spices,Packet,1000.0,422.5912715026365,50.0
FOOD-3048,Dairy,Catch_Spices,Packet,250.0,627.0121531349281,150.0
FOOD-7233,Dairy,Britannia,Bottle,250.0,221.73896994839194,50.0
FOOD-2828,Bakery,Fortune,Loose_Poly,500.0,130.99516543447706,150.0
FOOD-2917,Snacks,Fortune,Bottle,500.0,650.5606405227397,
FOOD-5234,Vegetables,Amul,Box,100.0,205.46586484592717,
FOOD-7988,Vegetables,Amul,Box,5000.0,698.354742960174,
FOOD-3026,Vegetables,Amul,Bottle,500.0,144.18140179665085,
FOOD-4744,Vegetables,Fortune,Bottle,,682.7533674019345,
FOOD-1009,Bakery,Fortune,Bottle,250.0,620.5495882588156,
FOOD-1260,Bakery,Britannia,Bottle,250.0,492.864331781077,50.0
FOOD-7038,Bakery,Amul,Bottle,1000.0,681.6743354798667,
FOOD-3219,Vegetables,Britannia,Box,250.0,271.2609931271446,150.0
FOOD-8041,Vegetables,Fortune,Bottle,250.0,141.16697507565632,
FOOD-3060,Dairy,Catch_Spices,Packet,100.0,134.06213333251995,350.0
FOOD-6287,Vegetables,Amul,Box,100.0,223.58354191440623,150.0
FOOD-2619,Dairy,Britannia,Bottle,500.0,362.5194344222417,
FOOD-9512,Snacks,Amul,Loose_Poly,500.0,702.0580634141692,
FOOD-2342,Dairy,Fortune,Bottle,100.0,80.73316520461185,
FOOD-3832,Bakery,Britannia,Packet,100.0,733.041215103452,50.0
FOOD-3824,Dairy,Amul,Packet,250.0,741.1408211686681,150.0
FOOD-2994,Vegetables,Fortune,Box,500.0,584.5167486287419,50.0
FOOD-4490,Dairy,Amul,Packet,1000.0,721.2240547644979,50.0
FOOD-8984,Vegetables,Fortune,Loose_Poly,,618.2894378405902,50.0
FOOD-2604,Vegetables,Amul,Packet,250.0,427.3577624730454,50.0
FOOD-1235,Dairy,Britannia,Box,250.0,484.592678718496,350.0
FOOD-2908,Bakery,Catch_Spices,Box,1000.0,506.29733641729035,50.0
FOOD-9567,Vegetables,Amul,Box,250.0,110.24569197665762,
FOOD-4530,Dairy,Britannia,Packet,100.0,162.51276863883325,
FOOD-6256,Bakery,Britannia,Bottle,250.0,423.4612918574271,150.0
FOOD-3635,Bakery,Amul,Packet,250.0,101.03036708904403,50.0
FOOD-9162,Bakery,Britannia,Packet,500.0,772.3336438764278,
FOOD-3560,Vegetables,Fortune,Packet,,410.6305500263931,50.0
FOOD-6415,Snacks,Catch_Spices,Box,250.0,310.2680544023171,50.0
FOOD-4391,Vegetables,Catch_Spices,Packet,500.0,134.45662969733178,150.0
FOOD-6951,Dairy,Britannia,Loose_Poly,100.0,339.06177900539717,
FOOD-6468,Vegetables,Fortune,Packet,250.0,248.91668772411361,150.0
FOOD-9007,Dairy,Fortune,Packet,250.0,79.46246524960736,50.0
FOOD-7413,Vegetables,Britannia,Packet,500.0,773.9341832380369,50.0
FOOD-7941,Dairy,Amul,Box,100.0,219.33269587866792,150.0
FOOD-5820,Vegetables,Britannia,Packet,1000.0,555.4714912854841,50.0
FOOD-3898,Vegetables,Fortune,Box,100.0,82.14477643971397,150.0
FOOD-8546,Dairy,Britannia,Bottle,100.0,731.4035173681502,50.0
FOOD-1077,Bakery,Fortune,Loose_Poly,1000.0,476.69364673285577,350.0
FOOD-8577,Snacks,Amul,Packet,1000.0,528.9288802975235,50.0
FOOD-5227,Vegetables,Catch_Spices,Bottle,100.0,627.609644928406,50.0
FOOD-1600,Bakery,Britannia,Bottle,1000.0,488.67310964541605,50.0
FOOD-2065,Bakery,Britannia,Box,100.0,66.01689214647195,
FOOD-3136,Vegetables,Amul,Bottle,500.0,349.37011466940055,150.0
FOOD-7943,Vegetables,Amul,Box,100.0,217.0037737316043,50.0
FOOD-8804,Bakery,Fortune,Packet,250.0,394.5064463381352,350.0
FOOD-7565,Snacks,Catch_Spices,Box,250.0,329.41687772857307,
FOOD-6984,Dairy,Amul,Packet,250.0,662.9611626660896,50.0
FOOD-6142,Dairy,Amul,Packet,250.0,205.16756624571903,150.0
FOOD-5670,Dairy,Amul,Packet,250.0,169.02783682957923,150.0
FOOD-3190,Vegetables,Amul,Box,5000.0,766.8881734059541,
FOOD-3712,Bakery,Amul,Loose_Poly,100.0,760.1181249724518,700.0
FOOD-3192,Bakery,Fortune,Packet,100.0,794.8373222849049,350.0
FOOD-2248,Vegetables,Catch_Spices,Box,500.0,459.02065784160635,350.0
FOOD-5033,Bakery,Amul,Bottle,100.0,99.38372886530887,150.0
FOOD-2997,Vegetables,Britannia,Box,250.0,705.3325151823858,150.0
FOOD-4687,Snacks,Amul,Packet,250.0,124.64083756353605,50.0
FOOD-5018,Dairy,Amul,Bottle,250.0,132.91951756303334,150.0
FOOD-2970,Vegetables,Amul,Packet,1000.0,162.78407831400946,50.0
FOOD-9389,Dairy,Britannia,Packet,100.0,526.2008799605434,50.0
FOOD-6765,Dairy,Amul,Bottle,100.0,94.68725204958476,50.0
FOOD-2202,Vegetables,Britannia,Box,100.0,624.8424869192952,700.0
FOOD-9135,Dairy,Amul,Bottle,100.0,56.0187608068628,
FOOD-6567,Dairy,Amul,Loose_Poly,250.0,97.2527829307379,150.0
FOOD-8667,Bakery,Amul,Box,500.0,353.24484191655756,50.0
FOOD-6742,Vegetables,Catch_Spices,Packet,500.0,309.54548654042156,50.0
FOOD-6788,Dairy,Fortune,Packet,1000.0,791.8695320339729,
FOOD-6408,Vegetables,Catch_Spices,Bottle,100.0,773.8225258077756,50.0
FOOD-9669,Bakery,Amul,Loose_Poly,,159.8486278109442,700.0
FOOD-1922,Vegetables,Amul,Loose_Poly,5000.0,757.8657806119854,50.0
FOOD-1419,Snacks,Amul,Box,,556.8869041694531,150.0
FOOD-3204,Bakery,Amul,Bottle,5000.0,332.9861007712548,
FOOD-2120,Dairy,Fortune,Box,1000.0,594.3084364071436,350.0
FOOD-1950,Dairy,Amul,Packet,1000.0,721.1113629081719,150.0
FOOD-3336,Vegetables,Amul,Packet,250.0,152.31182750119027,50.0
FOOD-6373,Vegetables,Britannia,Bottle,100.0,164.8275664883523,50.0
FOOD-3243,Bakery,Britannia,Box,500.0,332.8894021598517,50.0
FOOD-3645,Snacks,Catch_Spices,Loose_Poly,500.0,143.67729935470587,50.0
FOOD-5612,Vegetables,Amul,Packet,100.0,294.71401370759446,50.0
FOOD-2865,Dairy,Britannia,Box,500.0,520.0963063793861,700.0
FOOD-7028,Bakery,Amul,Box,100.0,652.1263190137453,150.0
FOOD-8326,Dairy,Catch_Spices,Bottle,250.0,248.5286007714656,50.0
FOOD-7371,Vegetables,Britannia,Packet,1000.0,232.56724020582203,700.0
FOOD-7359,Vegetables,Britannia,Bottle,100.0,625.9969418674502,
FOOD-8863,Vegetables,Amul,Bottle,100.0,311.0107185419822,50.0
FOOD-4228,Bakery,Fortune,Bottle,100.0,656.5955406163847,50.0
FOOD-4719,Dairy,Amul,Bottle,100.0,794.7704530600785,
FOOD-3371,Dairy,Britannia,Box,100.0,783.9382540271364,
FOOD-3891,Snacks,Catch_Spices,Packet,100.0,533.5226943293583,50.0
FOOD-4756,Dairy,Catch_Spices,Packet,100.0,306.41843698818593,150.0
FOOD-5225,Bakery,Britannia,Bottle,1000.0,61.73698898664251,350.0
FOOD-1094,Dairy,Fortune,Packet,1000.0,593.052099846478,150.0
FOOD-3674,Vegetables,Amul,Loose_Poly,250.0,782.5941204320627,50.0
FOOD-7898,Snacks,Fortune,Packet,100.0,63.707725940346215,50.0
FOOD-1793,Dairy,Britannia,Bottle,100.0,14.872491390305713,50.0
FOOD-3116,Vegetables,Britannia,Box,500.0,667.1031952995569,150.0
FOOD-6779,Vegetables,Catch_Spices,Packet,500.0,90.78458001020735,50.0
FOOD-7166,Vegetables,Fortune,Box,5000.0,74.48215455200778,
FOOD-1814,Dairy,Amul,Bottle,,729.1654938963111,
FOOD-1345,Bakery,Fortune,Packet,500.0,72.85304122078625,700.0
FOOD-9554,Snacks,Amul,Loose_Poly,250.0,100.07394727258665,
FOOD-3443,Snacks,Fortune,Packet,1000.0,459.9632034630577,350.0
FOOD-8783,Vegetables,Britannia,Bottle,250.0,607.8831966963,
FOOD-1984,Dairy,Amul,Packet,250.0,325.6620843842395,150.0
FOOD-8790,Vegetables,Britannia,Packet,500.0,342.26543694540845,50.0
FOOD-1827,Bakery,Britannia,Box,1000.0,509.77452984939947,150.0
FOOD-4531,Dairy,Britannia,Box,100.0,409.2859829163172,50.0
FOOD-8147,Dairy,Amul,Packet,100.0,24.71635129439682,
FOOD-5451,Bakery,Amul,Bottle,250.0,99.73071715503791,50.0
FOOD-4876,Dairy,Fortune,Box,100.0,469.46401226506816,50.0
FOOD-6959,Vegetables,Amul,Box,250.0,636.9933826613143,150.0
FOOD-1126,Snacks,Britannia,Bottle,99999.0,612.8514848896652,150.0
FOOD-4177,Snacks,Britannia,Box,250.0,594.6446818419796,150.0
FOOD-9795,Vegetables,Amul,Bottle,500.0,619.3053668044258,
FOOD-7024,Dairy,Britannia,Bottle,500.0,45.110346296373216,50.0
FOOD-6109,Snacks,Britannia,Loose_Poly,1000.0,717.130236320445,700.0
FOOD-5146,Vegetables,Britannia,Packet,1000.0,712.5336531172229,150.0
FOOD-8196,Dairy,Amul,Packet,500.0,430.21995138711503,
FOOD-4368,Vegetables,Britannia,Packet,250.0,206.38952249232463,150.0
FOOD-4797,Dairy,Amul,Packet,250.0,477.8209934973324,150.0
FOOD-2792,Vegetables,Fortune,Packet,250.0,450.72988183647635,50.0
FOOD-6732,Dairy,Amul,Box,250.0,186.13619407526616,
FOOD-4476,Vegetables,Catch_Spices,Bottle,250.0,486.4728413536486,
FOOD-4417,Dairy,Britannia,Packet,500.0,639.8623517194817,350.0
FOOD-2645,Snacks,Catch_Spices,Packet,250.0,646.8244231487523,50.0
FOOD-4030,Bakery,Britannia,Packet,100.0,57.161279601132364,50.0
FOOD-3872,Bakery,Amul,Bottle,5000.0,165.75901633184685,150.0
FOOD-4072,Dairy,Catch_Spices,Bottle,250.0,537.8964548686243,150.0
FOOD-2854,Vegetables,Amul,Packet,250.0,689.2672368772987,350.0
FOOD-5021,Vegetables,Amul,Loose_Poly,500.0,421.76149513488025,
FOOD-5662,Snacks,Amul,Bottle,500.0,568.9452779846346,150.0
FOOD-7514,Dairy,Catch_Spices,Loose_Poly,250.0,26.646888418951445,
FOOD-6031,Vegetables,Britannia,Packet,500.0,490.6524413894655,
FOOD-3708,Bakery,Britannia,Box,100.0,769.9082241049153,
FOOD-8112,Vegetables,Fortune,Bottle,250.0,532.201539555863,150.0
FOOD-9393,Vegetables,Britannia,Box,100.0,738.5978161142526,150.0
FOOD-4507,Snacks,Fortune,Bottle,500.0,457.14747192354827,50.0
FOOD-7456,Bakery,Amul,Loose_Poly,100.0,676.2692028429828,
FOOD-5212,Dairy,Fortune,Bottle,500.0,108.08830252314655,150.0
FOOD-8970,Snacks,Amul,Box,100.0,107.57547768058505,
FOOD-9766,Bakery,Amul,Box,1000.0,104.9416700646777,
FOOD-1536,Bakery,Britannia,Box,1000.0,396.1911461090002,50.0
FOOD-2625,Vegetables,Britannia,Bottle,250.0,270.9082130613209,50.0
FOOD-8973,Vegetables,Britannia,Packet,250.0,578.1568244554184,50.0
FOOD-9577,Dairy,Amul,Box,500.0,723.0713122973137,150.0
FOOD-9070,Bakery,Amul,Bottle,100.0,499.3061145730507,
FOOD-9666,Dairy,Britannia,Bottle,100.0,178.43633931787764,150.0
FOOD-9609,Vegetables,Britannia,Packet,100.0,745.3927253479998,50.0
FOOD-7490,Vegetables,Amul,Bottle,250.0,427.0072971290063,
FOOD-4600,Bakery,Britannia,Bottle,100.0,578.7569869772467,150.0
FOOD-7783,Vegetables,Amul,Bottle,100.0,713.49962184379,50.0
FOOD-5971,Dairy,Amul,Bottle,500.0,791.9672263581331,150.0
FOOD-2205,Vegetables,Amul,Packet,,409.7905197903223,150.0
FOOD-2990,Vegetables,Catch_Spices,Packet,100.0,648.3695477601024,350.0
FOOD-6299,Bakery,Britannia,Box,1000.0,457.8249816014112,700.0
FOOD-4572,Bakery,Amul,Packet,500.0,394.2986173366867,50.0
FOOD-6975,Vegetables,Britannia,Bottle,250.0,434.79289022826896,50.0
FOOD-7320,Vegetables,Fortune,Bottle,,392.57744261914627,
FOOD-5380,Bakery,Britannia,Loose_Poly,250.0,342.6122138477977,150.0
FOOD-5757,Vegetables,Fortune,Packet,100.0,581.7393455060503,
FOOD-3713,Dairy,Amul,Packet,5000.0,207.24389459865077,150.0
FOOD-6588,Snacks,Fortune,Bottle,500.0,496.9413579867405,
FOOD-1966,Vegetables,Britannia,Bottle,5000.0,573.2385404338993,50.0
FOOD-5944,Snacks,Amul,Packet,1000.0,714.751758378657,
FOOD-4432,Vegetables,Britannia,Box,250.0,272.1829476606927,
FOOD-1688,Dairy,Catch_Spices,Bottle,500.0,689.8732917776908,
FOOD-5243,Dairy,Fortune,Packet,1000.0,756.7800253474325,50.0
FOOD-4701,Snacks,Britannia,Packet,250.0,522.4567123659579,50.0
FOOD-9533,Vegetables,Amul,Box,100.0,619.4320762591803,50.0
FOOD-6182,Dairy,Britannia,Packet,250.0,330.50849825691,50.0
FOOD-7704,Snacks,Amul,Packet,100.0,762.1869816299072,50.0
FOOD-5422,Dairy,Amul,Packet,500.0,539.9805495182751,150.0
FOOD-2759,Dairy,Britannia,Bottle,500.0,255.02387880803633,150.0
FOOD-3482,Vegetables,Catch_Spices,Box,99999.0,329.36646431487804,
FOOD-9058,Bakery,Britannia,Packet,500.0,498.0268561639451,
FOOD-1951,Vegetables,Amul,Packet,1000.0,194.96677996471314,50.0
FOOD-9914,Vegetables,Britannia,Packet,100.0,605.5923794288308,350.0
FOOD-3079,Dairy,Catch_Spices,Bottle,250.0,187.50629785301805,
FOOD-3717,Vegetables,Fortune,Packet,1000.0,477.51346465904203,150.0
FOOD-5524,Snacks,Britannia,Box,500.0,560.6351452659136,
FOOD-9477,Snacks,Catch_Spices,Packet,500.0,689.2008375726156,50.0
FOOD-8311,Bakery,Fortune,Packet,100.0,589.7813284732572,150.0
FOOD-8186,Bakery,Amul,Packet,500.0,641.0718223263051,50.0
FOOD-3065,Bakery,Amul,Box,1000.0,731.2161231833002,50.0
FOOD-1768,Vegetables,Catch_Spices,Bottle,100.0,482.2395333654371,350.0
FOOD-6490,Bakery,Britannia,Loose_Poly,500.0,678.5612084229931,
FOOD-7645,Vegetables,Amul,Packet,250.0,193.17906250988594,50.0
FOOD-6083,Vegetables,Britannia,Packet,100.0,653.6392049256586,50.0
FOOD-6232,Bakery,Britannia,Bottle,500.0,185.1325256321194,350.0
FOOD-6797,Dairy,Catch_Spices,Bottle,100.0,748.357082806796,150.0
FOOD-5926,Bakery,Amul,Bottle,100.0,270.6789365915582,
FOOD-7016,Vegetables,Britannia,Packet,500.0,145.75201855873416,350.0
FOOD-4335,Dairy,Catch_Spices,Packet,500.0,127.05332050206948,
FOOD-9038,Vegetables,Amul,Packet,100.0,157.94505138088758,
FOOD-5873,Dairy,Amul,Bottle,1000.0,363.5568437649011,50.0
FOOD-2481,Bakery,Catch_Spices,Bottle,100.0,422.49801895324657,150.0
FOOD-7305,Dairy,Britannia,Box,99999.0,731.8908076938957,150.0
FOOD-4451,Vegetables,Britannia,Packet,500.0,311.00169431287947,50.0
FOOD-1054,Vegetables,Britannia,Box,250.0,181.81102394177273,50.0
FOOD-8643,Vegetables,Amul,Bottle,100.0,597.6186783531115,350.0
FOOD-4462,Dairy,Catch_Spices,Packet,250.0,116.37698226359869,150.0
FOOD-1832,Snacks,Amul,Loose_Poly,100.0,714.9038638919984,150.0
FOOD-6954,Vegetables,Amul,Bottle,500.0,333.42571181495515,
FOOD-9519,Bakery,Amul,Bottle,250.0,494.93477208743394,150.0
FOOD-8221,Bakery,Amul,Bottle,100.0,157.08563066705287,150.0
FOOD-4310,Dairy,Fortune,Packet,500.0,124.968027773071,700.0
FOOD-4300,Bakery,Fortune,Box,100.0,641.0831060563359,
FOOD-7722,Bakery,Catch_Spices,Box,250.0,349.46481061250233,150.0
FOOD-8218,Vegetables,Britannia,Packet,100.0,789.526822053706,350.0
FOOD-8776,Vegetables,Fortune,Bottle,500.0,424.19537611743675,50.0
FOOD-4675,Vegetables,Britannia,Box,500.0,678.0657994985748,150.0
FOOD-4054,Snacks,Fortune,Packet,500.0,784.1713061899338,350.0
FOOD-8970,Snacks,Fortune,Packet,100.0,232.10862759171624,50.0
FOOD-3143,Bakery,Amul,Packet,100.0,642.6965526027392,150.0
FOOD-6207,Vegetables,Amul,Bottle,100.0,27.38486902647034,
FOOD-3538,Dairy,Amul,Box,100.0,547.0057532682127,50.0
FOOD-5547,Vegetables,Britannia,Bottle,100.0,598.708861983101,50.0
FOOD-6619,Vegetables,Catch_Spices,Packet,250.0,387.11733282404685,
FOOD-9356,Dairy,Amul,Bottle,250.0,138.0631159928266,150.0
FOOD-7612,Snacks,Amul,Box,1000.0,497.20923298197533,
FOOD-6005,Snacks,Amul,Packet,250.0,719.0476409540904,350.0
FOOD-1822,Bakery,Fortune,Box,250.0,745.7421676668324,50.0
FOOD-1943,Vegetables,Amul,Box,99999.0,599.4208884314862,150.0
FOOD-7150,Vegetables,Amul,Packet,250.0,218.33347415622558,50.0
FOOD-5425,Vegetables,Amul,Packet,250.0,697.5582715873368,
FOOD-9966,Bakery,Britannia,Bottle,99999.0,712.170222694339,
FOOD-3198,Bakery,Britannia,Box,99999.0,300.12134253872426,
FOOD-5242,Dairy,Fortune,Box,250.0,154.55557186950773,150.0
FOOD-4695,Dairy,Amul,Bottle,500.0,700.9809529653609,150.0
FOOD-4452,Vegetables,Britannia,Packet,250.0,709.2268790497233,150.0
FOOD-2308,Vegetables,Amul,Packet,500.0,89.71580679545913,150.0
FOOD-5177,Dairy,Amul,Box,1000.0,773.9175908557658,150.0
FOOD-9705,Vegetables,Britannia,Packet,250.0,431.1336369322502,50.0
FOOD-7852,Dairy,Amul,Bottle,1000.0,795.0468540049196,50.0
FOOD-7035,Bakery,Britannia,Packet,500.0,361.55651767117837,150.0
FOOD-4594,Dairy,Amul,Packet,100.0,431.293838094043,
FOOD-5841,Vegetables,Amul,Packet,500.0,220.20543725728402,50.0
FOOD-2409,Vegetables,Catch_Spices,Packet,250.0,720.1684819571418,
FOOD-5566,Dairy,Britannia,Bottle,100.0,360.53257248733604,50.0
FOOD-5491,Dairy,Fortune,Packet,99999.0,653.5451023656332,50.0
FOOD-2555,Dairy,Fortune,Loose_Poly,250.0,72.99007732511532,
FOOD-1804,Dairy,Britannia,Bottle,250.0,632.7148365109019,50.0
FOOD-2279,Dairy,Fortune,Bottle,1000.0,397.29208237866516,
FOOD-8083,Bakery,Britannia,Bottle,5000.0,14.272224989153717,
FOOD-6986,Vegetables,Amul,Bottle,1000.0,188.747721809048,50.0
FOOD-6619,Bakery,Amul,Packet,250.0,163.0468670400624,50.0
FOOD-2387,Vegetables,Britannia,Loose_Poly,250.0,603.8940192344575,150.0
FOOD-3679,Vegetables,Amul,Bottle,100.0,386.9897299366427,50.0
FOOD-3106,Dairy,Amul,Packet,250.0,136.17753338280696,150.0
FOOD-9173,Dairy,Amul,Bottle,1000.0,212.87435186574953,
FOOD-5223,Snacks,Amul,Bottle,500.0,408.22067619164903,50.0
FOOD-5831,Bakery,Amul,Packet,,25.514175882542354,50.0
FOOD-3768,Snacks,Amul,Loose_Poly,100.0,345.05921459850526,
FOOD-4186,Snacks,Amul,Packet,1000.0,545.6685088864547,
FOOD-3573,Dairy,Amul,Bottle,1000.0,419.02612237584424,150.0
FOOD-3599,Dairy,Britannia,Loose_Poly,250.0,482.49863744964404,150.0
FOOD-5033,Dairy,Amul,Packet,500.0,268.0283124392033,
FOOD-9428,Snacks,Catch_Spices,Packet,100.0,154.6298219756071,
FOOD-2304,Bakery,Fortune,Packet,500.0,649.695619380593,150.0
FOOD-8368,Vegetables,Britannia,Packet,500.0,725.4515484347247,
FOOD-6877,Bakery,Fortune,Packet,500.0,413.48505059616593,350.0
FOOD-2301,Vegetables,Amul,Box,250.0,250.98255793929874,350.0
FOOD-3541,Dairy,Amul,Box,250.0,413.8518153192086,150.0
FOOD-3051,Vegetables,Catch_Spices,Box,100.0,704.3985613035425,
FOOD-7809,Bakery,Amul,Packet,1000.0,556.2110144263428,
FOOD-9633,Bakery,Catch_Spices,Box,1000.0,688.3067081691928,350.0
FOOD-9996,Vegetables,Britannia,Bottle,1000.0,269.41974423165976,50.0
FOOD-1074,Vegetables,Amul,Packet,1000.0,572.4635113866217,50.0
FOOD-7981,Vegetables,Britannia,Bottle,500.0,525.9086874941771,50.0
FOOD-6475,Bakery,Britannia,Packet,100.0,461.5770039138296,
FOOD-9232,Vegetables,Amul,Loose_Poly,500.0,427.297643532102,150.0
FOOD-8184,Vegetables,Amul,Bottle,250.0,445.2725276802816,350.0
FOOD-6796,Vegetables,Fortune,Box,250.0,681.2401608840922,150.0
FOOD-8141,Dairy,Britannia,Bottle,100.0,733.6356557932746,150.0
FOOD-2622,Vegetables,Amul,Bottle,250.0,99.1597668643382,50.0
FOOD-9041,Bakery,Amul,Packet,500.0,459.32954629636413,50.0
FOOD-1341,Vegetables,Catch_Spices,Bottle,100.0,735.5426537538553,
FOOD-3074,Bakery,Britannia,Box,100.0,116.44458827568437,
FOOD-8992,Vegetables,Britannia,Packet,500.0,336.1589049045559,
FOOD-1645,Dairy,Catch_Spices,Loose_Poly,500.0,80.37333536721412,150.0
FOOD-5263,Vegetables,Amul,Bottle,250.0,99.64635758769255,
FOOD-9801,Bakery,Britannia,Packet,100.0,724.2475419220312,350.0
FOOD-7136,Snacks,Fortune,Bottle,250.0,362.48187201608977,700.0
FOOD-9646,Snacks,Fortune,Box,500.0,554.1043266636328,
FOOD-3969,Dairy,Amul,Bottle,500.0,119.74239436239132,50.0
FOOD-4028,Dairy,Amul,Bottle,100.0,27.338511090277073,150.0
FOOD-8643,Bakery,Fortune,Bottle,5000.0,713.4823263056026,350.0
FOOD-3681,Bakery,Amul,Bottle,100.0,463.89105524372735,150.0
FOOD-4629,Vegetables,Catch_Spices,Packet,100.0,25.790326901095412,50.0
FOOD-5225,Bakery,Amul,Packet,250.0,793.9481899331098,
FOOD-4067,Dairy,Amul,Packet,250.0,398.83198258086884,50.0
FOOD-6941,Vegetables,Amul,Packet,-200.0,0.0,50.0
FOOD-2386,Vegetables,Fortune,Packet,100.0,500.52220561487076,50.0
FOOD-3866,Vegetables,Catch_Spices,Bottle,250.0,16.244582014415066,150.0
FOOD-5788,Dairy,Britannia,Bottle,250.0,459.61931522808766,50.0
FOOD-6490,Vegetables,Catch_Spices,Packet,250.0,507.2922841518289,150.0
FOOD-5124,Vegetables,Amul,Packet,,244.59331880142736,
FOOD-9340,Vegetables,Amul,Packet,100.0,584.2134037169558,50.0
FOOD-4850,Dairy,Fortune,Packet,100.0,308.1711348121945,50.0
FOOD-6415,Bakery,Catch_Spices,Packet,250.0,577.0407762219307,50.0
FOOD-8679,Vegetables,Fortune,Bottle,500.0,123.6218909774863,150.0
FOOD-7819,Vegetables,Fortune,Packet,500.0,731.8212746724042,50.0
FOOD-9378,Vegetables,Amul,Bottle,250.0,704.7713251884455,150.0
FOOD-2333,Snacks,Amul,Box,250.0,128.99491610933876,350.0
FOOD-5150,Dairy,Catch_Spices,Packet,1000.0,751.3786102975615,150.0
FOOD-7766,Dairy,Amul,Packet,250.0,450.6464154861464,50.0
FOOD-3711,Vegetables,Amul,Packet,100.0,564.303245908325,50.0
FOOD-5853,Bakery,Britannia,Packet,500.0,673.8320959774576,
FOOD-7212,Dairy,Amul,Packet,500.0,76.02025819320288,50.0
FOOD-8479,Vegetables,Fortune,Box,250.0,143.73464239827157,350.0
FOOD-6408,Vegetables,Amul,Packet,,239.4088279739098,
FOOD-8715,Dairy,Fortune,Loose_Poly,100.0,386.9915402957408,150.0
FOOD-9942,Bakery,Britannia,Packet,1000.0,283.38305997600503,150.0
FOOD-2762,Bakery,Britannia,Box,100.0,409.6186377842219,700.0
FOOD-8101,Dairy,Britannia,Box,250.0,156.87445160155167,50.0
FOOD-8674,Bakery,Amul,Packet,100.0,548.9017705472,50.0
FOOD-7122,Vegetables,Britannia,Packet,100.0,54.03055613514761,
FOOD-1481,Dairy,Britannia,Bottle,100.0,295.54510990428963,150.0
FOOD-1153,Bakery,Britannia,Box,,151.43626329018684,
FOOD-8617,Vegetables,Amul,Packet,100.0,586.6472847778375,50.0
FOOD-2524,Bakery,Amul,Packet,500.0,708.08613767563,50.0
FOOD-3120,Vegetables,Amul,Packet,250.0,72.24110527074518,50.0
FOOD-3343,Vegetables,Britannia,Packet,500.0,630.179906134456,50.0
FOOD-6136,Dairy,Amul,Loose_Poly,100.0,717.6206120404607,50.0
FOOD-6760,Dairy,Catch_Spices,Bottle,1000.0,779.4364711251036,350.0
FOOD-2240,Bakery,Britannia,Packet,99999.0,467.7151382466203,
FOOD-1060,Vegetables,Fortune,Packet,,268.63958994585136,150.0
FOOD-2639,Bakery,Fortune,Packet,5000.0,264.35914389519087,150.0
FOOD-7185,Dairy,Amul,Box,100.0,309.38636264261754,
FOOD-8970,Dairy,Fortune,Loose_Poly,500.0,494.0072517888253,150.0
FOOD-2252,Snacks,Britannia,Packet,100.0,397.28170958990876,
FOOD-5203,Bakery,Catch_Spices,Bottle,250.0,526.3716708613997,150.0
FOOD-9363,Vegetables,Catch_Spices,Loose_Poly,250.0,41.057960088365164,150.0
FOOD-4549,Bakery,Amul,Packet,250.0,93.64642480107982,150.0
FOOD-5197,Vegetables,Amul,Packet,500.0,781.4662045471413,50.0
FOOD-8009,Vegetables,Britannia,Packet,250.0,796.3545467271284,50.0
FOOD-7667,Dairy,Britannia,Packet,250.0,599.860465540118,150.0
FOOD-3322,Snacks,Amul,Packet,-200.0,0.0,150.0
FOOD-5090,Vegetables,Amul,Loose_Poly,1000.0,763.1715701764344,150.0
FOOD-7960,Bakery,Amul,Bottle,5000.0,178.8252070954458,150.0
FOOD-4004,Vegetables,Britannia,Packet,1000.0,587.8307447178086,50.0
FOOD-6136,Bakery,Catch_Spices,Packet,100.0,101.05406623671067,
FOOD-1329,Dairy,Fortune,Box,250.0,522.634553862269,150.0
FOOD-4640,Bakery,Britannia,Packet,100.0,610.0168526513474,150.0
FOOD-8982,Vegetables,Amul,Packet,-200.0,0.0,
FOOD-5107,Bakery,Amul,Packet,100.0,590.1018503535283,
FOOD-2341,Snacks,Britannia,Box,250.0,739.553430730807,
FOOD-9407,Bakery,Fortune,Packet,100.0,421.5293737415728,50.0
FOOD-1338,Dairy,Amul,Packet,100.0,545.1685994457289,50.0
FOOD-6895,Snacks,Britannia,Bottle,100.0,301.94456721979805,50.0
FOOD-3708,Vegetables,Catch_Spices,Packet,500.0,18.207664938556885,50.0
FOOD-2750,Bakery,Catch_Spices,Loose_Poly,100.0,607.7874348191989,50.0
FOOD-6604,Bakery,Amul,Bottle,250.0,697.1899118182524,150.0
FOOD-3421,Vegetables,Amul,Packet,1000.0,147.40033683768434,
FOOD-8119,Dairy,Amul,Packet,500.0,32.62619381557998,
FOOD-9901,Vegetables,Britannia,Bottle,100.0,139.95645794615626,150.0
FOOD-6319,Dairy,Catch_Spices,Packet,1000.0,717.2785416590384,150.0
FOOD-7609,Dairy,Amul,Box,500.0,243.45320760335053,50.0
FOOD-6387,Vegetables,Amul,Bottle,,194.62625073440066,350.0
FOOD-4993,Dairy,Catch_Spices,Bottle,500.0,21.525961626140923,
FOOD-9680,Vegetables,Fortune,Loose_Poly,500.0,244.6735662959523,
FOOD-9044,Dairy,Catch_Spices,Packet,250.0,575.3548708475666,50.0
FOOD-9238,Vegetables,Amul,Bottle,,767.6805378172136,150.0
FOOD-5873,Bakery,Britannia,Bottle,250.0,257.0655736257303,50.0
FOOD-5806,Vegetables,Amul,Box,500.0,200.14140296644766,50.0
FOOD-9592,Bakery,Amul,Bottle,100.0,711.5745261654811,
FOOD-6913,Dairy,Britannia,Bottle,500.0,683.4788321574606,50.0
FOOD-8124,Vegetables,Amul,Packet,250.0,269.24673191351224,
FOOD-4157,Bakery,Amul,Bottle,250.0,64.35607146807266,50.0
FOOD-1390,Dairy,Catch_Spices,Packet,250.0,793.6716579687267,50.0
FOOD-5430,Dairy,Amul,Bottle,250.0,547.75638709481,150.0
FOOD-9820,Vegetables,Fortune,Packet,1000.0,741.9985926964661,50.0
FOOD-8686,Dairy,Amul,Packet,500.0,280.0808347123746,150.0
FOOD-5232,Vegetables,Fortune,Loose_Poly,250.0,521.6714810755655,50.0
FOOD-9007,Vegetables,Amul,Packet,250.0,542.8528118632241,700.0
FOOD-2521,Dairy,Fortune,Packet,500.0,699.595319355746,150.0
FOOD-2500,Vegetables,Amul,Packet,1000.0,794.5158493216431,150.0
FOOD-7737,Vegetables,Britannia,Packet,500.0,95.84628103394944,150.0
FOOD-4294,Vegetables,Fortune,Bottle,250.0,508.58230789004085,50.0
FOOD-6085,Vegetables,Amul,Packet,5000.0,275.78755920644306,50.0
FOOD-3419,Vegetables,Amul,Packet,500.0,651.2101573774963,150.0
FOOD-4042,Snacks,Catch_Spices,Packet,100.0,605.7769079496894,
FOOD-5497,Vegetables,Catch_Spices,Packet,250.0,715.0896341368918,
FOOD-2466,Dairy,Amul,Packet,250.0,281.5252730515816,150.0
FOOD-4561,Vegetables,Amul,Bottle,500.0,155.7789718846344,
FOOD-1614,Snacks,Amul,Packet,,27.223324949419638,350.0
FOOD-6392,Vegetables,Amul,Packet,250.0,211.85028013738682,150.0
FOOD-8693,Snacks,Catch_Spices,Box,250.0,300.06551640663247,150.0
FOOD-4223,Dairy,Britannia,Box,100.0,757.3929188989136,50.0
FOOD-8138,Vegetables,Britannia,Packet,250.0,398.18438073932964,150.0
FOOD-3667,Bakery,Catch_Spices,Packet,500.0,449.5872082459437,50.0
FOOD-8980,Dairy,Britannia,Bottle,250.0,705.3017220180107,50.0
FOOD-1130,Vegetables,Britannia,Bottle,250.0,709.2049158736712,350.0
FOOD-3983,Bakery,Amul,Loose_Poly,250.0,427.0535029849296,
FOOD-5278,Snacks,Amul,Packet,250.0,99.82576399933208,150.0
FOOD-8126,Dairy,Britannia,Bottle,250.0,223.7077700981714,150.0
FOOD-9230,Vegetables,Amul,Box,100.0,370.94167800483655,350.0
FOOD-8694,Bakery,Amul,Bottle,100.0,603.4239011905304,50.0
FOOD-7640,Bakery,Amul,Packet,1000.0,572.2285811799986,50.0
FOOD-6468,Bakery,Amul,Packet,250.0,517.7395058868146,350.0
FOOD-1920,Bakery,Britannia,Packet,500.0,705.393992243852,150.0
FOOD-8564,Vegetables,Britannia,Packet,250.0,644.0906625626291,150.0
FOOD-9684,Snacks,Amul,Box,,785.870250238028,150.0
FOOD-9502,Vegetables,Amul,Packet,500.0,712.435231537193,50.0
FOOD-9930,Vegetables,Britannia,Packet,100.0,164.56857799630853,
FOOD-4241,Dairy,Amul,Box,1000.0,55.517086761112544,
FOOD-1545,Dairy,Britannia,Bottle,100.0,337.4636457950154,150.0
FOOD-5346,Vegetables,Fortune,Packet,250.0,497.8285162120104,50.0
FOOD-4810,Bakery,Amul,Packet,100.0,518.0517647590809,150.0
FOOD-8206,Dairy,Fortune,Packet,1000.0,221.33508159950335,50.0
FOOD-3032,Dairy,Fortune,Packet,5000.0,689.3059619144495,50.0
FOOD-9436,Bakery,Amul,Box,100.0,270.1047062798873,
FOOD-1271,Dairy,Amul,Packet,100.0,736.1005390426833,150.0
FOOD-4511,Vegetables,Catch_Spices,Bottle,,382.56510702954495,350.0
FOOD-2771,Vegetables,Amul,Packet,500.0,18.20862617305046,150.0
FOOD-5361,Snacks,Fortune,Loose_Poly,250.0,138.0126358438495,
FOOD-8069,Vegetables,Britannia,Bottle,250.0,90.83221275744813,50.0
FOOD-1920,Dairy,Amul,Loose_Poly,,44.78037868224303,150.0
FOOD-9190,Dairy,Amul,Packet,500.0,574.073675540434,50.0
FOOD-4430,Dairy,Britannia,Box,250.0,161.92953971771774,50.0
FOOD-5435,Vegetables,Britannia,Box,500.0,672.509637581124,50.0
FOOD-4760,Dairy,Britannia,Box,500.0,218.9303747633997,50.0
FOOD-3050,Dairy,Catch_Spices,Packet,100.0,35.53841412776477,
FOOD-2165,Snacks,Fortune,Packet,250.0,658.333521740431,
FOOD-9567,Vegetables,Amul,Packet,500.0,378.2552219194798,50.0
FOOD-3033,Dairy,Catch_Spices,Packet,250.0,483.6092978125052,50.0
FOOD-7467,Dairy,Fortune,Box,100.0,275.6195580268349,150.0
FOOD-1145,Dairy,Catch_Spices,Bottle,500.0,46.37191296295703,50.0
FOOD-5388,Bakery,Britannia,Bottle,99999.0,302.43990043965846,50.0
FOOD-8832,Vegetables,Fortune,Packet,5000.0,419.446232531922,150.0
FOOD-9623,Vegetables,Britannia,Packet,500.0,19.23241679392865,350.0
FOOD-9896,Bakery,Amul,Packet,250.0,463.68912544101687,50.0
FOOD-9173,Dairy,Catch_Spices,Bottle,250.0,715.5033021017466,50.0
FOOD-3632,Dairy,Amul,Box,100.0,182.09401271182077,50.0
FOOD-5494,Vegetables,Amul,Packet,250.0,742.1476373072351,150.0
FOOD-9056,Vegetables,Catch_Spices,Bottle,100.0,87.11072987063295,350.0
FOOD-8511,Vegetables,Amul,Bottle,100.0,662.0947166760291,50.0
FOOD-2828,Vegetables,Catch_Spices,Box,1000.0,673.8562430587042,150.0
FOOD-5805,Dairy,Fortune,Packet,5000.0,213.63029168952974,50.0
FOOD-1806,Bakery,Amul,Bottle,1000.0,766.6962922476891,
FOOD-8486,Vegetables,Britannia,Packet,100.0,339.11299331230435,150.0
FOOD-9202,Vegetables,Fortune,Packet,1000.0,121.59230909781911,50.0
FOOD-2868,Vegetables,Britannia,Bottle,100.0,477.4544161534617,
FOOD-8878,Dairy,Catch_Spices,Box,250.0,797.3256161957604,700.0
FOOD-6690,Vegetables,Catch_Spices,Packet,500.0,720.4403236778426,50.0
FOOD-8827,Snacks,Amul,Packet,250.0,230.09623263093093,
FOOD-6429,Bakery,Amul,Bottle,5000.0,465.81941350891674,50.0
FOOD-4564,Snacks,Catch_Spices,Packet,250.0,101.14045114468513,50.0
FOOD-2389,Bakery,Britannia,Bottle,250.0,374.8573954263006,
FOOD-8274,Dairy,Amul,Box,100.0,423.2253534760334,50.0
FOOD-1824,Dairy,Fortune,Bottle,1000.0,259.06985568159155,150.0
FOOD-3265,Vegetables,Catch_Spices,Bottle,250.0,392.5077955202344,350.0
FOOD-1936,Dairy,Britannia,Bottle,500.0,736.7513819631272,50.0
FOOD-7402,Snacks,Britannia,Box,500.0,405.1087333719872,50.0
FOOD-4845,Vegetables,Britannia,Bottle,500.0,666.482345348402,150.0
FOOD-2796,Bakery,Fortune,Packet,250.0,260.73843903911273,
FOOD-9245,Vegetables,Catch_Spices,Packet,100.0,777.4093356742605,50.0
FOOD-8214,Bakery,Catch_Spices,Loose_Poly,500.0,83.83595442169653,150.0
FOOD-1726,Snacks,Britannia,Packet,5000.0,472.6134510051715,150.0
FOOD-3736,Bakery,Fortune,Bottle,1000.0,634.0113581817741,50.0
FOOD-2913,Bakery,Catch_Spices,Box,100.0,653.092379185094,
FOOD-8657,Dairy,Amul,Bottle,,166.6420775217631,
FOOD-3466,Bakery,Amul,Packet,250.0,327.3002520611391,50.0
FOOD-8312,Snacks,Catch_Spices,Packet,500.0,503.11497624664145,50.0
FOOD-9194,Bakery,Amul,Packet,250.0,259.54734072020915,50.0
FOOD-8906,Dairy,Amul,Packet,500.0,530.0538520186492,150.0
FOOD-5876,Dairy,Amul,Loose_Poly,1000.0,309.236730337035,350.0
FOOD-8287,Bakery,Amul,Box,250.0,287.1843948423256,700.0
FOOD-1892,Dairy,Amul,Box,100.0,95.37385547742358,150.0
FOOD-5675,Bakery,Amul,Bottle,1000.0,41.00977429390613,50.0
FOOD-2933,Dairy,Catch_Spices,Packet,250.0,669.8662941096237,
FOOD-2380,Vegetables,Fortune,Packet,250.0,396.7401488032986,50.0
FOOD-2290,Dairy,Fortune,Packet,250.0,454.66977523511525,50.0
FOOD-2640,Dairy,Amul,Bottle,250.0,304.0546077974996,700.0
FOOD-8490,Vegetables,Fortune,Bottle,500.0,118.02621592427866,
FOOD-2218,Vegetables,Fortune,Bottle,250.0,365.1618781760531,150.0
FOOD-6016,Dairy,Britannia,Bottle,250.0,190.87609164462327,700.0
FOOD-7881,Vegetables,Amul,Loose_Poly,500.0,671.7696069539963,150.0
FOOD-1954,Vegetables,Britannia,Packet,100.0,789.562945078847,150.0
FOOD-8291,Bakery,Fortune,Bottle,100.0,712.3859470258865,50.0
FOOD-1974,Snacks,Britannia,Packet,500.0,427.33667008124803,
FOOD-5133,Bakery,Fortune,Bottle,1000.0,506.22407869381516,
FOOD-6370,Snacks,Britannia,Packet,100.0,759.0168087639983,150.0
FOOD-4972,Bakery,Britannia,Bottle,100.0,435.5587275350929,
FOOD-6295,Vegetables,Fortune,Packet,500.0,514.4854074003249,50.0
FOOD-9228,Bakery,Amul,Packet,500.0,507.0913079564393,50.0
FOOD-4020,Bakery,Britannia,Box,250.0,569.4157099318475,50.0
FOOD-9987,Dairy,Catch_Spices,Packet,100.0,515.8252286668719,50.0
FOOD-5036,Vegetables,Fortune,Packet,100.0,539.8572644639024,700.0
FOOD-6068,Bakery,Amul,Bottle,500.0,583.4566330639107,
FOOD-6233,Vegetables,Amul,Bottle,250.0,649.1883914376796,50.0
FOOD-1317,Dairy,Britannia,Box,1000.0,328.41342571777324,50.0
FOOD-3396,Vegetables,Catch_Spices,Bottle,250.0,599.2088475658568,50.0
FOOD-3162,Dairy,Britannia,Packet,500.0,89.1609697316302,50.0
FOOD-3745,Dairy,Britannia,Packet,1000.0,702.1886244708076,150.0
FOOD-2591,Vegetables,Amul,Box,100.0,239.1350032482615,150.0
FOOD-7183,Dairy,Fortune,Packet,250.0,328.7336481289541,
FOOD-4930,Dairy,Fortune,Box,100.0,644.8522259994317,150.0
FOOD-2312,Bakery,Catch_Spices,Packet,250.0,513.2197600918946,350.0
FOOD-5311,Bakery,Amul,Box,100.0,253.81611198242283,
FOOD-8314,Dairy,Fortune,Loose_Poly,100.0,188.0652977884658,50.0
FOOD-3383,Bakery,Britannia,Bottle,1000.0,766.594414481366,50.0
FOOD-4239,Vegetables,Britannia,Bottle,500.0,79.34332521495358,
FOOD-3139,Vegetables,Fortune,Bottle,1000.0,13.424735801379608,50.0
FOOD-2704,Vegetables,Amul,Bottle,250.0,541.6185728062168,
FOOD-7924,Dairy,Amul,Bottle,250.0,495.43479739518955,350.0
FOOD-1362,Vegetables,Fortune,Packet,,592.7150307319092,50.0
FOOD-3604,Vegetables,Britannia,Bottle,250.0,587.990726971147,700.0
FOOD-5286,Bakery,Amul,Packet,250.0,691.9747105401583,
FOOD-4738,Bakery,Britannia,Packet,,738.4657864226809,
FOOD-3469,Dairy,Britannia,Bottle,500.0,622.2694247237299,50.0
FOOD-5795,Vegetables,Catch_Spices,Packet,100.0,193.51131328145644,150.0
FOOD-7150,Dairy,Amul,Box,250.0,376.1619808561896,50.0
FOOD-1556,Dairy,Fortune,Box,250.0,516.9550401181523,150.0
FOOD-3808,Bakery,Amul,Loose_Poly,99999.0,436.0985623873462,50.0
FOOD-6150,Vegetables,Amul,Bottle,100.0,135.5290348233535,
FOOD-8561,Bakery,Amul,Bottle,250.0,475.52569419299607,150.0
FOOD-3719,Bakery,Catch_Spices,Packet,250.0,710.3576330528407,150.0
FOOD-7506,Vegetables,Amul,Bottle,100.0,340.62860637942714,
FOOD-4741,Snacks,Fortune,Packet,500.0,538.4569313039688,
FOOD-4998,Dairy,Britannia,Packet,100.0,496.58808615830714,50.0
FOOD-3403,Vegetables,Catch_Spices,Box,100.0,307.8640781150677,50.0
FOOD-9780,Dairy,Fortune,Packet,100.0,456.564253646314,150.0
FOOD-1294,Vegetables,Fortune,Packet,1000.0,176.0675067801002,50.0
FOOD-6343,Vegetables,Catch_Spices,Box,100.0,441.4247343691981,150.0
FOOD-2136,Dairy,Britannia,Packet,250.0,641.0753764873996,150.0
FOOD-3064,Bakery,Fortune,Packet,100.0,609.5687379771003,150.0
FOOD-8009,Snacks,Amul,Packet,100.0,292.7840943475866,50.0
FOOD-5543,Bakery,Amul,Box,100.0,98.54732056614193,150.0
FOOD-2007,Vegetables,Britannia,Bottle,250.0,641.9546263814941,150.0
FOOD-6445,Bakery,Britannia,Bottle,100.0,219.38088070067303,150.0
FOOD-6352,Dairy,Britannia,Packet,100.0,51.90457609753349,150.0
FOOD-2435,Bakery,Britannia,Bottle,1000.0,361.70243857064224,
FOOD-1571,Bakery,Amul,Bottle,250.0,594.1817183417726,50.0
FOOD-3382,Bakery,Britannia,Packet,100.0,648.7097389864582,50.0
FOOD-6084,Dairy,Amul,Bottle,250.0,785.9396978853279,
FOOD-1277,Bakery,Catch_Spices,Bottle,100.0,159.63207038379758,150.0
FOOD-8059,Vegetables,Catch_Spices,Bottle,250.0,242.0979318638209,50.0
FOOD-2887,Snacks,Catch_Spices,Bottle,250.0,491.4974937988028,50.0
FOOD-2265,Vegetables,Amul,Packet,100.0,650.9615207216597,50.0
FOOD-8491,Vegetables,Britannia,Bottle,100.0,194.91926678156895,50.0
FOOD-2040,Vegetables,Catch_Spices,Bottle,250.0,333.83241579526975,
FOOD-9073,Bakery,Catch_Spices,Bottle,1000.0,332.63652807746877,
FOOD-3752,Dairy,Fortune,Bottle,100.0,620.6200191476737,150.0
FOOD-9213,Dairy,Britannia,Box,100.0,200.3364424863479,50.0
FOOD-5569,Snacks,Britannia,Box,250.0,775.3192582097828,
FOOD-7353,Snacks,Fortune,Bottle,250.0,413.26641198201526,50.0
FOOD-3353,Vegetables,Amul,Box,100.0,232.8328009181981,50.0
FOOD-8437,Vegetables,Britannia,Packet,100.0,234.5844071776044,
FOOD-5799,Bakery,Fortune,Box,100.0,24.456989496136682,50.0
FOOD-1686,Snacks,Fortune,Bottle,100.0,557.0204036974692,
FOOD-9476,Dairy,Britannia,Packet,250.0,622.9991591137223,
FOOD-5811,Dairy,Britannia,Packet,,35.61794060971478,150.0
FOOD-9954,Vegetables,Catch_Spices,Packet,500.0,472.8882859134531,50.0
FOOD-6346,Bakery,Britannia,Packet,-200.0,0.0,50.0
FOOD-6043,Dairy,Fortune,Packet,500.0,307.22963822889176,50.0
FOOD-3428,Dairy,Fortune,Packet,250.0,351.86585045520485,350.0
FOOD-6126,Vegetables,Fortune,Box,500.0,295.6836709305908,150.0
FOOD-9220,Snacks,Fortune,Packet,250.0,259.3640676675144,50.0
FOOD-8813,Dairy,Britannia,Packet,1000.0,398.0019616850174,
FOOD-4356,Vegetables,Britannia,Box,500.0,141.2195215052474,
FOOD-9707,Dairy,Britannia,Packet,500.0,358.14326817316856,150.0
FOOD-8266,Bakery,Amul,Box,100.0,754.0418481750423,50.0
FOOD-7540,Dairy,Amul,Bottle,250.0,31.64765725979847,
FOOD-1038,Bakery,Amul,Packet,250.0,140.14729852389272,350.0
FOOD-4342,Dairy,Catch_Spices,Packet,,624.3848886106725,50.0
FOOD-3844,Snacks,Amul,Packet,250.0,114.32510103183222,50.0
FOOD-2098,Vegetables,Amul,Packet,250.0,224.31191060716893,150.0
FOOD-8027,Vegetables,Amul,Packet,250.0,369.3227499950411,150.0
FOOD-2823,Vegetables,Britannia,Packet,1000.0,755.0981835364727,150.0
FOOD-4155,Bakery,Amul,Packet,100.0,154.96593796981986,150.0
FOOD-4093,Dairy,Britannia,Bottle,100.0,739.23682926341,350.0
FOOD-6658,Bakery,Amul,Packet,1000.0,577.6343650431535,350.0
FOOD-4778,Bakery,Fortune,Box,1000.0,540.2044802771059,50.0
FOOD-3896,Dairy,Catch_Spices,Packet,250.0,581.5985939995253,50.0
FOOD-1988,Snacks,Catch_Spices,Box,100.0,34.68482898577658,
FOOD-5116,Vegetables,Britannia,Packet,250.0,88.13120624492026,150.0
FOOD-7446,Bakery,Britannia,Box,100.0,274.52480770478047,
FOOD-5179,Dairy,Britannia,Packet,1000.0,68.43435118745535,50.0
FOOD-2682,Dairy,Amul,Bottle,500.0,790.1958705013834,
FOOD-6626,Bakery,Britannia,Packet,100.0,468.52564443469026,50.0
FOOD-8424,Dairy,Amul,Bottle,1000.0,395.0015002029574,150.0
FOOD-1933,Vegetables,Fortune,Packet,500.0,630.5543100702446,
FOOD-4598,Dairy,Amul,Bottle,5000.0,781.7977733814719,150.0
FOOD-2980,Dairy,Britannia,Packet,-200.0,0.0,50.0
FOOD-4056,Bakery,Britannia,Bottle,,636.5212589830699,50.0
FOOD-9984,Dairy,Britannia,Packet,100.0,307.9676471990924,350.0
FOOD-1791,Snacks,Fortune,Packet,250.0,62.107998346546296,50.0
FOOD-6390,Dairy,Britannia,Bottle,5000.0,87.71781240597412,50.0
FOOD-7635,Dairy,Britannia,Loose_Poly,99999.0,10.91034922772411,700.0
FOOD-3255,Bakery,Britannia,Bottle,250.0,11.50324614763616,50.0
FOOD-4610,Dairy,Amul,Bottle,100.0,749.7732211574349,150.0
FOOD-2607,Snacks,Britannia,Bottle,100.0,742.3434056739243,150.0
FOOD-6179,Bakery,Catch_Spices,Bottle,500.0,537.3675017667937,50.0
FOOD-7573,Dairy,Catch_Spices,Packet,250.0,584.074612134039,50.0
FOOD-1984,Vegetables,Fortune,Packet,250.0,415.43468075352985,
FOOD-6776,Dairy,Amul,Box,250.0,197.8953823097826,50.0
FOOD-4676,Vegetables,Amul,Bottle,500.0,732.3641887959592,50.0
FOOD-4380,Bakery,Britannia,Bottle,1000.0,229.37625921388653,50.0
FOOD-9711,Vegetables,Catch_Spices,Bottle,250.0,594.3402961502113,150.0
FOOD-9782,Vegetables,Fortune,Packet,100.0,203.89419093186493,150.0
FOOD-2050,Vegetables,Catch_Spices,Packet,500.0,697.4172502588505,150.0
FOOD-4633,Vegetables,Britannia,Bottle,1000.0,524.47915319613,
FOOD-7342,Vegetables,Amul,Packet,250.0,517.7290662398183,
FOOD-1959,Bakery,Amul,Packet,100.0,86.92011702611676,
FOOD-7059,Bakery,Amul,Bottle,100.0,341.3804335036693,700.0
FOOD-9884,Bakery,Britannia,Loose_Poly,100.0,424.67772096418344,150.0
FOOD-6655,Bakery,Amul,Packet,100.0,242.28866784477697,350.0
FOOD-5473,Vegetables,Fortune,Bottle,250.0,705.9699433484379,50.0
FOOD-3946,Bakery,Britannia,Packet,100.0,671.7592537938652,50.0
FOOD-8725,Vegetables,Amul,Packet,500.0,399.96052075059873,50.0
FOOD-1526,Vegetables,Amul,Box,100.0,278.6246500888508,50.0
FOOD-4224,Dairy,Amul,Box,100.0,643.2183948844591,150.0
FOOD-2875,Vegetables,Fortune,Packet,250.0,165.54424355757862,50.0
FOOD-2763,Bakery,Britannia,Bottle,250.0,66.49788892396988,150.0
FOOD-9712,Dairy,Amul,Packet,100.0,46.1112839968387,150.0
FOOD-6797,Bakery,Catch_Spices,Box,1000.0,40.559776109420184,50.0
FOOD-8099,Dairy,Britannia,Packet,100.0,396.22203861144095,350.0
FOOD-6109,Vegetables,Britannia,Box,250.0,211.69777251849456,50.0
FOOD-7644,Bakery,Fortune,Bottle,250.0,555.3963458759384,150.0
FOOD-1116,Vegetables,Fortune,Packet,1000.0,526.5743434919992,150.0
FOOD-3433,Dairy,Britannia,Box,250.0,438.19580564377964,50.0
FOOD-6463,Vegetables,Britannia,Loose_Poly,250.0,288.74619232809073,50.0
FOOD-1583,Dairy,Amul,Packet,250.0,681.8604335387269,150.0
FOOD-9586,Bakery,Fortune,Box,250.0,570.6651751070423,
FOOD-4788,Dairy,Britannia,Box,500.0,224.50563798501025,700.0
FOOD-5167,Snacks,Fortune,Box,100.0,406.33404322767285,
FOOD-9465,Bakery,Catch_Spices,Loose_Poly,1000.0,133.45425497116798,50.0
FOOD-2389,Bakery,Catch_Spices,Bottle,100.0,269.7332699705067,350.0
FOOD-9357,Bakery,Amul,Bottle,99999.0,797.7407444621916,
FOOD-7154,Vegetables,Amul,Box,250.0,186.83693401108482,
FOOD-6420,Bakery,Amul,Bottle,1000.0,561.6588610173294,150.0
FOOD-9920,Vegetables,Fortune,Bottle,250.0,198.35073016385238,50.0
FOOD-3043,Vegetables,Amul,Packet,100.0,751.126285814591,
FOOD-5197,Snacks,Amul,Box,100.0,255.00494754239034,
FOOD-4496,Dairy,Amul,Bottle,1000.0,283.8843689709003,150.0
FOOD-1778,Dairy,Amul,Bottle,250.0,479.1492207222879,50.0
FOOD-1213,Vegetables,Amul,Bottle,250.0,474.60829918079844,150.0
FOOD-4762,Dairy,Amul,Packet,100.0,467.470347939772,50.0
FOOD-7731,Vegetables,Britannia,Packet,5000.0,462.8711880409302,50.0
FOOD-4117,Vegetables,Amul,Bottle,100.0,256.6276460389648,
FOOD-6791,Vegetables,Amul,Bottle,100.0,353.18407643744797,350.0
FOOD-9783,Dairy,Fortune,Box,1000.0,478.81242008137184,50.0
FOOD-3720,Dairy,Fortune,Bottle,1000.0,540.3033976970215,
FOOD-9905,Vegetables,Amul,Loose_Poly,100.0,209.97192068363992,
FOOD-7047,Bakery,Amul,Packet,1000.0,564.1652987453233,50.0
FOOD-9032,Vegetables,Fortune,Loose_Poly,100.0,739.388237588983,50.0
FOOD-1001,Bakery,Amul,Packet,100.0,608.762885641593,
FOOD-7368,Snacks,Amul,Bottle,1000.0,76.54391422995016,50.0
FOOD-2949,Bakery,Amul,Bottle,500.0,380.60971387111664,150.0
FOOD-7732,Bakery,Amul,Packet,100.0,353.8584300758688,50.0
FOOD-8833,Snacks,Britannia,Packet,100.0,275.83761649442823,
FOOD-1917,Dairy,Catch_Spices,Packet,100.0,398.14291052337256,
FOOD-4174,Bakery,Fortune,Box,500.0,357.3106809859042,50.0
FOOD-8014,Bakery,Britannia,Packet,5000.0,14.874676962214725,
FOOD-1089,Dairy,Britannia,Loose_Poly,100.0,196.8786696927352,
FOOD-2709,Vegetables,Britannia,Packet,1000.0,178.88789477305437,150.0
FOOD-4041,Snacks,Britannia,Loose_Poly,100.0,285.91503758181165,50.0
FOOD-1105,Bakery,Amul,Packet,500.0,147.82082596220098,50.0
FOOD-9619,Vegetables,Britannia,Packet,100.0,63.563140532094465,50.0
FOOD-2895,Dairy,Catch_Spices,Packet,250.0,165.3241554776601,150.0
FOOD-7090,Bakery,Amul,Box,100.0,684.8075612713774,
FOOD-9508,Dairy,Fortune,Bottle,1000.0,639.661079282978,
FOOD-7082,Dairy,Britannia,Packet,100.0,359.2559959663384,
FOOD-1634,Bakery,Britannia,Packet,250.0,703.4738768432231,350.0
FOOD-2925,Dairy,Amul,Packet,1000.0,193.8058383154193,50.0
FOOD-3056,Dairy,Britannia,Bottle,250.0,471.5252215473931,
FOOD-7917,Bakery,Fortune,Packet,100.0,122.91065168166467,
FOOD-4144,Bakery,Britannia,Box,250.0,668.3865447440179,150.0
FOOD-1552,Dairy,Amul,Bottle,1000.0,113.15943041856349,
FOOD-9907,Dairy,Amul,Box,250.0,35.16952559297012,150.0
FOOD-6383,Dairy,Britannia,Bottle,100.0,226.02094175387427,350.0
FOOD-4911,Snacks,Britannia,Packet,250.0,721.7387205841485,
FOOD-4389,Vegetables,Britannia,Loose_Poly,5000.0,112.27109472189015,
FOOD-9442,Vegetables,Catch_Spices,Packet,100.0,271.2295122694763,
FOOD-3430,Dairy,Fortune,Bottle,250.0,259.9678444796322,
FOOD-1458,Bakery,Britannia,Box,500.0,643.3005565365439,150.0
FOOD-1207,Vegetables,Amul,Packet,100.0,343.00506582621944,
FOOD-1899,Vegetables,Amul,Packet,250.0,493.13796919559985,50.0
FOOD-1021,Vegetables,Britannia,Packet,1000.0,329.4625746079716,50.0
FOOD-9601,Bakery,Fortune,Packet,,445.6510419581265,350.0
FOOD-1894,Vegetables,Fortune,Packet,500.0,59.32817197377106,50.0
FOOD-1514,Dairy,Britannia,Packet,1000.0,305.4832561307066,
FOOD-8294,Dairy,Amul,Packet,100.0,685.5336118145634,50.0
FOOD-5904,Bakery,Catch_Spices,Box,100.0,555.943374913971,150.0
FOOD-8867,Dairy,Catch_Spices,Bottle,1000.0,785.6449448758298,
FOOD-5109,Vegetables,Britannia,Bottle,500.0,632.4564345271531,
FOOD-8179,Dairy,Amul,Bottle,100.0,366.6926747645015,700.0
FOOD-2560,Snacks,Britannia,Box,100.0,544.2615615826388,
FOOD-2266,Dairy,Catch_Spices,Box,500.0,622.9718037937483,
FOOD-4638,Snacks,Britannia,Box,250.0,223.0500913378595,150.0
FOOD-9941,Bakery,Fortune,Box,250.0,57.41413358631157,
FOOD-4427,Vegetables,Amul,Packet,5000.0,330.61934171885315,
FOOD-5780,Bakery,Amul,Bottle,250.0,124.29179806098703,
FOOD-2927,Vegetables,Amul,Bottle,1000.0,229.0204846123765,150.0
FOOD-3356,Dairy,Catch_Spices,Bottle,500.0,758.0079414245653,700.0
FOOD-5790,Vegetables,Britannia,Bottle,100.0,679.1952486457897,50.0
FOOD-1306,Vegetables,Fortune,Packet,500.0,478.0464293084516,
FOOD-8979,Snacks,Amul,Packet,250.0,326.9927981605741,
FOOD-4665,Vegetables,Catch_Spices,Loose_Poly,100.0,218.8209845642027,50.0
FOOD-8057,Bakery,Fortune,Bottle,100.0,461.45204097774666,150.0
FOOD-1661,Vegetables,Amul,Packet,250.0,431.1965972415851,150.0
FOOD-5644,Vegetables,Catch_Spices,Packet,500.0,626.8168386214111,50.0
FOOD-9503,Bakery,Amul,Bottle,5000.0,743.1359491236052,700.0
FOOD-3920,Dairy,Amul,Bottle,1000.0,269.860468050715,
FOOD-9946,Bakery,Amul,Bottle,100.0,172.97471749786737,
FOOD-7236,Vegetables,Catch_Spices,Packet,500.0,328.21169659710705,150.0
FOOD-7078,Dairy,Catch_Spices,Packet,,355.6576289064312,50.0
FOOD-1352,Bakery,Amul,Packet,100.0,41.49752869264633,50.0
FOOD-8005,Dairy,Fortune,Bottle,100.0,690.740260437623,50.0
FOOD-1158,Dairy,Britannia,Packet,250.0,796.5179475473213,50.0
FOOD-1956,Snacks,Fortune,Packet,100.0,739.3348672421027,50.0
FOOD-3071,Bakery,Amul,Bottle,250.0,689.9253337946592,350.0
FOOD-9595,Snacks,Britannia,Box,100.0,794.1542397330375,
FOOD-4453,Bakery,Britannia,Packet,250.0,727.1686612601601,50.0
FOOD-7675,Bakery,Amul,Box,1000.0,553.8104203872206,
FOOD-1955,Vegetables,Amul,Loose_Poly,99999.0,141.73775253001247,150.0
FOOD-7295,Dairy,Britannia,Loose_Poly,500.0,133.51659743612558,
FOOD-2712,Bakery,Amul,Box,250.0,48.53599978504864,150.0
FOOD-5703,Vegetables,Catch_Spices,Box,500.0,335.34638507821694,
FOOD-7563,Vegetables,Amul,Packet,500.0,648.9710209011029,50.0
FOOD-6631,Vegetables,Catch_Spices,Bottle,500.0,397.3337963911393,150.0
FOOD-2394,Vegetables,Amul,Bottle,100.0,299.3941475121501,50.0
FOOD-5732,Snacks,Amul,Bottle,250.0,96.2963327170123,50.0
FOOD-4714,Bakery,Amul,Bottle,250.0,50.88511418156466,150.0
FOOD-1529,Dairy,Fortune,Bottle,250.0,325.35152330464973,
FOOD-3958,Vegetables,Fortune,Loose_Poly,250.0,88.94105034514861,350.0
FOOD-8904,Bakery,Amul,Packet,500.0,91.8030564630064,
FOOD-4591,Dairy,Amul,Packet,500.0,322.32525572681055,150.0
FOOD-7895,Snacks,Britannia,Bottle,,407.2463306371457,150.0
FOOD-1525,Dairy,Britannia,Packet,100.0,157.47948070986692,50.0
FOOD-7477,Vegetables,Fortune,Bottle,500.0,550.8621921457452,
FOOD-1001,Dairy,Amul,Packet,100.0,340.7666805394206,
FOOD-1374,Snacks,Britannia,Bottle,100.0,82.61880481358568,700.0
FOOD-5648,Bakery,Fortune,Bottle,1000.0,513.256958404545,150.0
FOOD-3365,Bakery,Catch_Spices,Packet,250.0,291.98640676915966,50.0
FOOD-2525,Vegetables,Britannia,Packet,1000.0,51.333966890250316,50.0
FOOD-2646,Bakery,Amul,Packet,1000.0,758.9054479370818,
FOOD-1013,Bakery,Amul,Packet,1000.0,461.245596113479,150.0
FOOD-5599,Vegetables,Britannia,Bottle,,387.3990915342035,350.0
FOOD-3278,Dairy,Britannia,Bottle,100.0,688.7185419345294,
FOOD-4155,Vegetables,Catch_Spices,Packet,100.0,750.0249391578426,150.0
FOOD-9321,Vegetables,Fortune,Bottle,100.0,184.05427585130698,
FOOD-4814,Vegetables,Britannia,Packet,250.0,650.0141563232714,150.0
FOOD-4216,Vegetables,Britannia,Box,500.0,666.5531421516695,50.0
FOOD-9219,Dairy,Britannia,Packet,5000.0,52.97820779530322,150.0
FOOD-3113,Vegetables,Amul,Box,1000.0,572.4358509908354,350.0
FOOD-5356,Vegetables,Amul,Bottle,250.0,59.744626621665844,150.0
FOOD-6543,Bakery,Britannia,Bottle,500.0,479.79186464802154,350.0
FOOD-5555,Dairy,Amul,Box,100.0,538.6970539395525,
FOOD-8062,Dairy,Amul,Box,250.0,299.9763637972661,350.0
FOOD-4374,Dairy,Amul,Loose_Poly,1000.0,705.8221223595498,150.0
FOOD-7430,Bakery,Amul,Bottle,,642.4042485043032,
FOOD-4466,Vegetables,Amul,Packet,250.0,741.5081737609031,50.0
FOOD-4081,Bakery,Britannia,Box,1000.0,258.76272603847565,350.0
FOOD-1629,Vegetables,Britannia,Packet,100.0,27.00696204883059,
FOOD-1269,Bakery,Britannia,Box,-200.0,0.0,50.0
FOOD-6724,Vegetables,Britannia,Bottle,,186.1521112371882,150.0
FOOD-6897,Bakery,Catch_Spices,Loose_Poly,1000.0,379.05327204797396,
FOOD-4432,Dairy,Amul,Box,250.0,655.6837257725842,150.0
FOOD-7276,Dairy,Britannia,Packet,100.0,180.7467911534797,50.0
FOOD-6895,Vegetables,Amul,Bottle,100.0,256.40792260119576,
FOOD-8115,Dairy,Britannia,Packet,500.0,356.8731892068534,50.0
FOOD-7656,Snacks,Catch_Spices,Packet,1000.0,224.74163163069838,50.0
FOOD-1575,Bakery,Fortune,Bottle,500.0,374.44392417223463,150.0
FOOD-8029,Vegetables,Britannia,Packet,1000.0,17.581349150676083,150.0
FOOD-7099,Dairy,Britannia,Box,1000.0,177.62849847354855,50.0
FOOD-4192,Snacks,Britannia,Loose_Poly,,667.7171541337507,150.0
FOOD-4178,Dairy,Amul,Bottle,500.0,336.6507472252706,150.0
FOOD-7052,Bakery,Britannia,Packet,250.0,512.7605565161323,350.0
FOOD-3734,Snacks,Britannia,Box,250.0,193.5074628320785,150.0
FOOD-7116,Bakery,Amul,Box,100.0,523.4041449144462,50.0
FOOD-4568,Dairy,Amul,Box,100.0,799.9793554405429,50.0
FOOD-3203,Dairy,Fortune,Bottle,500.0,480.2772351234759,150.0
FOOD-2390,Vegetables,Amul,Box,100.0,506.40326448710795,150.0
FOOD-2742,Bakery,Amul,Packet,500.0,98.10066132497802,
FOOD-2925,Vegetables,Britannia,Loose_Poly,1000.0,328.67136261612785,150.0
FOOD-1619,Vegetables,Amul,Loose_Poly,,689.9726698014828,50.0
FOOD-2274,Dairy,Fortune,Box,500.0,669.0748591900825,
FOOD-1956,Vegetables,Britannia,Packet,500.0,422.6952971854443,50.0
FOOD-2939,Bakery,Fortune,Box,,723.7287782928403,
FOOD-4953,Dairy,Amul,Bottle,500.0,122.92024438251724,150.0
FOOD-1968,Dairy,Fortune,Bottle,100.0,529.9696296826049,50.0
FOOD-1281,Dairy,Catch_Spices,Box,100.0,206.61802543673437,
FOOD-7262,Snacks,Amul,Packet,100.0,519.993510033137,
FOOD-2058,Vegetables,Amul,Packet,250.0,79.04575439310469,50.0
FOOD-5293,Bakery,Catch_Spices,Box,250.0,755.4511851329016,
FOOD-6178,Snacks,Amul,Box,250.0,631.2023112764892,150.0
FOOD-7980,Dairy,Amul,Box,100.0,168.75963626775373,
FOOD-2229,Dairy,Amul,Packet,1000.0,513.4484891719094,150.0
FOOD-5585,Snacks,Amul,Box,1000.0,609.7250560246022,50.0
FOOD-9467,Vegetables,Amul,Packet,250.0,175.4621992451951,350.0
FOOD-3740,Dairy,Britannia,Box,100.0,83.7309430940419,
FOOD-3289,Dairy,Britannia,Packet,100.0,287.90601521560285,
FOOD-2239,Vegetables,Amul,Box,1000.0,117.24592954423328,150.0
FOOD-6370,Bakery,Fortune,Bottle,100.0,456.91224703234116,150.0
FOOD-1125,Bakery,Britannia,Loose_Poly,,345.0507785629979,50.0
FOOD-8473,Bakery,Catch_Spices,Bottle,250.0,375.3152270997153,
FOOD-6342,Vegetables,Catch_Spices,Bottle,500.0,438.86214709955385,50.0
FOOD-8351,Vegetables,Fortune,Packet,250.0,785.8211952946551,
FOOD-7638,Dairy,Catch_Spices,Box,100.0,636.182176456876,50.0
FOOD-7570,Vegetables,Fortune,Bottle,500.0,507.28248103645205,50.0
FOOD-4249,Bakery,Catch_Spices,Packet,500.0,297.32743543867554,150.0
FOOD-8595,Dairy,Amul,Bottle,500.0,31.384788978202447,350.0
FOOD-7294,Bakery,Amul,Box,100.0,102.05681246781387,
FOOD-7527,Dairy,Fortune,Packet,500.0,587.3851279261131,150.0
FOOD-6757,Dairy,Britannia,Packet,250.0,301.67110331111905,
FOOD-2969,Vegetables,Fortune,Bottle,250.0,274.20557431568943,
FOOD-1891,Vegetables,Catch_Spices,Box,250.0,712.2929032867709,150.0
FOOD-5470,Dairy,Amul,Packet,100.0,392.7620235058792,150.0
FOOD-8175,Bakery,Fortune,Loose_Poly,100.0,720.6658753563567,350.0
FOOD-9320,Bakery,Amul,Loose_Poly,,710.4444232177377,150.0
FOOD-7812,Bakery,Amul,Packet,250.0,73.34322045449802,
FOOD-8519,Snacks,Britannia,Packet,250.0,756.8367529624932,
FOOD-5612,Vegetables,Amul,Box,500.0,70.79435804997036,150.0
FOOD-2198,Vegetables,Britannia,Loose_Poly,100.0,771.1698310452981,50.0
FOOD-6238,Vegetables,Britannia,Box,1000.0,367.56578490351836,50.0
FOOD-7089,Bakery,Amul,Bottle,100.0,611.0799338461153,50.0
FOOD-7257,Dairy,Fortune,Packet,250.0,567.8540500799842,350.0
FOOD-8705,Bakery,Britannia,Bottle,,419.6110297163775,150.0
FOOD-4719,Dairy,Amul,Bottle,500.0,499.36930688015815,50.0
FOOD-1302,Snacks,Amul,Packet,500.0,760.4353633843638,700.0
FOOD-1986,Snacks,Catch_Spices,Bottle,1000.0,742.6076776239598,150.0
FOOD-5440,Vegetables,Fortune,Packet,250.0,526.9175797046786,
FOOD-5909,Dairy,Amul,Bottle,100.0,529.5977563582749,
FOOD-4072,Dairy,Amul,Packet,500.0,205.08156777955205,50.0
FOOD-4124,Vegetables,Fortune,Packet,500.0,664.6125608273178,50.0
FOOD-9125,Dairy,Britannia,Box,1000.0,509.7566330716407,150.0
FOOD-4291,Bakery,Amul,Packet,100.0,662.73654567876,150.0
FOOD-5033,Vegetables,Britannia,Bottle,500.0,529.7034041275015,
FOOD-6105,Dairy,Britannia,Packet,100.0,246.46282056497586,150.0
FOOD-1703,Bakery,Fortune,Packet,250.0,159.69030815734249,50.0
FOOD-9133,Vegetables,Amul,Packet,100.0,70.8030169362928,50.0
FOOD-1574,Dairy,Britannia,Packet,500.0,472.93599648550025,150.0
FOOD-6704,Vegetables,Amul,Packet,500.0,234.40057243190066,50.0
FOOD-8848,Bakery,Catch_Spices,Box,,508.1025165267433,150.0
FOOD-6208,Vegetables,Fortune,Packet,250.0,56.33859145817951,
FOOD-7924,Bakery,Fortune,Packet,250.0,306.7738213544454,50.0
FOOD-4828,Dairy,Britannia,Box,100.0,215.83704014212273,50.0
FOOD-4230,Vegetables,Britannia,Packet,,302.56392162087934,50.0
FOOD-1488,Dairy,Catch_Spices,Box,250.0,52.883909507703784,
FOOD-8114,Dairy,Amul,Packet,500.0,582.1033208784228,150.0
FOOD-4173,Dairy,Fortune,Packet,250.0,102.19089318294887,
FOOD-2667,Dairy,Amul,Bottle,250.0,21.378074815041074,
FOOD-5114,Dairy,Amul,Loose_Poly,1000.0,757.5683900975735,
FOOD-4553,Vegetables,Britannia,Packet,,162.3723420683894,150.0
FOOD-8761,Vegetables,Fortune,Bottle,500.0,664.1684257719139,
FOOD-2000,Bakery,Fortune,Packet,250.0,771.9317738081282,150.0
FOOD-2388,Dairy,Britannia,Packet,1000.0,431.9557476593219,
FOOD-6450,Dairy,Britannia,Loose_Poly,250.0,425.63334643756167,50.0
FOOD-4712,Bakery,Catch_Spices,Packet,500.0,300.2596235368936,150.0
FOOD-2367,Dairy,Amul,Box,100.0,346.21994317256195,
FOOD-9189,Bakery,Fortune,Packet,1000.0,390.8395635931387,
FOOD-1454,Vegetables,Britannia,Box,250.0,130.1545789392971,50.0
FOOD-3772,Vegetables,Amul,Bottle,250.0,298.14201191288373,150.0
FOOD-4726,Snacks,Amul,Box,100.0,654.7256696614618,50.0
FOOD-8232,Dairy,Britannia,Packet,1000.0,154.09451446936325,50.0
FOOD-5806,Bakery,Amul,Box,500.0,586.5840650937512,
FOOD-3190,Vegetables,Amul,Bottle,100.0,524.7534142118707,50.0
FOOD-3875,Dairy,Amul,Bottle,100.0,55.2652424733007,150.0
FOOD-6592,Bakery,Amul,Box,250.0,27.718806065767545,
FOOD-2440,Vegetables,Britannia,Bottle,100.0,288.4974854368957,150.0
FOOD-9927,Bakery,Fortune,Box,250.0,556.8145189341544,350.0
FOOD-7059,Dairy,Amul,Packet,99999.0,271.03016261492263,
FOOD-8010,Dairy,Britannia,Bottle,500.0,537.5093074743902,150.0
FOOD-8117,Dairy,Amul,Box,1000.0,535.7119329921054,50.0
FOOD-3989,Bakery,Britannia,Packet,250.0,647.1781518731723,150.0
FOOD-7228,Vegetables,Fortune,Bottle,500.0,88.59363561603736,50.0
FOOD-7471,Vegetables,Britannia,Loose_Poly,250.0,465.9318240380963,150.0
FOOD-3863,Bakery,Fortune,Bottle,250.0,59.372724462918455,50.0
FOOD-2177,Bakery,Britannia,Packet,250.0,148.99824081593687,150.0
FOOD-5760,Vegetables,Britannia,Packet,250.0,267.1457132563526,150.0
FOOD-1011,Dairy,Britannia,Box,-200.0,0.0,
FOOD-6252,Dairy,Fortune,Loose_Poly,250.0,779.3636002532244,
FOOD-5399,Dairy,Catch_Spices,Loose_Poly,1000.0,280.5914433648694,150.0
FOOD-9234,Vegetables,Britannia,Bottle,500.0,421.70414346812055,50.0
FOOD-6445,Bakery,Fortune,Bottle,250.0,214.65392038372397,350.0
FOOD-7570,Vegetables,Amul,Packet,250.0,543.6368002815956,350.0
FOOD-9212,Bakery,Catch_Spices,Packet,250.0,299.6028356808527,150.0
FOOD-1406,Bakery,Amul,Packet,100.0,390.46097701623927,50.0
FOOD-5431,Dairy,Amul,Packet,500.0,458.57217192199676,
FOOD-6243,Vegetables,Amul,Box,1000.0,552.1314406267485,150.0
FOOD-7542,Vegetables,Catch_Spices,Box,100.0,57.44081241890507,
FOOD-7936,Dairy,Catch_Spices,Bottle,1000.0,448.371864091409,50.0
FOOD-9906,Bakery,Catch_Spices,Loose_Poly,100.0,350.6196372734044,50.0
FOOD-5146,Dairy,Fortune,Loose_Poly,250.0,115.67441831893703,350.0
FOOD-1140,Dairy,Britannia,Bottle,250.0,174.34896798177573,
FOOD-5882,Dairy,Catch_Spices,Bottle,100.0,708.2731719691086,150.0
FOOD-7012,Vegetables,Catch_Spices,Packet,100.0,698.703047189187,50.0
FOOD-1963,Vegetables,Britannia,Bottle,250.0,36.33090099470316,
FOOD-8151,Vegetables,Amul,Packet,,554.6271780766393,150.0
FOOD-9564,Vegetables,Britannia,Packet,100.0,447.80797737850975,
FOOD-4610,Dairy,Catch_Spices,Loose_Poly,100.0,752.4545160863263,
FOOD-7894,Bakery,Catch_Spices,Packet,,727.3245117077084,150.0
FOOD-8311,Bakery,Catch_Spices,Packet,100.0,467.853911153366,
FOOD-1105,Vegetables,Catch_Spices,Bottle,250.0,119.77438784161787,50.0
FOOD-6539,Vegetables,Catch_Spices,Bottle,1000.0,373.2538686987471,50.0
FOOD-7787,Vegetables,Fortune,Packet,100.0,582.8798498739145,50.0
FOOD-3137,Vegetables,Fortune,Packet,100.0,761.8719417209984,150.0
FOOD-5445,Dairy,Amul,Loose_Poly,500.0,297.4252305445402,
FOOD-4530,Dairy,Britannia,Packet,,629.890466003306,
FOOD-2286,Vegetables,Britannia,Box,500.0,549.8391950925618,
FOOD-8052,Vegetables,Catch_Spices,Bottle,100.0,71.85129394238709,50.0
FOOD-4654,Vegetables,Britannia,Bottle,100.0,450.80171172616747,50.0
FOOD-8102,Vegetables,Amul,Packet,100.0,154.97197849611482,
FOOD-3359,Bakery,Amul,Box,100.0,550.003940820434,150.0
FOOD-9105,Vegetables,Britannia,Box,500.0,491.967029083105,350.0
FOOD-9636,Dairy,Britannia,Packet,100.0,778.7079923907281,150.0
FOOD-7441,Dairy,Amul,Packet,99999.0,748.9523054485995,
FOOD-6047,Bakery,Amul,Packet,250.0,17.40453854311614,50.0
FOOD-9227,Bakery,Britannia,Box,1000.0,73.22324983564269,150.0
FOOD-6203,Bakery,Amul,Bottle,100.0,617.6161060293534,50.0
FOOD-2798,Vegetables,Amul,Packet,100.0,551.6580276511007,150.0
FOOD-6291,Dairy,Amul,Packet,250.0,642.7470228283443,150.0
FOOD-6495,Bakery,Britannia,Bottle,100.0,220.78378890797566,
FOOD-7284,Vegetables,Britannia,Box,1000.0,680.9649873223565,50.0
FOOD-8285,Dairy,Amul,Bottle,250.0,359.51138287062736,
FOOD-2300,Bakery,Catch_Spices,Packet,500.0,216.90770289280897,50.0
FOOD-7869,Dairy,Amul,Packet,100.0,18.380120592064962,150.0
FOOD-4097,Vegetables,Amul,Bottle,500.0,698.3775875074791,350.0
FOOD-5616,Vegetables,Amul,Packet,250.0,432.9216408997362,350.0
FOOD-1009,Dairy,Amul,Box,500.0,780.5518461640742,
FOOD-6752,Vegetables,Amul,Bottle,100.0,574.598297758135,350.0
FOOD-7295,Bakery,Amul,Packet,1000.0,73.52954335692507,150.0
FOOD-5815,Bakery,Britannia,Bottle,5000.0,474.6710372576925,150.0
FOOD-2072,Vegetables,Britannia,Box,1000.0,23.528386460444523,350.0
FOOD-4225,Bakery,Britannia,Bottle,250.0,450.64766482821636,50.0
FOOD-2316,Dairy,Fortune,Box,250.0,286.65931384827377,
FOOD-6699,Vegetables,Amul,Bottle,100.0,518.2037094278248,
FOOD-7807,Bakery,Catch_Spices,Box,1000.0,437.8436229345539,
FOOD-7674,Bakery,Amul,Bottle,5000.0,216.46675549744583,150.0
FOOD-4683,Dairy,Britannia,Packet,,138.25698119360095,50.0
FOOD-8227,Bakery,Amul,Packet,250.0,329.72207420998217,50.0
FOOD-4273,Bakery,Catch_Spices,Loose_Poly,1000.0,789.6006887311876,
FOOD-8000,Bakery,Britannia,Loose_Poly,100.0,354.2019260339246,350.0
FOOD-1145,Dairy,Amul,Box,100.0,601.5418388796103,
FOOD-6010,Bakery,Britannia,Box,5000.0,55.009085228242874,50.0
FOOD-4040,Snacks,Amul,Packet,1000.0,309.30395388974887,50.0
FOOD-1482,Bakery,Fortune,Bottle,1000.0,468.455199387213,
FOOD-4179,Vegetables,Britannia,Loose_Poly,100.0,603.4452455295009,150.0
FOOD-2249,Dairy,Amul,Box,100.0,427.4230892804774,50.0
FOOD-1630,Dairy,Amul,Packet,500.0,417.0834811826172,50.0
FOOD-9853,Vegetables,Amul,Packet,250.0,613.4864609517635,150.0
FOOD-3852,Snacks,Britannia,Bottle,100.0,257.4972966819312,
FOOD-1987,Vegetables,Amul,Bottle,1000.0,81.58231148840011,150.0
FOOD-8622,Vegetables,Britannia,Packet,1000.0,284.2488721037505,150.0
FOOD-8327,Snacks,Catch_Spices,Bottle,100.0,135.60702600505337,150.0
FOOD-9841,Dairy,Amul,Packet,100.0,773.0959212654124,50.0
FOOD-2100,Vegetables,Catch_Spices,Box,100.0,466.2341225065864,
FOOD-7652,Dairy,Britannia,Box,250.0,362.8143407488187,50.0
FOOD-9632,Dairy,Amul,Box,100.0,730.5209837436881,50.0
FOOD-8421,Vegetables,Britannia,Box,250.0,721.2854960200116,
FOOD-6016,Snacks,Fortune,Bottle,250.0,338.4008504686256,50.0
FOOD-1769,Dairy,Britannia,Box,1000.0,701.0346161773501,50.0
FOOD-2343,Dairy,Amul,Bottle,100.0,60.58048718297972,
FOOD-5358,Dairy,Amul,Loose_Poly,250.0,709.718124812712,350.0
FOOD-7780,Dairy,Fortune,Packet,500.0,255.36098755879104,150.0
FOOD-7602,Vegetables,Britannia,Loose_Poly,250.0,456.4466046290908,
FOOD-3349,Vegetables,Britannia,Packet,5000.0,223.05398078518888,150.0
FOOD-6699,Dairy,Amul,Packet,500.0,787.9916501637781,350.0
FOOD-2241,Bakery,Fortune,Bottle,1000.0,66.70618683566137,50.0
FOOD-2125,Vegetables,Catch_Spices,Bottle,100.0,363.0946765567144,
FOOD-7764,Dairy,Amul,Packet,250.0,500.5806423185134,50.0
FOOD-6101,Bakery,Amul,Bottle,250.0,496.33367934645946,150.0
FOOD-8843,Vegetables,Catch_Spices,Box,-200.0,0.0,
FOOD-1072,Vegetables,Fortune,Packet,100.0,582.288107794414,150.0
FOOD-6472,Vegetables,Britannia,Bottle,100.0,636.5827371082397,150.0
FOOD-6189,Dairy,Catch_Spices,Packet,500.0,195.08705349685638,150.0
FOOD-3472,Vegetables,Britannia,Bottle,100.0,302.70012978749673,50.0
FOOD-1707,Dairy,Amul,Bottle,500.0,311.80616162441544,50.0
FOOD-2804,Dairy,Fortune,Packet,5000.0,765.1133321190122,
FOOD-7704,Dairy,Britannia,Loose_Poly,1000.0,333.3563670973145,50.0
FOOD-4713,Vegetables,Catch_Spices,Bottle,100.0,185.27667645669476,150.0
FOOD-6051,Dairy,Amul,Box,100.0,509.55209684948306,150.0
FOOD-3475,Bakery,Britannia,Box,250.0,347.54086271193034,150.0
FOOD-4610,Snacks,Fortune,Box,250.0,207.56324986144114,
FOOD-5255,Bakery,Amul,Packet,500.0,574.9570248219788,
FOOD-8397,Dairy,Amul,Packet,500.0,161.62097645170547,150.0
FOOD-2735,Dairy,Catch_Spices,Bottle,500.0,510.34969212088527,350.0
FOOD-9258,Vegetables,Britannia,Box,100.0,350.1192606922909,
FOOD-8979,Vegetables,Britannia,Packet,500.0,262.142059821231,150.0
FOOD-3428,Vegetables,Catch_Spices,Loose_Poly,100.0,757.325991314968,50.0
FOOD-8426,Bakery,Amul,Packet,,266.2819311736761,50.0
FOOD-9533,Vegetables,Catch_Spices,Packet,500.0,284.5308255784749,150.0
FOOD-6249,Vegetables,Fortune,Packet,250.0,697.8043076652051,150.0
FOOD-6291,Snacks,Britannia,Bottle,500.0,111.94425667163965,50.0
FOOD-3817,Vegetables,Britannia,Loose_Poly,250.0,95.37431222038823,150.0
FOOD-4874,Vegetables,Catch_Spices,Packet,,233.33914942675696,150.0
FOOD-5211,Vegetables,Amul,Bottle,250.0,477.3923793868232,50.0
FOOD-1661,Dairy,Amul,Packet,500.0,313.597126487009,150.0
FOOD-4374,Dairy,Amul,Bottle,100.0,490.7580398601833,
FOOD-1207,Dairy,Amul,Packet,500.0,136.2029985251034,
FOOD-3665,Dairy,Britannia,Bottle,500.0,216.54617052620415,50.0
FOOD-3493,Bakery,Catch_Spices,Bottle,250.0,456.47824371185254,50.0
FOOD-7813,Bakery,Catch_Spices,Bottle,1000.0,181.54786978439856,
FOOD-1632,Snacks,Amul,Packet,1000.0,344.01565808745147,50.0
FOOD-4083,Bakery,Britannia,Packet,1000.0,462.3918228234348,150.0
FOOD-4719,Dairy,Britannia,Bottle,500.0,779.1842128019224,50.0
FOOD-8123,Vegetables,Amul,Box,250.0,73.11045972329862,50.0
FOOD-2679,Vegetables,Fortune,Loose_Poly,250.0,373.7270430710149,150.0
FOOD-1236,Vegetables,Catch_Spices,Box,500.0,323.0540589862834,
FOOD-8446,Bakery,Catch_Spices,Loose_Poly,100.0,661.1505870664306,50.0
FOOD-5443,Bakery,Amul,Bottle,500.0,721.2347240324631,
FOOD-7770,Dairy,Britannia,Packet,250.0,726.5404031397783,50.0
FOOD-7099,Vegetables,Amul,Packet,100.0,306.36005730285905,50.0
FOOD-9555,Dairy,Amul,Bottle,250.0,250.6775660474308,
FOOD-3368,Snacks,Britannia,Bottle,100.0,364.8184278595169,
FOOD-1285,Dairy,Catch_Spices,Box,,281.7491817177244,
FOOD-1148,Bakery,Catch_Spices,Packet,1000.0,577.8922746488729,50.0
FOOD-5037,Bakery,Catch_Spices,Bottle,250.0,178.7211284173702,
FOOD-7549,Snacks,Catch_Spices,Bottle,250.0,530.3604264183662,50.0
FOOD-8121,Bakery,Amul,Bottle,100.0,742.3201511525557,150.0
FOOD-5895,Bakery,Britannia,Packet,250.0,231.13172005992683,
FOOD-6280,Vegetables,Amul,Box,100.0,544.7435871051712,50.0
FOOD-2012,Vegetables,Amul,Packet,500.0,123.41328603032888,350.0
FOOD-3785,Dairy,Britannia,Loose_Poly,1000.0,105.8933142568347,150.0
FOOD-4725,Vegetables,Fortune,Loose_Poly,1000.0,101.35913767124414,50.0
FOOD-5576,Snacks,Britannia,Packet,100.0,119.43725417782562,50.0
FOOD-6782,Vegetables,Amul,Packet,250.0,180.77024754445915,150.0
FOOD-7257,Bakery,Amul,Box,1000.0,454.6360915254175,350.0
FOOD-3408,Dairy,Amul,Bottle,100.0,615.9186624062745,50.0
FOOD-1340,Vegetables,Amul,Packet,100.0,110.21704873162346,50.0
FOOD-3817,Snacks,Amul,Loose_Poly,1000.0,697.3118030666725,150.0
FOOD-3496,Dairy,Britannia,Bottle,500.0,675.7458646998786,
FOOD-6962,Dairy,Fortune,Packet,250.0,584.6365409372843,150.0
FOOD-6299,Vegetables,Britannia,Bottle,100.0,346.5129815745637,50.0
FOOD-8574,Bakery,Britannia,Packet,250.0,11.230215512165408,350.0
FOOD-2689,Vegetables,Amul,Packet,250.0,590.4643036272345,350.0
FOOD-4267,Dairy,Catch_Spices,Bottle,250.0,704.3990542943872,
FOOD-5406,Dairy,Amul,Packet,250.0,274.87623717577094,50.0
FOOD-9453,Bakery,Fortune,Bottle,250.0,577.2101733646838,50.0
FOOD-2442,Bakery,Catch_Spices,Loose_Poly,500.0,59.017615345412544,
FOOD-9597,Dairy,Catch_Spices,Box,500.0,570.5009484625978,50.0
FOOD-5437,Vegetables,Amul,Packet,500.0,63.96373147062551,50.0
FOOD-6435,Bakery,Britannia,Packet,100.0,473.87720535205887,50.0
FOOD-9435,Vegetables,Amul,Bottle,250.0,482.06709585728197,150.0
FOOD-5107,Dairy,Amul,Bottle,100.0,248.7036779948174,
FOOD-1560,Dairy,Amul,Box,250.0,72.50695439061789,150.0
FOOD-9785,Bakery,Catch_Spices,Bottle,5000.0,759.9744720228254,350.0
FOOD-6548,Dairy,Catch_Spices,Packet,500.0,433.1061491731244,50.0
FOOD-2826,Dairy,Amul,Bottle,100.0,468.0089188478515,
FOOD-8629,Bakery,Britannia,Box,100.0,495.8665023340742,
FOOD-9325,Dairy,Catch_Spices,Loose_Poly,100.0,713.9278622716625,50.0
FOOD-4138,Vegetables,Britannia,Packet,100.0,57.60195919193849,150.0
FOOD-8693,Dairy,Amul,Bottle,250.0,715.697336603501,50.0
FOOD-9264,Bakery,Britannia,Packet,250.0,199.34444180290654,150.0
FOOD-8842,Snacks,Fortune,Bottle,100.0,71.58069718111449,150.0
FOOD-7721,Dairy,Britannia,Packet,100.0,529.2400231837518,50.0
FOOD-8002,Dairy,Fortune,Loose_Poly,500.0,781.81075896278,50.0
FOOD-5225,Vegetables,Britannia,Bottle,250.0,55.22123238221076,50.0
FOOD-3978,Bakery,Amul,Box,1000.0,346.6362362495191,150.0
FOOD-8373,Bakery,Amul,Loose_Poly,100.0,428.52977502159075,
FOOD-6907,Vegetables,Amul,Packet,1000.0,209.1739816417572,350.0
FOOD-7097,Vegetables,Britannia,Bottle,250.0,786.4689978308447,150.0
FOOD-6656,Bakery,Amul,Box,100.0,516.3609395370237,50.0
FOOD-9984,Vegetables,Fortune,Bottle,100.0,677.037031548902,50.0
FOOD-5259,Vegetables,Britannia,Bottle,250.0,338.46436875765374,50.0
FOOD-9286,Vegetables,Fortune,Bottle,250.0,289.625150844406,50.0
FOOD-6901,Vegetables,Catch_Spices,Bottle,100.0,446.99473695606287,50.0
FOOD-5917,Dairy,Fortune,Packet,1000.0,353.8699696750454,
FOOD-9429,Bakery,Catch_Spices,Bottle,100.0,574.8089635580676,
FOOD-3530,Vegetables,Britannia,Packet,250.0,219.99629126731782,
FOOD-2960,Vegetables,Amul,Packet,250.0,365.1769145629957,50.0
FOOD-8045,Vegetables,Catch_Spices,Packet,250.0,717.1548703623072,50.0
FOOD-2048,Dairy,Catch_Spices,Packet,1000.0,607.3252412712302,150.0
FOOD-6772,Vegetables,Catch_Spices,Bottle,-200.0,0.0,50.0
FOOD-3529,Dairy,Britannia,Packet,,710.623215219362,
FOOD-3964,Bakery,Britannia,Packet,250.0,475.32310645169855,
FOOD-8137,Vegetables,Amul,Box,1000.0,546.6368747852617,
FOOD-1963,Vegetables,Fortune,Box,250.0,242.46268702092019,
FOOD-1536,Vegetables,Amul,Box,500.0,358.8199682721694,150.0
FOOD-8340,Dairy,Amul,Loose_Poly,99999.0,647.3818583359382,150.0
FOOD-8179,Bakery,Britannia,Packet,500.0,271.23421282291383,700.0
FOOD-8967,Vegetables,Britannia,Packet,100.0,140.39867625305268,
FOOD-9734,Snacks,Amul,Packet,1000.0,308.86088125694965,150.0
FOOD-1845,Vegetables,Fortune,Loose_Poly,5000.0,64.6827472534166,150.0
FOOD-6777,Bakery,Catch_Spices,Box,500.0,577.1066022030965,150.0
FOOD-4036,Dairy,Britannia,Packet,250.0,126.71926793161626,50.0
FOOD-6947,Bakery,Britannia,Packet,1000.0,235.24946657806734,50.0
FOOD-3494,Dairy,Catch_Spices,Bottle,5000.0,706.0539943875748,150.0
FOOD-3719,Dairy,Amul,Packet,1000.0,436.99314978584914,150.0
FOOD-2884,Bakery,Fortune,Bottle,250.0,263.8573680712158,150.0
FOOD-5349,Bakery,Amul,Loose_Poly,500.0,442.65684311175977,
FOOD-6179,Dairy,Amul,Bottle,500.0,182.43935110919261,
FOOD-7610,Vegetables,Britannia,Loose_Poly,100.0,29.886772467432014,350.0
FOOD-7430,Vegetables,Fortune,Packet,250.0,486.94865838140436,50.0
FOOD-8154,Bakery,Amul,Bottle,500.0,574.1594868999362,150.0
FOOD-7488,Dairy,Amul,Box,1000.0,705.0275947023238,50.0
FOOD-5737,Dairy,Britannia,Bottle,1000.0,619.7878552411316,150.0
FOOD-7525,Bakery,Britannia,Bottle,100.0,742.0753833914569,
FOOD-4850,Bakery,Britannia,Box,250.0,788.9032456788675,
FOOD-1689,Dairy,Amul,Box,250.0,598.4990037191806,50.0
FOOD-6175,Bakery,Britannia,Packet,1000.0,695.659407655964,50.0
FOOD-9648,Bakery,Amul,Packet,,542.247887550266,50.0
FOOD-6078,Dairy,Amul,Packet,500.0,145.0408550545326,150.0
FOOD-6448,Vegetables,Britannia,Loose_Poly,500.0,153.54491679460511,50.0
FOOD-2179,Bakery,Britannia,Loose_Poly,1000.0,97.10497048905788,350.0
FOOD-7406,Dairy,Amul,Packet,250.0,754.9500287948836,
FOOD-9591,Snacks,Amul,Packet,500.0,541.4738412931104,
FOOD-7907,Vegetables,Britannia,Loose_Poly,5000.0,634.0287028677644,350.0
FOOD-9800,Vegetables,Amul,Packet,500.0,271.61429609124775,150.0
FOOD-2638,Snacks,Amul,Packet,100.0,373.7331509606387,150.0
FOOD-6671,Dairy,Britannia,Packet,100.0,41.425830150987316,
FOOD-7928,Dairy,Amul,Packet,1000.0,712.315846343727,350.0
FOOD-2382,Bakery,Amul,Bottle,250.0,683.8727092351704,150.0
FOOD-2403,Bakery,Catch_Spices,Bottle,500.0,630.0009545427924,150.0
FOOD-4292,Dairy,Fortune,Bottle,500.0,56.05863346814129,350.0
FOOD-1419,Vegetables,Britannia,Loose_Poly,99999.0,147.65729110617264,50.0
FOOD-5517,Bakery,Britannia,Packet,250.0,273.99481962602454,50.0
FOOD-4302,Bakery,Fortune,Packet,500.0,217.81951351992066,50.0
FOOD-8857,Vegetables,Catch_Spices,Box,,672.3832724395443,150.0
FOOD-8870,Bakery,Britannia,Box,250.0,163.92024897848975,150.0
FOOD-6693,Bakery,Amul,Packet,100.0,430.37832761778986,150.0
FOOD-1767,Dairy,Britannia,Packet,1000.0,461.39106727725664,
FOOD-3044,Bakery,Britannia,Packet,1000.0,345.75935925840446,150.0
FOOD-2549,Dairy,Britannia,Bottle,100.0,200.14346606706277,150.0
FOOD-7140,Vegetables,Britannia,Packet,250.0,768.6324897960939,
FOOD-4716,Bakery,Catch_Spices,Bottle,500.0,336.58540139252773,50.0
FOOD-5481,Bakery,Britannia,Packet,500.0,584.5748964739653,700.0
FOOD-8898,Bakery,Amul,Box,500.0,155.3967252484208,50.0
FOOD-7548,Dairy,Amul,Packet,99999.0,660.0208231436203,
FOOD-3293,Vegetables,Britannia,Bottle,1000.0,180.55454035459672,
FOOD-5837,Vegetables,Amul,Packet,250.0,543.4922326226907,
FOOD-8758,Dairy,Amul,Packet,250.0,410.1318411632922,
FOOD-7793,Vegetables,Amul,Bottle,250.0,125.7801413753269,150.0
FOOD-8638,Dairy,Amul,Box,1000.0,29.709864963301044,
FOOD-8993,Dairy,Catch_Spices,Box,250.0,745.2911296516265,150.0
FOOD-7007,Bakery,Amul,Box,500.0,109.2955057159865,
FOOD-6542,Vegetables,Amul,Packet,,566.9116286626627,350.0
FOOD-7356,Dairy,Amul,Bottle,1000.0,525.6211175681174,50.0
FOOD-9433,Dairy,Britannia,Packet,500.0,279.95883353433595,150.0
FOOD-8380,Vegetables,Amul,Packet,250.0,156.45249064823554,
FOOD-3385,Vegetables,Britannia,Box,250.0,150.8793170697777,50.0
FOOD-5268,Vegetables,Amul,Box,100.0,472.40900390968886,
FOOD-1671,Bakery,Britannia,Box,1000.0,442.06782275299594,50.0
FOOD-1163,Vegetables,Fortune,Box,500.0,701.9886660766833,50.0
FOOD-9656,Bakery,Amul,Loose_Poly,500.0,515.6024319454297,150.0
FOOD-5592,Snacks,Britannia,Packet,100.0,657.2272311036145,
FOOD-5795,Bakery,Britannia,Loose_Poly,100.0,35.60631933756093,50.0
FOOD-5798,Vegetables,Fortune,Bottle,250.0,540.0845861525902,
FOOD-7036,Snacks,Britannia,Box,100.0,194.62982435940057,50.0
FOOD-3355,Vegetables,Britannia,Bottle,250.0,209.74277837291103,
FOOD-6887,Dairy,Fortune,Bottle,100.0,579.2554579805794,
FOOD-8961,Bakery,Britannia,Box,250.0,636.8120374717033,150.0
FOOD-6827,Dairy,Amul,Packet,500.0,303.6710253594566,
FOOD-9737,Dairy,Amul,Loose_Poly,1000.0,634.1606853259619,150.0
FOOD-5719,Vegetables,Fortune,Packet,250.0,360.55829352836093,
FOOD-1593,Dairy,Catch_Spices,Packet,500.0,687.5398252126008,50.0
FOOD-5839,Dairy,Catch_Spices,Packet,100.0,29.67398002108818,700.0
FOOD-8394,Vegetables,Catch_Spices,Packet,250.0,75.96110594373201,
FOOD-4493,Snacks,Fortune,Packet,1000.0,623.3179277414685,50.0
FOOD-7164,Snacks,Britannia,Packet,,503.0308059859625,150.0
FOOD-3672,Bakery,Fortune,Bottle,100.0,451.6260003720595,150.0
FOOD-5200,Dairy,Britannia,Bottle,100.0,495.04325779747296,50.0
FOOD-1016,Bakery,Britannia,Packet,250.0,744.8505956634991,50.0
FOOD-4191,Snacks,Amul,Packet,500.0,527.8742548360723,50.0
FOOD-1392,Bakery,Amul,Loose_Poly,100.0,521.5061321612704,150.0
FOOD-9616,Dairy,Fortune,Packet,100.0,609.98199496792,150.0
FOOD-7272,Vegetables,Britannia,Packet,1000.0,694.6303574554631,150.0
FOOD-1571,Vegetables,Amul,Packet,250.0,216.91085780830042,350.0
FOOD-4631,Dairy,Amul,Packet,250.0,497.2315987943102,50.0
FOOD-7172,Dairy,Catch_Spices,Bottle,1000.0,471.34022120645545,50.0
FOOD-8177,Bakery,Britannia,Packet,250.0,116.5310903836906,350.0
FOOD-9433,Vegetables,Britannia,Bottle,1000.0,421.05040938946246,
FOOD-4897,Vegetables,Britannia,Packet,5000.0,64.94490664496763,
FOOD-9123,Dairy,Britannia,Bottle,100.0,156.11807404784832,
FOOD-3279,Dairy,Amul,Box,250.0,731.2408347153626,700.0
FOOD-9980,Vegetables,Britannia,Packet,250.0,104.20211341845135,150.0
FOOD-8451,Bakery,Fortune,Packet,1000.0,467.34387687896765,50.0
FOOD-9906,Dairy,Amul,Packet,250.0,265.54974983452814,
FOOD-1775,Bakery,Amul,Bottle,500.0,448.6974996740239,
FOOD-7869,Dairy,Amul,Packet,5000.0,195.62909853739845,
FOOD-3247,Vegetables,Britannia,Bottle,1000.0,361.0597691953515,350.0
FOOD-8088,Dairy,Amul,Packet,1000.0,695.1934121871259,150.0
FOOD-1078,Bakery,Britannia,Packet,500.0,307.2114124772915,350.0
FOOD-9080,Vegetables,Britannia,Packet,1000.0,288.8944410207392,50.0
FOOD-8099,Bakery,Fortune,Packet,100.0,362.43328262303555,150.0
FOOD-4926,Dairy,Britannia,Packet,500.0,89.38934695300905,50.0
FOOD-8340,Bakery,Amul,Packet,500.0,316.00414942456337,150.0
FOOD-8083,Bakery,Britannia,Bottle,250.0,15.451197996250801,700.0
FOOD-7230,Vegetables,Britannia,Packet,100.0,407.68374466767193,350.0
FOOD-5940,Bakery,Amul,Box,500.0,679.8734525296292,50.0
FOOD-4271,Vegetables,Britannia,Box,100.0,446.1377521186292,
FOOD-4456,Bakery,Catch_Spices,Bottle,250.0,490.10289078275537,150.0
FOOD-8788,Dairy,Amul,Loose_Poly,250.0,34.14506329521544,
FOOD-9599,Dairy,Britannia,Packet,99999.0,689.0168342916994,
FOOD-8650,Bakery,Fortune,Packet,100.0,314.15280671220427,
FOOD-3711,Bakery,Britannia,Bottle,1000.0,780.1336176792983,50.0
FOOD-2668,Vegetables,Fortune,Bottle,100.0,105.1676419289054,50.0
FOOD-1147,Bakery,Amul,Bottle,250.0,756.2907889803378,50.0
FOOD-7420,Dairy,Amul,Packet,250.0,511.0898160056952,50.0
FOOD-1365,Dairy,Britannia,Bottle,500.0,51.34883722956935,
FOOD-5531,Bakery,Fortune,Loose_Poly,1000.0,777.6422714910177,150.0
FOOD-6330,Dairy,Catch_Spices,Packet,500.0,20.959723834758655,150.0
FOOD-6510,Vegetables,Amul,Loose_Poly,500.0,587.2531332658831,
FOOD-9754,Bakery,Britannia,Packet,250.0,712.7286592265948,150.0
FOOD-9964,Vegetables,Amul,Packet,500.0,148.89112784182433,150.0
FOOD-7493,Bakery,Amul,Packet,250.0,281.2521806512687,50.0
FOOD-6439,Vegetables,Britannia,Bottle,100.0,453.3711790256996,50.0
FOOD-7511,Vegetables,Amul,Bottle,1000.0,547.0493358175208,50.0
FOOD-8504,Vegetables,Amul,Bottle,1000.0,698.7819355577294,
FOOD-2246,Dairy,Amul,Bottle,250.0,611.2456719938617,150.0
FOOD-4839,Bakery,Amul,Packet,1000.0,297.0316036169608,50.0
FOOD-9551,Vegetables,Catch_Spices,Packet,500.0,659.158651311468,
FOOD-3376,Vegetables,Fortune,Packet,250.0,773.2006096587405,150.0
FOOD-4009,Snacks,Amul,Loose_Poly,250.0,189.31908318089248,150.0
FOOD-2827,Vegetables,Catch_Spices,Packet,5000.0,68.53551882899922,
FOOD-7979,Bakery,Britannia,Box,500.0,347.0295882340978,150.0
FOOD-9569,Vegetables,Catch_Spices,Packet,250.0,706.3037121264653,50.0
FOOD-5285,Bakery,Amul,Packet,500.0,128.73028885456384,
FOOD-7910,Vegetables,Britannia,Packet,250.0,709.7805684267879,150.0
FOOD-9561,Bakery,Catch_Spices,Packet,250.0,793.8482887515717,50.0
FOOD-3196,Bakery,Amul,Loose_Poly,500.0,52.66176239769353,
FOOD-4747,Dairy,Catch_Spices,Bottle,250.0,401.2525353458323,150.0
FOOD-9843,Vegetables,Fortune,Loose_Poly,500.0,269.81954082346766,150.0
FOOD-6978,Bakery,Catch_Spices,Box,1000.0,321.00708539573566,150.0
FOOD-6607,Dairy,Amul,Bottle,99999.0,366.7914543535838,50.0
FOOD-1769,Vegetables,Amul,Bottle,500.0,594.3661255964399,150.0
FOOD-1780,Vegetables,Amul,Bottle,1000.0,477.1267655052293,150.0
FOOD-7303,Bakery,Catch_Spices,Bottle,1000.0,769.3488596912564,700.0
FOOD-4983,Vegetables,Amul,Packet,100.0,272.8840333992319,350.0
FOOD-9714,Dairy,Britannia,Bottle,1000.0,437.78822516136677,50.0
FOOD-1521,Dairy,Britannia,Bottle,100.0,652.5295394376207,
FOOD-8569,Bakery,Amul,Packet,250.0,304.69244942500734,50.0
FOOD-6784,Snacks,Amul,Bottle,500.0,377.5863684826186,50.0
FOOD-5583,Snacks,Britannia,Box,250.0,551.1298966213292,150.0
FOOD-6946,Vegetables,Fortune,Bottle,250.0,689.987932697402,150.0
FOOD-5941,Bakery,Amul,Bottle,500.0,338.3883616348247,150.0
FOOD-7267,Vegetables,Catch_Spices,Packet,100.0,430.24087299592463,50.0
FOOD-8128,Dairy,Britannia,Box,-200.0,0.0,
FOOD-3461,Dairy,Britannia,Packet,250.0,43.550637938133164,
FOOD-1685,Vegetables,Britannia,Loose_Poly,1000.0,364.1006861610402,150.0
FOOD-3160,Snacks,Amul,Loose_Poly,250.0,512.4256623920684,150.0
FOOD-8031,Vegetables,Britannia,Loose_Poly,500.0,16.65769147407887,150.0
FOOD-6341,Bakery,Fortune,Packet,250.0,481.4613362374675,50.0
FOOD-1038,Bakery,Amul,Packet,500.0,54.39796418377709,350.0
FOOD-5875,Bakery,Britannia,Loose_Poly,100.0,687.4711333520648,
FOOD-2256,Vegetables,Amul,Box,250.0,647.5980154517671,50.0
FOOD-8697,Dairy,Fortune,Loose_Poly,100.0,35.48155807089105,
FOOD-3196,Bakery,Britannia,Bottle,250.0,48.55517940032711,
FOOD-8165,Vegetables,Britannia,Bottle,5000.0,605.3550059336659,350.0
FOOD-1301,Dairy,Amul,Packet,,301.94046513686516,150.0
FOOD-8527,Vegetables,Catch_Spices,Box,500.0,464.27037247127663,
FOOD-7381,Dairy,Amul,Box,500.0,223.5593331146533,50.0
FOOD-1646,Bakery,Britannia,Packet,100.0,146.64541212223878,
FOOD-9789,Dairy,Britannia,Packet,100.0,243.9009228625736,
FOOD-9853,Dairy,Fortune,Bottle,100.0,204.9038231769506,150.0
FOOD-5330,Dairy,Amul,Bottle,100.0,364.16287620907417,50.0
FOOD-8003,Dairy,Fortune,Packet,100.0,599.8741705772721,50.0
FOOD-4537,Vegetables,Amul,Packet,250.0,447.76223226229575,
FOOD-5558,Vegetables,Britannia,Packet,250.0,491.2508632723776,50.0
FOOD-7579,Dairy,Britannia,Packet,1000.0,381.3620912018866,50.0
FOOD-9474,Dairy,Fortune,Loose_Poly,1000.0,266.53957576022486,150.0
FOOD-5082,Dairy,Britannia,Box,500.0,123.37197203478546,700.0
FOOD-5183,Vegetables,Catch_Spices,Box,250.0,290.10671270006077,
FOOD-9652,Dairy,Amul,Box,250.0,535.5069068089534,50.0
FOOD-4754,Vegetables,Catch_Spices,Packet,250.0,589.6841641098181,50.0
FOOD-2724,Snacks,Amul,Box,250.0,380.6534196874887,
FOOD-2376,Dairy,Britannia,Loose_Poly,250.0,519.5478469206062,
FOOD-9706,Vegetables,Britannia,Bottle,1000.0,176.32745468855927,350.0
FOOD-9894,Vegetables,Britannia,Bottle,100.0,689.4523933719255,150.0
FOOD-2653,Snacks,Amul,Box,250.0,694.0897960343755,
FOOD-3066,Vegetables,Britannia,Loose_Poly,500.0,263.05906254529503,50.0
FOOD-1022,Bakery,Amul,Packet,1000.0,442.69266904299246,50.0
FOOD-3460,Vegetables,Amul,Packet,100.0,489.2630024480232,
FOOD-6926,Snacks,Amul,Loose_Poly,100.0,383.2197306398656,150.0
FOOD-7251,Bakery,Britannia,Loose_Poly,1000.0,729.8023013106518,50.0
FOOD-8295,Dairy,Amul,Bottle,100.0,594.3763879666138,50.0
FOOD-4300,Vegetables,Amul,Packet,500.0,541.2832891608988,150.0
FOOD-7279,Vegetables,Amul,Packet,1000.0,420.8736450132087,150.0
FOOD-9553,Dairy,Amul,Bottle,1000.0,77.02939065160645,50.0
FOOD-8353,Dairy,Fortune,Loose_Poly,,95.1788883198763,50.0
FOOD-4727,Vegetables,Catch_Spices,Packet,250.0,246.21700117277518,
FOOD-7272,Vegetables,Amul,Bottle,100.0,177.1025920114416,50.0
FOOD-6995,Dairy,Britannia,Loose_Poly,250.0,762.4994678073155,50.0
FOOD-1514,Dairy,Britannia,Packet,500.0,333.7518897348683,150.0
FOOD-1448,Vegetables,Britannia,Box,99999.0,702.5182965404141,150.0
FOOD-7019,Vegetables,Britannia,Packet,250.0,656.2829500963229,150.0
FOOD-6343,Snacks,Amul,Box,250.0,651.930515462305,50.0
FOOD-9033,Dairy,Britannia,Loose_Poly,250.0,180.40894486601272,150.0
FOOD-3520,Bakery,Amul,Packet,100.0,363.3842322706442,150.0
FOOD-4081,Dairy,Amul,Box,250.0,261.18207340124025,
FOOD-2428,Vegetables,Britannia,Loose_Poly,100.0,776.6246930327466,50.0
FOOD-4967,Vegetables,Britannia,Loose_Poly,1000.0,702.6279980235794,
FOOD-7445,Vegetables,Amul,Bottle,250.0,207.4396921687435,50.0
FOOD-3159,Bakery,Britannia,Bottle,100.0,257.6810850400276,150.0
FOOD-6132,Bakery,Fortune,Packet,250.0,427.8382976864813,
FOOD-3547,Vegetables,Fortune,Packet,100.0,230.0985702537923,150.0
FOOD-3979,Snacks,Britannia,Bottle,100.0,661.3786736036599,50.0
FOOD-3649,Vegetables,Britannia,Packet,1000.0,657.1927095448009,350.0
FOOD-9505,Snacks,Britannia,Box,1000.0,582.2289458851196,150.0
FOOD-4083,Snacks,Amul,Bottle,100.0,554.5550617572741,350.0
FOOD-2037,Vegetables,Amul,Box,500.0,442.36819092100376,
FOOD-4489,Vegetables,Amul,Box,250.0,284.2186831155706,350.0
FOOD-8604,Dairy,Britannia,Packet,250.0,671.1813776908615,50.0
FOOD-8544,Bakery,Britannia,Bottle,500.0,688.4774152889001,150.0
FOOD-3634,Dairy,Catch_Spices,Box,100.0,49.11248040269225,
FOOD-4983,Snacks,Fortune,Packet,,324.9093370000226,150.0
FOOD-2778,Bakery,Amul,Packet,100.0,31.03578855567736,350.0
FOOD-8902,Vegetables,Amul,Box,100.0,673.1871418127114,150.0
FOOD-6110,Vegetables,Amul,Packet,,149.90366475241305,150.0
FOOD-6189,Bakery,Fortune,Box,250.0,542.3547442050609,50.0
FOOD-8378,Vegetables,Fortune,Loose_Poly,250.0,292.3268959785523,50.0
FOOD-2124,Bakery,Catch_Spices,Bottle,500.0,654.6917080534104,50.0
FOOD-1697,Vegetables,Britannia,Box,250.0,412.65265120047394,50.0
FOOD-3179,Vegetables,Fortune,Packet,100.0,266.27752031672986,150.0
FOOD-6251,Vegetables,Britannia,Box,100.0,265.857827128085,150.0
FOOD-2929,Bakery,Catch_Spices,Box,1000.0,268.2725215130465,350.0
FOOD-2013,Vegetables,Fortune,Packet,100.0,632.9775813662494,50.0
FOOD-1226,Bakery,Britannia,Bottle,1000.0,571.781323073072,50.0
FOOD-8321,Dairy,Britannia,Bottle,250.0,262.17914480376106,50.0
FOOD-2828,Bakery,Fortune,Packet,1000.0,397.26439026544637,150.0
FOOD-8909,Dairy,Britannia,Loose_Poly,250.0,70.16117456816704,
FOOD-6588,Vegetables,Amul,Bottle,100.0,663.7252120039443,150.0
FOOD-3023,Bakery,Amul,Bottle,250.0,220.1042994605593,50.0
FOOD-5966,Vegetables,Britannia,Packet,250.0,712.4878620525704,50.0
FOOD-6891,Dairy,Britannia,Bottle,500.0,481.4693874802116,150.0
FOOD-2080,Vegetables,Amul,Box,250.0,458.5779281506735,700.0
FOOD-6036,Bakery,Amul,Bottle,,138.54780642823505,150.0
FOOD-3563,Snacks,Amul,Box,500.0,64.93293407611299,
FOOD-4292,Dairy,Britannia,Box,1000.0,446.56709897564315,50.0
FOOD-4586,Dairy,Amul,Packet,5000.0,379.711407371627,
FOOD-5431,Bakery,Amul,Bottle,250.0,104.54959652603748,350.0
FOOD-7841,Vegetables,Amul,Packet,,670.1143007893675,50.0
FOOD-7643,Snacks,Amul,Packet,100.0,339.61969414881486,350.0
FOOD-4959,Vegetables,Fortune,Packet,1000.0,215.76166230880068,350.0
FOOD-1161,Snacks,Amul,Loose_Poly,1000.0,632.7349535856468,150.0
FOOD-1593,Bakery,Fortune,Loose_Poly,1000.0,731.3206838537802,
FOOD-4390,Bakery,Britannia,Packet,250.0,251.71053551934173,
FOOD-6997,Bakery,Catch_Spices,Packet,1000.0,623.0004094673013,150.0
FOOD-7354,Dairy,Amul,Packet,1000.0,525.4905290367257,150.0
FOOD-1663,Dairy,Amul,Box,250.0,791.8849491657325,350.0
FOOD-1541,Vegetables,Amul,Bottle,500.0,171.15423885486976,
FOOD-6433,Dairy,Amul,Bottle,100.0,768.936405660099,150.0
FOOD-6093,Dairy,Britannia,Bottle,500.0,259.06492480081283,50.0
FOOD-1867,Bakery,Amul,Box,5000.0,335.4438954760681,50.0
FOOD-9623,Dairy,Amul,Packet,100.0,293.4723931749725,150.0
FOOD-6469,Vegetables,Catch_Spices,Packet,500.0,222.07605069981693,50.0
FOOD-7256,Vegetables,Britannia,Packet,250.0,557.645839329932,50.0
FOOD-2169,Bakery,Amul,Bottle,1000.0,475.4248033734172,50.0
FOOD-1830,Vegetables,Amul,Loose_Poly,500.0,251.4966370967562,50.0
FOOD-2651,Vegetables,Amul,Packet,1000.0,114.44784064943826,50.0
FOOD-2136,Bakery,Catch_Spices,Packet,500.0,260.72675380923334,50.0
FOOD-3810,Dairy,Fortune,Loose_Poly,250.0,311.17273623024136,50.0
FOOD-9667,Dairy,Fortune,Packet,,310.71622006564536,350.0
FOOD-2019,Vegetables,Catch_Spices,Packet,500.0,292.23503167244644,150.0
FOOD-6237,Bakery,Britannia,Box,250.0,48.49077991627815,150.0
FOOD-2283,Vegetables,Amul,Box,500.0,376.5861552421984,
FOOD-1659,Bakery,Britannia,Bottle,100.0,670.6043968237925,
FOOD-3010,Vegetables,Fortune,Box,1000.0,152.48937056822962,150.0
FOOD-9590,Bakery,Catch_Spices,Box,250.0,125.06930130768767,
FOOD-2733,Dairy,Britannia,Packet,1000.0,382.76233364340084,50.0
FOOD-3125,Dairy,Britannia,Bottle,500.0,302.77637959850904,
FOOD-3171,Dairy,Catch_Spices,Bottle,100.0,453.4117061637052,50.0
FOOD-9266,Dairy,Amul,Loose_Poly,250.0,758.1887046337615,150.0
FOOD-4471,Vegetables,Catch_Spices,Loose_Poly,1000.0,611.1001377629157,150.0
FOOD-6624,Bakery,Amul,Packet,500.0,552.7759410132253,700.0
FOOD-9691,Vegetables,Britannia,Bottle,250.0,338.59018607100614,350.0
FOOD-9329,Snacks,Amul,Packet,5000.0,237.01427074149154,150.0
FOOD-3097,Bakery,Britannia,Packet,100.0,436.80864160374585,50.0
FOOD-6068,Vegetables,Britannia,Bottle,250.0,709.500386852413,
FOOD-7397,Bakery,Amul,Bottle,500.0,702.6265833039835,150.0
FOOD-3757,Dairy,Catch_Spices,Bottle,100.0,361.95680951188154,
FOOD-4920,Vegetables,Britannia,Bottle,250.0,204.5140790568639,150.0
FOOD-9186,Snacks,Fortune,Box,500.0,188.02211569819178,50.0
FOOD-2900,Bakery,Amul,Box,500.0,36.85084923990662,150.0
FOOD-3610,Dairy,Catch_Spices,Box,100.0,675.7047545737977,150.0
FOOD-7900,Dairy,Amul,Packet,500.0,219.2220467282975,50.0
FOOD-2449,Vegetables,Amul,Box,250.0,293.6093213948717,150.0
FOOD-9738,Snacks,Amul,Loose_Poly,250.0,649.2807513379109,150.0
FOOD-6017,Vegetables,Britannia,Packet,1000.0,104.81900090059924,150.0
FOOD-8999,Vegetables,Catch_Spices,Bottle,100.0,374.3749222632966,150.0
FOOD-7052,Dairy,Amul,Loose_Poly,500.0,106.64969013785297,50.0
FOOD-3096,Dairy,Amul,Bottle,500.0,359.06036991394643,350.0
FOOD-9895,Dairy,Fortune,Bottle,500.0,47.240263166698895,50.0
FOOD-7404,Vegetables,Britannia,Packet,250.0,418.9220325506295,150.0
FOOD-4331,Vegetables,Fortune,Bottle,250.0,638.6106780663971,150.0
FOOD-8462,Vegetables,Amul,Bottle,250.0,544.2743730850088,
FOOD-6105,Snacks,Fortune,Packet,500.0,412.2435175661464,350.0
FOOD-3978,Vegetables,Amul,Bottle,250.0,664.7193825978327,700.0
FOOD-3839,Bakery,Catch_Spices,Packet,250.0,189.95250021776246,150.0
FOOD-4384,Bakery,Britannia,Box,500.0,666.3290651375802,150.0
FOOD-1685,Bakery,Britannia,Loose_Poly,1000.0,228.32714887465912,350.0
FOOD-8531,Bakery,Amul,Bottle,100.0,296.3642095486019,
FOOD-5283,Vegetables,Amul,Bottle,5000.0,111.45985931178905,350.0
FOOD-8736,Vegetables,Amul,Bottle,100.0,90.3862575261529,150.0
FOOD-8710,Dairy,Amul,Packet,250.0,746.3680998406081,150.0
FOOD-2619,Vegetables,Amul,Loose_Poly,250.0,160.08281527613212,50.0
FOOD-7868,Bakery,Fortune,Packet,100.0,273.30396249893863,50.0
FOOD-2431,Dairy,Amul,Packet,1000.0,428.02984217044724,150.0
FOOD-5713,Bakery,Fortune,Bottle,250.0,284.8150347564715,50.0
FOOD-5998,Vegetables,Amul,Bottle,100.0,697.4052938692355,50.0
FOOD-1162,Snacks,Amul,Packet,500.0,721.5646631229502,150.0
FOOD-2974,Vegetables,Fortune,Packet,500.0,267.5324613408813,50.0
FOOD-4291,Dairy,Fortune,Box,5000.0,82.70187997170365,50.0
FOOD-9461,Dairy,Britannia,Packet,250.0,176.02500486566987,
FOOD-1631,Bakery,Amul,Packet,100.0,384.7704073807005,50.0
FOOD-1905,Dairy,Britannia,Packet,100.0,237.900023364645,50.0
FOOD-3014,Snacks,Britannia,Packet,500.0,368.24306764992053,50.0
FOOD-8896,Snacks,Amul,Bottle,500.0,609.3757647794894,50.0
FOOD-1204,Bakery,Britannia,Bottle,5000.0,342.30436268279396,150.0
FOOD-1581,Vegetables,Britannia,Box,500.0,165.62799040427151,
FOOD-6675,Bakery,Amul,Packet,1000.0,292.79443606209657,
FOOD-6347,Bakery,Catch_Spices,Packet,99999.0,596.9551623373412,150.0
FOOD-3643,Vegetables,Fortune,Packet,250.0,345.00907496888453,50.0
FOOD-9017,Vegetables,Amul,Packet,100.0,207.13490384712048,50.0
FOOD-3297,Vegetables,Britannia,Packet,100.0,347.65519497379216,
FOOD-1874,Vegetables,Amul,Packet,250.0,369.2972832693012,50.0
FOOD-6560,Dairy,Fortune,Packet,250.0,244.1379917738681,150.0
FOOD-1689,Snacks,Britannia,Bottle,100.0,796.5912204625007,50.0
FOOD-5000,Dairy,Amul,Packet,250.0,616.4245549220393,
FOOD-1671,Dairy,Amul,Packet,250.0,557.0394396937336,50.0
FOOD-8927,Snacks,Amul,Packet,,685.3449178104138,350.0
FOOD-2171,Vegetables,Britannia,Packet,250.0,536.4711646547024,50.0
FOOD-6591,Bakery,Fortune,Bottle,100.0,634.8744710135386,50.0
FOOD-7342,Dairy,Amul,Packet,250.0,335.89525916979113,350.0
FOOD-2449,Dairy,Amul,Packet,100.0,405.2936982283689,50.0
FOOD-3539,Vegetables,Amul,Packet,1000.0,47.12714280925102,150.0
FOOD-4959,Dairy,Amul,Packet,100.0,231.71064921296446,
FOOD-7285,Vegetables,Amul,Box,1000.0,300.72980329431965,
FOOD-6432,Bakery,Britannia,Loose_Poly,250.0,504.1214780812705,50.0
FOOD-5260,Vegetables,Britannia,Packet,250.0,376.7269149871837,
FOOD-3361,Bakery,Catch_Spices,Bottle,250.0,490.1922273144065,
FOOD-7164,Dairy,Catch_Spices,Packet,250.0,573.5285942659666,350.0
FOOD-4670,Vegetables,Britannia,Packet,100.0,43.74774745745971,
FOOD-2753,Bakery,Fortune,Packet,500.0,214.03942013285547,150.0
FOOD-9100,Vegetables,Catch_Spices,Box,1000.0,145.01405931033858,50.0
FOOD-2938,Bakery,Amul,Packet,5000.0,158.0895441450673,350.0
FOOD-9562,Snacks,Amul,Loose_Poly,500.0,407.4690625492733,700.0
FOOD-6976,Bakery,Amul,Bottle,250.0,594.583233434941,50.0
FOOD-7588,Vegetables,Britannia,Packet,250.0,225.49385680104808,50.0
FOOD-9616,Dairy,Fortune,Box,500.0,661.3148981272127,150.0
FOOD-7304,Bakery,Amul,Loose_Poly,1000.0,715.0406485947734,
FOOD-8345,Bakery,Britannia,Box,250.0,286.92175889607836,150.0
FOOD-8875,Vegetables,Britannia,Box,1000.0,548.2716657738379,350.0
FOOD-7633,Dairy,Amul,Packet,250.0,102.46894232723541,
FOOD-1597,Dairy,Amul,Packet,250.0,597.7823455337993,150.0
FOOD-4062,Vegetables,Amul,Packet,5000.0,140.36886162652885,
FOOD-3336,Vegetables,Amul,Bottle,1000.0,553.0584849791064,50.0
FOOD-1572,Dairy,Fortune,Loose_Poly,500.0,343.3010027335457,50.0
FOOD-8521,Bakery,Fortune,Box,250.0,743.4804940786472,50.0
FOOD-7171,Snacks,Fortune,Box,100.0,376.9238596475938,50.0
FOOD-8097,Dairy,Fortune,Packet,100.0,34.413225799399825,50.0
FOOD-3090,Dairy,Fortune,Bottle,500.0,389.7285386342586,150.0
FOOD-7566,Vegetables,Britannia,Box,250.0,638.4440076493945,
FOOD-5624,Snacks,Britannia,Bottle,250.0,521.1966214006114,50.0
FOOD-2633,Snacks,Britannia,Bottle,250.0,773.3890053255925,50.0
FOOD-2517,Snacks,Britannia,Box,250.0,676.1852671511492,
FOOD-4648,Bakery,Amul,Bottle,250.0,425.9758136890747,150.0
FOOD-2537,Vegetables,Fortune,Loose_Poly,1000.0,173.1512468282645,
FOOD-4137,Bakery,Amul,Bottle,,12.981957559477221,150.0
FOOD-7985,Dairy,Britannia,Packet,1000.0,784.5968936310809,50.0
FOOD-1097,Vegetables,Britannia,Bottle,250.0,751.2725616591094,150.0
FOOD-4750,Bakery,Amul,Packet,500.0,226.57375531940235,
FOOD-9535,Vegetables,Catch_Spices,Bottle,1000.0,514.1904711167444,150.0
FOOD-9174,Vegetables,Amul,Packet,250.0,586.0992546800613,50.0
FOOD-9103,Dairy,Amul,Loose_Poly,100.0,466.63063421575004,
FOOD-6413,Dairy,Amul,Box,100.0,675.9397231220972,150.0
FOOD-5666,Bakery,Fortune,Packet,100.0,71.48147226129086,150.0
FOOD-1610,Vegetables,Britannia,Packet,500.0,718.2302869786686,50.0
FOOD-2727,Vegetables,Britannia,Bottle,100.0,319.6950188215287,350.0
FOOD-2854,Vegetables,Fortune,Box,100.0,389.74511704408525,150.0
FOOD-6055,Vegetables,Amul,Packet,500.0,361.33958383312097,50.0
FOOD-3324,Vegetables,Amul,Packet,250.0,429.71611614579035,
FOOD-6774,Bakery,Amul,Bottle,250.0,482.5530927897453,50.0
FOOD-7519,Dairy,Fortune,Bottle,250.0,571.1713120535616,50.0
FOOD-2749,Bakery,Britannia,Packet,500.0,424.70286786941125,
FOOD-1781,Snacks,Amul,Box,100.0,550.9708722470233,50.0
FOOD-8548,Bakery,Amul,Loose_Poly,250.0,277.25498043665345,
FOOD-7823,Vegetables,Amul,Packet,1000.0,749.9778875038096,50.0
FOOD-3105,Vegetables,Britannia,Bottle,250.0,60.97950564181764,
FOOD-4867,Bakery,Amul,Packet,500.0,440.97708076326387,50.0
FOOD-8193,Dairy,Amul,Packet,1000.0,79.0429790571546,
FOOD-5976,Bakery,Amul,Packet,1000.0,359.785958469175,50.0
FOOD-3113,Bakery,Britannia,Bottle,500.0,213.4900625457356,50.0
FOOD-6879,Snacks,Britannia,Box,500.0,750.1537251702916,150.0
FOOD-4970,Snacks,Britannia,Bottle,500.0,20.329555244895296,700.0
FOOD-8264,Dairy,Britannia,Packet,500.0,319.05086860175106,
FOOD-2577,Vegetables,Britannia,Packet,250.0,627.8137722684941,50.0
FOOD-3274,Snacks,Catch_Spices,Bottle,100.0,158.88451599465796,150.0
FOOD-5869,Dairy,Amul,Packet,250.0,654.3146816863398,
FOOD-7744,Vegetables,Britannia,Packet,100.0,689.1828193816108,
FOOD-3426,Dairy,Britannia,Bottle,250.0,569.3223697201583,
FOOD-6546,Dairy,Amul,Loose_Poly,250.0,175.1646541166749,50.0
FOOD-7852,Bakery,Fortune,Packet,5000.0,224.91053869943426,50.0
FOOD-3551,Bakery,Amul,Bottle,5000.0,141.87843566933594,350.0
FOOD-7411,Vegetables,Amul,Packet,500.0,155.41035238910575,50.0
FOOD-1007,Snacks,Amul,Bottle,-200.0,0.0,150.0
FOOD-9087,Bakery,Amul,Bottle,99999.0,687.2789141466305,50.0
FOOD-3555,Dairy,Britannia,Box,1000.0,427.51680706799027,50.0
FOOD-1475,Vegetables,Britannia,Bottle,100.0,268.9297868707707,
FOOD-6416,Dairy,Fortune,Packet,250.0,238.76582689009234,150.0
FOOD-9676,Bakery,Fortune,Packet,250.0,440.31007419359327,
FOOD-8239,Vegetables,Amul,Packet,100.0,268.08100921405975,
FOOD-7710,Vegetables,Britannia,Bottle,1000.0,692.3372002581749,
FOOD-6000,Bakery,Catch_Spices,Box,100.0,176.65637367915951,
FOOD-5654,Dairy,Amul,Bottle,250.0,707.0184152161536,
FOOD-9078,Dairy,Britannia,Box,100.0,534.633037872709,150.0
FOOD-7063,Vegetables,Fortune,Packet,250.0,765.7370841594264,
FOOD-3285,Dairy,Britannia,Bottle,250.0,21.934720892197817,50.0
FOOD-6223,Bakery,Amul,Packet,500.0,56.68549691181362,150.0
FOOD-7971,Vegetables,Amul,Packet,250.0,405.70672920989284,150.0
FOOD-4525,Vegetables,Britannia,Bottle,250.0,730.7792757253181,50.0
FOOD-3822,Bakery,Catch_Spices,Box,500.0,587.3280117088146,150.0
FOOD-5943,Snacks,Amul,Packet,500.0,501.4873866902733,
FOOD-7530,Dairy,Catch_Spices,Bottle,250.0,34.96570297154517,150.0
FOOD-1258,Vegetables,Amul,Box,100.0,289.78939284596134,50.0
FOOD-1282,Vegetables,Amul,Packet,,283.22378539325723,50.0
FOOD-2898,Bakery,Britannia,Box,500.0,438.2476889853255,150.0
FOOD-5135,Vegetables,Britannia,Packet,250.0,213.68394568394183,50.0
FOOD-7629,Dairy,Amul,Packet,100.0,221.05301499043043,50.0
FOOD-4200,Dairy,Amul,Packet,100.0,500.4800320606399,50.0
FOOD-6110,Vegetables,Catch_Spices,Packet,500.0,756.2083592181837,50.0
FOOD-8167,Bakery,Catch_Spices,Box,250.0,531.5414918729892,150.0
FOOD-1612,Bakery,Amul,Box,250.0,537.8227979450178,50.0
FOOD-1687,Bakery,Amul,Packet,500.0,789.1097025766113,
FOOD-4690,Vegetables,Fortune,Packet,100.0,131.2477519851342,150.0
FOOD-9804,Vegetables,Britannia,Packet,250.0,36.72947161828472,350.0
FOOD-3307,Dairy,Amul,Bottle,250.0,598.9560210895756,50.0
FOOD-8133,Dairy,Catch_Spices,Packet,250.0,356.64207221999897,150.0
FOOD-7509,Vegetables,Amul,Bottle,1000.0,348.77045025408495,50.0
FOOD-6906,Vegetables,Britannia,Box,250.0,187.98966732679554,150.0
FOOD-3591,Vegetables,Britannia,Bottle,500.0,410.42180201004044,150.0
FOOD-8183,Snacks,Britannia,Loose_Poly,100.0,359.31615154264983,150.0
FOOD-6248,Bakery,Amul,Packet,100.0,282.9055061985996,150.0
FOOD-9766,Snacks,Britannia,Loose_Poly,100.0,359.7686758773509,
FOOD-6108,Vegetables,Catch_Spices,Packet,500.0,313.229468871083,
FOOD-4604,Snacks,Britannia,Packet,250.0,752.5181228907339,50.0
FOOD-1669,Vegetables,Britannia,Box,250.0,784.3988094059099,150.0
FOOD-5364,Dairy,Amul,Box,500.0,673.5217366842857,150.0
FOOD-8329,Bakery,Catch_Spices,Box,5000.0,792.4271318995787,
FOOD-2283,Vegetables,Catch_Spices,Packet,100.0,219.9183489330522,
FOOD-1923,Dairy,Fortune,Loose_Poly,100.0,675.9108368359623,150.0
FOOD-2125,Vegetables,Britannia,Packet,100.0,331.2369194030706,50.0
FOOD-2529,Vegetables,Catch_Spices,Packet,500.0,599.4477542444253,150.0
FOOD-9438,Dairy,Amul,Packet,100.0,169.10018609807386,150.0
FOOD-4711,Bakery,Britannia,Box,250.0,651.4453108956327,
FOOD-9004,Bakery,Britannia,Bottle,250.0,75.93689666396642,
FOOD-7274,Dairy,Britannia,Bottle,100.0,223.7405883059589,150.0
FOOD-4864,Dairy,Fortune,Packet,100.0,659.3425673092529,
FOOD-8833,Vegetables,Britannia,Packet,250.0,600.2557852392627,
FOOD-7788,Vegetables,Amul,Packet,100.0,405.9849364431185,50.0
FOOD-1226,Snacks,Amul,Bottle,100.0,541.506291689265,50.0
FOOD-1264,Vegetables,Amul,Bottle,250.0,156.60347935178442,
FOOD-1645,Bakery,Britannia,Bottle,500.0,537.5332616535611,150.0
FOOD-8544,Vegetables,Amul,Loose_Poly,100.0,16.301172199779103,350.0
FOOD-6569,Bakery,Amul,Packet,250.0,668.2405352313898,
FOOD-3990,Bakery,Britannia,Packet,100.0,417.86721031916545,150.0
FOOD-3504,Vegetables,Catch_Spices,Bottle,500.0,755.6639767715695,
FOOD-1587,Vegetables,Catch_Spices,Bottle,1000.0,387.74977118499766,
FOOD-5079,Bakery,Catch_Spices,Bottle,1000.0,352.1389530378095,50.0
FOOD-4348,Dairy,Fortune,Loose_Poly,250.0,365.5417217942731,700.0
FOOD-7299,Vegetables,Amul,Bottle,250.0,294.1856100174839,350.0
FOOD-4831,Bakery,Catch_Spices,Packet,500.0,141.67331623569663,
FOOD-9381,Vegetables,Amul,Packet,100.0,675.2295542869495,
FOOD-2715,Bakery,Fortune,Box,500.0,317.3774721290529,350.0
FOOD-7450,Dairy,Britannia,Box,1000.0,427.9956582691982,
FOOD-6433,Vegetables,Fortune,Packet,250.0,25.710664006114783,150.0
FOOD-2098,Bakery,Britannia,Packet,250.0,57.600559444059265,
FOOD-8096,Dairy,Amul,Bottle,500.0,481.77475128749717,150.0
FOOD-3326,Vegetables,Britannia,Bottle,100.0,704.590185185751,50.0
FOOD-7416,Dairy,Amul,Packet,250.0,399.78270414059887,50.0
FOOD-7980,Vegetables,Catch_Spices,Bottle,100.0,140.329918678,150.0
FOOD-7763,Vegetables,Britannia,Packet,,101.74057834911544,
FOOD-2674,Vegetables,Britannia,Loose_Poly,100.0,720.8325211004098,50.0
FOOD-8950,Dairy,Catch_Spices,Packet,250.0,564.293904672053,50.0
FOOD-9915,Vegetables,Britannia,Box,100.0,773.2944880640512,
FOOD-7049,Bakery,Amul,Bottle,500.0,75.05541086168071,
FOOD-2089,Bakery,Amul,Packet,250.0,723.0641554684964,
FOOD-5578,Dairy,Britannia,Bottle,,678.0495268961846,
FOOD-1155,Bakery,Catch_Spices,Packet,100.0,715.6162945100814,350.0
FOOD-2958,Bakery,Fortune,Bottle,,14.552735719640243,50.0
FOOD-7344,Dairy,Catch_Spices,Bottle,250.0,596.1037496164838,50.0
FOOD-6779,Dairy,Amul,Packet,100.0,443.66111018769476,150.0
FOOD-7144,Vegetables,Amul,Packet,500.0,462.8117526691516,150.0
FOOD-6063,Bakery,Amul,Box,250.0,380.66957000867694,50.0
FOOD-4830,Vegetables,Fortune,Packet,250.0,596.7147650210933,50.0
FOOD-9831,Vegetables,Amul,Bottle,500.0,799.8730394763596,50.0
FOOD-7659,Bakery,Amul,Packet,250.0,571.3253038265891,
FOOD-1441,Vegetables,Britannia,Loose_Poly,250.0,545.6598286710652,150.0
FOOD-7040,Vegetables,Britannia,Bottle,1000.0,527.0057953872639,150.0
FOOD-6925,Dairy,Fortune,Bottle,100.0,559.2172191794125,150.0
FOOD-8358,Dairy,Britannia,Packet,-200.0,0.0,50.0
FOOD-5628,Bakery,Britannia,Packet,1000.0,262.9735974964708,50.0
FOOD-7370,Bakery,Britannia,Packet,100.0,629.6270028337,50.0
FOOD-1948,Vegetables,Catch_Spices,Packet,1000.0,51.939533708842774,50.0
FOOD-9179,Vegetables,Amul,Bottle,500.0,609.8057131806733,50.0
FOOD-7115,Bakery,Amul,Bottle,1000.0,652.9348522839591,150.0
FOOD-1459,Vegetables,Amul,Packet,500.0,422.0623880731515,150.0
FOOD-8568,Dairy,Amul,Bottle,500.0,729.016995376282,
FOOD-5646,Vegetables,Catch_Spices,Packet,,383.73907534627574,50.0
FOOD-1392,Dairy,Amul,Packet,250.0,150.68846779571706,50.0
FOOD-2787,Dairy,Catch_Spices,Box,100.0,295.50493247827154,150.0
FOOD-8374,Dairy,Amul,Bottle,250.0,725.6353296855581,150.0
FOOD-2138,Dairy,Catch_Spices,Bottle,5000.0,795.0532477762657,50.0
FOOD-5741,Dairy,Fortune,Packet,100.0,343.2646339216919,350.0
FOOD-8418,Vegetables,Britannia,Packet,500.0,141.80877101898972,150.0
FOOD-7362,Vegetables,Britannia,Packet,100.0,236.2001313849689,150.0
FOOD-3454,Vegetables,Amul,Box,,447.10411058603154,50.0
FOOD-4674,Dairy,Britannia,Bottle,250.0,461.9557754389458,50.0
FOOD-2377,Dairy,Amul,Packet,100.0,507.7469312879282,50.0
FOOD-7701,Dairy,Britannia,Box,5000.0,669.9291643323121,50.0
FOOD-3597,Vegetables,Fortune,Bottle,100.0,571.8591798335419,150.0
FOOD-1141,Bakery,Amul,Box,100.0,216.06377893698047,
FOOD-3659,Bakery,Fortune,Packet,,322.0848079498403,150.0
FOOD-5596,Vegetables,Amul,Packet,250.0,673.4551012051706,50.0
FOOD-6661,Vegetables,Britannia,Packet,,510.37230977851175,
FOOD-7142,Vegetables,Catch_Spices,Packet,250.0,141.47025811333157,50.0
FOOD-6626,Dairy,Britannia,Box,250.0,267.17565522345166,
FOOD-9787,Dairy,Britannia,Box,100.0,634.9618208204121,
FOOD-9472,Vegetables,Fortune,Bottle,100.0,145.95435742547068,150.0
FOOD-1423,Bakery,Catch_Spices,Box,1000.0,555.9300156494157,150.0
FOOD-7999,Vegetables,Amul,Packet,250.0,455.19386362294273,
FOOD-5249,Dairy,Britannia,Loose_Poly,250.0,126.50517605690466,350.0
FOOD-2750,Dairy,Britannia,Loose_Poly,500.0,554.2143499844398,
FOOD-5757,Bakery,Amul,Bottle,500.0,122.45568681758408,50.0
FOOD-2967,Vegetables,Amul,Packet,500.0,324.76410749664814,
FOOD-5088,Bakery,Amul,Box,1000.0,253.76234037437104,
FOOD-5178,Bakery,Britannia,Packet,100.0,555.1078626226964,
FOOD-8789,Vegetables,Catch_Spices,Box,100.0,628.0662617192553,150.0
FOOD-3946,Vegetables,Fortune,Packet,250.0,142.97009974517164,700.0
FOOD-6394,Dairy,Britannia,Bottle,1000.0,651.477426653164,150.0
FOOD-8880,Bakery,Amul,Bottle,100.0,15.69910423570068,150.0
FOOD-6075,Bakery,Amul,Packet,250.0,428.74625240060107,150.0
FOOD-8230,Dairy,Amul,Packet,500.0,418.26322300099235,50.0
FOOD-2531,Bakery,Britannia,Packet,250.0,502.81893029393757,50.0
FOOD-3990,Vegetables,Amul,Bottle,100.0,199.36341896439322,150.0
FOOD-8155,Vegetables,Britannia,Box,250.0,17.78689564485913,350.0
FOOD-5493,Snacks,Catch_Spices,Packet,100.0,369.26270375170554,
FOOD-1933,Bakery,Fortune,Box,100.0,66.41090689402108,50.0
FOOD-2460,Dairy,Fortune,Packet,,714.8331705774259,50.0
FOOD-3723,Bakery,Britannia,Bottle,500.0,147.196397294447,50.0
FOOD-1285,Snacks,Amul,Loose_Poly,1000.0,345.93404432394186,150.0
FOOD-1264,Bakery,Amul,Packet,500.0,352.8603082899031,50.0
FOOD-7816,Bakery,Fortune,Loose_Poly,500.0,446.7630717921818,
FOOD-2762,Bakery,Britannia,Bottle,250.0,628.2005555286138,50.0
FOOD-1040,Vegetables,Britannia,Packet,100.0,382.99703890193587,150.0
FOOD-6827,Bakery,Amul,Box,,30.345081104173754,50.0
FOOD-9259,Vegetables,Britannia,Packet,250.0,619.1772248283207,150.0
FOOD-1987,Bakery,Amul,Packet,500.0,74.91691855050429,50.0
FOOD-8804,Dairy,Amul,Bottle,5000.0,516.8271008845027,
FOOD-8789,Bakery,Amul,Box,250.0,644.7093118349974,50.0
FOOD-6717,Dairy,Britannia,Box,250.0,233.32523626002458,
FOOD-4198,Vegetables,Amul,Packet,250.0,364.79412053038465,50.0
FOOD-6374,Vegetables,Amul,Loose_Poly,250.0,21.325315326795135,50.0
FOOD-5790,Snacks,Fortune,Box,500.0,645.0614076760095,150.0
FOOD-8183,Snacks,Britannia,Loose_Poly,500.0,565.5762610374472,50.0
FOOD-3524,Vegetables,Britannia,Packet,500.0,192.796041566396,150.0
FOOD-3479,Snacks,Britannia,Bottle,500.0,318.2786963139735,50.0
FOOD-6154,Bakery,Catch_Spices,Box,250.0,559.300036422878,
FOOD-1778,Dairy,Amul,Packet,5000.0,292.9488662624533,
FOOD-2492,Vegetables,Amul,Loose_Poly,500.0,138.30767269058282,350.0
FOOD-1660,Snacks,Britannia,Packet,250.0,419.6193678135475,50.0
FOOD-2348,Dairy,Amul,Packet,250.0,581.6183805262874,50.0
FOOD-8851,Bakery,Britannia,Loose_Poly,1000.0,263.43951053232723,
FOOD-8156,Bakery,Britannia,Loose_Poly,250.0,106.20009459912167,150.0
FOOD-3044,Bakery,Catch_Spices,Packet,250.0,665.3398878314616,150.0
FOOD-8368,Bakery,Catch_Spices,Packet,100.0,209.71347449322724,50.0
FOOD-4516,Vegetables,Catch_Spices,Box,1000.0,415.12381374421915,150.0
FOOD-5577,Vegetables,Amul,Loose_Poly,250.0,556.161088096502,50.0
FOOD-1727,Vegetables,Catch_Spices,Bottle,250.0,260.48940831143443,
FOOD-8468,Vegetables,Amul,Bottle,1000.0,522.4228645242105,150.0
FOOD-1342,Dairy,Britannia,Box,1000.0,373.17051008880736,350.0
FOOD-2447,Bakery,Fortune,Packet,1000.0,460.64495754783843,150.0
FOOD-7581,Bakery,Amul,Loose_Poly,100.0,476.55512185738473,50.0
FOOD-7317,Vegetables,Britannia,Packet,250.0,661.07904264854,50.0
FOOD-1526,Dairy,Amul,Bottle,250.0,528.4977560139158,350.0
FOOD-7748,Vegetables,Amul,Bottle,100.0,218.8022868256843,50.0
FOOD-1405,Vegetables,Catch_Spices,Bottle,1000.0,57.08742949937255,150.0
FOOD-8986,Vegetables,Amul,Box,1000.0,11.568579819354865,150.0
FOOD-4740,Bakery,Amul,Loose_Poly,250.0,724.4897339659265,50.0
FOOD-2846,Vegetables,Britannia,Bottle,100.0,754.2669409237429,
FOOD-2478,Bakery,Catch_Spices,Box,,84.34807525508766,
FOOD-1771,Vegetables,Amul,Packet,250.0,394.77235844297593,50.0
FOOD-6525,Bakery,Amul,Box,,129.76021073382222,700.0
FOOD-9770,Bakery,Catch_Spices,Packet,500.0,759.5117784962268,
FOOD-1193,Snacks,Amul,Packet,500.0,204.99768828979373,50.0
FOOD-3007,Bakery,Amul,Packet,1000.0,406.3012055216292,150.0
FOOD-2185,Snacks,Fortune,Bottle,100.0,140.83995146900423,50.0
FOOD-3394,Bakery,Britannia,Loose_Poly,250.0,272.88125675741924,50.0
FOOD-5005,Bakery,Fortune,Bottle,1000.0,220.77702513247291,150.0
FOOD-8429,Vegetables,Amul,Packet,250.0,385.5865739480266,150.0
FOOD-3261,Vegetables,Catch_Spices,Packet,100.0,341.6277499974973,50.0
FOOD-4736,Vegetables,Catch_Spices,Bottle,100.0,271.3302577342965,150.0
FOOD-7716,Dairy,Amul,Packet,1000.0,93.64331794224555,50.0
FOOD-5875,Dairy,Amul,Packet,500.0,392.74474738548906,150.0
FOOD-9921,Bakery,Catch_Spices,Bottle,1000.0,681.6643342923263,
FOOD-5378,Snacks,Britannia,Loose_Poly,100.0,586.8764359025972,50.0
FOOD-8815,Dairy,Britannia,Bottle,500.0,579.2541584885089,
FOOD-4451,Dairy,Britannia,Packet,500.0,299.21247202879385,50.0
FOOD-8616,Snacks,Fortune,Box,100.0,569.6510737388206,
FOOD-3800,Vegetables,Fortune,Box,5000.0,377.76987030593574,150.0
FOOD-9333,Bakery,Amul,Box,250.0,128.71811176215374,150.0
FOOD-6410,Vegetables,Amul,Packet,1000.0,341.04930248266027,150.0
FOOD-2455,Bakery,Catch_Spices,Bottle,1000.0,114.86351851496198,50.0
FOOD-7892,Vegetables,Fortune,Loose_Poly,250.0,100.44142693616335,150.0
FOOD-6808,Bakery,Britannia,Packet,250.0,28.216853681512475,150.0
FOOD-7796,Dairy,Catch_Spices,Bottle,250.0,233.45489776583906,50.0
FOOD-5796,Vegetables,Fortune,Packet,500.0,271.39107955113644,50.0
FOOD-6093,Vegetables,Amul,Bottle,250.0,562.5605332214092,50.0
FOOD-2325,Dairy,Fortune,Box,500.0,435.02378005897907,
FOOD-5976,Snacks,Britannia,Bottle,,688.1752725221165,700.0
FOOD-2159,Bakery,Amul,Box,500.0,149.41179509746863,50.0
FOOD-5650,Dairy,Amul,Bottle,250.0,220.1057502292531,50.0
FOOD-5987,Vegetables,Fortune,Loose_Poly,100.0,753.4501278032984,150.0
FOOD-5697,Dairy,Catch_Spices,Bottle,1000.0,360.79574574605334,50.0
FOOD-1340,Bakery,Amul,Packet,100.0,633.350245008438,
FOOD-4828,Bakery,Amul,Bottle,100.0,398.8124424330964,
FOOD-2968,Vegetables,Britannia,Box,100.0,382.1576690503406,50.0
FOOD-1703,Bakery,Fortune,Box,250.0,127.01186754341748,
FOOD-6482,Bakery,Fortune,Bottle,250.0,682.4476926493832,150.0
FOOD-7376,Snacks,Britannia,Bottle,500.0,71.90067163263136,50.0
FOOD-2800,Snacks,Britannia,Box,500.0,255.10626477590282,50.0
FOOD-6463,Bakery,Amul,Box,250.0,542.0397766589417,50.0
FOOD-5912,Bakery,Britannia,Bottle,250.0,410.73346513834355,
FOOD-5648,Vegetables,Amul,Box,100.0,706.2888783075135,150.0
FOOD-1855,Bakery,Catch_Spices,Bottle,500.0,41.04538270245358,
FOOD-3866,Dairy,Amul,Packet,250.0,523.0319404047868,150.0
FOOD-1182,Vegetables,Britannia,Packet,100.0,387.19772179542866,
FOOD-4112,Dairy,Amul,Loose_Poly,100.0,131.90634053944422,150.0
FOOD-6670,Bakery,Britannia,Packet,250.0,597.1690066189489,150.0
FOOD-5492,Vegetables,Amul,Bottle,500.0,334.93241577075895,50.0
FOOD-6823,Dairy,Amul,Loose_Poly,,429.94970434697996,700.0
FOOD-2517,Dairy,Amul,Packet,100.0,774.1401924268556,50.0
FOOD-6002,Vegetables,Fortune,Box,100.0,394.121764009899,150.0
FOOD-2356,Vegetables,Amul,Box,5000.0,660.4645637913278,
FOOD-4629,Bakery,Fortune,Loose_Poly,500.0,617.966243439583,50.0
FOOD-4628,Bakery,Britannia,Packet,100.0,533.5761272959012,
FOOD-9210,Vegetables,Britannia,Packet,100.0,718.4815932467636,150.0
FOOD-7132,Bakery,Britannia,Loose_Poly,1000.0,208.76530108037292,150.0
FOOD-7588,Bakery,Catch_Spices,Packet,100.0,658.409272859454,50.0
FOOD-4311,Dairy,Amul,Bottle,99999.0,308.4521158339006,150.0
FOOD-7048,Bakery,Amul,Box,100.0,651.8678031641648,150.0
FOOD-7246,Snacks,Catch_Spices,Packet,100.0,400.09306079095376,150.0
FOOD-1987,Dairy,Amul,Loose_Poly,500.0,687.5903098251563,
FOOD-4321,Vegetables,Fortune,Bottle,500.0,716.9263947774592,50.0
FOOD-5615,Snacks,Amul,Packet,99999.0,482.13866179045124,50.0
FOOD-9365,Dairy,Britannia,Packet,1000.0,411.0252958966835,
FOOD-4741,Vegetables,Amul,Packet,250.0,628.791313232544,50.0
FOOD-4052,Dairy,Catch_Spices,Packet,500.0,220.91910051154693,
FOOD-7574,Dairy,Britannia,Box,1000.0,22.12545818664239,700.0
FOOD-1726,Bakery,Amul,Packet,250.0,331.6047203762679,150.0
FOOD-4760,Dairy,Amul,Packet,100.0,411.1415649884537,150.0
FOOD-6806,Vegetables,Amul,Loose_Poly,100.0,244.83754835661762,350.0
FOOD-2875,Bakery,Fortune,Bottle,100.0,312.85588657283625,150.0
FOOD-7993,Dairy,Amul,Packet,1000.0,115.11600400371476,
FOOD-5033,Vegetables,Amul,Loose_Poly,250.0,229.05902366055727,150.0
FOOD-6443,Dairy,Britannia,Packet,100.0,199.67532485251309,
FOOD-1989,Bakery,Britannia,Loose_Poly,1000.0,247.7796145231484,
FOOD-4744,Vegetables,Amul,Box,,246.25274732711543,
FOOD-9611,Dairy,Amul,Box,250.0,451.5850131276146,
FOOD-1593,Vegetables,Fortune,Box,1000.0,207.97158275489744,150.0
FOOD-2774,Vegetables,Catch_Spices,Bottle,250.0,753.3593980385119,150.0
FOOD-1935,Dairy,Amul,Box,100.0,413.90711598703456,50.0
FOOD-4808,Vegetables,Fortune,Box,250.0,111.88314506371626,
FOOD-1331,Bakery,Amul,Packet,500.0,230.88895371418428,50.0
FOOD-8922,Vegetables,Amul,Bottle,250.0,586.5084219471667,150.0
FOOD-3702,Bakery,Britannia,Box,,20.790640320774695,50.0
FOOD-6889,Vegetables,Amul,Bottle,100.0,750.8762090955913,350.0
FOOD-6054,Snacks,Britannia,Box,500.0,361.6897681633869,
FOOD-4868,Dairy,Catch_Spices,Bottle,250.0,421.6524281312874,700.0
FOOD-5200,Bakery,Catch_Spices,Bottle,500.0,790.8456663132271,
FOOD-1201,Vegetables,Amul,Packet,500.0,407.68843793947195,50.0
FOOD-3497,Dairy,Amul,Packet,250.0,758.7177556249583,50.0
FOOD-2842,Vegetables,Catch_Spices,Bottle,1000.0,733.0325814765918,50.0
FOOD-5658,Snacks,Amul,Bottle,,753.639267646308,
FOOD-8544,Dairy,Britannia,Bottle,100.0,651.7747154189675,150.0
FOOD-8718,Dairy,Amul,Box,500.0,244.15448680060766,
FOOD-1770,Bakery,Amul,Bottle,100.0,283.6421621909254,50.0
FOOD-4155,Dairy,Amul,Box,500.0,298.3374138627063,
FOOD-2628,Bakery,Catch_Spices,Packet,-200.0,0.0,50.0
FOOD-1386,Bakery,Catch_Spices,Bottle,1000.0,294.9968481379974,
FOOD-7031,Bakery,Amul,Packet,250.0,95.86455428252059,350.0
FOOD-7439,Dairy,Fortune,Bottle,1000.0,624.8798267617698,
FOOD-7401,Dairy,Amul,Packet,100.0,299.1900003498215,50.0
FOOD-5008,Vegetables,Amul,Packet,250.0,500.5393702634163,50.0
FOOD-3466,Bakery,Fortune,Packet,250.0,740.244725688534,150.0
FOOD-3282,Dairy,Britannia,Packet,250.0,464.64940565465497,
FOOD-2856,Dairy,Amul,Bottle,,513.7831409027315,150.0
FOOD-8980,Snacks,Amul,Loose_Poly,1000.0,517.8614259274575,50.0
FOOD-2998,Vegetables,Catch_Spices,Packet,500.0,493.79535674922704,50.0
FOOD-6476,Bakery,Catch_Spices,Box,500.0,136.21780820995374,
FOOD-5669,Snacks,Fortune,Bottle,100.0,370.5681776515168,50.0
FOOD-5318,Bakery,Amul,Packet,250.0,16.05457578187618,50.0
FOOD-8064,Bakery,Fortune,Packet,1000.0,504.7491952195132,
FOOD-8446,Dairy,Amul,Packet,500.0,464.5330530707287,
FOOD-2431,Vegetables,Catch_Spices,Box,500.0,261.32840320024866,150.0
FOOD-6624,Bakery,Amul,Packet,1000.0,423.8774475044609,
FOOD-8461,Vegetables,Amul,Packet,250.0,399.5156477073806,
FOOD-2819,Vegetables,Britannia,Packet,250.0,208.22302059437845,50.0
FOOD-2130,Bakery,Fortune,Bottle,250.0,241.69716299314842,
FOOD-7563,Vegetables,Fortune,Box,250.0,612.407387336713,50.0
FOOD-3658,Snacks,Amul,Packet,500.0,607.0285321535658,50.0
FOOD-4500,Bakery,Britannia,Bottle,250.0,381.1278986894755,50.0
FOOD-9566,Bakery,Fortune,Bottle,250.0,576.8320724086238,50.0
FOOD-3120,Bakery,Amul,Packet,100.0,366.1330113824395,
FOOD-5020,Bakery,Fortune,Packet,100.0,682.5854875679444,50.0
FOOD-4259,Bakery,Catch_Spices,Bottle,250.0,272.91727894480454,700.0
FOOD-2823,Dairy,Amul,Bottle,100.0,742.5610748778669,50.0
FOOD-2474,Vegetables,Amul,Box,1000.0,438.40408394609,150.0
FOOD-3242,Bakery,Amul,Bottle,250.0,433.1934102530031,150.0
FOOD-4243,Bakery,Amul,Packet,250.0,539.9402036175745,150.0
FOOD-7990,Dairy,Britannia,Packet,100.0,279.2762485436007,150.0
FOOD-6160,Vegetables,Fortune,Bottle,100.0,582.2203610166362,
FOOD-4134,Dairy,Britannia,Box,250.0,263.13583108095474,50.0
FOOD-3070,Vegetables,Amul,Packet,1000.0,324.05567566744065,150.0
FOOD-1359,Snacks,Britannia,Loose_Poly,250.0,543.0157150665149,50.0
FOOD-2141,Snacks,Britannia,Bottle,1000.0,308.9747900280913,
FOOD-2635,Vegetables,Catch_Spices,Packet,100.0,167.97955692356794,50.0
FOOD-5000,Bakery,Amul,Bottle,,698.8021524326504,50.0
FOOD-4361,Vegetables,Britannia,Packet,500.0,738.5027508271701,150.0
FOOD-7583,Bakery,Catch_Spices,Bottle,250.0,505.11752934788433,50.0
FOOD-8835,Vegetables,Britannia,Bottle,250.0,650.8091092463043,150.0
FOOD-1006,Bakery,Amul,Packet,100.0,789.4553602720549,50.0
FOOD-4267,Dairy,Amul,Box,100.0,495.6720539376624,
FOOD-7564,Vegetables,Catch_Spices,Box,250.0,727.9461881675106,
FOOD-5928,Dairy,Amul,Packet,1000.0,293.81125227907467,50.0
FOOD-3606,Vegetables,Catch_Spices,Packet,100.0,563.3732243508771,
FOOD-6906,Dairy,Fortune,Packet,1000.0,54.086318374508615,
FOOD-4273,Vegetables,Amul,Box,100.0,633.2875289320144,50.0
FOOD-8611,Dairy,Britannia,Packet,250.0,665.5444843363582,150.0
FOOD-1913,Bakery,Amul,Bottle,100.0,326.9285948144536,
FOOD-3011,Bakery,Amul,Packet,250.0,514.7744625430904,50.0
FOOD-2442,Bakery,Fortune,Packet,100.0,688.1052708899633,150.0
FOOD-6546,Snacks,Britannia,Box,,708.0504499621496,50.0
FOOD-2829,Vegetables,Amul,Box,5000.0,94.15990421011476,50.0
FOOD-9767,Vegetables,Fortune,Bottle,500.0,663.7153197609889,150.0
FOOD-7468,Dairy,Amul,Bottle,500.0,226.65224802161922,150.0
FOOD-1929,Bakery,Britannia,Bottle,100.0,584.5724481068172,150.0
FOOD-4699,Snacks,Britannia,Packet,1000.0,266.87968125911874,50.0
FOOD-2054,Vegetables,Amul,Packet,250.0,54.500439798155945,700.0
FOOD-6744,Dairy,Catch_Spices,Packet,1000.0,175.79786078237498,
FOOD-2900,Vegetables,Britannia,Box,,332.8507029033964,350.0
FOOD-7980,Bakery,Britannia,Loose_Poly,100.0,595.5706098482236,350.0
FOOD-8069,Dairy,Britannia,Packet,99999.0,89.5558655767625,50.0
FOOD-4415,Vegetables,Amul,Packet,250.0,652.2179586711262,50.0
FOOD-1442,Dairy,Amul,Packet,1000.0,797.5913626503044,150.0
FOOD-7218,Bakery,Britannia,Box,250.0,632.723538111509,50.0
FOOD-5652,Bakery,Catch_Spices,Box,250.0,384.2518508228163,50.0
FOOD-8939,Vegetables,Fortune,Packet,1000.0,458.84656656829765,350.0
FOOD-8833,Bakery,Amul,Box,500.0,14.866801559112904,
FOOD-8597,Dairy,Britannia,Box,500.0,175.32633190576396,350.0
FOOD-5458,Bakery,Amul,Packet,100.0,720.2006238534359,150.0
FOOD-7591,Bakery,Amul,Bottle,100.0,27.166228160796834,150.0
FOOD-3309,Vegetables,Britannia,Bottle,100.0,724.7880127886157,
FOOD-7268,Vegetables,Britannia,Packet,250.0,99.46956042125224,
FOOD-1910,Bakery,Amul,Bottle,1000.0,115.12856266747907,350.0
FOOD-5340,Vegetables,Britannia,Packet,250.0,148.52642957696872,
FOOD-5009,Bakery,Fortune,Bottle,250.0,641.5144067146051,150.0
FOOD-7628,Bakery,Amul,Box,1000.0,387.76739452047974,150.0
FOOD-3169,Bakery,Fortune,Bottle,100.0,124.70533788173347,
FOOD-3172,Vegetables,Amul,Packet,1000.0,552.5734375356067,150.0
FOOD-6668,Vegetables,Britannia,Packet,5000.0,753.1438093973641,
FOOD-7313,Bakery,Fortune,Bottle,,462.2366646555028,50.0
FOOD-9315,Vegetables,Britannia,Packet,100.0,87.97300451922541,50.0
FOOD-9036,Bakery,Catch_Spices,Bottle,100.0,53.252978880256435,150.0
FOOD-7789,Bakery,Amul,Packet,500.0,638.739164301851,150.0
FOOD-1785,Dairy,Britannia,Box,100.0,504.6060853758036,
FOOD-7139,Bakery,Britannia,Box,500.0,738.8992979084351,50.0
FOOD-7344,Vegetables,Britannia,Box,250.0,442.32761932791044,50.0
FOOD-3416,Vegetables,Fortune,Packet,1000.0,59.292368562012165,50.0
FOOD-9988,Snacks,Fortune,Bottle,1000.0,328.9126114989337,50.0
FOOD-5154,Snacks,Fortune,Packet,5000.0,529.8126439872201,150.0
FOOD-6619,Dairy,Amul,Box,100.0,314.0594272404378,350.0
FOOD-2936,Snacks,Amul,Packet,100.0,799.6772034247841,
FOOD-4807,Dairy,Britannia,Box,,330.2491048022586,150.0
FOOD-8151,Vegetables,Britannia,Bottle,250.0,441.52653989356463,150.0
FOOD-4236,Vegetables,Catch_Spices,Box,250.0,188.05970577270676,700.0
FOOD-3352,Snacks,Amul,Box,5000.0,130.18918139873145,
FOOD-2932,Vegetables,Amul,Packet,1000.0,519.7913754649683,150.0
FOOD-9556,Dairy,Britannia,Loose_Poly,100.0,475.00407006338884,350.0
FOOD-5916,Dairy,Catch_Spices,Packet,500.0,13.427697350964564,350.0
FOOD-6498,Bakery,Catch_Spices,Loose_Poly,100.0,234.9774124902163,50.0
FOOD-1946,Dairy,Amul,Box,100.0,518.4278626802023,50.0
FOOD-2439,Vegetables,Amul,Loose_Poly,1000.0,651.6769831286352,150.0
FOOD-8730,Vegetables,Britannia,Packet,5000.0,256.771235901477,50.0
FOOD-5857,Dairy,Amul,Packet,100.0,521.4747317381946,50.0
FOOD-1340,Bakery,Catch_Spices,Box,1000.0,219.5537648191685,50.0
FOOD-1382,Dairy,Britannia,Loose_Poly,1000.0,555.4001167570966,50.0
FOOD-9491,Bakery,Amul,Packet,100.0,561.3789189433454,50.0
FOOD-1138,Vegetables,Amul,Packet,100.0,112.87653776047615,
FOOD-1358,Bakery,Amul,Packet,500.0,535.4209293418339,50.0
FOOD-5931,Dairy,Fortune,Box,1000.0,273.51807352749205,50.0
FOOD-4456,Vegetables,Amul,Box,250.0,146.34999595817564,
FOOD-2627,Dairy,Amul,Packet,100.0,405.2853738912816,150.0
FOOD-7626,Bakery,Catch_Spices,Packet,500.0,367.3143802878898,50.0
FOOD-6004,Bakery,Amul,Bottle,500.0,621.3611007389776,150.0
FOOD-7652,Vegetables,Fortune,Packet,250.0,76.76725223736264,
FOOD-7416,Bakery,Amul,Box,100.0,633.9050823771069,150.0
FOOD-4170,Vegetables,Britannia,Bottle,1000.0,93.80506606634358,350.0
FOOD-4835,Vegetables,Amul,Bottle,500.0,173.89263218245893,50.0
FOOD-9017,Dairy,Amul,Box,1000.0,417.5468734804401,50.0
FOOD-3151,Bakery,Britannia,Bottle,1000.0,375.9079340177154,150.0
FOOD-7905,Bakery,Amul,Packet,1000.0,791.198590039898,150.0
FOOD-3834,Vegetables,Britannia,Box,5000.0,475.6842334773271,
FOOD-3567,Vegetables,Amul,Packet,5000.0,268.674120245062,350.0
FOOD-2307,Dairy,Britannia,Box,500.0,721.1176061497486,50.0
FOOD-9848,Vegetables,Catch_Spices,Packet,500.0,256.64981585817793,150.0
FOOD-3660,Vegetables,Amul,Box,500.0,226.28275179874916,50.0
FOOD-4730,Vegetables,Amul,Packet,500.0,400.55371820709894,50.0
FOOD-7207,Dairy,Fortune,Packet,,731.4080797337325,
FOOD-4162,Vegetables,Britannia,Packet,250.0,569.7262616544825,50.0
FOOD-2140,Dairy,Amul,Loose_Poly,100.0,545.211740219191,700.0
FOOD-9458,Vegetables,Britannia,Loose_Poly,250.0,583.6010393806228,150.0
FOOD-2708,Vegetables,Amul,Packet,100.0,531.1160825129517,150.0
FOOD-4630,Bakery,Amul,Packet,1000.0,610.2391241376772,350.0
FOOD-4211,Vegetables,Catch_Spices,Packet,250.0,162.28199716601546,
FOOD-7538,Dairy,Fortune,Packet,100.0,150.0340465416652,
FOOD-1475,Vegetables,Britannia,Box,250.0,296.109041595209,350.0
FOOD-8684,Dairy,Amul,Bottle,100.0,682.2582252487077,50.0
FOOD-2207,Vegetables,Amul,Box,1000.0,574.4188302424006,150.0
FOOD-2960,Vegetables,Catch_Spices,Box,250.0,457.51394084578766,50.0
FOOD-1557,Dairy,Amul,Bottle,250.0,25.36347560771467,150.0
FOOD-1882,Snacks,Amul,Box,1000.0,196.28380430933458,50.0
FOOD-5761,Vegetables,Amul,Packet,250.0,644.7760146144202,150.0
FOOD-6867,Dairy,Britannia,Packet,1000.0,201.56448753653274,700.0
FOOD-7963,Bakery,Amul,Box,250.0,586.9292557808484,150.0
FOOD-8166,Dairy,Amul,Packet,250.0,155.86106929460837,50.0
FOOD-8929,Bakery,Catch_Spices,Packet,250.0,489.0303709774933,50.0
FOOD-6347,Vegetables,Britannia,Loose_Poly,100.0,506.28697969339635,
FOOD-8269,Snacks,Amul,Bottle,100.0,604.0533182923205,150.0
FOOD-9125,Dairy,Fortune,Bottle,100.0,356.2904967075555,
FOOD-3454,Vegetables,Amul,Box,1000.0,509.8130122775232,350.0
FOOD-5494,Bakery,Britannia,Packet,500.0,394.7061330890251,150.0
FOOD-2946,Dairy,Britannia,Loose_Poly,100.0,758.3970558646672,350.0
FOOD-3808,Dairy,Amul,Packet,100.0,422.28577434462085,50.0
FOOD-7642,Bakery,Amul,Bottle,1000.0,175.5823276712684,350.0
FOOD-4825,Dairy,Fortune,Box,100.0,537.6351138195228,150.0
FOOD-4536,Vegetables,Catch_Spices,Bottle,250.0,443.2891892846466,150.0
FOOD-7068,Bakery,Britannia,Box,250.0,645.0253028039158,
FOOD-4802,Vegetables,Amul,Loose_Poly,500.0,149.76016209866245,50.0
FOOD-5699,Bakery,Amul,Box,100.0,216.1422861123848,50.0
FOOD-2970,Snacks,Amul,Packet,1000.0,738.0869948442005,50.0
FOOD-6806,Dairy,Amul,Bottle,250.0,744.7206294645739,50.0
FOOD-7142,Dairy,Britannia,Loose_Poly,100.0,359.38284551516387,350.0
FOOD-3819,Vegetables,Britannia,Bottle,250.0,47.72343387355961,
FOOD-1364,Vegetables,Amul,Bottle,250.0,252.17850421450817,
FOOD-5258,Snacks,Amul,Bottle,100.0,205.2268969928097,50.0
FOOD-4119,Vegetables,Britannia,Packet,1000.0,337.5947130759882,350.0
FOOD-2863,Dairy,Amul,Packet,100.0,261.06248891408416,50.0
FOOD-1115,Bakery,Catch_Spices,Loose_Poly,1000.0,664.9039516434389,50.0
FOOD-8084,Bakery,Britannia,Bottle,250.0,12.398455109108689,50.0
FOOD-9016,Dairy,Catch_Spices,Packet,100.0,519.2591642740836,150.0
FOOD-3384,Dairy,Catch_Spices,Box,100.0,534.7734778732741,
FOOD-4935,Bakery,Fortune,Bottle,250.0,531.8949944783438,
FOOD-8742,Snacks,Amul,Box,500.0,421.26979760651005,
FOOD-6442,Dairy,Catch_Spices,Packet,1000.0,492.77221775674434,50.0
FOOD-3490,Dairy,Amul,Loose_Poly,500.0,650.2905061143013,50.0
FOOD-7980,Vegetables,Amul,Bottle,250.0,629.5154551638212,150.0
FOOD-8661,Vegetables,Britannia,Box,,37.35404797094422,150.0
FOOD-2724,Dairy,Amul,Packet,1000.0,34.044863232474,
FOOD-9182,Snacks,Amul,Packet,1000.0,672.7664020886881,50.0
FOOD-3767,Bakery,Amul,Packet,250.0,464.0364531491447,
FOOD-2137,Snacks,Amul,Loose_Poly,,766.3675948626618,
FOOD-5117,Dairy,Britannia,Packet,500.0,350.95736156401586,
FOOD-4420,Bakery,Amul,Box,500.0,149.6260389026376,150.0
FOOD-6845,Bakery,Britannia,Packet,250.0,383.8555807863692,50.0
FOOD-5778,Dairy,Catch_Spices,Packet,250.0,354.87000328960323,150.0
FOOD-4906,Vegetables,Britannia,Packet,1000.0,418.5701313364279,50.0
FOOD-4637,Dairy,Britannia,Box,100.0,648.2783147627904,
FOOD-3953,Bakery,Catch_Spices,Box,250.0,527.9113504700531,50.0
FOOD-6929,Vegetables,Amul,Loose_Poly,,156.3675086455061,50.0
FOOD-1276,Snacks,Britannia,Loose_Poly,100.0,590.2370325204985,150.0
FOOD-2999,Vegetables,Catch_Spices,Packet,1000.0,477.59800848996093,150.0
FOOD-2227,Bakery,Catch_Spices,Box,250.0,466.86547712476823,50.0
FOOD-7337,Dairy,Britannia,Bottle,1000.0,545.8229371241517,150.0
FOOD-4735,Bakery,Amul,Box,250.0,455.53271233866,50.0
FOOD-1695,Dairy,Catch_Spices,Packet,1000.0,371.4358517070937,150.0
FOOD-5152,Snacks,Amul,Box,250.0,515.9004234231359,350.0
FOOD-8901,Dairy,Amul,Packet,,581.7443849449543,150.0
FOOD-8470,Vegetables,Amul,Packet,1000.0,188.35588483664057,50.0
FOOD-8537,Dairy,Britannia,Packet,100.0,402.6694164481089,150.0
FOOD-3841,Vegetables,Fortune,Packet,250.0,371.95624597944766,350.0
FOOD-5208,Vegetables,Fortune,Bottle,250.0,41.52358378291775,
FOOD-9733,Dairy,Fortune,Box,,669.2065385749646,50.0
FOOD-2088,Bakery,Amul,Box,100.0,308.13179891135525,50.0
FOOD-4363,Dairy,Britannia,Packet,500.0,67.42449422895496,
FOOD-1024,Bakery,Fortune,Packet,250.0,371.74028669042025,50.0
FOOD-7144,Dairy,Britannia,Packet,250.0,137.56983681236187,50.0
FOOD-6668,Vegetables,Catch_Spices,Box,250.0,566.4873875613852,
FOOD-5236,Snacks,Fortune,Packet,250.0,461.6995443824447,50.0
FOOD-9068,Dairy,Britannia,Bottle,500.0,223.3899075125688,150.0
FOOD-3235,Snacks,Amul,Packet,1000.0,760.8743487292695,
FOOD-8295,Vegetables,Britannia,Bottle,100.0,240.47882512190878,700.0
FOOD-9392,Vegetables,Catch_Spices,Packet,500.0,448.44755651176735,50.0
FOOD-9448,Bakery,Amul,Packet,250.0,643.2385811899289,150.0
FOOD-4747,Bakery,Fortune,Packet,250.0,415.9749153840455,50.0
FOOD-4175,Vegetables,Amul,Packet,250.0,769.0759838624753,50.0
FOOD-5897,Vegetables,Britannia,Packet,250.0,676.6451079138164,50.0
FOOD-6037,Bakery,Britannia,Bottle,100.0,737.6050210607078,150.0
FOOD-8427,Dairy,Britannia,Packet,250.0,304.4350411660068,150.0
FOOD-9605,Bakery,Catch_Spices,Packet,100.0,443.2007797548943,150.0
FOOD-3014,Vegetables,Amul,Packet,100.0,673.7313734397865,50.0
FOOD-2381,Dairy,Amul,Box,-200.0,0.0,
FOOD-2098,Snacks,Fortune,Bottle,250.0,756.047226595132,50.0
FOOD-4426,Vegetables,Amul,Box,250.0,704.530074691007,50.0
FOOD-4655,Dairy,Britannia,Packet,100.0,587.296374219435,
FOOD-8938,Bakery,Amul,Packet,1000.0,29.129696370224703,
FOOD-1187,Vegetables,Amul,Packet,100.0,258.81322508561584,50.0
FOOD-6409,Dairy,Britannia,Bottle,250.0,111.85966506581006,50.0
FOOD-3092,Dairy,Fortune,Bottle,500.0,132.25929505871716,50.0
FOOD-3130,Dairy,Amul,Box,1000.0,239.81667803248467,150.0
FOOD-6242,Dairy,Amul,Box,1000.0,69.04496117895656,50.0
FOOD-9549,Dairy,Amul,Bottle,100.0,201.9951317361303,350.0
FOOD-6647,Dairy,Britannia,Bottle,1000.0,766.0132808659214,
FOOD-6185,Dairy,Amul,Packet,500.0,256.43542708467464,
FOOD-6776,Bakery,Britannia,Packet,-200.0,0.0,150.0
FOOD-8913,Vegetables,Fortune,Loose_Poly,1000.0,577.4571425316481,150.0
FOOD-8547,Dairy,Britannia,Packet,250.0,664.5190685412773,150.0
FOOD-8823,Snacks,Amul,Loose_Poly,500.0,258.089901181222,150.0
FOOD-8355,Dairy,Britannia,Bottle,250.0,230.012875356913,150.0
FOOD-7465,Bakery,Catch_Spices,Bottle,250.0,200.99004284497647,150.0
FOOD-2497,Dairy,Amul,Packet,100.0,320.67637886243494,150.0
FOOD-3555,Bakery,Amul,Bottle,,78.91308869272453,150.0
FOOD-6409,Snacks,Britannia,Bottle,,538.612088979403,
FOOD-3951,Vegetables,Amul,Packet,5000.0,659.5587969526025,150.0
FOOD-2238,Dairy,Britannia,Packet,100.0,534.3090009939822,
FOOD-5727,Dairy,Fortune,Packet,,342.7477550155083,350.0
FOOD-4965,Dairy,Britannia,Bottle,250.0,238.280175401949,50.0
FOOD-6686,Vegetables,Britannia,Packet,250.0,333.4624699641432,50.0
FOOD-4701,Bakery,Britannia,Box,1000.0,344.83161306092654,350.0
FOOD-3780,Vegetables,Amul,Box,500.0,536.1564544932806,
FOOD-8398,Dairy,Amul,Packet,100.0,743.1676809639463,150.0
FOOD-2588,Bakery,Catch_Spices,Bottle,1000.0,65.76332666387171,50.0
FOOD-3368,Vegetables,Catch_Spices,Packet,,763.1493383780614,
FOOD-6789,Snacks,Fortune,Box,5000.0,729.0590140140072,350.0
FOOD-1436,Bakery,Catch_Spices,Packet,100.0,103.00851727088218,
FOOD-3828,Dairy,Amul,Packet,500.0,155.03217455741375,150.0
FOOD-2556,Dairy,Amul,Packet,,256.1605251430691,50.0
FOOD-8570,Vegetables,Amul,Box,1000.0,452.1361723625016,150.0
FOOD-8480,Bakery,Amul,Packet,100.0,116.23619490210449,150.0
FOOD-1182,Vegetables,Fortune,Packet,100.0,168.26461308479074,150.0
FOOD-8190,Bakery,Catch_Spices,Packet,1000.0,723.1134822123465,350.0
FOOD-7687,Bakery,Fortune,Packet,100.0,96.34749830903137,
FOOD-6565,Vegetables,Britannia,Box,500.0,325.11382946007814,150.0
FOOD-8241,Bakery,Amul,Bottle,500.0,612.7714043503798,150.0
FOOD-8651,Vegetables,Amul,Loose_Poly,250.0,711.9806623436831,50.0
FOOD-6575,Snacks,Amul,Packet,250.0,275.4736244513834,50.0
FOOD-2589,Vegetables,Britannia,Packet,1000.0,139.90562923247728,150.0
FOOD-9851,Dairy,Britannia,Box,1000.0,592.2392106854936,150.0
FOOD-1159,Vegetables,Catch_Spices,Bottle,250.0,620.3206293518094,
FOOD-7555,Bakery,Catch_Spices,Packet,100.0,784.22642080783,
FOOD-9244,Dairy,Amul,Bottle,100.0,120.23806264028936,
FOOD-7846,Vegetables,Amul,Box,100.0,570.4424973087873,50.0
FOOD-3307,Dairy,Britannia,Packet,250.0,339.66110481037765,
FOOD-2228,Dairy,Amul,Box,1000.0,732.5572556782889,50.0
FOOD-8226,Bakery,Fortune,Packet,500.0,332.18639862337477,50.0
FOOD-6590,Bakery,Britannia,Loose_Poly,500.0,362.30869669450624,150.0
FOOD-7919,Dairy,Amul,Bottle,250.0,110.16931256752,150.0
FOOD-6585,Vegetables,Britannia,Packet,250.0,263.5400602217951,
FOOD-7046,Vegetables,Britannia,Bottle,500.0,326.66397160990454,
FOOD-5945,Dairy,Catch_Spices,Loose_Poly,500.0,23.831915958502236,150.0
FOOD-8927,Dairy,Amul,Box,500.0,355.6838300698349,150.0
FOOD-8016,Dairy,Catch_Spices,Packet,,275.69165550117197,150.0
FOOD-8758,Vegetables,Britannia,Bottle,250.0,645.0333912823886,150.0
FOOD-6086,Dairy,Fortune,Bottle,250.0,94.6189646221764,
FOOD-8161,Snacks,Amul,Packet,100.0,610.566790269084,50.0
FOOD-2884,Vegetables,Britannia,Packet,500.0,574.06911918862,150.0
FOOD-2809,Dairy,Britannia,Bottle,100.0,201.00803894865368,
FOOD-4167,Bakery,Britannia,Bottle,1000.0,75.78461799001971,50.0
FOOD-7352,Bakery,Fortune,Packet,100.0,675.0484221469999,
FOOD-7056,Vegetables,Britannia,Box,250.0,207.04973376848162,50.0
FOOD-3437,Dairy,Catch_Spices,Bottle,1000.0,124.99249456860763,50.0
FOOD-7468,Bakery,Amul,Packet,250.0,293.63891551142177,50.0
FOOD-6951,Vegetables,Fortune,Packet,1000.0,326.6974306906511,50.0
FOOD-6276,Dairy,Amul,Bottle,500.0,267.6095040262696,50.0
FOOD-9859,Vegetables,Fortune,Bottle,1000.0,781.4200788804915,700.0
FOOD-8818,Dairy,Catch_Spices,Bottle,250.0,705.8483287441167,150.0
FOOD-5728,Dairy,Amul,Packet,100.0,699.65064220268,150.0
FOOD-3624,Bakery,Britannia,Bottle,250.0,325.0263965114082,
FOOD-6738,Vegetables,Britannia,Loose_Poly,500.0,770.6670153934098,50.0
FOOD-5232,Dairy,Amul,Packet,250.0,550.3720840704411,
FOOD-6793,Dairy,Britannia,Packet,100.0,667.2757882770106,
FOOD-5523,Dairy,Amul,Box,,405.69134879294603,50.0
FOOD-6571,Bakery,Catch_Spices,Packet,250.0,136.88766162748837,50.0
FOOD-3224,Dairy,Catch_Spices,Packet,500.0,710.6395489378945,50.0
FOOD-9389,Snacks,Fortune,Packet,100.0,394.2771241040178,150.0
FOOD-7091,Dairy,Britannia,Packet,250.0,775.1583781773056,150.0
FOOD-9662,Dairy,Fortune,Bottle,,211.34019900799433,50.0
FOOD-7361,Bakery,Amul,Packet,500.0,793.9794032306673,150.0
FOOD-2948,Vegetables,Britannia,Box,1000.0,185.71549875799775,50.0
FOOD-8094,Vegetables,Britannia,Bottle,250.0,300.8517388385408,150.0
FOOD-7318,Bakery,Catch_Spices,Bottle,,479.27305311069154,50.0
FOOD-4796,Dairy,Fortune,Packet,100.0,557.7252167557511,
FOOD-1234,Bakery,Britannia,Bottle,250.0,579.0229135150616,150.0
FOOD-4607,Snacks,Fortune,Bottle,250.0,386.2394030529403,50.0
FOOD-9043,Dairy,Amul,Box,250.0,70.6932959226405,350.0
FOOD-1522,Dairy,Fortune,Box,1000.0,401.87803985572003,
FOOD-6904,Dairy,Britannia,Bottle,1000.0,274.4034825037531,150.0
FOOD-5888,Vegetables,Amul,Bottle,100.0,529.5479311247914,50.0
FOOD-6832,Bakery,Britannia,Box,100.0,153.9977114909121,50.0
FOOD-8122,Bakery,Britannia,Bottle,250.0,321.19073655356874,150.0
FOOD-6842,Dairy,Britannia,Packet,250.0,773.2341316604212,150.0
FOOD-2316,Vegetables,Britannia,Packet,250.0,80.2052453919389,150.0
FOOD-2124,Vegetables,Britannia,Loose_Poly,500.0,485.84398477351664,
FOOD-6621,Vegetables,Fortune,Packet,100.0,81.61210094834324,50.0
FOOD-6423,Bakery,Catch_Spices,Box,1000.0,134.02656819256822,
FOOD-3587,Vegetables,Amul,Packet,500.0,487.89816700431516,50.0
FOOD-6672,Bakery,Catch_Spices,Bottle,-200.0,0.0,150.0
FOOD-2378,Bakery,Britannia,Bottle,500.0,443.3142075906347,50.0
FOOD-4374,Bakery,Fortune,Packet,500.0,705.0990147701233,150.0
FOOD-2519,Dairy,Britannia,Box,100.0,655.6197915836683,50.0
FOOD-6777,Bakery,Amul,Bottle,500.0,711.5053450485251,50.0
FOOD-8935,Dairy,Amul,Bottle,100.0,496.84138746218775,50.0
FOOD-7093,Bakery,Fortune,Bottle,500.0,396.81810407407124,50.0
FOOD-9418,Dairy,Britannia,Packet,100.0,372.7660896062173,50.0
FOOD-6355,Dairy,Fortune,Bottle,100.0,594.4487594157308,
FOOD-5968,Dairy,Britannia,Packet,100.0,421.82690387672073,150.0
FOOD-6574,Vegetables,Amul,Packet,100.0,93.55734904715285,150.0
FOOD-5072,Dairy,Amul,Loose_Poly,250.0,122.13182900602644,150.0
FOOD-3257,Snacks,Fortune,Bottle,99999.0,292.095386493983,50.0
FOOD-9588,Vegetables,Amul,Box,250.0,63.58046385723908,50.0
FOOD-5424,Vegetables,Fortune,Bottle,500.0,198.99266337334487,50.0
FOOD-4237,Vegetables,Amul,Packet,100.0,528.5566740387017,
FOOD-4893,Dairy,Fortune,Bottle,250.0,19.81994671482478,50.0
FOOD-3005,Vegetables,Amul,Box,100.0,487.23336380938343,700.0
FOOD-3016,Dairy,Amul,Packet,100.0,620.1619693294458,
FOOD-2772,Vegetables,Britannia,Box,100.0,144.42146370956692,50.0
FOOD-9353,Vegetables,Britannia,Bottle,250.0,152.9651649299028,150.0
FOOD-4976,Bakery,Amul,Packet,100.0,32.79652954564973,50.0
FOOD-2751,Vegetables,Catch_Spices,Bottle,1000.0,414.8355306784346,150.0
FOOD-9967,Snacks,Amul,Packet,250.0,527.1241699294466,150.0
FOOD-8430,Vegetables,Britannia,Packet,1000.0,370.9585698468489,50.0
FOOD-8170,Dairy,Amul,Box,5000.0,317.6645596047073,150.0
FOOD-7469,Vegetables,Amul,Box,500.0,368.9861256619971,50.0
FOOD-4220,Dairy,Britannia,Box,1000.0,627.4072927924776,150.0
FOOD-1539,Snacks,Amul,Box,100.0,36.4763028028336,
FOOD-2461,Bakery,Fortune,Loose_Poly,1000.0,629.2166630577606,
FOOD-6184,Vegetables,Amul,Loose_Poly,100.0,536.4102713767651,150.0
FOOD-9547,Dairy,Fortune,Packet,250.0,200.7269777843617,50.0
FOOD-1234,Dairy,Amul,Bottle,500.0,424.5443837297439,150.0
FOOD-2548,Vegetables,Amul,Packet,1000.0,48.939629815431175,50.0
FOOD-8480,Vegetables,Amul,Bottle,1000.0,309.875049568048,150.0
FOOD-5213,Snacks,Fortune,Loose_Poly,100.0,147.49355847093656,
FOOD-2673,Snacks,Britannia,Packet,250.0,27.617304956316648,350.0
FOOD-7708,Snacks,Fortune,Bottle,500.0,292.10070323511303,50.0
FOOD-8982,Bakery,Britannia,Bottle,500.0,583.6288097416042,
FOOD-3100,Bakery,Fortune,Packet,,737.6072752131394,150.0
FOOD-4748,Vegetables,Britannia,Packet,250.0,533.1881753416134,350.0
FOOD-4173,Vegetables,Amul,Bottle,1000.0,327.55640122300844,350.0
FOOD-2815,Vegetables,Amul,Packet,500.0,799.6019287974833,
FOOD-4841,Bakery,Britannia,Bottle,250.0,233.52537139916615,150.0
FOOD-9016,Bakery,Britannia,Bottle,500.0,157.83383183946265,50.0
FOOD-8011,Bakery,Amul,Bottle,250.0,376.30899268847526,150.0
FOOD-5493,Snacks,Fortune,Packet,1000.0,408.8800181990281,50.0
FOOD-1674,Bakery,Britannia,Bottle,250.0,290.31047023422775,50.0
FOOD-9088,Snacks,Britannia,Packet,250.0,559.4442724458029,150.0
FOOD-9578,Vegetables,Amul,Box,1000.0,155.25288542329153,150.0
FOOD-3158,Bakery,Britannia,Packet,,413.1684102031368,150.0
FOOD-3661,Dairy,Amul,Box,1000.0,405.10029721562273,150.0
FOOD-3064,Vegetables,Amul,Box,500.0,660.791273918495,150.0
FOOD-4253,Snacks,Fortune,Box,1000.0,742.3048770210358,
FOOD-5979,Bakery,Amul,Packet,100.0,533.9800402314211,150.0
FOOD-8703,Vegetables,Amul,Packet,500.0,251.2435563643665,150.0
FOOD-9931,Vegetables,Amul,Bottle,1000.0,554.7927056959498,50.0
FOOD-2401,Bakery,Britannia,Packet,500.0,208.58319209999578,150.0
FOOD-4259,Dairy,Amul,Loose_Poly,100.0,773.5700684788346,150.0
FOOD-4923,Snacks,Amul,Packet,100.0,659.6660740753431,350.0
FOOD-5214,Vegetables,Britannia,Loose_Poly,250.0,350.64030181817,50.0
FOOD-4227,Vegetables,Britannia,Box,250.0,629.6313785418611,50.0
FOOD-3745,Vegetables,Catch_Spices,Packet,500.0,332.83795983590744,350.0
FOOD-7091,Vegetables,Amul,Bottle,250.0,68.94202543600082,50.0
FOOD-4866,Vegetables,Amul,Packet,1000.0,568.3474096704783,150.0
FOOD-6818,Snacks,Britannia,Packet,250.0,329.64492809246804,700.0
FOOD-3222,Dairy,Amul,Packet,,744.9526552592508,150.0
FOOD-3792,Dairy,Catch_Spices,Loose_Poly,,252.18335932013645,700.0
FOOD-5063,Vegetables,Britannia,Bottle,500.0,676.2329289491287,50.0
FOOD-2524,Vegetables,Amul,Bottle,250.0,547.5458977133437,
FOOD-9224,Bakery,Fortune,Packet,250.0,684.1264467410341,
FOOD-7198,Dairy,Amul,Bottle,500.0,240.58668290390887,150.0
FOOD-5025,Bakery,Catch_Spices,Packet,250.0,374.4628686217289,
FOOD-3566,Dairy,Catch_Spices,Packet,99999.0,660.2719188759899,150.0
FOOD-3803,Vegetables,Britannia,Packet,1000.0,518.6168671557814,
FOOD-4709,Dairy,Amul,Bottle,,294.33830060131436,700.0
FOOD-7155,Vegetables,Amul,Bottle,1000.0,414.47654431034704,
FOOD-1719,Bakery,Amul,Packet,500.0,796.9174945469878,50.0
FOOD-7516,Vegetables,Amul,Loose_Poly,250.0,596.0599163769667,150.0
FOOD-5579,Bakery,Britannia,Packet,250.0,495.47289569622296,150.0
FOOD-1972,Vegetables,Catch_Spices,Bottle,1000.0,664.0499905424774,50.0
FOOD-4718,Bakery,Britannia,Packet,5000.0,359.2039676300144,350.0
FOOD-8395,Snacks,Britannia,Packet,250.0,760.5505636708815,50.0
FOOD-5402,Dairy,Britannia,Loose_Poly,100.0,446.0967706695968,50.0
FOOD-5552,Dairy,Catch_Spices,Box,500.0,268.22899820476795,50.0
FOOD-3207,Snacks,Amul,Bottle,100.0,77.95578228158949,150.0
FOOD-5426,Dairy,Britannia,Box,500.0,306.79922320530653,50.0
FOOD-7919,Vegetables,Fortune,Box,1000.0,459.22431785889063,150.0
FOOD-9835,Vegetables,Fortune,Bottle,250.0,565.566029599263,50.0
FOOD-9386,Bakery,Catch_Spices,Box,100.0,701.3421873997479,
FOOD-9680,Bakery,Fortune,Packet,500.0,755.7290599058136,50.0
FOOD-3204,Vegetables,Amul,Bottle,250.0,90.93853848309091,350.0
FOOD-6345,Vegetables,Britannia,Box,100.0,484.7149389382737,150.0
FOOD-4276,Snacks,Amul,Packet,500.0,536.6058228387906,
FOOD-2102,Vegetables,Britannia,Box,5000.0,145.93041542475348,
FOOD-6243,Dairy,Britannia,Packet,500.0,441.02453740809784,50.0
FOOD-7614,Vegetables,Britannia,Box,250.0,274.51857210841735,150.0
FOOD-9707,Bakery,Catch_Spices,Packet,500.0,71.15969226887157,
FOOD-6223,Vegetables,Britannia,Packet,100.0,62.03413302204234,50.0
FOOD-9584,Bakery,Amul,Packet,1000.0,609.7782545501676,50.0
FOOD-1630,Vegetables,Amul,Box,500.0,496.209806978897,150.0
FOOD-7683,Bakery,Catch_Spices,Packet,5000.0,574.9461258019911,
FOOD-1277,Bakery,Amul,Bottle,5000.0,551.3697420837507,50.0
FOOD-1232,Dairy,Amul,Bottle,250.0,116.10671682555748,150.0
FOOD-6690,Dairy,Amul,Packet,-200.0,0.0,50.0
FOOD-8659,Dairy,Britannia,Loose_Poly,5000.0,209.46214212362204,150.0
FOOD-1025,Vegetables,Amul,Packet,500.0,325.2894637021049,
FOOD-8468,Bakery,Catch_Spices,Bottle,250.0,751.9492177007293,50.0
FOOD-7410,Vegetables,Catch_Spices,Bottle,500.0,542.374965492526,
FOOD-9652,Bakery,Catch_Spices,Packet,100.0,211.58582821552733,150.0
FOOD-4764,Vegetables,Amul,Packet,500.0,54.22744044359854,
FOOD-7599,Vegetables,Catch_Spices,Box,,550.5369053370348,
FOOD-6102,Vegetables,Catch_Spices,Loose_Poly,500.0,504.00159194468114,50.0
FOOD-8006,Dairy,Catch_Spices,Packet,5000.0,543.8531005060881,50.0
FOOD-4483,Dairy,Britannia,Packet,100.0,216.33192670627804,50.0
FOOD-2994,Bakery,Fortune,Loose_Poly,500.0,418.40094160803704,50.0
FOOD-9682,Vegetables,Amul,Packet,100.0,295.7452130992763,50.0
FOOD-2072,Vegetables,Catch_Spices,Bottle,500.0,655.9821617671387,
FOOD-7707,Bakery,Amul,Bottle,500.0,64.82336307374764,50.0
FOOD-1215,Bakery,Amul,Packet,100.0,227.59901365889235,
FOOD-8605,Vegetables,Catch_Spices,Bottle,250.0,486.33345789459156,
FOOD-3606,Dairy,Britannia,Loose_Poly,1000.0,172.12678388847698,
FOOD-9350,Dairy,Amul,Bottle,250.0,541.4436144185707,
FOOD-5781,Bakery,Catch_Spices,Box,500.0,118.05027752812087,150.0
FOOD-4313,Bakery,Catch_Spices,Bottle,500.0,28.02171058101547,150.0
FOOD-8763,Bakery,Amul,Bottle,100.0,692.160680947645,50.0
FOOD-6939,Bakery,Catch_Spices,Packet,1000.0,273.4210771117514,150.0
FOOD-3295,Vegetables,Amul,Box,250.0,133.91069661821555,350.0
FOOD-6685,Bakery,Amul,Packet,250.0,146.44013033918188,50.0
FOOD-2696,Dairy,Amul,Packet,100.0,709.8573612873063,50.0
FOOD-2946,Vegetables,Amul,Loose_Poly,250.0,527.0008108559816,350.0
FOOD-3783,Dairy,Amul,Box,500.0,765.5135506061712,150.0
FOOD-4644,Snacks,Amul,Loose_Poly,500.0,642.031855468546,150.0
FOOD-6241,Bakery,Catch_Spices,Packet,500.0,616.3587211722537,50.0
FOOD-7420,Vegetables,Britannia,Box,500.0,404.85832106431496,50.0
FOOD-8557,Bakery,Catch_Spices,Bottle,250.0,658.435869977855,50.0
FOOD-3645,Bakery,Fortune,Loose_Poly,250.0,335.9955053690628,150.0
FOOD-7589,Vegetables,Amul,Loose_Poly,-200.0,0.0,50.0
FOOD-7353,Dairy,Catch_Spices,Loose_Poly,5000.0,608.615620432827,150.0
FOOD-2932,Bakery,Catch_Spices,Loose_Poly,250.0,545.9665142208803,350.0
FOOD-2757,Dairy,Amul,Packet,500.0,270.47578691113074,50.0
FOOD-6085,Vegetables,Amul,Box,100.0,508.2621934737625,50.0
FOOD-6637,Bakery,Fortune,Packet,100.0,410.3622235723126,150.0
FOOD-2116,Snacks,Fortune,Box,500.0,374.6188648714687,
FOOD-1492,Bakery,Catch_Spices,Loose_Poly,250.0,792.2946033729457,350.0
FOOD-9811,Bakery,Amul,Packet,100.0,408.4742855660714,150.0
FOOD-8888,Dairy,Amul,Bottle,500.0,35.26910226889696,
FOOD-7474,Vegetables,Britannia,Box,1000.0,504.9096165746964,50.0
FOOD-5958,Dairy,Britannia,Packet,1000.0,585.128567571834,150.0
FOOD-3743,Vegetables,Amul,Packet,250.0,709.2952567602277,50.0
FOOD-8866,Bakery,Amul,Packet,250.0,509.8209341110333,
FOOD-8160,Vegetables,Britannia,Packet,100.0,25.371122586821986,50.0
FOOD-6451,Dairy,Fortune,Bottle,500.0,104.5980252908417,150.0
FOOD-6258,Dairy,Amul,Bottle,1000.0,137.3796388348308,50.0
FOOD-9548,Snacks,Britannia,Packet,1000.0,176.8964688912065,150.0
FOOD-8186,Vegetables,Fortune,Loose_Poly,500.0,641.8237487524525,50.0
FOOD-7102,Vegetables,Catch_Spices,Bottle,,254.7104395072455,
FOOD-1619,Vegetables,Amul,Bottle,250.0,256.76623498897993,50.0
FOOD-1882,Bakery,Amul,Packet,250.0,606.9140783724054,50.0
FOOD-9988,Vegetables,Catch_Spices,Bottle,1000.0,335.82489387187127,350.0
FOOD-4642,Vegetables,Amul,Packet,100.0,61.065230243504374,700.0
FOOD-2296,Vegetables,Fortune,Box,250.0,472.24989215090164,
FOOD-9436,Bakery,Britannia,Bottle,100.0,112.75347233867355,50.0
FOOD-3895,Vegetables,Amul,Packet,500.0,461.6147811756515,350.0
FOOD-7593,Vegetables,Britannia,Loose_Poly,500.0,625.9141050213012,50.0
FOOD-1929,Vegetables,Britannia,Bottle,500.0,744.2968134885458,50.0
FOOD-6366,Dairy,Britannia,Packet,500.0,62.97155948989853,
FOOD-9711,Bakery,Amul,Loose_Poly,500.0,250.1336011723676,150.0
FOOD-4212,Dairy,Catch_Spices,Bottle,100.0,525.4465465762937,50.0
FOOD-3409,Snacks,Britannia,Box,250.0,259.2078722473834,150.0
FOOD-9199,Snacks,Britannia,Bottle,5000.0,366.3102328425005,50.0
FOOD-4423,Dairy,Catch_Spices,Packet,100.0,25.871781409993872,
FOOD-7976,Bakery,Britannia,Loose_Poly,100.0,557.8634248678537,
FOOD-8594,Bakery,Fortune,Bottle,250.0,707.79130389449,350.0
FOOD-6158,Bakery,Catch_Spices,Packet,250.0,781.7191217722343,150.0
FOOD-4667,Dairy,Amul,Loose_Poly,250.0,666.1213456750528,150.0
FOOD-6973,Dairy,Britannia,Bottle,250.0,35.103247314863786,
FOOD-7236,Dairy,Catch_Spices,Box,99999.0,524.9646348596796,50.0
FOOD-9277,Bakery,Amul,Box,500.0,401.5708045879571,50.0
FOOD-3468,Vegetables,Amul,Packet,,750.937439638993,50.0
FOOD-7217,Vegetables,Catch_Spices,Packet,500.0,722.6897031082483,350.0
FOOD-4619,Dairy,Fortune,Packet,1000.0,790.5564777619437,
FOOD-2636,Vegetables,Catch_Spices,Box,1000.0,690.9280371667293,150.0
FOOD-9155,Dairy,Amul,Packet,250.0,442.044785747149,50.0
FOOD-4583,Vegetables,Amul,Packet,250.0,574.7714071739834,50.0
FOOD-5009,Vegetables,Amul,Packet,1000.0,772.0950167295666,150.0
FOOD-4326,Snacks,Britannia,Packet,500.0,466.7122149356081,50.0
FOOD-9148,Dairy,Britannia,Bottle,250.0,673.5835577396881,
FOOD-3217,Bakery,Amul,Loose_Poly,100.0,754.3458021364273,50.0
FOOD-5967,Vegetables,Amul,Packet,500.0,460.7247760865472,350.0
FOOD-3369,Vegetables,Britannia,Bottle,100.0,135.73185440333975,50.0
FOOD-4638,Bakery,Britannia,Box,100.0,132.8950805807694,
FOOD-6722,Bakery,Amul,Bottle,250.0,101.10056759268826,150.0
FOOD-5444,Dairy,Catch_Spices,Loose_Poly,250.0,386.2953124172028,
FOOD-8618,Snacks,Amul,Bottle,250.0,389.3118468354759,50.0
FOOD-4947,Snacks,Fortune,Packet,250.0,497.723238813251,50.0
FOOD-2676,Snacks,Catch_Spices,Loose_Poly,,391.46952315538977,50.0
FOOD-2196,Dairy,Britannia,Bottle,100.0,778.7134622323797,50.0
FOOD-3787,Vegetables,Amul,Packet,100.0,240.13554827317284,150.0
FOOD-8432,Dairy,Amul,Packet,250.0,700.3151341802767,
FOOD-8927,Bakery,Catch_Spices,Loose_Poly,100.0,89.2610378175838,50.0
FOOD-4318,Vegetables,Amul,Box,100.0,485.51496564901714,
FOOD-9858,Bakery,Fortune,Bottle,250.0,522.1769217140314,50.0
FOOD-7689,Vegetables,Catch_Spices,Box,100.0,620.0617999953963,
FOOD-3176,Dairy,Catch_Spices,Bottle,100.0,407.38754822670853,50.0
FOOD-4743,Vegetables,Britannia,Packet,1000.0,165.80876674998902,50.0
FOOD-9792,Bakery,Fortune,Box,250.0,301.5081139251176,
FOOD-5422,Vegetables,Catch_Spices,Box,1000.0,225.0075980315471,50.0
FOOD-4824,Bakery,Amul,Bottle,250.0,341.0933573518098,50.0
FOOD-3451,Dairy,Amul,Packet,1000.0,428.67496309303317,50.0
FOOD-1628,Bakery,Amul,Packet,100.0,503.805530188027,50.0
FOOD-8778,Snacks,Amul,Box,500.0,677.6463364842423,50.0
FOOD-4696,Bakery,Catch_Spices,Box,250.0,728.9081536376809,150.0
FOOD-4674,Snacks,Britannia,Bottle,1000.0,375.43921507208063,150.0
FOOD-4929,Vegetables,Catch_Spices,Box,250.0,80.05043551144061,50.0
FOOD-3765,Vegetables,Fortune,Box,1000.0,639.6814997853593,350.0
FOOD-5369,Vegetables,Britannia,Box,250.0,386.9546028609081,350.0
FOOD-9307,Vegetables,Britannia,Packet,500.0,441.6928150832963,
FOOD-5956,Bakery,Amul,Packet,1000.0,480.6773705786213,50.0
FOOD-1692,Vegetables,Catch_Spices,Bottle,99999.0,537.6155294061723,150.0
FOOD-4162,Dairy,Britannia,Packet,500.0,713.1796794256811,
FOOD-2105,Dairy,Britannia,Box,250.0,762.195494216051,50.0
FOOD-4008,Dairy,Amul,Loose_Poly,100.0,752.7337620560465,350.0
FOOD-3161,Dairy,Catch_Spices,Bottle,250.0,649.4762853035971,150.0
FOOD-9345,Bakery,Catch_Spices,Loose_Poly,100.0,712.5013803312042,
FOOD-4699,Vegetables,Britannia,Bottle,100.0,49.22726746920279,150.0
FOOD-4786,Vegetables,Britannia,Bottle,250.0,680.7990064991794,50.0
FOOD-5200,Dairy,Fortune,Bottle,1000.0,67.08953711467939,350.0
FOOD-2913,Bakery,Amul,Packet,,599.4931869931822,50.0
FOOD-6520,Dairy,Amul,Packet,250.0,143.7972610589952,50.0
FOOD-2772,Bakery,Britannia,Bottle,250.0,294.48725219143597,150.0
FOOD-3780,Dairy,Amul,Loose_Poly,1000.0,155.50510653186632,50.0
FOOD-8423,Dairy,Britannia,Bottle,100.0,360.33469294344917,
FOOD-3871,Vegetables,Britannia,Packet,250.0,335.2804806151299,
FOOD-1660,Dairy,Amul,Packet,5000.0,47.969646738467645,50.0
FOOD-7242,Bakery,Amul,Loose_Poly,250.0,666.0933766311724,350.0
FOOD-2132,Vegetables,Amul,Bottle,500.0,684.8073316775959,50.0
FOOD-1699,Vegetables,Amul,Loose_Poly,1000.0,632.1307227639466,
FOOD-8470,Bakery,Britannia,Bottle,100.0,679.6092165527025,150.0
FOOD-7297,Dairy,Britannia,Bottle,99999.0,603.1944378959212,
FOOD-8812,Vegetables,Catch_Spices,Box,1000.0,750.6127118447836,50.0
FOOD-5557,Bakery,Amul,Packet,100.0,465.34987765784604,50.0
FOOD-3179,Vegetables,Catch_Spices,Bottle,250.0,470.2876118030871,50.0
FOOD-9275,Bakery,Amul,Bottle,500.0,689.3288276559013,
FOOD-2422,Vegetables,Britannia,Bottle,1000.0,286.03828190769144,
FOOD-4180,Bakery,Britannia,Box,100.0,49.565059820031095,150.0
FOOD-5316,Dairy,Britannia,Packet,500.0,602.3857623645486,
FOOD-7696,Bakery,Fortune,Bottle,100.0,211.12545173418647,150.0
FOOD-1614,Vegetables,Amul,Packet,1000.0,384.6462915036686,150.0
FOOD-5570,Bakery,Amul,Packet,500.0,199.94747018285437,
FOOD-1270,Dairy,Catch_Spices,Bottle,250.0,663.4017731022768,350.0
FOOD-3468,Dairy,Amul,Packet,500.0,767.0514424127869,
FOOD-4607,Dairy,Amul,Bottle,1000.0,53.468251844464376,150.0
FOOD-4075,Bakery,Amul,Packet,250.0,194.363588856298,50.0
FOOD-1289,Snacks,Amul,Packet,500.0,159.75407781409498,
FOOD-9120,Vegetables,Britannia,Packet,100.0,541.8307750657585,350.0
FOOD-7614,Vegetables,Britannia,Packet,500.0,348.6559358225203,350.0
FOOD-4252,Bakery,Amul,Box,500.0,370.4467141762397,50.0
FOOD-8415,Vegetables,Amul,Bottle,250.0,134.092476660471,50.0
FOOD-7771,Snacks,Fortune,Loose_Poly,500.0,337.6403668085385,350.0
FOOD-1278,Dairy,Fortune,Packet,250.0,249.55034169247216,50.0
FOOD-1580,Bakery,Catch_Spices,Box,1000.0,492.840822589836,50.0
FOOD-5958,Vegetables,Catch_Spices,Bottle,100.0,181.61820070204146,50.0
FOOD-9445,Vegetables,Catch_Spices,Packet,100.0,495.70095948957743,150.0
FOOD-5276,Bakery,Fortune,Box,1000.0,308.4187015685507,150.0
FOOD-8997,Snacks,Britannia,Box,1000.0,283.5727040024331,350.0
FOOD-5776,Snacks,Amul,Bottle,250.0,251.38974098720078,50.0
FOOD-1824,Vegetables,Britannia,Bottle,5000.0,542.3284602804057,150.0
FOOD-4832,Vegetables,Amul,Bottle,500.0,454.3105402920509,
FOOD-9891,Vegetables,Catch_Spices,Packet,-200.0,0.0,150.0
FOOD-6445,Bakery,Britannia,Bottle,250.0,200.87204028455804,50.0
FOOD-2380,Vegetables,Britannia,Box,100.0,41.694467734883986,
FOOD-7534,Vegetables,Amul,Packet,250.0,153.79855065194894,150.0
FOOD-4156,Vegetables,Britannia,Bottle,-200.0,0.0,
FOOD-5307,Vegetables,Amul,Bottle,250.0,151.9274423437297,50.0
FOOD-6634,Snacks,Amul,Box,5000.0,75.97343523002448,50.0
FOOD-9575,Dairy,Amul,Box,500.0,361.81739380395925,150.0
FOOD-6810,Vegetables,Amul,Packet,250.0,544.777594364427,50.0
FOOD-9533,Vegetables,Britannia,Bottle,250.0,603.7409058936422,
FOOD-6934,Vegetables,Britannia,Bottle,500.0,324.99458652769675,
FOOD-4109,Vegetables,Catch_Spices,Bottle,500.0,387.6552296921681,150.0
FOOD-5082,Vegetables,Britannia,Bottle,100.0,606.8216897660924,
FOOD-4240,Bakery,Amul,Box,1000.0,288.6391859435926,150.0
FOOD-7028,Vegetables,Catch_Spices,Box,250.0,629.9653069016983,350.0
FOOD-2849,Vegetables,Britannia,Bottle,1000.0,774.2270918231862,50.0
FOOD-9497,Dairy,Britannia,Bottle,500.0,705.5796924396906,150.0
FOOD-3749,Bakery,Britannia,Packet,250.0,368.3403159827514,50.0
FOOD-7680,Dairy,Fortune,Packet,250.0,467.8196109622506,50.0
FOOD-1205,Bakery,Amul,Loose_Poly,1000.0,575.9768454582926,
FOOD-8352,Dairy,Amul,Bottle,250.0,285.94734952458276,50.0
FOOD-5591,Bakery,Fortune,Bottle,5000.0,641.3980989812659,350.0
FOOD-4450,Vegetables,Amul,Box,250.0,355.16442627161945,150.0
FOOD-8214,Snacks,Catch_Spices,Packet,5000.0,679.0048308993429,350.0
FOOD-4811,Vegetables,Britannia,Box,1000.0,211.23977699159173,350.0
FOOD-6141,Dairy,Britannia,Box,500.0,18.988664502937507,
FOOD-9501,Bakery,Fortune,Box,250.0,509.8238328181763,
FOOD-3708,Dairy,Amul,Packet,250.0,366.9924028195693,50.0
FOOD-2991,Snacks,Catch_Spices,Bottle,1000.0,57.26026244387261,150.0
FOOD-9463,Dairy,Catch_Spices,Packet,250.0,395.2137589277297,50.0
FOOD-4273,Bakery,Britannia,Bottle,500.0,143.17017788299674,150.0
FOOD-5538,Bakery,Catch_Spices,Box,500.0,507.50183851804,150.0
FOOD-9712,Snacks,Amul,Packet,250.0,361.58600633949044,150.0
FOOD-4722,Snacks,Catch_Spices,Bottle,250.0,145.18855400491202,
FOOD-4551,Bakery,Amul,Bottle,100.0,335.4317682975456,
FOOD-3832,Bakery,Amul,Box,100.0,193.8399584602003,50.0
FOOD-6679,Dairy,Amul,Bottle,1000.0,525.9464565736026,350.0
FOOD-7579,Vegetables,Amul,Packet,1000.0,243.16326549612697,50.0
FOOD-1152,Bakery,Amul,Packet,,659.3937065405294,150.0
FOOD-6754,Snacks,Catch_Spices,Box,1000.0,21.188932338294705,700.0
FOOD-3800,Bakery,Catch_Spices,Bottle,,328.7002014684129,50.0
FOOD-6310,Snacks,Amul,Bottle,250.0,497.49355991449715,
FOOD-3610,Bakery,Amul,Packet,100.0,27.860544714838742,50.0
FOOD-2104,Vegetables,Catch_Spices,Packet,5000.0,180.51510299400317,50.0
FOOD-8361,Vegetables,Amul,Box,5000.0,268.66176802827334,350.0
FOOD-5199,Vegetables,Amul,Box,500.0,27.257198120051953,
FOOD-4854,Vegetables,Britannia,Packet,250.0,441.8856568320297,50.0
FOOD-8263,Dairy,Britannia,Bottle,250.0,508.38602737674154,50.0
FOOD-2914,Snacks,Amul,Packet,500.0,189.74257893229597,50.0
FOOD-8365,Bakery,Fortune,Loose_Poly,100.0,439.351354589419,
FOOD-4072,Dairy,Britannia,Bottle,250.0,799.3102424344228,150.0
FOOD-1406,Vegetables,Amul,Box,500.0,710.6662373203825,50.0
FOOD-1166,Vegetables,Catch_Spices,Box,250.0,56.342056964386984,150.0
FOOD-1508,Dairy,Britannia,Box,,111.02714688889692,50.0
FOOD-2661,Vegetables,Amul,Loose_Poly,250.0,400.5786238659685,50.0
FOOD-4664,Vegetables,Amul,Packet,500.0,203.7088807431248,150.0
FOOD-4489,Dairy,Amul,Loose_Poly,5000.0,73.96569736969641,
FOOD-1680,Vegetables,Britannia,Box,,211.0980492691179,
FOOD-3524,Snacks,Amul,Packet,250.0,58.33069716230402,50.0
FOOD-3120,Vegetables,Britannia,Box,250.0,428.63082927136264,150.0
FOOD-6260,Vegetables,Amul,Box,100.0,397.297581899802,50.0
FOOD-5357,Vegetables,Britannia,Box,500.0,14.997661309358644,50.0
FOOD-2363,Vegetables,Fortune,Packet,100.0,391.18795255870407,
FOOD-3292,Bakery,Britannia,Bottle,100.0,420.6460663361828,
FOOD-2538,Bakery,Britannia,Packet,500.0,488.5059553991631,
FOOD-4408,Dairy,Catch_Spices,Box,250.0,776.3787822811386,350.0
FOOD-8742,Bakery,Britannia,Loose_Poly,99999.0,786.3270173710804,150.0
FOOD-9752,Dairy,Amul,Bottle,250.0,426.27415542994953,
FOOD-2903,Bakery,Britannia,Bottle,250.0,677.6974911117281,
FOOD-1174,Vegetables,Catch_Spices,Box,250.0,77.2809582923443,
FOOD-3230,Dairy,Amul,Packet,100.0,429.61215171975954,50.0
FOOD-5287,Bakery,Amul,Bottle,1000.0,546.3310467869297,150.0
FOOD-5160,Bakery,Britannia,Box,500.0,456.13576745994317,50.0
FOOD-8106,Bakery,Britannia,Packet,250.0,192.2695856188062,
FOOD-4171,Vegetables,Fortune,Packet,500.0,59.49980918064265,50.0
FOOD-2567,Vegetables,Amul,Box,5000.0,315.46873481439974,
FOOD-2151,Snacks,Amul,Bottle,100.0,521.6375732515394,50.0
FOOD-8619,Vegetables,Catch_Spices,Box,100.0,793.4533281878939,150.0
FOOD-7033,Vegetables,Amul,Packet,100.0,196.8614265933175,50.0
FOOD-9560,Vegetables,Amul,Packet,1000.0,735.0540286719931,
FOOD-5946,Vegetables,Britannia,Bottle,100.0,63.92650562495856,50.0
FOOD-9234,Vegetables,Fortune,Bottle,250.0,745.4815263999428,150.0
FOOD-2907,Dairy,Fortune,Bottle,250.0,667.5697466173236,
FOOD-4490,Dairy,Catch_Spices,Bottle,500.0,26.546828658159875,
FOOD-3535,Snacks,Amul,Bottle,1000.0,245.56644553004506,50.0
FOOD-5173,Vegetables,Amul,Bottle,250.0,50.255756406041485,50.0
FOOD-2293,Vegetables,Amul,Packet,250.0,796.449638508352,
FOOD-5769,Dairy,Catch_Spices,Packet,5000.0,347.9967636211832,
FOOD-5796,Dairy,Britannia,Packet,100.0,533.1170804924036,
FOOD-7871,Dairy,Amul,Packet,100.0,195.0105541096856,50.0
FOOD-3972,Bakery,Fortune,Packet,500.0,747.6516285473658,
FOOD-4922,Vegetables,Amul,Packet,500.0,226.59752994618262,150.0
FOOD-5997,Bakery,Britannia,Loose_Poly,250.0,215.56953976881582,50.0
FOOD-8032,Dairy,Catch_Spices,Packet,100.0,258.53407579366876,50.0
FOOD-1992,Vegetables,Amul,Packet,500.0,375.36644007405806,50.0
FOOD-9112,Bakery,Amul,Box,500.0,24.64085372147171,150.0
FOOD-6287,Dairy,Amul,Bottle,1000.0,482.2916251011867,700.0
FOOD-3240,Vegetables,Amul,Bottle,1000.0,35.01597974118313,150.0
FOOD-2476,Vegetables,Amul,Bottle,100.0,435.96996531427857,50.0
FOOD-7426,Vegetables,Britannia,Bottle,1000.0,371.72907272386846,150.0
FOOD-1389,Dairy,Amul,Packet,100.0,201.61217592776407,50.0
FOOD-1999,Vegetables,Catch_Spices,Packet,1000.0,270.5167335649531,50.0
FOOD-2855,Vegetables,Amul,Box,500.0,567.471250883289,50.0
FOOD-9125,Vegetables,Amul,Packet,250.0,17.582040698403112,50.0
FOOD-9850,Bakery,Amul,Packet,500.0,260.1512390403502,
FOOD-3763,Bakery,Fortune,Bottle,100.0,547.4348307902452,
FOOD-4663,Bakery,Britannia,Packet,,130.29635366801455,
FOOD-5986,Vegetables,Fortune,Bottle,250.0,452.7046668070216,350.0
FOOD-2481,Snacks,Fortune,Box,1000.0,143.45701350134303,
FOOD-8256,Bakery,Catch_Spices,Loose_Poly,250.0,132.2618827170297,50.0
FOOD-4731,Bakery,Fortune,Box,100.0,620.101275621768,350.0
FOOD-8262,Dairy,Amul,Packet,1000.0,220.55502910789878,150.0
FOOD-1451,Dairy,Fortune,Loose_Poly,100.0,306.85760397249663,50.0
FOOD-4093,Bakery,Catch_Spices,Packet,1000.0,586.7142718437261,150.0
FOOD-1882,Vegetables,Catch_Spices,Packet,250.0,151.8204844289513,50.0
FOOD-5408,Dairy,Amul,Bottle,250.0,430.0722468529575,
FOOD-5068,Bakery,Britannia,Box,100.0,735.0775343740838,150.0
FOOD-4277,Bakery,Amul,Packet,1000.0,447.52318730900606,
FOOD-9566,Snacks,Amul,Bottle,100.0,48.58815563250925,150.0
FOOD-8951,Bakery,Fortune,Box,100.0,475.8608469949174,
FOOD-5690,Vegetables,Catch_Spices,Packet,500.0,81.22118561637429,150.0
FOOD-5595,Vegetables,Britannia,Bottle,1000.0,232.87838694229362,50.0
FOOD-5559,Dairy,Catch_Spices,Packet,100.0,681.243333221374,700.0
FOOD-8291,Dairy,Amul,Bottle,500.0,18.744611174208163,50.0
FOOD-9160,Vegetables,Amul,Packet,500.0,70.84051384505109,350.0
FOOD-1112,Vegetables,Britannia,Bottle,250.0,297.05766165749304,50.0
FOOD-6131,Dairy,Amul,Packet,250.0,799.5227451204861,150.0
FOOD-4197,Bakery,Catch_Spices,Box,250.0,240.57248579675613,150.0
FOOD-1139,Snacks,Amul,Loose_Poly,250.0,134.24694880146467,
FOOD-2424,Bakery,Britannia,Loose_Poly,500.0,444.04348495011664,150.0
FOOD-3949,Bakery,Britannia,Packet,100.0,420.2114670406187,
FOOD-4168,Dairy,Amul,Packet,250.0,365.1994748587816,50.0
FOOD-9708,Snacks,Catch_Spices,Bottle,100.0,757.8564641139295,150.0
FOOD-7043,Dairy,Britannia,Box,250.0,231.3180030509098,350.0
FOOD-7989,Bakery,Britannia,Loose_Poly,250.0,241.7261411169533,50.0
FOOD-8236,Snacks,Fortune,Box,1000.0,120.80300739579648,50.0
FOOD-7261,Snacks,Amul,Bottle,250.0,560.8575341537785,50.0
FOOD-1887,Dairy,Fortune,Packet,100.0,263.8818821536252,150.0
FOOD-4104,Vegetables,Amul,Box,100.0,644.1648315060655,700.0
FOOD-1049,Vegetables,Amul,Packet,500.0,777.6887231246069,150.0
FOOD-4951,Vegetables,Catch_Spices,Packet,250.0,44.51134117256767,50.0
FOOD-4560,Vegetables,Fortune,Box,500.0,794.5662931459186,
FOOD-1018,Vegetables,Amul,Bottle,250.0,210.74233882209668,
FOOD-5821,Vegetables,Britannia,Packet,1000.0,341.88718223107674,150.0
FOOD-7340,Dairy,Catch_Spices,Packet,1000.0,624.4172500492268,700.0
FOOD-9058,Bakery,Amul,Packet,,535.6116022900663,150.0
FOOD-3606,Vegetables,Amul,Bottle,500.0,624.96516745955,350.0
FOOD-8846,Bakery,Britannia,Packet,,378.4022924178984,50.0
FOOD-9643,Bakery,Amul,Box,250.0,733.6929920725622,150.0
FOOD-7432,Dairy,Amul,Packet,250.0,634.0532362700371,50.0
FOOD-4765,Snacks,Catch_Spices,Bottle,500.0,254.29010059260412,50.0
FOOD-3438,Vegetables,Amul,Packet,250.0,759.2993748655203,150.0
FOOD-7358,Vegetables,Fortune,Packet,1000.0,769.2328128068199,50.0
FOOD-9319,Dairy,Britannia,Bottle,250.0,337.8923090478279,150.0
FOOD-6941,Vegetables,Britannia,Box,250.0,525.0487855101966,150.0
FOOD-8644,Dairy,Britannia,Packet,100.0,653.6671428189837,150.0
FOOD-5855,Dairy,Britannia,Bottle,500.0,655.6675663284433,150.0
FOOD-7547,Vegetables,Amul,Box,100.0,21.15760030569833,50.0
FOOD-8196,Vegetables,Amul,Packet,250.0,506.92077010676775,50.0
FOOD-6911,Vegetables,Fortune,Packet,100.0,779.2224449859789,
FOOD-7481,Dairy,Amul,Bottle,100.0,192.76424675897522,50.0
FOOD-3761,Dairy,Amul,Bottle,100.0,638.5309987497815,50.0
FOOD-5456,Vegetables,Catch_Spices,Packet,100.0,432.05562065081614,
FOOD-7361,Vegetables,Catch_Spices,Packet,250.0,184.9614667997401,50.0
FOOD-6693,Vegetables,Amul,Bottle,250.0,50.31999952635685,50.0
FOOD-6788,Vegetables,Amul,Loose_Poly,100.0,610.3381517034361,
FOOD-1201,Bakery,Fortune,Bottle,500.0,260.0115761246133,50.0
FOOD-7160,Vegetables,Fortune,Packet,250.0,306.7129621714327,50.0
FOOD-1517,Bakery,Amul,Bottle,250.0,393.3325320667187,
FOOD-8737,Bakery,Amul,Packet,500.0,410.6839733473335,50.0
FOOD-2988,Vegetables,Fortune,Packet,250.0,172.88660580662474,50.0
FOOD-4802,Dairy,Catch_Spices,Bottle,5000.0,539.807172248892,50.0
FOOD-6808,Snacks,Fortune,Loose_Poly,250.0,557.1065841651401,50.0
FOOD-8162,Bakery,Amul,Box,1000.0,122.41773035440235,50.0
FOOD-7241,Dairy,Britannia,Packet,500.0,430.9985365309392,
FOOD-9399,Bakery,Britannia,Box,1000.0,491.31488509956154,
FOOD-6633,Bakery,Amul,Packet,5000.0,157.13871928623098,150.0
FOOD-6755,Vegetables,Amul,Packet,,716.6250799581587,50.0
FOOD-7309,Bakery,Amul,Loose_Poly,100.0,391.4324303284778,150.0
FOOD-5117,Dairy,Britannia,Loose_Poly,500.0,100.87240255615356,50.0
FOOD-9345,Dairy,Britannia,Packet,250.0,274.1729803207439,700.0
FOOD-2518,Snacks,Fortune,Packet,1000.0,386.7987541369766,50.0
FOOD-7163,Bakery,Fortune,Packet,,18.013880933756106,150.0
FOOD-3600,Dairy,Catch_Spices,Bottle,1000.0,35.208801801004505,
FOOD-3195,Vegetables,Fortune,Box,100.0,53.86127029538816,50.0
FOOD-4554,Dairy,Amul,Packet,100.0,435.1268284605523,50.0
FOOD-3849,Bakery,Amul,Bottle,5000.0,275.5096750276417,
FOOD-2742,Bakery,Britannia,Packet,100.0,715.5521979642397,
FOOD-2306,Snacks,Amul,Packet,250.0,451.7947591398265,350.0
FOOD-4849,Bakery,Catch_Spices,Box,100.0,610.3180997685198,150.0
FOOD-8519,Dairy,Amul,Box,1000.0,552.8352096365071,150.0
FOOD-5195,Vegetables,Amul,Packet,500.0,421.05337451780315,150.0
FOOD-6178,Dairy,Britannia,Packet,1000.0,598.3291474144485,
FOOD-3555,Bakery,Britannia,Packet,250.0,440.3175052655058,150.0
FOOD-3305,Dairy,Britannia,Bottle,250.0,314.5104811004559,50.0
FOOD-8619,Dairy,Britannia,Packet,,354.2858176810422,50.0
FOOD-3642,Dairy,Amul,Bottle,100.0,672.4160582396663,150.0
FOOD-7409,Vegetables,Amul,Packet,250.0,454.986110917602,
FOOD-5757,Vegetables,Catch_Spices,Packet,500.0,308.0639570482293,150.0
FOOD-3994,Dairy,Amul,Box,100.0,151.997089753136,50.0
FOOD-9751,Vegetables,Amul,Packet,100.0,401.3326953393472,50.0
FOOD-2271,Vegetables,Britannia,Box,100.0,209.39924653065503,350.0
FOOD-2813,Vegetables,Amul,Bottle,250.0,764.9081037214124,150.0
FOOD-9801,Dairy,Britannia,Box,100.0,397.87584687435964,
FOOD-3461,Vegetables,Britannia,Packet,100.0,17.069136372513125,150.0
FOOD-5120,Bakery,Fortune,Box,,83.37297970063463,50.0
FOOD-7124,Dairy,Fortune,Packet,1000.0,234.6163484513286,
FOOD-9475,Bakery,Amul,Loose_Poly,100.0,82.8086449416657,150.0
FOOD-5396,Bakery,Britannia,Box,1000.0,716.2301581413672,
FOOD-1816,Vegetables,Amul,Packet,250.0,684.9377377724194,
FOOD-8304,Dairy,Amul,Packet,500.0,776.9805920126378,
FOOD-8331,Snacks,Britannia,Box,100.0,568.1078353316097,50.0
FOOD-1082,Bakery,Amul,Loose_Poly,250.0,519.9169915074925,
FOOD-2920,Snacks,Britannia,Box,100.0,739.5623439376635,150.0
FOOD-8817,Bakery,Fortune,Box,100.0,757.6505843969962,50.0
FOOD-3093,Vegetables,Catch_Spices,Box,1000.0,703.2153958780459,50.0
FOOD-8071,Vegetables,Fortune,Bottle,500.0,690.5635466176599,
FOOD-8967,Dairy,Amul,Packet,100.0,540.6455718005451,50.0
FOOD-9367,Dairy,Amul,Packet,250.0,11.268698319319393,50.0
FOOD-6285,Vegetables,Amul,Bottle,250.0,349.3184697604256,50.0
FOOD-5937,Bakery,Amul,Bottle,500.0,512.1735892316846,
FOOD-1369,Dairy,Amul,Bottle,500.0,442.23063055123777,
FOOD-2818,Vegetables,Amul,Packet,,658.6900376137892,50.0
FOOD-3101,Bakery,Britannia,Bottle,100.0,656.9327984461626,150.0
FOOD-4490,Bakery,Fortune,Packet,250.0,482.9587874746685,
FOOD-2779,Dairy,Fortune,Bottle,250.0,27.3753020746603,50.0
FOOD-8674,Bakery,Britannia,Bottle,250.0,301.770662344427,50.0
FOOD-2364,Bakery,Britannia,Packet,500.0,190.7651024213444,350.0
FOOD-8294,Dairy,Britannia,Box,500.0,277.6426059166481,150.0
FOOD-4676,Vegetables,Britannia,Bottle,250.0,497.6611970676889,350.0
FOOD-3426,Vegetables,Amul,Box,1000.0,62.50490311935477,150.0
FOOD-9264,Dairy,Fortune,Packet,100.0,27.571218748687514,50.0
FOOD-9089,Vegetables,Britannia,Packet,250.0,355.1296036244405,150.0
FOOD-3962,Snacks,Amul,Packet,1000.0,636.9233274756394,50.0
FOOD-1859,Bakery,Amul,Packet,250.0,34.251873932855965,50.0
FOOD-5138,Bakery,Amul,Packet,250.0,680.7483822235204,50.0
FOOD-3424,Snacks,Britannia,Packet,100.0,313.2649098725063,50.0
FOOD-5017,Bakery,Fortune,Box,1000.0,103.40598886690692,150.0
FOOD-9560,Vegetables,Amul,Loose_Poly,250.0,458.3232057505007,
FOOD-9342,Vegetables,Amul,Loose_Poly,500.0,762.3648435252833,
FOOD-2134,Bakery,Catch_Spices,Loose_Poly,100.0,438.5851902406639,150.0
FOOD-6166,Dairy,Amul,Bottle,,552.4414570709174,150.0
FOOD-6119,Dairy,Amul,Bottle,250.0,654.9728166439057,150.0
FOOD-6694,Dairy,Amul,Packet,100.0,641.4786965754616,350.0
FOOD-7136,Snacks,Fortune,Packet,1000.0,67.76379552585435,50.0
FOOD-6485,Dairy,Britannia,Box,1000.0,595.3863764524307,
FOOD-5164,Bakery,Britannia,Box,250.0,760.065157039571,50.0
FOOD-3346,Vegetables,Catch_Spices,Box,,563.515264844656,150.0
FOOD-6039,Bakery,Fortune,Box,100.0,670.7898860312695,
FOOD-5897,Vegetables,Amul,Packet,500.0,393.58426379878455,
FOOD-9252,Bakery,Fortune,Bottle,100.0,262.06476783456844,
FOOD-6041,Vegetables,Amul,Bottle,500.0,544.2289862417904,50.0
FOOD-4901,Bakery,Britannia,Loose_Poly,,398.837982714338,50.0
FOOD-2337,Vegetables,Amul,Loose_Poly,500.0,717.2781964883801,150.0
FOOD-2184,Vegetables,Britannia,Bottle,1000.0,779.761755189149,150.0
FOOD-5426,Dairy,Amul,Packet,250.0,657.6436333321104,150.0
FOOD-2551,Dairy,Catch_Spices,Packet,1000.0,794.2168978135007,50.0
FOOD-2629,Vegetables,Amul,Packet,500.0,285.2127727314995,50.0
FOOD-2526,Vegetables,Britannia,Box,500.0,717.6467492160419,50.0
FOOD-2361,Bakery,Amul,Packet,250.0,270.6475667499298,50.0
FOOD-5370,Bakery,Catch_Spices,Packet,100.0,103.25007949170332,50.0
FOOD-6283,Vegetables,Fortune,Packet,1000.0,500.88521929604445,150.0
FOOD-8610,Bakery,Amul,Loose_Poly,500.0,369.4410211064771,50.0
FOOD-2993,Vegetables,Catch_Spices,Bottle,500.0,738.1423944101881,
FOOD-1869,Dairy,Amul,Bottle,250.0,398.8331711866319,
FOOD-2014,Vegetables,Britannia,Packet,100.0,742.8297376582995,
FOOD-1602,Dairy,Fortune,Packet,5000.0,72.12075508413102,
FOOD-1690,Vegetables,Amul,Packet,100.0,666.1043502396044,50.0
FOOD-9685,Snacks,Catch_Spices,Box,1000.0,609.700272086862,50.0
FOOD-1489,Vegetables,Amul,Box,100.0,578.7828360480484,
FOOD-7864,Vegetables,Amul,Bottle,250.0,290.5573255043439,50.0
FOOD-8240,Vegetables,Catch_Spices,Packet,250.0,629.1701124380838,350.0
FOOD-8786,Bakery,Fortune,Box,1000.0,391.8042976033738,
FOOD-9024,Dairy,Amul,Bottle,1000.0,575.0107735989668,50.0
FOOD-1294,Bakery,Amul,Packet,1000.0,446.2594459602846,50.0
FOOD-6488,Snacks,Fortune,Packet,250.0,134.3773665813947,150.0
FOOD-5027,Snacks,Amul,Bottle,,61.00128623690876,150.0
FOOD-3912,Bakery,Catch_Spices,Bottle,500.0,299.287454450689,50.0
FOOD-5744,Vegetables,Fortune,Loose_Poly,250.0,746.9031701272203,150.0
FOOD-2873,Bakery,Amul,Box,500.0,428.49066644902695,150.0
FOOD-4258,Vegetables,Amul,Packet,500.0,643.731733417328,700.0
FOOD-3817,Bakery,Britannia,Box,250.0,465.0029258125768,50.0
FOOD-9636,Bakery,Amul,Packet,500.0,766.7451761560158,700.0
FOOD-4641,Bakery,Fortune,Bottle,1000.0,301.86989410213465,150.0
FOOD-5458,Dairy,Catch_Spices,Bottle,1000.0,55.06985974859862,150.0
FOOD-6307,Dairy,Britannia,Bottle,250.0,626.7280228114118,150.0
FOOD-9933,Snacks,Britannia,Box,500.0,567.3106415815622,350.0
FOOD-3041,Vegetables,Amul,Box,250.0,426.7521619682935,350.0
FOOD-1679,Vegetables,Britannia,Box,,267.84908212034856,
FOOD-6738,Dairy,Britannia,Packet,100.0,158.729466674657,50.0
FOOD-6668,Snacks,Britannia,Packet,100.0,390.9980748992883,350.0
FOOD-8697,Vegetables,Amul,Bottle,100.0,536.2991133394846,50.0
FOOD-9033,Vegetables,Catch_Spices,Loose_Poly,,467.32027920245235,
FOOD-1062,Vegetables,Amul,Packet,1000.0,355.6175031935703,
FOOD-8829,Vegetables,Fortune,Packet,250.0,436.3586110200641,50.0
FOOD-8352,Snacks,Fortune,Bottle,250.0,95.28439494853279,150.0
FOOD-7915,Bakery,Britannia,Bottle,250.0,559.7136820493379,
FOOD-9326,Bakery,Amul,Box,250.0,590.0622745987874,150.0
FOOD-4644,Dairy,Britannia,Box,100.0,19.047557236701564,150.0
FOOD-5970,Bakery,Amul,Loose_Poly,100.0,223.7104491300865,
FOOD-9003,Vegetables,Fortune,Box,1000.0,82.77231953688569,
FOOD-4278,Dairy,Amul,Packet,500.0,798.6033841808525,150.0
FOOD-8296,Dairy,Amul,Bottle,250.0,478.74083866657907,350.0
FOOD-4074,Vegetables,Amul,Bottle,250.0,377.9330944389843,
FOOD-9312,Dairy,Fortune,Loose_Poly,100.0,375.77080499503523,150.0
FOOD-8552,Vegetables,Britannia,Packet,250.0,772.1713961907285,50.0
FOOD-2637,Vegetables,Britannia,Packet,250.0,531.2859541381432,
FOOD-6103,Vegetables,Britannia,Packet,500.0,143.24105101520092,150.0
FOOD-1644,Bakery,Fortune,Bottle,100.0,364.04547411673525,50.0
FOOD-3032,Vegetables,Amul,Packet,1000.0,621.6155043472604,150.0
FOOD-3761,Snacks,Britannia,Bottle,250.0,344.4465528184465,50.0
FOOD-3068,Vegetables,Britannia,Box,250.0,254.5314064506183,150.0
FOOD-1241,Bakery,Amul,Bottle,500.0,793.0607004984017,50.0
FOOD-3668,Bakery,Amul,Bottle,250.0,749.153336343661,50.0
FOOD-1802,Snacks,Amul,Loose_Poly,250.0,753.8326917659273,50.0
FOOD-6059,Bakery,Amul,Bottle,100.0,114.02129844146276,
FOOD-1195,Vegetables,Amul,Packet,250.0,195.061652879238,150.0
FOOD-3187,Vegetables,Amul,Packet,100.0,359.23289695101437,
FOOD-3330,Dairy,Britannia,Bottle,100.0,667.382114003721,50.0
FOOD-5841,Vegetables,Amul,Packet,100.0,592.0937567798222,150.0
FOOD-4606,Vegetables,Amul,Bottle,500.0,681.237242170419,50.0
FOOD-9468,Bakery,Catch_Spices,Loose_Poly,100.0,737.403000014323,50.0
FOOD-1060,Dairy,Britannia,Bottle,100.0,626.805806009911,150.0
FOOD-4927,Dairy,Amul,Packet,250.0,216.7983080145328,50.0
FOOD-7296,Snacks,Britannia,Packet,1000.0,235.50208908586373,
FOOD-3591,Bakery,Amul,Loose_Poly,500.0,288.4652684822477,50.0
FOOD-9758,Bakery,Amul,Box,1000.0,249.4295397985579,50.0
FOOD-7121,Bakery,Amul,Bottle,250.0,206.78817026545934,150.0
FOOD-2200,Vegetables,Catch_Spices,Packet,250.0,604.4639873018364,50.0
FOOD-3854,Dairy,Fortune,Box,500.0,36.85293021130118,50.0
FOOD-8024,Snacks,Fortune,Packet,100.0,585.4310530951013,50.0
FOOD-7972,Snacks,Catch_Spices,Packet,100.0,660.6153794968246,50.0
FOOD-1136,Bakery,Catch_Spices,Packet,250.0,62.174794242406094,
FOOD-2029,Dairy,Fortune,Bottle,100.0,58.85921468878698,350.0
FOOD-3594,Bakery,Britannia,Packet,500.0,235.51640428570778,50.0
FOOD-8206,Vegetables,Amul,Packet,250.0,174.5623843253155,50.0
FOOD-1661,Vegetables,Amul,Packet,100.0,469.0956022152527,150.0
FOOD-3472,Dairy,Britannia,Bottle,1000.0,543.6067193662906,
FOOD-1086,Dairy,Britannia,Bottle,250.0,510.97217692241657,50.0
FOOD-7219,Vegetables,Catch_Spices,Packet,250.0,292.30442250715595,150.0
FOOD-9143,Dairy,Britannia,Loose_Poly,1000.0,403.7342893447726,50.0
FOOD-7968,Vegetables,Britannia,Bottle,100.0,515.5927553082539,150.0
FOOD-3773,Dairy,Britannia,Packet,500.0,104.34675235703254,150.0
FOOD-2700,Bakery,Amul,Packet,250.0,191.31441241857632,50.0
FOOD-3700,Bakery,Britannia,Bottle,500.0,713.4919616490844,
FOOD-7815,Vegetables,Britannia,Packet,1000.0,280.43783747380024,350.0
FOOD-2647,Dairy,Britannia,Packet,250.0,642.9135417165671,150.0
FOOD-7038,Bakery,Britannia,Bottle,,208.2819043463438,50.0
FOOD-6164,Dairy,Amul,Bottle,,42.89587771345727,150.0
FOOD-6520,Dairy,Britannia,Box,250.0,405.3164680539936,50.0
FOOD-4687,Dairy,Britannia,Box,500.0,715.0608144143642,50.0
FOOD-1596,Snacks,Britannia,Loose_Poly,100.0,657.2347938222888,150.0
FOOD-5545,Vegetables,Britannia,Packet,250.0,209.821943450347,50.0
FOOD-9676,Dairy,Amul,Packet,500.0,728.8492617952342,150.0
FOOD-9837,Dairy,Amul,Loose_Poly,100.0,388.9755569838795,50.0
FOOD-5757,Dairy,Amul,Bottle,1000.0,48.70921299304935,150.0
FOOD-5384,Vegetables,Britannia,Box,100.0,32.06044961652387,50.0
FOOD-9912,Vegetables,Britannia,Packet,100.0,393.2398498626268,
FOOD-5733,Vegetables,Catch_Spices,Packet,100.0,441.5950560139148,
FOOD-8081,Snacks,Amul,Packet,5000.0,73.13120726024638,50.0
FOOD-9690,Bakery,Amul,Bottle,250.0,738.5701164428914,150.0
FOOD-8117,Bakery,Britannia,Packet,100.0,577.3912945077502,150.0
FOOD-5729,Bakery,Britannia,Bottle,250.0,643.013063204526,150.0
FOOD-2673,Vegetables,Britannia,Bottle,500.0,471.3783684609177,50.0
FOOD-9306,Bakery,Fortune,Packet,250.0,534.1998201620665,150.0
FOOD-8178,Dairy,Fortune,Packet,500.0,316.40958156342504,
FOOD-3294,Vegetables,Amul,Packet,100.0,546.6446971058336,50.0
FOOD-4630,Bakery,Catch_Spices,Packet,100.0,782.7644842093728,
FOOD-1146,Bakery,Amul,Packet,250.0,521.6955693826654,350.0
FOOD-4453,Bakery,Britannia,Packet,100.0,279.8906410698041,50.0
FOOD-5507,Vegetables,Britannia,Bottle,1000.0,235.3389066821496,50.0
FOOD-6783,Snacks,Britannia,Box,,771.0432932691798,50.0
FOOD-8751,Snacks,Amul,Packet,500.0,156.1518147153714,50.0
FOOD-6628,Dairy,Amul,Box,100.0,646.8953232189996,150.0
FOOD-9328,Vegetables,Britannia,Box,1000.0,377.55721068691946,50.0
FOOD-4360,Vegetables,Amul,Bottle,100.0,360.57020593871243,50.0
FOOD-4005,Snacks,Amul,Packet,5000.0,600.5548525032907,350.0
FOOD-4552,Dairy,Britannia,Bottle,100.0,126.9503597362953,350.0
FOOD-1018,Dairy,Britannia,Bottle,500.0,378.3737816544871,
FOOD-3242,Vegetables,Britannia,Loose_Poly,250.0,38.30861333652116,150.0
FOOD-7318,Vegetables,Amul,Loose_Poly,250.0,539.6213889940608,50.0
FOOD-6097,Bakery,Fortune,Packet,100.0,56.118054323396436,150.0
FOOD-9640,Dairy,Amul,Bottle,1000.0,78.95815016237071,150.0
FOOD-2948,Snacks,Catch_Spices,Box,100.0,677.4128411710705,50.0
FOOD-6618,Bakery,Britannia,Box,500.0,359.9345977425831,700.0
FOOD-5236,Bakery,Britannia,Bottle,250.0,168.77079395311162,50.0
FOOD-7901,Vegetables,Catch_Spices,Packet,99999.0,478.1418150047501,150.0
FOOD-2920,Vegetables,Amul,Packet,500.0,420.23377902177987,150.0
FOOD-5188,Dairy,Amul,Bottle,100.0,334.61757812685795,
FOOD-1238,Vegetables,Britannia,Box,250.0,725.2794827319844,50.0
FOOD-1204,Vegetables,Amul,Loose_Poly,100.0,602.0718185403533,
FOOD-6552,Snacks,Britannia,Box,100.0,129.75836829168435,150.0
FOOD-5927,Dairy,Amul,Packet,250.0,460.9119734584617,150.0
FOOD-5390,Vegetables,Catch_Spices,Box,1000.0,80.10768155676602,50.0
FOOD-3687,Vegetables,Britannia,Packet,1000.0,203.2766366498172,
FOOD-5951,Vegetables,Amul,Bottle,,728.789673909306,50.0
FOOD-7160,Snacks,Fortune,Bottle,250.0,375.0431413095113,150.0
FOOD-6388,Vegetables,Amul,Packet,100.0,714.7638202779843,150.0
FOOD-6126,Vegetables,Amul,Packet,250.0,141.13918281733567,50.0
FOOD-1816,Bakery,Amul,Packet,,172.21998053419475,50.0
FOOD-1192,Vegetables,Britannia,Packet,500.0,288.7315312230033,50.0
FOOD-2776,Vegetables,Britannia,Box,5000.0,299.39725738497873,
FOOD-4645,Vegetables,Britannia,Packet,100.0,598.7690434821932,
FOOD-7314,Vegetables,Amul,Packet,250.0,483.5343439550138,
FOOD-9442,Vegetables,Catch_Spices,Packet,100.0,447.06704649783774,150.0
FOOD-2788,Vegetables,Fortune,Box,1000.0,485.8766503941942,
FOOD-8374,Bakery,Amul,Packet,,588.4311842934932,50.0
FOOD-4700,Vegetables,Fortune,Packet,250.0,715.3251445011801,150.0
FOOD-4893,Bakery,Britannia,Box,1000.0,337.64456561700393,150.0
FOOD-7811,Bakery,Amul,Packet,100.0,644.3114949095377,50.0
FOOD-3679,Dairy,Amul,Packet,250.0,401.1265376379626,
FOOD-4904,Vegetables,Amul,Box,100.0,580.4418116141353,350.0
FOOD-8260,Vegetables,Fortune,Packet,1000.0,701.1107925672164,
FOOD-1504,Bakery,Britannia,Box,100.0,35.44970966821866,50.0
FOOD-7773,Dairy,Amul,Bottle,-200.0,0.0,350.0
FOOD-4816,Bakery,Amul,Bottle,1000.0,791.6106949037755,150.0
FOOD-1717,Vegetables,Britannia,Packet,500.0,402.01728747274666,150.0
FOOD-5434,Snacks,Britannia,Box,250.0,692.7999092553368,50.0
FOOD-1658,Vegetables,Fortune,Bottle,500.0,156.8608834092952,
FOOD-6057,Dairy,Catch_Spices,Packet,100.0,487.386801294602,50.0
FOOD-5008,Dairy,Britannia,Packet,250.0,697.5417109552117,50.0
FOOD-5994,Vegetables,Britannia,Bottle,,350.9111739788292,50.0
FOOD-5234,Dairy,Amul,Box,500.0,394.51042653498456,
FOOD-4764,Bakery,Fortune,Loose_Poly,1000.0,74.79414451472407,50.0
FOOD-5637,Bakery,Amul,Bottle,1000.0,43.315952640977955,150.0
FOOD-3104,Bakery,Amul,Bottle,500.0,380.27955667055676,350.0
FOOD-7801,Dairy,Fortune,Packet,500.0,676.3455119964957,150.0
FOOD-9575,Dairy,Amul,Bottle,1000.0,745.7461749706248,150.0
FOOD-3607,Vegetables,Amul,Loose_Poly,1000.0,530.3358727344078,50.0
FOOD-9385,Dairy,Britannia,Bottle,250.0,662.8548934743477,
FOOD-4719,Vegetables,Amul,Packet,100.0,590.5347885001402,50.0
FOOD-3581,Dairy,Amul,Packet,250.0,564.1738032513234,50.0
FOOD-3565,Vegetables,Britannia,Packet,250.0,617.5361480415394,150.0
FOOD-3763,Dairy,Britannia,Bottle,500.0,409.189332404634,350.0
FOOD-7328,Dairy,Amul,Loose_Poly,-200.0,0.0,150.0
FOOD-6991,Snacks,Catch_Spices,Packet,1000.0,135.7233825710695,50.0
FOOD-4406,Dairy,Amul,Packet,250.0,676.614100199391,150.0
FOOD-9923,Snacks,Fortune,Bottle,100.0,45.24496528208468,50.0
FOOD-5780,Bakery,Amul,Loose_Poly,100.0,221.28085577748996,
FOOD-5177,Dairy,Britannia,Bottle,100.0,420.73375624512596,50.0
FOOD-7476,Dairy,Amul,Packet,250.0,777.5625088924193,50.0
FOOD-3604,Vegetables,Amul,Packet,1000.0,630.9186244137588,150.0
FOOD-9181,Bakery,Amul,Bottle,250.0,301.2502674724161,50.0
FOOD-3382,Dairy,Britannia,Box,250.0,574.0192285048237,
FOOD-1531,Snacks,Britannia,Packet,100.0,745.7818165319734,
FOOD-7079,Dairy,Amul,Bottle,250.0,435.71792671429,
FOOD-1634,Bakery,Catch_Spices,Bottle,1000.0,374.93275444575,350.0
FOOD-1002,Bakery,Amul,Bottle,500.0,446.8646850967187,350.0
FOOD-9397,Vegetables,Britannia,Packet,100.0,256.1087325116464,350.0
FOOD-6951,Vegetables,Amul,Loose_Poly,1000.0,726.8055604405106,50.0
FOOD-6626,Dairy,Britannia,Bottle,100.0,639.8526318445669,
FOOD-8739,Dairy,Fortune,Box,500.0,567.3324487590888,700.0
FOOD-7003,Vegetables,Britannia,Bottle,100.0,475.3827436444877,700.0
FOOD-3890,Bakery,Amul,Loose_Poly,500.0,775.8850749772288,
FOOD-7239,Dairy,Amul,Bottle,,245.18752628479214,150.0
FOOD-9026,Snacks,Fortune,Bottle,500.0,233.67678027641114,50.0
FOOD-4306,Bakery,Amul,Packet,500.0,201.28928296191395,350.0
FOOD-1897,Dairy,Amul,Packet,100.0,596.0030310294966,
FOOD-1670,Snacks,Amul,Packet,1000.0,639.8556555006971,150.0
FOOD-8291,Dairy,Amul,Loose_Poly,,481.7201991716866,
FOOD-2505,Bakery,Amul,Box,1000.0,525.0671311671126,50.0
FOOD-7460,Dairy,Catch_Spices,Packet,250.0,285.6790040390503,50.0
FOOD-6167,Dairy,Fortune,Packet,500.0,41.408458553577034,50.0
FOOD-6255,Dairy,Britannia,Packet,500.0,210.3723164765899,50.0
FOOD-1249,Dairy,Amul,Box,100.0,471.5995494330365,150.0
FOOD-7457,Dairy,Britannia,Packet,250.0,652.216819083667,
FOOD-2892,Dairy,Britannia,Bottle,250.0,623.9840329620678,150.0
FOOD-4439,Vegetables,Britannia,Loose_Poly,1000.0,151.79501771261317,
FOOD-3854,Snacks,Amul,Bottle,5000.0,50.642505960220355,
FOOD-4792,Dairy,Catch_Spices,Box,,681.9424315968727,150.0
FOOD-6330,Dairy,Britannia,Bottle,250.0,69.71549383509478,
FOOD-8871,Bakery,Catch_Spices,Box,500.0,320.7158976033625,700.0
FOOD-9235,Bakery,Amul,Bottle,250.0,84.43826886008338,150.0
FOOD-4612,Snacks,Amul,Packet,1000.0,455.5984812543993,150.0
FOOD-3618,Dairy,Amul,Loose_Poly,,297.03578063813785,50.0
FOOD-5678,Vegetables,Fortune,Bottle,250.0,169.9699580631949,
FOOD-4163,Dairy,Amul,Packet,500.0,480.18245789225256,350.0
FOOD-3942,Dairy,Fortune,Packet,100.0,297.0795140049548,
FOOD-9411,Bakery,Fortune,Packet,500.0,141.76271885943316,150.0
FOOD-2925,Dairy,Britannia,Box,100.0,563.0682659257677,
FOOD-3972,Snacks,Britannia,Packet,250.0,671.0785648070773,50.0
FOOD-1990,Dairy,Fortune,Box,500.0,226.25663115912113,150.0
FOOD-2812,Snacks,Britannia,Packet,100.0,157.27578618345382,350.0
FOOD-9995,Vegetables,Amul,Packet,100.0,69.44897096852925,
FOOD-1489,Bakery,Britannia,Box,5000.0,427.04267880546314,50.0
FOOD-6876,Snacks,Catch_Spices,Bottle,1000.0,666.7220227998687,150.0
FOOD-4645,Snacks,Amul,Box,1000.0,208.1240170502536,
FOOD-8081,Vegetables,Catch_Spices,Bottle,5000.0,373.9038395880375,
FOOD-3891,Vegetables,Amul,Packet,100.0,137.03472822374604,
FOOD-4516,Bakery,Amul,Bottle,100.0,329.31865095496585,50.0
FOOD-4340,Vegetables,Amul,Packet,,22.201634968825438,150.0
FOOD-7410,Vegetables,Amul,Packet,1000.0,729.4759636042277,350.0
FOOD-1053,Vegetables,Fortune,Packet,500.0,544.4917970504492,50.0
FOOD-3575,Dairy,Catch_Spices,Bottle,500.0,272.9228369314697,
FOOD-1615,Dairy,Fortune,Packet,1000.0,706.1466254442583,50.0
FOOD-6944,Vegetables,Catch_Spices,Packet,250.0,154.51440725210495,
FOOD-8404,Vegetables,Amul,Packet,100.0,72.19964816598272,50.0
FOOD-1954,Dairy,Amul,Packet,100.0,754.6710491052551,150.0
FOOD-2629,Dairy,Britannia,Packet,100.0,254.12339977135608,
FOOD-7859,Vegetables,Fortune,Packet,250.0,749.4189813456784,150.0
FOOD-9841,Dairy,Amul,Packet,250.0,513.7142062255173,350.0
FOOD-4278,Snacks,Catch_Spices,Packet,500.0,784.2339169242224,150.0
FOOD-6455,Snacks,Britannia,Packet,100.0,605.2090776478121,50.0
FOOD-4801,Snacks,Catch_Spices,Box,500.0,93.33225487335544,50.0
FOOD-3561,Bakery,Amul,Bottle,250.0,683.2606469106311,50.0
FOOD-7539,Dairy,Britannia,Bottle,99999.0,126.82403279709496,150.0
FOOD-1370,Bakery,Fortune,Loose_Poly,500.0,556.8361085617081,700.0
FOOD-1857,Dairy,Fortune,Packet,5000.0,405.32188504445776,150.0
FOOD-5886,Dairy,Amul,Packet,250.0,569.1027564341423,50.0
FOOD-8485,Vegetables,Catch_Spices,Box,100.0,614.3417308078767,
FOOD-1383,Dairy,Catch_Spices,Bottle,250.0,644.8955170165198,350.0
FOOD-5334,Dairy,Amul,Loose_Poly,100.0,669.6343048296148,150.0
FOOD-5290,Vegetables,Amul,Loose_Poly,250.0,679.3073720242186,150.0
FOOD-3725,Bakery,Britannia,Packet,100.0,335.9337969527116,50.0
FOOD-7204,Vegetables,Britannia,Loose_Poly,250.0,712.4901770318439,50.0
FOOD-7111,Vegetables,Fortune,Loose_Poly,1000.0,578.4684003010134,
FOOD-5251,Vegetables,Amul,Packet,100.0,672.787035820475,350.0
FOOD-1922,Dairy,Britannia,Loose_Poly,99999.0,791.461168763034,350.0
FOOD-3915,Vegetables,Britannia,Packet,100.0,101.96764628471519,50.0
FOOD-8957,Snacks,Amul,Bottle,100.0,302.7579611714724,150.0
FOOD-4046,Dairy,Britannia,Packet,250.0,647.1721463579495,
FOOD-2230,Dairy,Amul,Packet,1000.0,78.17974240304378,50.0
FOOD-8647,Vegetables,Amul,Bottle,500.0,437.21704172324354,50.0
FOOD-5933,Dairy,Britannia,Packet,500.0,688.1343875532232,50.0
FOOD-4940,Bakery,Catch_Spices,Bottle,100.0,25.00309793445098,50.0
FOOD-7483,Dairy,Amul,Bottle,,752.2199298616672,50.0
FOOD-1203,Bakery,Amul,Packet,100.0,782.7344108846362,150.0
FOOD-1160,Snacks,Amul,Packet,250.0,264.6019344695081,50.0
FOOD-9960,Bakery,Amul,Bottle,5000.0,615.7650411981404,150.0
FOOD-4748,Bakery,Britannia,Box,1000.0,110.46912110491665,50.0
FOOD-7718,Vegetables,Fortune,Bottle,100.0,620.5627737164682,150.0
FOOD-3581,Dairy,Amul,Bottle,500.0,390.40212785886405,350.0
FOOD-2093,Dairy,Catch_Spices,Bottle,250.0,689.6157320372877,
FOOD-5500,Bakery,Amul,Packet,,177.95907754819865,50.0
FOOD-9799,Bakery,Catch_Spices,Bottle,250.0,541.3997830613691,
FOOD-6710,Bakery,Catch_Spices,Loose_Poly,250.0,631.034147788522,50.0
FOOD-3875,Bakery,Britannia,Box,500.0,169.96888954933885,
FOOD-4191,Vegetables,Amul,Bottle,100.0,656.446949280159,50.0
FOOD-2837,Vegetables,Britannia,Bottle,1000.0,766.8085457440767,150.0
FOOD-1689,Vegetables,Britannia,Bottle,250.0,496.70209393729846,50.0
FOOD-4759,Snacks,Catch_Spices,Bottle,100.0,630.0318292645348,50.0
FOOD-3103,Bakery,Britannia,Bottle,250.0,430.7412488941201,
FOOD-1365,Bakery,Britannia,Bottle,500.0,482.5016551865483,
FOOD-9092,Bakery,Fortune,Packet,500.0,20.548423275286606,150.0
FOOD-5172,Bakery,Catch_Spices,Bottle,500.0,424.1869408004614,
FOOD-7033,Snacks,Britannia,Box,100.0,464.6953623609917,350.0
FOOD-3378,Bakery,Catch_Spices,Packet,250.0,539.3375611546553,50.0
FOOD-2205,Dairy,Britannia,Loose_Poly,250.0,143.818580977824,50.0
FOOD-5988,Bakery,Britannia,Packet,100.0,200.6856672842231,
FOOD-6669,Vegetables,Britannia,Packet,500.0,607.2436590368876,50.0
FOOD-3735,Bakery,Fortune,Bottle,250.0,142.43466782161886,150.0
FOOD-9490,Dairy,Amul,Box,250.0,338.6605971847481,350.0
FOOD-1956,Vegetables,Britannia,Box,100.0,207.8872730012275,
FOOD-7623,Bakery,Britannia,Packet,250.0,440.6954418611851,150.0
FOOD-2474,Dairy,Amul,Packet,500.0,789.6279961124056,50.0
FOOD-5460,Snacks,Amul,Bottle,1000.0,683.1099391658518,50.0
FOOD-8002,Vegetables,Fortune,Packet,1000.0,222.88472856965618,50.0
FOOD-7396,Dairy,Britannia,Bottle,500.0,301.2033303569697,700.0
FOOD-3828,Dairy,Amul,Bottle,100.0,735.7205301732931,
FOOD-3850,Vegetables,Fortune,Bottle,500.0,719.6530281602435,
FOOD-3964,Dairy,Catch_Spices,Packet,,136.8171503744361,50.0
FOOD-5594,Vegetables,Britannia,Packet,500.0,665.1241940860815,150.0
FOOD-7644,Vegetables,Amul,Packet,500.0,245.11024478208694,150.0
FOOD-3850,Vegetables,Catch_Spices,Packet,500.0,439.6044958614329,50.0
FOOD-1165,Vegetables,Catch_Spices,Bottle,100.0,14.027727539256517,350.0
FOOD-1919,Bakery,Amul,Box,99999.0,798.8862508079625,700.0
FOOD-9305,Vegetables,Amul,Packet,500.0,611.2662110222743,150.0
FOOD-4504,Dairy,Britannia,Packet,500.0,200.96911731999236,150.0
FOOD-1991,Bakery,Britannia,Packet,100.0,550.1979663698577,150.0
FOOD-7047,Dairy,Amul,Box,250.0,241.71281663054913,50.0
FOOD-4839,Snacks,Britannia,Packet,100.0,80.67009304895306,
FOOD-2258,Bakery,Britannia,Loose_Poly,250.0,345.99486553003294,50.0
FOOD-8609,Bakery,Catch_Spices,Packet,250.0,494.83790133047967,350.0
FOOD-9706,Vegetables,Britannia,Packet,1000.0,80.92419198675185,150.0
FOOD-5804,Bakery,Britannia,Packet,100.0,419.5409758378647,
FOOD-1067,Bakery,Catch_Spices,Bottle,500.0,416.74274363195286,
FOOD-6660,Dairy,Amul,Bottle,100.0,506.6297400848254,150.0
FOOD-5478,Vegetables,Amul,Bottle,250.0,203.27005443906634,150.0
FOOD-9210,Dairy,Fortune,Packet,1000.0,26.306771764234412,50.0
FOOD-4521,Bakery,Amul,Packet,500.0,266.6374303132279,50.0
FOOD-1572,Dairy,Fortune,Packet,250.0,324.8791420953005,
FOOD-8082,Bakery,Amul,Bottle,100.0,512.2354331975371,350.0
FOOD-8832,Vegetables,Amul,Packet,250.0,744.8357711974486,150.0
FOOD-6395,Bakery,Catch_Spices,Bottle,100.0,170.6745629989791,350.0
FOOD-3258,Vegetables,Britannia,Packet,250.0,552.9935667269885,
FOOD-7039,Vegetables,Fortune,Packet,100.0,86.94671840488317,150.0
FOOD-1650,Dairy,Amul,Bottle,500.0,160.5911868883055,50.0
FOOD-6741,Vegetables,Amul,Packet,100.0,412.21626413997734,50.0
FOOD-7838,Vegetables,Fortune,Bottle,100.0,569.6182875362205,50.0
FOOD-3587,Vegetables,Amul,Packet,500.0,688.2691433933416,350.0
FOOD-8876,Dairy,Britannia,Packet,1000.0,597.6837112639616,150.0
FOOD-4262,Snacks,Amul,Loose_Poly,5000.0,22.128701619809483,50.0
FOOD-2338,Bakery,Amul,Packet,1000.0,550.3057474762921,700.0
FOOD-5996,Dairy,Fortune,Bottle,100.0,661.4795859232422,50.0
FOOD-6780,Vegetables,Fortune,Box,100.0,425.171447137419,150.0
FOOD-3827,Dairy,Britannia,Packet,1000.0,772.8229658634633,150.0
FOOD-6232,Bakery,Britannia,Box,1000.0,13.406813730628164,150.0
FOOD-3217,Vegetables,Britannia,Packet,500.0,656.7397809932,150.0
FOOD-4539,Vegetables,Britannia,Bottle,250.0,274.50758821616364,
FOOD-8845,Vegetables,Fortune,Bottle,100.0,523.8553275728837,700.0
FOOD-5383,Bakery,Amul,Loose_Poly,1000.0,557.8506965906148,
FOOD-3961,Dairy,Amul,Bottle,100.0,251.93672293803698,50.0
FOOD-4226,Bakery,Catch_Spices,Bottle,500.0,796.3853548526711,
FOOD-7837,Vegetables,Amul,Bottle,5000.0,91.56752217559483,
FOOD-8031,Vegetables,Amul,Packet,500.0,134.05297728323615,50.0
FOOD-4716,Dairy,Britannia,Bottle,100.0,714.8314471483391,150.0
FOOD-4414,Dairy,Fortune,Packet,100.0,104.15210239144874,50.0
FOOD-2448,Vegetables,Britannia,Bottle,100.0,311.2161491493152,
FOOD-1570,Vegetables,Amul,Bottle,500.0,589.1823473979991,150.0
FOOD-3904,Vegetables,Catch_Spices,Box,250.0,635.2785700602333,150.0
FOOD-3505,Vegetables,Fortune,Bottle,100.0,764.188649682106,50.0
FOOD-1917,Vegetables,Fortune,Box,100.0,633.7633293926181,150.0
FOOD-7982,Snacks,Amul,Packet,,677.1805834546084,
FOOD-8427,Dairy,Amul,Packet,5000.0,760.0070444985845,50.0
FOOD-7336,Dairy,Amul,Bottle,1000.0,447.4132768965502,50.0
FOOD-2678,Dairy,Amul,Bottle,250.0,281.31243347785005,150.0
FOOD-1615,Vegetables,Amul,Bottle,1000.0,611.6743842865375,50.0
FOOD-8086,Vegetables,Amul,Box,500.0,139.19785327302978,50.0
FOOD-5749,Dairy,Britannia,Packet,500.0,63.90301930320472,150.0
FOOD-4505,Dairy,Britannia,Bottle,500.0,630.4113834469875,150.0
FOOD-5529,Vegetables,Fortune,Packet,500.0,761.0303728696529,50.0
FOOD-2135,Bakery,Amul,Packet,100.0,359.53308652343657,50.0
FOOD-9566,Dairy,Britannia,Packet,250.0,137.2954282240136,150.0
FOOD-8226,Vegetables,Amul,Box,1000.0,402.64657110862146,150.0
FOOD-6162,Vegetables,Britannia,Bottle,,320.721103043195,
FOOD-1206,Dairy,Britannia,Packet,100.0,304.2544124092116,50.0
FOOD-5875,Bakery,Britannia,Bottle,100.0,506.18386358200036,150.0
FOOD-2319,Vegetables,Catch_Spices,Packet,100.0,148.04121462114185,150.0
FOOD-2141,Vegetables,Fortune,Box,100.0,310.5804234709304,150.0
FOOD-5627,Dairy,Britannia,Bottle,500.0,696.254702894317,150.0
FOOD-8389,Vegetables,Catch_Spices,Packet,100.0,586.4354271175259,50.0
FOOD-3690,Bakery,Britannia,Loose_Poly,100.0,53.91488876314342,150.0
FOOD-8323,Dairy,Fortune,Packet,1000.0,415.98399881036494,
FOOD-4255,Vegetables,Britannia,Bottle,500.0,82.12330114643385,
FOOD-9281,Vegetables,Britannia,Bottle,100.0,766.422178869365,350.0
FOOD-6213,Dairy,Fortune,Packet,250.0,203.2661062975742,350.0
FOOD-5108,Vegetables,Amul,Bottle,500.0,746.7706103135966,150.0
FOOD-4020,Vegetables,Britannia,Packet,500.0,668.8666427082965,50.0
FOOD-2857,Bakery,Catch_Spices,Box,100.0,445.57790341086655,150.0
FOOD-9996,Vegetables,Fortune,Packet,1000.0,275.68061254594517,150.0
FOOD-3789,Dairy,Amul,Packet,500.0,687.7778777456139,50.0
FOOD-4875,Vegetables,Amul,Bottle,1000.0,130.69912373986767,150.0
FOOD-8605,Dairy,Fortune,Packet,100.0,152.17954998023393,
FOOD-9135,Vegetables,Catch_Spices,Bottle,100.0,187.53091511977942,50.0
FOOD-7055,Snacks,Amul,Box,250.0,482.1805492984878,150.0
FOOD-4882,Bakery,Fortune,Bottle,100.0,258.3169273964862,350.0
FOOD-8175,Vegetables,Catch_Spices,Packet,100.0,791.4533371883392,150.0
FOOD-8129,Dairy,Amul,Bottle,100.0,164.13929788159984,150.0
FOOD-6021,Dairy,Fortune,Loose_Poly,500.0,646.4319770677818,
FOOD-5735,Dairy,Amul,Packet,,85.71061262036851,50.0
FOOD-3387,Bakery,Britannia,Bottle,100.0,289.22278421662037,
FOOD-7582,Dairy,Britannia,Packet,1000.0,202.57237516278252,150.0
FOOD-6866,Vegetables,Britannia,Box,100.0,781.7003994179001,50.0
FOOD-3566,Bakery,Fortune,Box,250.0,30.327158024190386,50.0
FOOD-1975,Vegetables,Britannia,Box,500.0,580.1189253034422,350.0
FOOD-8212,Bakery,Catch_Spices,Loose_Poly,5000.0,205.70047906670942,50.0
FOOD-2262,Bakery,Fortune,Packet,1000.0,650.8864434434291,50.0
FOOD-6047,Vegetables,Fortune,Packet,250.0,255.86727567229528,
FOOD-8382,Vegetables,Britannia,Packet,1000.0,157.95455355907174,
FOOD-7231,Bakery,Amul,Packet,250.0,557.5014826243774,50.0
FOOD-4327,Bakery,Britannia,Bottle,500.0,213.4854632092728,150.0
FOOD-6630,Dairy,Catch_Spices,Box,100.0,393.5820272829483,50.0
FOOD-3259,Vegetables,Amul,Packet,500.0,113.91140362809553,150.0
FOOD-2257,Dairy,Catch_Spices,Bottle,250.0,582.4324287241063,50.0
FOOD-1464,Vegetables,Fortune,Box,500.0,331.4006019925595,50.0
FOOD-4294,Vegetables,Fortune,Packet,500.0,121.05800995543618,150.0
FOOD-7774,Vegetables,Britannia,Packet,100.0,595.8600869648758,50.0
FOOD-8431,Vegetables,Britannia,Bottle,250.0,91.65613170507163,50.0
FOOD-2230,Dairy,Fortune,Bottle,500.0,464.10813378208326,50.0
FOOD-4805,Snacks,Britannia,Loose_Poly,100.0,489.91328405514054,
FOOD-7419,Bakery,Fortune,Packet,250.0,744.976895296011,150.0
FOOD-6750,Vegetables,Britannia,Box,500.0,129.27459385073632,
FOOD-4856,Dairy,Fortune,Bottle,1000.0,526.143624186913,
FOOD-4135,Dairy,Fortune,Packet,100.0,310.80717930226064,
FOOD-7953,Vegetables,Amul,Packet,250.0,326.64333415078437,50.0
FOOD-7034,Snacks,Amul,Packet,100.0,406.44189373560846,50.0
FOOD-5589,Dairy,Fortune,Packet,250.0,194.68984351871416,50.0
FOOD-2546,Snacks,Amul,Packet,100.0,374.3347587724419,
FOOD-7065,Dairy,Britannia,Bottle,500.0,552.6084730366597,
FOOD-2094,Dairy,Britannia,Bottle,500.0,371.11930124328285,
FOOD-3411,Vegetables,Amul,Bottle,100.0,43.581657591560536,
FOOD-3617,Dairy,Amul,Packet,500.0,213.6827355604377,150.0
FOOD-9954,Vegetables,Fortune,Bottle,250.0,287.6535680749566,50.0
FOOD-5145,Bakery,Britannia,Bottle,100.0,290.2296981428106,50.0
FOOD-3775,Bakery,Britannia,Loose_Poly,250.0,73.99544509026423,50.0
FOOD-7628,Bakery,Catch_Spices,Loose_Poly,250.0,365.16073577763785,700.0
FOOD-4155,Bakery,Amul,Box,100.0,556.6397250009679,150.0
FOOD-4970,Bakery,Amul,Box,500.0,48.45089425841242,150.0
FOOD-8972,Vegetables,Fortune,Packet,500.0,603.2300961748522,
FOOD-9775,Dairy,Fortune,Packet,1000.0,764.5331103411322,
FOOD-6415,Bakery,Britannia,Box,250.0,17.377143533567036,150.0
FOOD-5331,Dairy,Catch_Spices,Bottle,100.0,163.01692958639427,
FOOD-2942,Bakery,Catch_Spices,Bottle,1000.0,439.35534805278087,50.0
FOOD-7026,Vegetables,Amul,Box,250.0,182.2590943745544,
FOOD-9301,Vegetables,Amul,Bottle,500.0,614.0545650255157,
FOOD-1191,Snacks,Fortune,Packet,1000.0,256.58610881796005,
FOOD-1861,Dairy,Amul,Packet,500.0,241.96397303115526,50.0
FOOD-7711,Vegetables,Amul,Packet,250.0,10.72986186891909,150.0
FOOD-1649,Bakery,Fortune,Box,1000.0,223.3996886687378,
FOOD-5134,Snacks,Britannia,Bottle,500.0,181.9597123064185,50.0
FOOD-8587,Vegetables,Britannia,Loose_Poly,250.0,281.16036404255584,150.0
FOOD-9828,Bakery,Amul,Box,500.0,126.64875588919716,50.0
FOOD-2036,Snacks,Britannia,Packet,,479.7724464737709,150.0
FOOD-5131,Snacks,Britannia,Packet,250.0,198.60581935895078,150.0
FOOD-3148,Snacks,Amul,Bottle,1000.0,667.083183151059,
FOOD-6457,Dairy,Amul,Loose_Poly,100.0,234.8007779227135,50.0
FOOD-7079,Dairy,Britannia,Packet,250.0,176.58698357313165,150.0
FOOD-3430,Vegetables,Catch_Spices,Box,250.0,54.83357593215345,50.0
FOOD-2879,Vegetables,Catch_Spices,Packet,250.0,594.5262851171776,
FOOD-8542,Dairy,Amul,Packet,250.0,411.4844582796691,50.0
FOOD-3011,Dairy,Fortune,Loose_Poly,99999.0,99.88856793058142,150.0
FOOD-4373,Vegetables,Fortune,Packet,100.0,184.85447826783417,350.0
FOOD-8357,Dairy,Fortune,Bottle,500.0,798.9880669272757,50.0
FOOD-2289,Vegetables,Britannia,Packet,500.0,646.7626941590278,50.0
FOOD-2447,Bakery,Amul,Box,250.0,286.3968937563955,50.0
FOOD-4199,Vegetables,Fortune,Box,100.0,438.6183161861217,
FOOD-7381,Dairy,Amul,Box,250.0,338.6535555314686,
FOOD-8522,Dairy,Amul,Packet,5000.0,38.74775666667661,50.0
FOOD-7059,Vegetables,Britannia,Packet,250.0,625.154837278196,150.0
FOOD-4183,Snacks,Catch_Spices,Bottle,500.0,576.4190294463497,
FOOD-6462,Dairy,Amul,Packet,5000.0,332.95382845174333,350.0
FOOD-4216,Vegetables,Britannia,Bottle,500.0,678.2587381356957,
FOOD-4136,Vegetables,Amul,Bottle,500.0,432.4438849624794,50.0
FOOD-4318,Vegetables,Catch_Spices,Packet,5000.0,61.514667135324714,150.0
FOOD-3782,Vegetables,Britannia,Box,100.0,214.93096929503625,
FOOD-8657,Dairy,Amul,Box,500.0,374.8005405078184,50.0
FOOD-5920,Dairy,Amul,Loose_Poly,250.0,91.72489858152974,
FOOD-7324,Bakery,Britannia,Packet,250.0,461.154142361695,350.0
FOOD-7327,Bakery,Amul,Packet,250.0,105.24884772988715,50.0
FOOD-9417,Vegetables,Amul,Packet,,168.40146653255636,
FOOD-1776,Vegetables,Britannia,Packet,250.0,716.2470924572004,150.0
FOOD-6208,Dairy,Britannia,Packet,100.0,799.8517865525748,50.0
FOOD-1687,Vegetables,Fortune,Loose_Poly,100.0,444.7001417968826,
FOOD-1529,Vegetables,Amul,Packet,250.0,499.52240200409426,50.0
FOOD-6067,Bakery,Britannia,Packet,1000.0,639.9706060718798,50.0
FOOD-9080,Vegetables,Britannia,Packet,100.0,559.9502020012305,
FOOD-6518,Bakery,Amul,Packet,250.0,154.1485702772259,50.0
FOOD-3153,Vegetables,Britannia,Packet,500.0,335.22050438537104,50.0
FOOD-7094,Snacks,Amul,Bottle,100.0,432.7420499376364,150.0
FOOD-7974,Dairy,Fortune,Bottle,1000.0,294.17247379589935,
FOOD-5774,Bakery,Britannia,Packet,1000.0,149.123874108658,
FOOD-8692,Vegetables,Britannia,Packet,100.0,591.5295418084845,350.0
FOOD-4103,Bakery,Amul,Bottle,-200.0,0.0,50.0
FOOD-3440,Bakery,Amul,Packet,500.0,215.78388367442523,
FOOD-5135,Bakery,Britannia,Packet,100.0,236.35049595146168,150.0
FOOD-8124,Dairy,Britannia,Loose_Poly,500.0,137.80559207601436,150.0
FOOD-6201,Bakery,Amul,Bottle,500.0,681.1457821663129,
FOOD-1844,Vegetables,Amul,Bottle,500.0,492.3868919031099,150.0
FOOD-1446,Dairy,Amul,Box,500.0,669.4510226937896,150.0
FOOD-4915,Bakery,Britannia,Bottle,100.0,400.0461576721963,150.0
FOOD-4109,Dairy,Amul,Box,5000.0,420.454801695381,150.0
FOOD-2234,Vegetables,Britannia,Loose_Poly,1000.0,496.7542578061478,150.0
FOOD-7587,Dairy,Amul,Packet,500.0,303.02643970525463,350.0
FOOD-1226,Bakery,Britannia,Box,,402.3014349165718,150.0
FOOD-5143,Vegetables,Amul,Packet,250.0,442.0629519634686,
FOOD-8185,Vegetables,Britannia,Packet,500.0,763.2985245800284,350.0
FOOD-6558,Vegetables,Amul,Box,1000.0,707.4974241413789,50.0
FOOD-1186,Bakery,Amul,Loose_Poly,1000.0,112.10421950487304,150.0
FOOD-3535,Vegetables,Britannia,Bottle,1000.0,42.61314876608853,150.0
FOOD-2932,Bakery,Amul,Packet,250.0,547.4638218889614,50.0
FOOD-3032,Dairy,Amul,Bottle,1000.0,48.866946649453126,
FOOD-2252,Bakery,Fortune,Bottle,,57.67734131259988,350.0
FOOD-6509,Snacks,Catch_Spices,Packet,250.0,135.81808350687282,
FOOD-6074,Vegetables,Amul,Loose_Poly,100.0,287.84860178471985,50.0
FOOD-2881,Vegetables,Fortune,Packet,1000.0,353.646928362455,50.0
FOOD-1269,Bakery,Britannia,Packet,1000.0,420.3086474244051,
FOOD-2630,Vegetables,Amul,Packet,100.0,793.9076724480173,150.0
FOOD-5405,Vegetables,Catch_Spices,Packet,250.0,314.33387622254844,
FOOD-7139,Bakery,Fortune,Bottle,-200.0,0.0,700.0
FOOD-2574,Snacks,Catch_Spices,Packet,250.0,464.44940278193593,350.0
FOOD-2695,Dairy,Amul,Box,250.0,179.96925255953386,150.0
FOOD-4258,Vegetables,Amul,Packet,250.0,753.0293111155889,150.0
FOOD-4262,Dairy,Britannia,Bottle,500.0,214.81089861599966,50.0
FOOD-2445,Vegetables,Britannia,Box,5000.0,792.0479671660846,50.0
FOOD-7263,Bakery,Amul,Packet,250.0,340.7478704008679,50.0
FOOD-9411,Bakery,Catch_Spices,Bottle,100.0,652.0219458173636,150.0
FOOD-1052,Bakery,Britannia,Box,100.0,522.1414567861583,50.0
FOOD-6570,Vegetables,Britannia,Bottle,,747.4603978113412,150.0
FOOD-8579,Dairy,Britannia,Bottle,250.0,504.08729279786104,50.0
FOOD-2666,Vegetables,Britannia,Box,1000.0,469.162203759062,50.0
FOOD-7901,Vegetables,Amul,Loose_Poly,500.0,525.7534312091249,
FOOD-3785,Bakery,Catch_Spices,Packet,99999.0,631.3077703941905,50.0
FOOD-1719,Vegetables,Amul,Bottle,1000.0,720.0848894307383,150.0
FOOD-9597,Dairy,Amul,Packet,250.0,220.78377107622833,150.0
FOOD-7855,Bakery,Catch_Spices,Packet,250.0,168.70080258528716,150.0
FOOD-3294,Snacks,Catch_Spices,Packet,500.0,37.13625957612394,150.0
FOOD-9263,Bakery,Fortune,Loose_Poly,100.0,302.36257040444417,
FOOD-5482,Bakery,Catch_Spices,Bottle,500.0,678.48616804206,
FOOD-1698,Dairy,Britannia,Packet,250.0,65.18736862314042,50.0
FOOD-8243,Vegetables,Catch_Spices,Packet,500.0,435.4308604060479,50.0
FOOD-6918,Dairy,Amul,Loose_Poly,250.0,558.8830226225409,
FOOD-1348,Dairy,Fortune,Packet,250.0,671.1138961656362,
FOOD-6374,Bakery,Britannia,Packet,500.0,470.90995436064225,150.0
FOOD-8869,Dairy,Amul,Box,250.0,157.19280805243267,50.0
FOOD-1307,Dairy,Britannia,Bottle,100.0,771.983643992397,50.0
FOOD-4416,Vegetables,Britannia,Packet,500.0,84.77469321760994,50.0
FOOD-5820,Vegetables,Britannia,Bottle,250.0,617.509693319597,50.0
FOOD-4558,Bakery,Amul,Loose_Poly,1000.0,78.3817868362138,50.0
FOOD-5478,Dairy,Fortune,Loose_Poly,100.0,123.30109506808101,
FOOD-7531,Bakery,Amul,Packet,500.0,719.5903190190065,350.0
FOOD-5620,Dairy,Britannia,Packet,250.0,604.9289802953903,
FOOD-3985,Vegetables,Catch_Spices,Packet,100.0,298.7515342732669,150.0
FOOD-9112,Bakery,Britannia,Bottle,250.0,514.5922417584011,150.0
FOOD-9467,Bakery,Amul,Box,500.0,371.22530515144854,50.0
FOOD-3547,Dairy,Amul,Packet,250.0,62.564831108087816,350.0
FOOD-1336,Dairy,Britannia,Box,100.0,579.6908169075696,
FOOD-3979,Dairy,Catch_Spices,Bottle,500.0,612.9720217515612,
FOOD-4968,Bakery,Catch_Spices,Box,100.0,707.049695060093,50.0
FOOD-1910,Bakery,Fortune,Loose_Poly,500.0,437.10350382291125,150.0
FOOD-2996,Bakery,Amul,Bottle,1000.0,541.7789812911502,
FOOD-4129,Dairy,Amul,Packet,100.0,356.05983051614567,
FOOD-6447,Dairy,Amul,Bottle,250.0,261.93831469518284,50.0
FOOD-7129,Dairy,Amul,Box,250.0,335.24299619860636,150.0
FOOD-6850,Bakery,Amul,Packet,500.0,730.2843617649453,50.0
FOOD-5204,Dairy,Amul,Box,250.0,139.69531518490905,50.0
FOOD-8446,Dairy,Britannia,Packet,250.0,206.31485592023097,50.0
FOOD-9519,Vegetables,Amul,Packet,,488.8907251884084,
FOOD-1314,Snacks,Britannia,Packet,100.0,101.8622440333371,150.0
FOOD-2134,Bakery,Catch_Spices,Loose_Poly,250.0,714.5729642054174,50.0
FOOD-5876,Dairy,Britannia,Bottle,100.0,47.31673377197743,150.0
FOOD-9102,Dairy,Fortune,Packet,100.0,606.696711679276,150.0
FOOD-9347,Vegetables,Fortune,Loose_Poly,250.0,305.2451572479469,
FOOD-6592,Vegetables,Amul,Box,100.0,50.42080315305429,50.0
FOOD-2724,Vegetables,Amul,Box,100.0,675.9130360378024,700.0
FOOD-4343,Bakery,Amul,Packet,100.0,515.9635853975597,50.0
FOOD-1886,Bakery,Amul,Packet,100.0,16.998380227029386,50.0
FOOD-1721,Dairy,Britannia,Bottle,500.0,221.35095022384445,150.0
FOOD-8678,Dairy,Catch_Spices,Box,100.0,288.11603010276906,
FOOD-4357,Dairy,Catch_Spices,Bottle,500.0,264.8367376304242,150.0
FOOD-1870,Vegetables,Amul,Bottle,250.0,403.69020293341714,150.0
FOOD-7751,Vegetables,Catch_Spices,Box,500.0,426.1743367227081,50.0
FOOD-1497,Bakery,Amul,Packet,100.0,323.435674056595,50.0
FOOD-2756,Snacks,Fortune,Bottle,1000.0,272.09856763450694,350.0
FOOD-2117,Dairy,Amul,Packet,500.0,408.48336934914374,
FOOD-3828,Bakery,Amul,Packet,100.0,36.55616965664138,50.0
FOOD-2647,Snacks,Amul,Packet,100.0,519.7093904249756,150.0
FOOD-7992,Vegetables,Catch_Spices,Box,500.0,488.7261883538792,
FOOD-7771,Bakery,Amul,Box,1000.0,230.58364178286814,350.0
FOOD-1142,Dairy,Amul,Packet,250.0,151.81720313050334,50.0
FOOD-3761,Dairy,Catch_Spices,Packet,250.0,67.65812837606849,50.0
FOOD-4435,Vegetables,Catch_Spices,Packet,100.0,474.0015635318281,50.0
FOOD-7622,Bakery,Amul,Loose_Poly,250.0,459.4312153423096,150.0
FOOD-8069,Bakery,Fortune,Bottle,100.0,431.321291187337,350.0
FOOD-5512,Vegetables,Amul,Loose_Poly,250.0,788.6384318678492,50.0
FOOD-2848,Dairy,Amul,Box,,429.91984770700077,50.0
FOOD-3696,Vegetables,Britannia,Packet,,580.2146766760558,50.0
FOOD-2717,Bakery,Britannia,Packet,500.0,99.20543474854288,50.0
FOOD-4072,Dairy,Britannia,Bottle,500.0,246.18692345659508,
FOOD-3786,Bakery,Britannia,Packet,250.0,227.60282579309768,150.0
FOOD-4791,Dairy,Britannia,Packet,1000.0,465.02064962782663,350.0
FOOD-4871,Vegetables,Fortune,Packet,100.0,271.3424504020884,150.0
FOOD-2806,Vegetables,Fortune,Bottle,250.0,516.4424772273395,50.0
FOOD-2504,Vegetables,Britannia,Bottle,500.0,555.1708939693453,150.0
FOOD-4308,Vegetables,Amul,Packet,500.0,36.614971370149014,150.0
FOOD-8117,Dairy,Britannia,Bottle,1000.0,515.4085928271618,50.0
FOOD-6048,Vegetables,Fortune,Packet,,102.26201620028466,350.0
FOOD-9263,Dairy,Britannia,Box,100.0,377.45688846589815,
FOOD-2690,Dairy,Britannia,Box,500.0,583.9954909074548,
FOOD-4303,Dairy,Amul,Packet,250.0,565.6425467966653,
FOOD-4113,Bakery,Britannia,Bottle,,246.85981054799424,
FOOD-8850,Dairy,Amul,Bottle,250.0,225.1690218640461,50.0
FOOD-7416,Snacks,Catch_Spices,Packet,250.0,357.77894120594146,350.0
FOOD-2504,Vegetables,Britannia,Packet,250.0,159.0469955840519,150.0
FOOD-9924,Dairy,Amul,Loose_Poly,100.0,780.0122200396991,150.0
FOOD-4924,Dairy,Britannia,Packet,,282.48448633804253,50.0
FOOD-9615,Dairy,Fortune,Bottle,100.0,739.1646864696199,50.0
FOOD-5485,Bakery,Amul,Box,250.0,727.5293207383698,50.0
FOOD-9100,Dairy,Britannia,Packet,100.0,298.2307001742284,50.0
FOOD-9684,Dairy,Britannia,Packet,1000.0,210.72685949559556,150.0
FOOD-1191,Dairy,Fortune,Box,100.0,618.9601512757479,50.0
FOOD-9690,Snacks,Amul,Packet,1000.0,191.20849957528648,50.0
FOOD-5917,Snacks,Britannia,Bottle,250.0,421.7846480703563,150.0
FOOD-6831,Vegetables,Catch_Spices,Box,100.0,97.44460579171303,50.0
FOOD-5322,Vegetables,Catch_Spices,Box,250.0,314.88640209404934,50.0
FOOD-7999,Bakery,Britannia,Loose_Poly,250.0,71.74238968754226,350.0
FOOD-8282,Snacks,Catch_Spices,Box,250.0,233.91727822198538,350.0
FOOD-2874,Vegetables,Britannia,Bottle,250.0,535.5820531705316,
FOOD-5763,Dairy,Britannia,Box,500.0,793.1326536746425,50.0
FOOD-9464,Snacks,Britannia,Loose_Poly,250.0,211.2980012401968,50.0
FOOD-2051,Bakery,Amul,Loose_Poly,500.0,383.9238195339779,50.0
FOOD-8538,Vegetables,Britannia,Box,500.0,363.9564305886309,50.0
FOOD-8411,Dairy,Britannia,Packet,100.0,155.48137102397357,50.0
FOOD-7320,Snacks,Fortune,Box,1000.0,491.9545385960311,150.0
FOOD-3105,Bakery,Fortune,Packet,500.0,582.5169079893577,
FOOD-1307,Bakery,Britannia,Packet,-200.0,0.0,350.0
FOOD-8737,Bakery,Amul,Packet,100.0,608.1284123388331,50.0
FOOD-4359,Vegetables,Amul,Loose_Poly,1000.0,563.1276922784381,150.0
FOOD-4176,Bakery,Amul,Packet,1000.0,165.9008758538224,150.0
FOOD-2251,Vegetables,Britannia,Box,500.0,522.6686238431436,700.0
FOOD-6366,Snacks,Amul,Bottle,250.0,321.0006266971828,700.0
FOOD-2517,Dairy,Britannia,Packet,5000.0,548.0988244705995,150.0
FOOD-7226,Bakery,Amul,Bottle,5000.0,401.91651326632484,150.0
FOOD-6305,Vegetables,Fortune,Bottle,500.0,48.028763434900284,150.0
FOOD-6869,Dairy,Catch_Spices,Box,250.0,631.7039206288565,50.0
FOOD-9039,Vegetables,Britannia,Packet,1000.0,448.9239405280761,
FOOD-5891,Bakery,Amul,Packet,100.0,582.5877520583987,50.0
FOOD-5992,Bakery,Britannia,Bottle,100.0,109.59670215540426,150.0
FOOD-2961,Bakery,Amul,Packet,-200.0,0.0,
FOOD-3863,Dairy,Amul,Packet,1000.0,336.79628892802054,50.0
FOOD-7603,Vegetables,Amul,Packet,1000.0,641.4209647803216,50.0
FOOD-5567,Snacks,Amul,Bottle,250.0,483.3410415051596,50.0
FOOD-7513,Bakery,Amul,Packet,250.0,290.3726789631422,150.0
FOOD-5005,Bakery,Amul,Bottle,5000.0,169.51439227535076,
FOOD-1183,Bakery,Amul,Loose_Poly,250.0,654.5800932250016,150.0
FOOD-8755,Bakery,Britannia,Box,500.0,452.55220422545534,150.0
FOOD-4358,Dairy,Catch_Spices,Packet,250.0,790.0997773779092,
FOOD-7615,Bakery,Catch_Spices,Bottle,100.0,305.0560495728911,150.0
FOOD-7797,Dairy,Amul,Packet,,551.7181850527795,50.0
FOOD-9728,Bakery,Britannia,Packet,250.0,502.02848870341984,50.0
FOOD-8678,Bakery,Catch_Spices,Packet,250.0,513.6895503370845,50.0
FOOD-6698,Vegetables,Amul,Packet,100.0,592.2141719831691,350.0
FOOD-2273,Dairy,Fortune,Bottle,250.0,119.8955411865337,350.0
FOOD-7653,Vegetables,Britannia,Loose_Poly,500.0,444.21879475863403,350.0
FOOD-2096,Vegetables,Catch_Spices,Loose_Poly,500.0,412.2124396115942,150.0
FOOD-9002,Dairy,Catch_Spices,Packet,100.0,280.59853338152715,
FOOD-5247,Bakery,Britannia,Bottle,500.0,354.5587105501965,50.0
FOOD-6314,Vegetables,Britannia,Packet,100.0,419.8615405544616,150.0
FOOD-4354,Dairy,Amul,Bottle,,263.52862882263526,150.0
FOOD-1270,Snacks,Amul,Packet,100.0,241.59547729465274,50.0
FOOD-2186,Bakery,Britannia,Loose_Poly,500.0,593.2353339865447,150.0
FOOD-7305,Dairy,Amul,Box,100.0,62.86533274859675,
FOOD-3398,Bakery,Amul,Packet,,257.2408320179878,50.0
FOOD-7995,Dairy,Amul,Box,100.0,526.431805445698,50.0
FOOD-8299,Vegetables,Catch_Spices,Bottle,1000.0,174.93064498152359,50.0
FOOD-5182,Vegetables,Amul,Bottle,1000.0,462.09538187561,150.0
FOOD-3230,Vegetables,Amul,Bottle,100.0,248.7096719023538,350.0
FOOD-7511,Dairy,Britannia,Bottle,250.0,676.2080059466663,50.0
FOOD-1128,Snacks,Britannia,Box,1000.0,286.4915723820166,150.0
FOOD-4672,Bakery,Amul,Box,100.0,191.3180837674193,150.0
FOOD-5765,Dairy,Catch_Spices,Bottle,100.0,428.7819839006192,150.0
FOOD-4970,Dairy,Britannia,Box,100.0,117.1718052743919,50.0
FOOD-8545,Vegetables,Britannia,Loose_Poly,5000.0,640.0123342499962,350.0
FOOD-6552,Bakery,Amul,Packet,500.0,547.2223185054015,50.0
FOOD-1627,Bakery,Britannia,Packet,100.0,618.7020347089835,
FOOD-7589,Vegetables,Fortune,Box,,325.1137778397284,150.0
FOOD-3044,Vegetables,Amul,Loose_Poly,5000.0,669.652696945404,
FOOD-3341,Dairy,Amul,Packet,250.0,399.9030232823511,50.0
FOOD-6884,Dairy,Amul,Bottle,250.0,84.81223758698742,
FOOD-9185,Dairy,Catch_Spices,Packet,100.0,186.98310670356076,50.0
FOOD-1249,Dairy,Amul,Box,500.0,571.7317132072933,50.0
FOOD-3925,Dairy,Catch_Spices,Loose_Poly,100.0,718.1736160587171,
FOOD-6043,Vegetables,Amul,Bottle,500.0,85.19661801070086,150.0
FOOD-1974,Dairy,Britannia,Bottle,100.0,692.7296849667973,50.0
FOOD-8192,Dairy,Britannia,Loose_Poly,100.0,641.2651650510131,50.0
FOOD-3672,Bakery,Amul,Packet,250.0,291.68323738821755,150.0
FOOD-8279,Snacks,Britannia,Box,1000.0,554.5286754733586,50.0
FOOD-8531,Bakery,Amul,Packet,250.0,157.69156160321126,150.0
FOOD-9662,Bakery,Amul,Bottle,,652.580706947817,50.0
FOOD-2987,Dairy,Fortune,Bottle,250.0,529.2978272607183,50.0
FOOD-1090,Bakery,Amul,Bottle,500.0,356.67520977898135,150.0
FOOD-9721,Snacks,Britannia,Loose_Poly,500.0,692.9686792818954,50.0
FOOD-5059,Vegetables,Amul,Loose_Poly,250.0,119.99525602771222,150.0
FOOD-3773,Dairy,Amul,Box,100.0,678.1706496246793,50.0
FOOD-9383,Bakery,Britannia,Packet,250.0,28.87026115259157,50.0
FOOD-8409,Bakery,Britannia,Packet,250.0,605.0283194181691,150.0
FOOD-5440,Vegetables,Amul,Bottle,1000.0,462.9576206288406,50.0
FOOD-8347,Dairy,Britannia,Loose_Poly,250.0,560.4113858442813,150.0
FOOD-2008,Bakery,Amul,Bottle,250.0,335.75217532754186,50.0
FOOD-4783,Dairy,Catch_Spices,Loose_Poly,250.0,692.9084894548089,
FOOD-7646,Bakery,Amul,Loose_Poly,250.0,257.38772907045245,150.0
FOOD-5298,Dairy,Amul,Bottle,250.0,227.21467530683665,150.0
FOOD-5668,Snacks,Fortune,Box,250.0,248.38301014079548,50.0
FOOD-5287,Dairy,Amul,Loose_Poly,1000.0,621.7474358456415,150.0
FOOD-3052,Dairy,Amul,Box,250.0,401.28046776706276,50.0
FOOD-7009,Vegetables,Amul,Bottle,100.0,434.2974074247758,150.0
FOOD-2716,Vegetables,Catch_Spices,Box,100.0,667.0077805429956,
FOOD-1310,Dairy,Catch_Spices,Packet,500.0,668.3587863301233,
FOOD-5538,Dairy,Fortune,Bottle,,137.77310260907097,
FOOD-2260,Dairy,Britannia,Packet,250.0,444.3164615817705,150.0
FOOD-4932,Vegetables,Britannia,Packet,250.0,109.55438308270456,50.0
FOOD-1584,Bakery,Britannia,Box,250.0,696.1374922438587,50.0
FOOD-8616,Bakery,Amul,Bottle,500.0,671.2345046570548,150.0
FOOD-9551,Vegetables,Catch_Spices,Packet,500.0,680.9855979946946,
FOOD-3866,Dairy,Amul,Packet,5000.0,566.8382153001737,50.0
FOOD-6898,Bakery,Amul,Loose_Poly,250.0,378.83307177354055,150.0
FOOD-3011,Dairy,Catch_Spices,Box,250.0,329.72976881219336,50.0
FOOD-7251,Vegetables,Fortune,Packet,100.0,322.2274054917518,
FOOD-5939,Bakery,Amul,Loose_Poly,250.0,62.30810300092111,150.0
FOOD-5006,Vegetables,Amul,Packet,,759.6075263069637,50.0
FOOD-2625,Vegetables,Britannia,Bottle,500.0,365.7177688115401,
FOOD-1890,Vegetables,Britannia,Box,250.0,744.7907704299197,
FOOD-7078,Dairy,Britannia,Loose_Poly,250.0,704.6134559377641,
FOOD-8036,Vegetables,Amul,Box,100.0,664.6022063556915,50.0
FOOD-9923,Snacks,Catch_Spices,Packet,500.0,474.76401901635325,
FOOD-4961,Vegetables,Amul,Bottle,250.0,90.22914990100605,50.0
FOOD-3504,Vegetables,Britannia,Packet,250.0,265.89004514571354,150.0
FOOD-9806,Dairy,Britannia,Bottle,1000.0,486.8331053359971,150.0
FOOD-4806,Vegetables,Amul,Bottle,500.0,20.63008864759016,150.0
FOOD-7100,Dairy,Amul,Packet,100.0,43.67842179811309,150.0
FOOD-2719,Vegetables,Catch_Spices,Bottle,250.0,545.3540719384565,50.0
FOOD-7686,Vegetables,Catch_Spices,Packet,250.0,711.6802526864585,50.0
FOOD-2587,Vegetables,Amul,Bottle,500.0,685.5788721653307,350.0
FOOD-8000,Dairy,Catch_Spices,Box,1000.0,142.83476841715554,150.0
FOOD-1896,Vegetables,Amul,Bottle,100.0,729.8744275479495,150.0
FOOD-6558,Bakery,Britannia,Loose_Poly,1000.0,560.0787385145038,50.0
FOOD-9469,Dairy,Amul,Packet,100.0,575.8975039172901,150.0
FOOD-5647,Dairy,Catch_Spices,Bottle,500.0,250.19254858255778,
FOOD-3432,Dairy,Amul,Bottle,100.0,575.6374527902165,350.0
FOOD-4904,Dairy,Britannia,Packet,100.0,570.7200992912749,50.0
FOOD-7837,Snacks,Fortune,Packet,1000.0,479.78576523436476,50.0
FOOD-2449,Vegetables,Amul,Loose_Poly,250.0,292.2578385746444,50.0
FOOD-5500,Vegetables,Britannia,Bottle,99999.0,650.7014057711191,
FOOD-6454,Vegetables,Amul,Bottle,100.0,750.6391710044124,
FOOD-5117,Vegetables,Britannia,Bottle,250.0,697.2118557713271,50.0
FOOD-9869,Vegetables,Amul,Box,500.0,201.95356342831585,50.0
FOOD-3028,Bakery,Britannia,Packet,,362.0823249492283,
FOOD-7845,Dairy,Catch_Spices,Box,100.0,280.507338312356,350.0
FOOD-4758,Snacks,Amul,Packet,,568.9088446655945,50.0
FOOD-6904,Vegetables,Amul,Bottle,99999.0,666.877366760095,50.0
FOOD-5624,Vegetables,Britannia,Packet,500.0,180.47894462718028,50.0
FOOD-9848,Snacks,Fortune,Box,250.0,758.3476729285211,
FOOD-1165,Bakery,Catch_Spices,Box,100.0,545.090015306659,150.0
FOOD-5591,Dairy,Amul,Bottle,100.0,182.5738185457278,50.0
FOOD-1589,Dairy,Amul,Packet,250.0,303.1647429328671,
FOOD-5524,Bakery,Fortune,Bottle,5000.0,92.63941786467363,
FOOD-3821,Dairy,Fortune,Packet,500.0,481.6844981733908,50.0
FOOD-7509,Vegetables,Britannia,Bottle,250.0,143.661303006173,50.0
FOOD-8693,Bakery,Amul,Box,250.0,557.5410511488027,50.0
FOOD-1071,Dairy,Amul,Box,99999.0,592.4249271474773,50.0
FOOD-4580,Vegetables,Amul,Packet,250.0,388.67450647551107,150.0
FOOD-8962,Dairy,Catch_Spices,Loose_Poly,5000.0,84.11524920390639,150.0
FOOD-1268,Dairy,Amul,Loose_Poly,,492.5898200775255,50.0
FOOD-3462,Bakery,Britannia,Bottle,500.0,304.04214917781337,150.0
FOOD-2015,Vegetables,Britannia,Bottle,500.0,760.2215022590966,
FOOD-8984,Bakery,Amul,Loose_Poly,500.0,415.43250829461283,50.0
FOOD-1406,Dairy,Amul,Bottle,250.0,67.09019440269743,
FOOD-8384,Dairy,Britannia,Bottle,,512.4787757257716,
FOOD-7049,Vegetables,Amul,Box,100.0,625.6894249959338,50.0
FOOD-7169,Bakery,Amul,Packet,1000.0,136.79721943042594,150.0
FOOD-8982,Snacks,Amul,Box,100.0,364.7553178320652,
FOOD-1985,Dairy,Fortune,Bottle,99999.0,597.125593057879,
FOOD-5485,Vegetables,Catch_Spices,Bottle,500.0,26.18995615721586,700.0
FOOD-9901,Dairy,Britannia,Packet,250.0,32.88613891692786,50.0
FOOD-3618,Bakery,Fortune,Packet,1000.0,544.7605328374605,50.0
FOOD-7289,Vegetables,Britannia,Bottle,500.0,582.8499336768264,
FOOD-7928,Dairy,Britannia,Bottle,250.0,678.23685548258,150.0
FOOD-6368,Dairy,Catch_Spices,Box,100.0,325.6838544761756,50.0
FOOD-5621,Vegetables,Britannia,Packet,1000.0,317.9235653859494,
FOOD-8566,Dairy,Amul,Packet,500.0,446.37069845642947,150.0
FOOD-5670,Vegetables,Catch_Spices,Bottle,500.0,608.2882944775956,50.0
FOOD-8658,Bakery,Fortune,Bottle,500.0,516.3838355811931,50.0
FOOD-2003,Dairy,Amul,Packet,100.0,268.5854100366436,700.0
FOOD-8504,Dairy,Catch_Spices,Packet,1000.0,283.7723325843173,
FOOD-3466,Dairy,Amul,Loose_Poly,,612.7738990980138,350.0
FOOD-2939,Vegetables,Amul,Packet,100.0,432.37086279166664,150.0
FOOD-2635,Bakery,Britannia,Box,,87.40117870804944,50.0
FOOD-9095,Dairy,Amul,Packet,100.0,130.86601378030895,150.0
FOOD-7265,Dairy,Britannia,Bottle,250.0,682.4403969912695,150.0
FOOD-2895,Dairy,Amul,Packet,,799.0547110418087,150.0
FOOD-7524,Dairy,Amul,Box,100.0,275.1894955355914,50.0
FOOD-2073,Vegetables,Britannia,Packet,100.0,315.4943126298921,
FOOD-6184,Vegetables,Britannia,Packet,500.0,132.04553958377312,50.0
FOOD-3402,Vegetables,Amul,Packet,250.0,196.21333640773304,
FOOD-5895,Bakery,Catch_Spices,Box,250.0,345.45757816295145,
FOOD-8331,Vegetables,Britannia,Box,500.0,234.6678190845024,150.0
FOOD-2956,Vegetables,Amul,Packet,250.0,564.1256351265068,350.0
FOOD-8023,Bakery,Amul,Packet,250.0,434.9010587882928,50.0
FOOD-4907,Vegetables,Fortune,Box,5000.0,659.6147313516626,150.0
FOOD-1807,Dairy,Britannia,Box,,582.3746849980254,
FOOD-9378,Vegetables,Amul,Bottle,250.0,111.1994834487796,150.0
FOOD-5827,Vegetables,Amul,Loose_Poly,500.0,107.47728280560781,150.0
FOOD-5524,Dairy,Britannia,Packet,500.0,717.562424420891,
FOOD-3284,Vegetables,Amul,Packet,1000.0,657.4138791636849,
FOOD-6313,Bakery,Britannia,Packet,,379.65468529853996,150.0
FOOD-1757,Dairy,Catch_Spices,Bottle,500.0,112.98766647143833,50.0
FOOD-5887,Vegetables,Amul,Bottle,500.0,719.8752696417862,50.0
FOOD-4854,Vegetables,Catch_Spices,Packet,100.0,192.2534403269848,350.0
FOOD-4558,Dairy,Catch_Spices,Packet,100.0,38.07247195742722,700.0
FOOD-1961,Vegetables,Catch_Spices,Bottle,500.0,740.1492247400477,150.0
FOOD-4847,Vegetables,Catch_Spices,Packet,100.0,649.0591403711788,150.0
FOOD-7726,Dairy,Fortune,Packet,,557.8505369315742,
FOOD-4575,Bakery,Britannia,Loose_Poly,100.0,36.88398230810771,
FOOD-3418,Dairy,Britannia,Packet,,427.4606309302402,700.0
FOOD-5198,Bakery,Britannia,Packet,100.0,526.3725625161792,150.0
FOOD-2001,Bakery,Catch_Spices,Bottle,250.0,609.8843202178048,150.0
FOOD-6244,Vegetables,Amul,Box,100.0,382.14836899083366,50.0
FOOD-8119,Bakery,Amul,Bottle,1000.0,763.14594706443,150.0
FOOD-5066,Bakery,Amul,Packet,100.0,203.37703816880787,
FOOD-3845,Dairy,Fortune,Box,250.0,65.09058471583967,50.0
FOOD-9849,Snacks,Fortune,Bottle,5000.0,272.88533355683336,
FOOD-6316,Vegetables,Britannia,Packet,1000.0,532.825847542303,150.0
FOOD-1422,Vegetables,Amul,Bottle,250.0,592.3541913782549,150.0
FOOD-7715,Bakery,Britannia,Box,250.0,593.4125487206991,50.0
FOOD-5266,Dairy,Amul,Bottle,250.0,97.4323238219598,
FOOD-8549,Vegetables,Britannia,Loose_Poly,1000.0,709.2206691563332,150.0
FOOD-7316,Vegetables,Amul,Bottle,,231.8586253090803,350.0
FOOD-3710,Bakery,Catch_Spices,Box,250.0,175.82977505394894,
FOOD-9644,Bakery,Britannia,Bottle,1000.0,495.4214067807045,150.0
FOOD-9069,Dairy,Britannia,Packet,250.0,177.36076880272847,350.0
FOOD-2657,Snacks,Fortune,Bottle,500.0,411.35040935546897,50.0
FOOD-3541,Vegetables,Britannia,Packet,500.0,331.5534602708453,
FOOD-7763,Vegetables,Amul,Packet,100.0,193.3070674765288,350.0
FOOD-4075,Bakery,Britannia,Box,250.0,240.72710967632563,
FOOD-4164,Bakery,Catch_Spices,Bottle,250.0,347.65171277508176,50.0
FOOD-3053,Vegetables,Britannia,Packet,500.0,283.4666735890066,150.0
FOOD-9479,Vegetables,Britannia,Bottle,1000.0,311.44486965355577,150.0
FOOD-6737,Bakery,Catch_Spices,Packet,500.0,590.9933510404884,150.0
FOOD-4217,Snacks,Fortune,Box,,143.02013102694428,150.0
FOOD-2447,Dairy,Britannia,Packet,500.0,505.8186839926153,150.0
FOOD-7009,Vegetables,Fortune,Bottle,250.0,545.7446427617896,50.0
FOOD-1607,Snacks,Catch_Spices,Bottle,250.0,643.6487664796284,50.0
FOOD-5552,Bakery,Catch_Spices,Bottle,250.0,679.3884684946306,50.0
FOOD-2764,Dairy,Catch_Spices,Packet,500.0,135.34577933902068,150.0
FOOD-3671,Bakery,Britannia,Bottle,500.0,119.22600128322176,350.0
FOOD-7519,Bakery,Amul,Box,250.0,495.6691003858211,50.0
FOOD-4962,Snacks,Amul,Box,1000.0,607.9640749605419,
FOOD-4177,Bakery,Amul,Box,100.0,225.13787988934916,350.0
FOOD-4722,Dairy,Catch_Spices,Box,250.0,425.4192924027592,
FOOD-5906,Dairy,Catch_Spices,Packet,250.0,620.0691501832991,
FOOD-8263,Dairy,Britannia,Packet,5000.0,616.3274555099589,150.0
FOOD-6054,Dairy,Britannia,Box,100.0,526.517931229859,50.0
FOOD-1808,Bakery,Amul,Box,250.0,72.24227978735834,50.0
FOOD-1725,Snacks,Britannia,Bottle,1000.0,50.008649617821945,350.0
FOOD-8701,Dairy,Fortune,Bottle,1000.0,316.87179493903704,350.0
FOOD-2216,Dairy,Britannia,Packet,1000.0,31.083066918582976,50.0
FOOD-5051,Dairy,Amul,Packet,250.0,724.2740221652543,150.0
FOOD-3197,Bakery,Britannia,Bottle,1000.0,25.914285156232125,150.0
FOOD-3806,Dairy,Amul,Loose_Poly,250.0,33.39416109216543,50.0
FOOD-9970,Vegetables,Catch_Spices,Bottle,500.0,140.60862891345363,350.0
FOOD-1972,Dairy,Amul,Packet,100.0,505.34195395259263,
FOOD-6634,Vegetables,Catch_Spices,Packet,500.0,437.8277710632213,50.0
FOOD-8483,Vegetables,Amul,Packet,250.0,530.9948378787274,50.0
FOOD-3123,Bakery,Amul,Bottle,250.0,715.9085614753211,150.0
FOOD-9790,Vegetables,Britannia,Loose_Poly,500.0,369.4070641412421,
FOOD-1224,Vegetables,Fortune,Box,100.0,44.662020945593746,150.0
FOOD-2814,Vegetables,Britannia,Box,100.0,613.1623339170517,150.0
FOOD-2106,Vegetables,Amul,Bottle,250.0,651.4519255912785,50.0
FOOD-1124,Bakery,Amul,Bottle,500.0,49.41180431038699,150.0
FOOD-4246,Dairy,Britannia,Loose_Poly,100.0,201.85094197360436,50.0
FOOD-3931,Bakery,Amul,Bottle,500.0,618.7714714720698,50.0
FOOD-3971,Dairy,Amul,Loose_Poly,500.0,307.16263845158636,
FOOD-3017,Vegetables,Britannia,Box,500.0,383.39460478689097,50.0
FOOD-8415,Vegetables,Amul,Packet,250.0,660.3088365577902,
FOOD-3415,Bakery,Amul,Bottle,500.0,84.74943534322257,150.0
FOOD-4096,Dairy,Amul,Packet,,545.0546163275905,
FOOD-2609,Snacks,Catch_Spices,Packet,250.0,179.83766553328934,50.0
FOOD-1717,Dairy,Amul,Packet,500.0,59.49463055044803,50.0
FOOD-4561,Dairy,Catch_Spices,Box,-200.0,0.0,50.0
FOOD-7782,Bakery,Amul,Box,,105.91567984876662,
FOOD-2048,Snacks,Fortune,Packet,250.0,600.1357344539881,
FOOD-9307,Dairy,Amul,Packet,1000.0,170.13725909162162,
FOOD-8905,Vegetables,Britannia,Bottle,1000.0,48.324496082703135,50.0
FOOD-6578,Dairy,Fortune,Bottle,,88.44499734406362,50.0
FOOD-2620,Dairy,Fortune,Bottle,250.0,674.6034965092664,
FOOD-7548,Snacks,Fortune,Bottle,,303.0648909088166,
FOOD-8381,Dairy,Fortune,Bottle,500.0,248.79064668026012,150.0
FOOD-5780,Vegetables,Amul,Packet,250.0,398.04706757289597,350.0
FOOD-4792,Snacks,Britannia,Bottle,500.0,510.0167293915666,150.0
FOOD-3941,Bakery,Britannia,Packet,1000.0,39.310773797346656,50.0
FOOD-6695,Vegetables,Catch_Spices,Packet,5000.0,719.5689256259199,
FOOD-7401,Snacks,Amul,Packet,1000.0,767.2002782081137,50.0
FOOD-7197,Vegetables,Catch_Spices,Bottle,100.0,339.67238476234667,50.0
FOOD-6450,Dairy,Britannia,Box,100.0,335.9768329872108,50.0
FOOD-9975,Snacks,Britannia,Box,500.0,704.0623377989325,50.0
FOOD-9432,Dairy,Amul,Bottle,250.0,349.1563205285836,50.0
FOOD-6874,Vegetables,Britannia,Bottle,,686.3900485010561,
FOOD-2553,Dairy,Fortune,Packet,250.0,32.386186146616566,
FOOD-2012,Bakery,Britannia,Packet,1000.0,396.82398092669234,
FOOD-9378,Vegetables,Catch_Spices,Box,1000.0,762.4189453701656,
FOOD-2881,Dairy,Fortune,Packet,100.0,209.71568039723135,50.0
FOOD-7799,Bakery,Britannia,Bottle,250.0,220.26230815742085,
FOOD-5586,Vegetables,Catch_Spices,Packet,250.0,507.79716108297566,50.0
FOOD-9622,Bakery,Britannia,Loose_Poly,1000.0,741.690797823564,
FOOD-9430,Bakery,Britannia,Loose_Poly,250.0,167.00637061881807,
FOOD-7447,Dairy,Amul,Packet,5000.0,738.1043104221166,50.0
FOOD-3345,Dairy,Amul,Box,500.0,533.7729578507557,50.0
FOOD-1075,Vegetables,Britannia,Packet,5000.0,794.5073782662328,150.0
FOOD-6877,Dairy,Catch_Spices,Bottle,500.0,591.8024886975784,350.0
FOOD-7785,Bakery,Amul,Packet,1000.0,537.5624271666715,350.0
FOOD-5922,Vegetables,Amul,Packet,1000.0,653.7735058483734,50.0
FOOD-9090,Dairy,Britannia,Packet,100.0,148.36085223933108,50.0
FOOD-3330,Dairy,Amul,Loose_Poly,100.0,757.3286342963463,
FOOD-5686,Dairy,Fortune,Box,1000.0,140.8204519330894,350.0
FOOD-2902,Vegetables,Fortune,Packet,100.0,30.27959221819883,150.0
FOOD-5670,Bakery,Amul,Bottle,250.0,561.3069045462163,150.0
FOOD-8143,Vegetables,Catch_Spices,Packet,1000.0,155.83038664177855,
FOOD-3059,Bakery,Britannia,Packet,1000.0,609.4150119091889,50.0
FOOD-1140,Dairy,Britannia,Box,100.0,638.0807926060781,
FOOD-2789,Dairy,Amul,Packet,250.0,196.9924001177606,350.0
FOOD-1016,Vegetables,Britannia,Bottle,250.0,78.50906115441695,50.0
FOOD-1464,Bakery,Catch_Spices,Bottle,250.0,405.64856336025184,50.0
FOOD-5471,Vegetables,Amul,Packet,1000.0,713.2726233489499,
FOOD-2827,Vegetables,Amul,Bottle,500.0,679.3599698132095,150.0
FOOD-9711,Dairy,Amul,Loose_Poly,-200.0,0.0,
FOOD-6956,Bakery,Amul,Box,100.0,772.1787789696376,150.0
FOOD-1089,Vegetables,Amul,Packet,250.0,218.51986435602075,50.0
FOOD-5815,Vegetables,Amul,Box,1000.0,286.019029848202,50.0
FOOD-3851,Bakery,Catch_Spices,Loose_Poly,250.0,127.74969202698375,50.0
FOOD-3843,Bakery,Fortune,Packet,100.0,308.46434277869037,150.0
FOOD-7543,Vegetables,Amul,Packet,99999.0,512.1564739925471,150.0
FOOD-6901,Dairy,Fortune,Packet,1000.0,409.8018254930897,50.0
FOOD-1969,Dairy,Amul,Packet,250.0,663.7561931996003,50.0
FOOD-2094,Dairy,Britannia,Bottle,250.0,516.6276408928893,
FOOD-7124,Bakery,Amul,Packet,,218.20013244495036,
FOOD-8347,Vegetables,Amul,Packet,-200.0,0.0,50.0
FOOD-4195,Bakery,Catch_Spices,Packet,1000.0,60.71098945168561,150.0
FOOD-2404,Dairy,Amul,Bottle,,468.8245429881243,50.0
FOOD-7940,Dairy,Fortune,Bottle,100.0,317.8344253369701,50.0
FOOD-5290,Bakery,Britannia,Bottle,1000.0,87.73480872410383,150.0
FOOD-4982,Snacks,Amul,Packet,100.0,252.89652286271752,350.0
FOOD-6555,Vegetables,Fortune,Bottle,1000.0,719.4887241547781,50.0
FOOD-8954,Vegetables,Britannia,Packet,99999.0,472.9699784698494,50.0
FOOD-5713,Vegetables,Amul,Loose_Poly,1000.0,723.5792306650104,150.0
FOOD-4092,Snacks,Amul,Packet,500.0,334.53514970990835,50.0
FOOD-5159,Bakery,Amul,Packet,250.0,783.3377935181695,50.0
FOOD-7308,Dairy,Catch_Spices,Packet,100.0,294.41505226357043,150.0
FOOD-8478,Vegetables,Britannia,Packet,500.0,607.8756459649524,150.0
FOOD-9476,Bakery,Amul,Packet,250.0,251.26843594924492,150.0
FOOD-5933,Bakery,Catch_Spices,Bottle,250.0,93.73253327546738,
FOOD-5926,Bakery,Amul,Box,100.0,668.1147114211402,50.0
FOOD-4969,Vegetables,Amul,Packet,100.0,612.4394062274262,
FOOD-3965,Vegetables,Amul,Bottle,250.0,658.2969367164598,50.0
FOOD-5319,Dairy,Britannia,Box,1000.0,246.75868003163347,50.0
FOOD-9975,Bakery,Amul,Packet,250.0,565.8926842247665,
FOOD-8108,Vegetables,Britannia,Packet,250.0,183.7390497213663,50.0
FOOD-4939,Dairy,Catch_Spices,Packet,250.0,18.936113646572853,150.0
FOOD-1044,Vegetables,Amul,Box,,694.5261327521778,150.0
FOOD-2810,Bakery,Amul,Box,1000.0,423.58513477423446,
FOOD-5566,Dairy,Amul,Packet,250.0,787.0861366108498,50.0
FOOD-2909,Vegetables,Britannia,Packet,100.0,314.17819897396,50.0
FOOD-7364,Dairy,Catch_Spices,Box,100.0,765.9296755216816,
FOOD-3581,Dairy,Amul,Bottle,-200.0,0.0,50.0
FOOD-1691,Vegetables,Amul,Box,250.0,414.64200675112204,150.0
FOOD-1931,Bakery,Amul,Packet,100.0,249.21958651200043,
FOOD-8910,Vegetables,Amul,Loose_Poly,250.0,661.9683096054653,50.0
FOOD-7382,Vegetables,Britannia,Box,100.0,664.7478496331873,50.0
FOOD-4406,Vegetables,Amul,Packet,,339.374330440774,
FOOD-9339,Vegetables,Amul,Bottle,1000.0,584.5615821357429,
FOOD-2032,Vegetables,Britannia,Packet,100.0,363.31796926483486,150.0
FOOD-2311,Vegetables,Amul,Packet,1000.0,594.3308426286743,150.0
FOOD-9579,Dairy,Britannia,Bottle,250.0,795.4102238077137,150.0
FOOD-4121,Vegetables,Amul,Packet,100.0,217.3720878736482,50.0
FOOD-2873,Bakery,Catch_Spices,Bottle,1000.0,510.9014411719875,150.0
FOOD-7781,Vegetables,Amul,Packet,250.0,310.10359243418503,
FOOD-4748,Vegetables,Catch_Spices,Box,500.0,443.2135352823176,150.0
FOOD-1277,Vegetables,Amul,Packet,1000.0,700.5763514343632,50.0
FOOD-2859,Bakery,Fortune,Box,5000.0,284.5849368612773,150.0
FOOD-6929,Dairy,Amul,Packet,100.0,67.18675869157673,
FOOD-7792,Bakery,Britannia,Packet,,641.1603763419376,150.0
FOOD-5713,Vegetables,Amul,Bottle,250.0,448.4696356105554,50.0
FOOD-5675,Bakery,Britannia,Bottle,100.0,365.0267482422329,
FOOD-2170,Vegetables,Britannia,Bottle,250.0,154.83310704778276,50.0
FOOD-9681,Vegetables,Britannia,Bottle,100.0,83.35365804662177,50.0
FOOD-6308,Dairy,Britannia,Loose_Poly,250.0,230.20109210339737,
FOOD-3462,Dairy,Amul,Packet,100.0,577.9343680445661,50.0
FOOD-1287,Snacks,Amul,Box,1000.0,335.29903362572924,50.0
FOOD-6953,Vegetables,Britannia,Bottle,500.0,460.4797940346409,
FOOD-5282,Snacks,Amul,Bottle,100.0,74.81598739375485,50.0
FOOD-2907,Dairy,Amul,Bottle,1000.0,107.36200438824176,
FOOD-2161,Dairy,Amul,Box,250.0,18.931606405935614,50.0
FOOD-1129,Vegetables,Amul,Bottle,250.0,541.8947159337615,
FOOD-7337,Vegetables,Britannia,Box,100.0,218.91907276585184,
FOOD-3363,Snacks,Britannia,Packet,1000.0,773.872002808198,350.0
FOOD-9151,Dairy,Catch_Spices,Bottle,250.0,253.68009015848443,350.0
FOOD-6983,Bakery,Amul,Packet,,297.25825070414885,150.0
FOOD-1143,Snacks,Catch_Spices,Packet,5000.0,380.8969668436906,
FOOD-9207,Vegetables,Britannia,Bottle,100.0,262.1211915458324,150.0
FOOD-8469,Dairy,Catch_Spices,Bottle,1000.0,655.7801452829583,50.0
FOOD-1244,Bakery,Fortune,Packet,250.0,702.2033798984063,
FOOD-1926,Vegetables,Britannia,Packet,1000.0,18.718502574564514,150.0
FOOD-4178,Vegetables,Amul,Bottle,500.0,527.1826865634923,700.0
FOOD-3176,Dairy,Amul,Bottle,1000.0,552.0097411201959,150.0
FOOD-6002,Dairy,Amul,Packet,5000.0,769.5256525124842,
FOOD-1886,Bakery,Catch_Spices,Packet,1000.0,302.61536584170955,50.0
FOOD-9532,Vegetables,Catch_Spices,Box,250.0,164.27117499467678,
FOOD-4398,Snacks,Fortune,Box,1000.0,421.25904493832525,50.0
FOOD-9497,Vegetables,Catch_Spices,Packet,500.0,363.56899081692814,150.0
FOOD-3654,Dairy,Catch_Spices,Packet,100.0,635.4678578272055,50.0
FOOD-8392,Dairy,Britannia,Packet,1000.0,724.140598576077,
FOOD-2371,Vegetables,Britannia,Box,250.0,78.49934183277965,
FOOD-8135,Vegetables,Britannia,Box,100.0,678.7977881326378,50.0
FOOD-1320,Bakery,Britannia,Packet,250.0,728.0869937949784,350.0
FOOD-5654,Bakery,Amul,Box,500.0,740.0673438288424,50.0
FOOD-6300,Vegetables,Britannia,Packet,250.0,613.8047884924518,
FOOD-7761,Dairy,Britannia,Packet,250.0,596.2452231142216,50.0
FOOD-7854,Dairy,Britannia,Loose_Poly,100.0,21.76845225191411,150.0
FOOD-6505,Vegetables,Catch_Spices,Box,500.0,736.9513817669645,150.0
FOOD-7553,Bakery,Amul,Box,1000.0,287.68911890893355,50.0
FOOD-5042,Bakery,Amul,Bottle,250.0,42.48629832773992,
FOOD-8498,Vegetables,Fortune,Packet,500.0,336.25365498414914,
FOOD-7636,Snacks,Britannia,Box,100.0,588.953580283734,150.0
FOOD-8362,Vegetables,Amul,Bottle,,359.14460928382607,
FOOD-1011,Bakery,Britannia,Packet,250.0,608.828760683011,150.0
FOOD-1194,Dairy,Britannia,Bottle,,412.4334472598763,50.0
FOOD-3537,Dairy,Catch_Spices,Box,500.0,246.5474470202921,150.0
FOOD-3842,Dairy,Britannia,Loose_Poly,500.0,170.3007518812908,
FOOD-3229,Vegetables,Amul,Bottle,250.0,342.6716033294169,
FOOD-4009,Bakery,Britannia,Box,250.0,38.28472685400879,50.0
FOOD-8984,Bakery,Catch_Spices,Packet,1000.0,343.8096849487418,50.0
FOOD-3077,Vegetables,Britannia,Bottle,,64.20987644405322,50.0
FOOD-8845,Bakery,Fortune,Bottle,250.0,702.833719115231,50.0
FOOD-4867,Vegetables,Amul,Packet,1000.0,464.6300151595349,50.0
FOOD-5873,Bakery,Catch_Spices,Box,1000.0,520.3739407149051,150.0
FOOD-9635,Vegetables,Fortune,Loose_Poly,250.0,238.20255245045217,50.0
FOOD-1297,Vegetables,Fortune,Packet,250.0,188.39865043464104,150.0
FOOD-6856,Vegetables,Amul,Box,100.0,569.2451468469912,50.0
FOOD-2015,Dairy,Catch_Spices,Bottle,100.0,540.5367315872412,150.0
FOOD-2384,Dairy,Britannia,Bottle,500.0,106.91598051963236,50.0
FOOD-9745,Dairy,Catch_Spices,Box,,198.52669265031994,50.0
FOOD-3350,Vegetables,Amul,Packet,1000.0,757.794871311466,50.0
FOOD-2269,Dairy,Amul,Box,250.0,250.30016616992276,50.0
FOOD-2260,Bakery,Amul,Packet,,30.406893152311536,50.0
FOOD-8701,Bakery,Britannia,Box,100.0,60.38782015260462,150.0
FOOD-9376,Vegetables,Britannia,Bottle,250.0,622.6408895904474,50.0
FOOD-5563,Vegetables,Britannia,Packet,,608.152990806749,150.0
FOOD-7897,Bakery,Britannia,Packet,500.0,311.6435428527531,150.0
FOOD-6672,Vegetables,Fortune,Packet,1000.0,131.02861339110723,
FOOD-6593,Vegetables,Amul,Packet,5000.0,403.50312136541515,150.0
FOOD-7155,Vegetables,Amul,Packet,500.0,272.1920376241676,150.0
FOOD-6543,Dairy,Catch_Spices,Box,1000.0,305.43499483876906,
FOOD-8240,Dairy,Britannia,Box,500.0,216.17842972949092,
FOOD-5683,Dairy,Britannia,Loose_Poly,250.0,59.657751040472135,50.0
FOOD-2881,Vegetables,Britannia,Box,500.0,635.0158287053382,
FOOD-9713,Bakery,Britannia,Box,100.0,498.3944516155836,50.0
FOOD-4809,Vegetables,Amul,Packet,100.0,669.3617477779745,350.0
FOOD-6807,Bakery,Britannia,Box,500.0,407.5295621330381,
FOOD-5883,Dairy,Catch_Spices,Box,5000.0,788.1394448930317,
FOOD-8206,Dairy,Britannia,Packet,250.0,770.3946784296381,150.0
FOOD-5155,Vegetables,Amul,Bottle,250.0,224.70895480626834,
FOOD-5673,Vegetables,Fortune,Bottle,250.0,315.71176959232696,150.0
FOOD-2409,Dairy,Amul,Loose_Poly,250.0,604.6404362469001,
FOOD-6197,Dairy,Amul,Bottle,250.0,623.5167349624428,50.0
FOOD-8452,Vegetables,Catch_Spices,Loose_Poly,1000.0,729.4523176297766,
FOOD-9718,Snacks,Amul,Packet,250.0,525.5807285457803,150.0
FOOD-3172,Snacks,Catch_Spices,Packet,100.0,385.3455717614335,50.0
FOOD-1279,Dairy,Britannia,Loose_Poly,500.0,308.34472422717556,350.0
FOOD-4977,Snacks,Fortune,Packet,250.0,341.15105560364765,50.0
FOOD-3669,Vegetables,Britannia,Packet,500.0,681.8200693353004,150.0
FOOD-8825,Vegetables,Amul,Bottle,250.0,784.2069864498417,50.0
FOOD-4981,Vegetables,Britannia,Box,500.0,51.00825608677234,350.0
FOOD-5769,Dairy,Catch_Spices,Packet,100.0,468.3932838019481,50.0
FOOD-6247,Vegetables,Fortune,Packet,,420.84263792819667,50.0
FOOD-5427,Snacks,Britannia,Bottle,250.0,307.15239712995975,50.0
FOOD-7135,Vegetables,Catch_Spices,Bottle,500.0,682.7453899906776,
FOOD-6573,Vegetables,Amul,Packet,100.0,464.8369833469875,50.0
FOOD-5131,Bakery,Amul,Box,250.0,257.3616891644871,150.0
FOOD-8189,Vegetables,Amul,Box,-200.0,0.0,50.0
FOOD-5535,Vegetables,Fortune,Box,100.0,291.87481033327174,50.0
FOOD-3776,Dairy,Fortune,Packet,1000.0,349.76763009572824,50.0
FOOD-8697,Vegetables,Britannia,Bottle,1000.0,66.29997437172416,
FOOD-9386,Vegetables,Catch_Spices,Loose_Poly,1000.0,98.41349481136815,350.0
FOOD-1662,Vegetables,Britannia,Bottle,1000.0,502.7164298098517,50.0
FOOD-9671,Dairy,Amul,Packet,250.0,550.4140181431864,50.0
FOOD-9044,Snacks,Amul,Loose_Poly,500.0,512.9301280609019,50.0
FOOD-5218,Bakery,Catch_Spices,Bottle,500.0,612.8295639437926,
FOOD-6060,Vegetables,Amul,Box,250.0,755.3918769674151,
FOOD-6874,Dairy,Britannia,Packet,100.0,689.8884624451975,50.0
FOOD-6581,Dairy,Amul,Bottle,250.0,340.6225677032823,150.0
FOOD-3014,Snacks,Amul,Loose_Poly,100.0,181.85907816780752,150.0
FOOD-4789,Vegetables,Britannia,Bottle,500.0,256.36324716498854,150.0
FOOD-8148,Dairy,Amul,Packet,5000.0,474.3157754767808,350.0
FOOD-8766,Bakery,Catch_Spices,Packet,1000.0,686.4045842214779,
FOOD-3364,Snacks,Britannia,Packet,100.0,564.3620575709622,
FOOD-4629,Vegetables,Britannia,Packet,100.0,438.98035276756343,
FOOD-6919,Vegetables,Fortune,Box,500.0,485.4839040524272,150.0
FOOD-6675,Vegetables,Britannia,Packet,250.0,427.32635884536046,50.0
FOOD-9872,Vegetables,Catch_Spices,Packet,1000.0,777.5857339504076,150.0
FOOD-7638,Dairy,Amul,Packet,500.0,654.7122472818927,50.0
FOOD-5651,Bakery,Amul,Bottle,500.0,627.2090001669075,50.0
FOOD-1609,Dairy,Amul,Bottle,100.0,418.68989962234826,50.0
FOOD-8940,Vegetables,Catch_Spices,Box,100.0,272.1294714799376,
FOOD-4866,Vegetables,Catch_Spices,Box,100.0,25.416134526830813,150.0
FOOD-1371,Vegetables,Amul,Packet,250.0,44.3097192441787,350.0
FOOD-7998,Vegetables,Britannia,Bottle,5000.0,33.88796087833142,50.0
FOOD-1615,Bakery,Amul,Packet,100.0,784.576645754403,150.0
FOOD-7911,Vegetables,Amul,Packet,100.0,100.44104738963347,50.0
FOOD-7010,Vegetables,Britannia,Bottle,500.0,122.27389385088837,
FOOD-3253,Dairy,Amul,Box,250.0,392.478490091899,
FOOD-5942,Dairy,Britannia,Packet,1000.0,390.3069218455955,
FOOD-1864,Dairy,Britannia,Packet,100.0,736.7792761552046,150.0
FOOD-2268,Bakery,Fortune,Box,5000.0,68.09085802160922,
FOOD-8454,Vegetables,Britannia,Bottle,1000.0,766.218940473792,150.0
FOOD-9976,Bakery,Britannia,Bottle,1000.0,180.94828828939703,350.0
FOOD-5571,Vegetables,Britannia,Bottle,100.0,776.4215093508182,
FOOD-6229,Vegetables,Amul,Loose_Poly,250.0,437.6460380540665,
FOOD-3237,Snacks,Fortune,Packet,1000.0,525.0900692855138,150.0
FOOD-5054,Vegetables,Amul,Packet,1000.0,259.4257304019113,150.0
FOOD-1935,Dairy,Amul,Packet,500.0,493.3409213686802,50.0
FOOD-7394,Vegetables,Britannia,Box,250.0,571.5555261205243,50.0
FOOD-8891,Dairy,Catch_Spices,Packet,250.0,18.19243216092139,150.0
FOOD-1325,Bakery,Amul,Loose_Poly,5000.0,37.04045589354615,50.0
FOOD-8774,Bakery,Amul,Box,100.0,789.3168394312564,
FOOD-4861,Bakery,Amul,Packet,,371.4701128653242,700.0
FOOD-2985,Dairy,Amul,Packet,,749.2958450948781,
FOOD-5932,Vegetables,Britannia,Bottle,500.0,586.6191172851683,
FOOD-5603,Bakery,Amul,Packet,100.0,304.6449632942344,50.0
FOOD-3778,Bakery,Fortune,Loose_Poly,250.0,129.16518368023856,
FOOD-9832,Vegetables,Fortune,Bottle,250.0,782.7398691096673,350.0
FOOD-8754,Dairy,Britannia,Packet,100.0,471.75204310772585,50.0
FOOD-5078,Bakery,Britannia,Bottle,500.0,161.96173246111493,150.0
FOOD-2367,Dairy,Amul,Packet,100.0,548.5058544328501,
FOOD-5042,Vegetables,Amul,Bottle,250.0,82.7183227659669,
FOOD-3575,Bakery,Britannia,Packet,250.0,695.7494509947261,150.0
FOOD-7754,Vegetables,Amul,Bottle,250.0,81.20850433171778,350.0
FOOD-2581,Vegetables,Britannia,Bottle,100.0,196.5935430500235,
FOOD-2986,Bakery,Amul,Bottle,1000.0,82.23033628762653,50.0
FOOD-3240,Dairy,Amul,Bottle,1000.0,91.99190131107798,
FOOD-4966,Bakery,Amul,Packet,250.0,423.8289813907543,150.0
FOOD-8604,Vegetables,Amul,Bottle,250.0,552.7219440219199,350.0
FOOD-9320,Vegetables,Catch_Spices,Bottle,250.0,632.9006088433033,150.0
FOOD-6968,Vegetables,Amul,Bottle,1000.0,559.0936787856538,150.0
FOOD-8493,Snacks,Catch_Spices,Loose_Poly,250.0,297.156951508496,
FOOD-5103,Dairy,Britannia,Packet,100.0,450.257351767172,
FOOD-3076,Vegetables,Catch_Spices,Bottle,1000.0,742.8546187983022,
FOOD-6231,Vegetables,Britannia,Bottle,250.0,316.185526445704,50.0
FOOD-3994,Vegetables,Catch_Spices,Bottle,250.0,209.3994515322177,150.0
FOOD-4744,Dairy,Amul,Box,250.0,420.2622908931271,50.0
FOOD-6594,Vegetables,Britannia,Packet,100.0,244.8948173552574,
FOOD-8531,Dairy,Amul,Box,5000.0,216.83547104988193,150.0
FOOD-8371,Dairy,Britannia,Packet,500.0,625.2546079900778,700.0
FOOD-2644,Bakery,Britannia,Bottle,100.0,713.7603273440533,50.0
FOOD-4144,Bakery,Britannia,Box,250.0,406.8301793716718,50.0
FOOD-1242,Dairy,Amul,Packet,250.0,626.0284767542131,
FOOD-5085,Vegetables,Amul,Box,100.0,157.80064669582057,50.0
FOOD-8954,Bakery,Britannia,Packet,250.0,442.6379802983198,50.0
FOOD-8269,Bakery,Britannia,Box,500.0,512.5979547374761,350.0
FOOD-8130,Vegetables,Amul,Bottle,100.0,397.6246925752499,150.0
FOOD-7828,Snacks,Catch_Spices,Bottle,250.0,102.33537091507502,150.0
FOOD-9362,Vegetables,Catch_Spices,Loose_Poly,100.0,589.9391831370712,
FOOD-9844,Vegetables,Catch_Spices,Bottle,250.0,672.8717599797044,50.0
FOOD-7331,Vegetables,Fortune,Packet,250.0,511.8287414353525,
FOOD-4512,Snacks,Amul,Box,100.0,143.6371912772936,150.0
FOOD-2499,Dairy,Catch_Spices,Packet,500.0,68.89642748034896,
FOOD-3158,Bakery,Britannia,Bottle,250.0,248.26708745783833,50.0
FOOD-6162,Vegetables,Amul,Loose_Poly,500.0,39.222188361831364,
FOOD-5039,Dairy,Fortune,Bottle,250.0,672.9830182578177,150.0
FOOD-3035,Dairy,Amul,Packet,250.0,565.4177476554653,50.0
FOOD-8977,Bakery,Britannia,Packet,500.0,455.31404219049716,50.0
FOOD-1857,Vegetables,Amul,Packet,500.0,712.8096777521481,
FOOD-4823,Vegetables,Britannia,Packet,500.0,96.97386481835618,50.0
FOOD-7770,Vegetables,Britannia,Packet,100.0,574.4232024020663,50.0
FOOD-1298,Bakery,Britannia,Box,5000.0,125.83944347720826,350.0
FOOD-8244,Dairy,Amul,Packet,1000.0,58.13108714726103,
FOOD-1923,Dairy,Britannia,Loose_Poly,250.0,114.99456082337875,350.0
FOOD-5232,Dairy,Britannia,Box,1000.0,761.2426716598081,50.0
FOOD-5306,Snacks,Amul,Loose_Poly,250.0,357.94237387985083,
FOOD-3799,Bakery,Catch_Spices,Packet,,48.70660001603987,150.0
FOOD-7578,Bakery,Britannia,Bottle,500.0,471.07137212131863,50.0
FOOD-5875,Vegetables,Catch_Spices,Packet,1000.0,167.77411224472593,
FOOD-6326,Vegetables,Amul,Packet,100.0,15.400764105215842,150.0
FOOD-7582,Snacks,Amul,Bottle,500.0,609.1247776107675,50.0
FOOD-2802,Dairy,Amul,Box,1000.0,132.34183234669268,150.0
FOOD-3657,Vegetables,Britannia,Packet,1000.0,754.5643131643021,150.0
FOOD-4346,Dairy,Amul,Packet,100.0,478.31189634139247,50.0
FOOD-3949,Snacks,Britannia,Packet,100.0,78.72669980710576,50.0
FOOD-1941,Dairy,Amul,Box,100.0,182.0812986510086,
FOOD-2907,Dairy,Amul,Loose_Poly,250.0,492.5672634352768,50.0
FOOD-5837,Bakery,Britannia,Packet,1000.0,277.10905515829677,
FOOD-9105,Dairy,Catch_Spices,Packet,250.0,430.3930103287835,
FOOD-2243,Vegetables,Amul,Loose_Poly,1000.0,641.6145168111324,50.0
FOOD-6696,Snacks,Fortune,Packet,500.0,636.155191507667,
FOOD-2466,Snacks,Fortune,Box,250.0,561.4095751466195,50.0
FOOD-4957,Bakery,Britannia,Packet,,709.9829018426891,50.0
FOOD-2966,Bakery,Catch_Spices,Bottle,250.0,167.49494634653806,150.0
FOOD-1375,Vegetables,Catch_Spices,Bottle,100.0,150.0207759553012,50.0
FOOD-1262,Snacks,Amul,Box,250.0,641.4861178402101,50.0
FOOD-5362,Vegetables,Britannia,Packet,100.0,263.50258351997434,150.0
FOOD-7502,Bakery,Britannia,Packet,100.0,414.6241063588339,700.0
FOOD-8833,Snacks,Britannia,Packet,250.0,597.722197488441,350.0
FOOD-2893,Dairy,Amul,Bottle,250.0,322.78656384253475,50.0
FOOD-9106,Bakery,Catch_Spices,Box,100.0,112.82821715342857,150.0
FOOD-2652,Bakery,Fortune,Box,500.0,546.7711894119603,50.0
FOOD-6540,Vegetables,Amul,Packet,250.0,655.5559156098864,50.0
FOOD-4892,Bakery,Amul,Box,500.0,20.10985402888665,150.0
FOOD-1599,Vegetables,Catch_Spices,Packet,500.0,454.4161717962183,50.0
FOOD-5815,Dairy,Amul,Bottle,500.0,380.8300229940753,50.0
FOOD-2912,Vegetables,Britannia,Box,1000.0,215.08084515655977,150.0
FOOD-9792,Dairy,Amul,Packet,100.0,137.2125680247433,150.0
FOOD-9572,Bakery,Amul,Packet,100.0,158.54947591997708,50.0
FOOD-5213,Snacks,Amul,Packet,100.0,582.7288155375217,150.0
FOOD-4637,Vegetables,Amul,Box,250.0,433.5941559734596,50.0
FOOD-6599,Dairy,Amul,Bottle,250.0,785.1119612546071,50.0
FOOD-7448,Dairy,Britannia,Bottle,250.0,202.15233061920122,150.0
FOOD-9557,Snacks,Britannia,Box,100.0,765.9542996623198,350.0
FOOD-8382,Dairy,Amul,Box,500.0,416.9365518773151,50.0
FOOD-9982,Bakery,Fortune,Box,500.0,125.36083834270812,150.0
FOOD-4569,Snacks,Britannia,Bottle,100.0,127.0614437324416,50.0
FOOD-8707,Dairy,Britannia,Packet,250.0,490.7687124872246,150.0
FOOD-1746,Snacks,Britannia,Packet,1000.0,666.823969839195,150.0
FOOD-9504,Snacks,Britannia,Box,500.0,600.6921049502763,150.0
FOOD-5633,Snacks,Catch_Spices,Box,100.0,527.9456006821239,700.0
FOOD-1920,Vegetables,Britannia,Loose_Poly,1000.0,145.96536936570868,
FOOD-8008,Dairy,Amul,Packet,100.0,95.58860455904177,50.0
FOOD-3381,Bakery,Fortune,Packet,250.0,10.195938729697257,150.0
FOOD-4618,Dairy,Amul,Packet,100.0,90.4171503748096,50.0
FOOD-9989,Dairy,Amul,Packet,1000.0,615.4296199118734,150.0
FOOD-5443,Vegetables,Britannia,Bottle,,717.2462486313397,
FOOD-1272,Vegetables,Fortune,Loose_Poly,100.0,199.8768624957806,150.0
FOOD-2773,Dairy,Amul,Bottle,1000.0,637.9664499555679,150.0
FOOD-3547,Dairy,Catch_Spices,Bottle,250.0,167.09052483030501,
FOOD-4164,Dairy,Amul,Bottle,500.0,206.92462985297917,50.0
FOOD-5780,Dairy,Amul,Packet,,187.08489456984012,
FOOD-1946,Dairy,Catch_Spices,Box,250.0,50.86662814884532,150.0
FOOD-1506,Bakery,Britannia,Bottle,-200.0,0.0,
FOOD-7719,Dairy,Fortune,Packet,250.0,305.09924223977436,
FOOD-9435,Dairy,Fortune,Bottle,1000.0,330.3210751567492,
FOOD-9697,Dairy,Catch_Spices,Bottle,5000.0,254.4784669755983,
FOOD-7360,Vegetables,Amul,Packet,500.0,416.63297565865486,150.0
FOOD-8657,Dairy,Amul,Packet,250.0,308.61860367486054,150.0
FOOD-4590,Dairy,Fortune,Packet,250.0,776.5880704775275,50.0
FOOD-2192,Dairy,Britannia,Packet,100.0,647.8068589216992,
FOOD-2464,Vegetables,Britannia,Packet,250.0,745.4721032949083,50.0
FOOD-1390,Bakery,Amul,Bottle,1000.0,450.3672875080355,50.0
FOOD-6615,Vegetables,Amul,Bottle,250.0,545.8883066898329,50.0
FOOD-7106,Snacks,Britannia,Bottle,1000.0,141.67433632994354,50.0
FOOD-9864,Vegetables,Amul,Loose_Poly,1000.0,604.7007482173348,150.0
FOOD-3560,Snacks,Amul,Bottle,-200.0,0.0,50.0
FOOD-6867,Dairy,Amul,Bottle,1000.0,125.20801290999921,150.0
FOOD-2211,Dairy,Amul,Box,500.0,43.06888550393752,50.0
FOOD-2539,Vegetables,Fortune,Bottle,1000.0,383.06189718555265,
FOOD-1643,Vegetables,Fortune,Packet,500.0,236.56351510718676,350.0
FOOD-9693,Vegetables,Amul,Packet,500.0,789.514466382589,
FOOD-9921,Vegetables,Amul,Box,500.0,207.3690985924923,50.0
FOOD-2283,Bakery,Britannia,Box,500.0,694.5691914517366,350.0
FOOD-8680,Vegetables,Amul,Loose_Poly,250.0,259.9866276137489,
FOOD-8345,Bakery,Fortune,Bottle,250.0,601.8102133268058,
FOOD-5386,Vegetables,Fortune,Box,100.0,531.2746349550672,50.0
FOOD-1919,Snacks,Catch_Spices,Packet,100.0,453.80900818272903,
FOOD-3339,Dairy,Britannia,Bottle,250.0,339.2917053287401,50.0
FOOD-9947,Vegetables,Amul,Loose_Poly,1000.0,540.1729601472284,150.0
FOOD-6930,Dairy,Britannia,Packet,500.0,331.74989667131825,50.0
FOOD-6402,Vegetables,Amul,Packet,100.0,442.99918511858266,150.0
FOOD-6663,Vegetables,Amul,Packet,1000.0,475.94337210041544,150.0
FOOD-6275,Dairy,Amul,Box,1000.0,221.21062382932794,150.0
FOOD-1507,Bakery,Britannia,Packet,1000.0,278.39181707125795,150.0
FOOD-2436,Snacks,Amul,Bottle,500.0,24.259550210664482,350.0
FOOD-9750,Dairy,Amul,Packet,100.0,683.2056047818795,50.0
FOOD-8354,Snacks,Britannia,Bottle,250.0,607.2266839975015,
FOOD-5516,Snacks,Catch_Spices,Loose_Poly,250.0,154.9890581093087,50.0
FOOD-4622,Bakery,Amul,Packet,100.0,296.01827550676137,150.0
FOOD-5399,Dairy,Britannia,Packet,100.0,342.6448915771325,
FOOD-6037,Vegetables,Amul,Bottle,1000.0,274.1591666800696,150.0
FOOD-9111,Vegetables,Catch_Spices,Bottle,500.0,640.6118172188109,50.0
FOOD-4715,Dairy,Amul,Packet,100.0,583.0823578312334,350.0
FOOD-8837,Dairy,Catch_Spices,Bottle,250.0,616.0553968115445,150.0
FOOD-2301,Vegetables,Amul,Loose_Poly,250.0,724.2627402381391,150.0
FOOD-8370,Dairy,Fortune,Packet,100.0,480.1694921612997,150.0
FOOD-6185,Vegetables,Amul,Packet,500.0,495.48211993216296,350.0
FOOD-3155,Bakery,Amul,Bottle,100.0,580.3279545213139,50.0
FOOD-7411,Vegetables,Amul,Bottle,1000.0,548.173749774035,350.0
FOOD-7365,Dairy,Amul,Packet,1000.0,697.1522845351798,
FOOD-1692,Bakery,Fortune,Bottle,500.0,618.4565826171904,150.0
FOOD-2478,Vegetables,Britannia,Loose_Poly,500.0,105.16230701825873,50.0
FOOD-7396,Dairy,Britannia,Packet,100.0,743.4033062037515,50.0
FOOD-9448,Bakery,Catch_Spices,Bottle,250.0,549.6484393379499,150.0
FOOD-1441,Vegetables,Britannia,Packet,500.0,110.44528140281946,150.0
FOOD-3646,Vegetables,Catch_Spices,Bottle,500.0,619.8592512155868,50.0
FOOD-6209,Vegetables,Amul,Bottle,100.0,293.14589849397163,
FOOD-7533,Dairy,Catch_Spices,Bottle,250.0,646.7225505088375,350.0
FOOD-5677,Dairy,Amul,Bottle,250.0,764.7706949622714,50.0
FOOD-8211,Vegetables,Britannia,Packet,250.0,211.64120852605447,
FOOD-3645,Dairy,Britannia,Box,500.0,687.3547264070783,50.0
FOOD-9210,Vegetables,Britannia,Bottle,250.0,621.1134824137115,50.0
FOOD-8933,Bakery,Britannia,Packet,500.0,540.2360711583691,50.0
FOOD-6476,Vegetables,Amul,Loose_Poly,100.0,314.08723020312175,
FOOD-8928,Bakery,Catch_Spices,Packet,1000.0,96.79105540112333,50.0
FOOD-3080,Dairy,Catch_Spices,Box,250.0,392.27849405674226,350.0
FOOD-7089,Bakery,Catch_Spices,Packet,,93.47663752421752,350.0
FOOD-8396,Dairy,Catch_Spices,Bottle,500.0,405.11630923387685,150.0
FOOD-8797,Dairy,Fortune,Packet,250.0,658.0316839127,150.0
FOOD-1861,Dairy,Catch_Spices,Packet,100.0,798.1341261767609,
FOOD-9346,Bakery,Catch_Spices,Packet,500.0,166.42688207955607,50.0
FOOD-4494,Dairy,Britannia,Box,1000.0,174.2078534541477,150.0
FOOD-1904,Dairy,Fortune,Box,250.0,650.5978322160646,50.0
FOOD-2269,Dairy,Catch_Spices,Bottle,250.0,380.5563195147958,
FOOD-1404,Bakery,Fortune,Box,100.0,733.4856308651867,50.0
FOOD-2184,Bakery,Britannia,Loose_Poly,1000.0,617.5070276891594,50.0
FOOD-9938,Vegetables,Amul,Bottle,250.0,591.7779341368519,
FOOD-2725,Bakery,Fortune,Bottle,100.0,90.54342983717888,50.0
FOOD-9462,Dairy,Catch_Spices,Packet,250.0,38.34169648753116,350.0
FOOD-6811,Snacks,Amul,Box,,260.2426275312905,50.0
FOOD-6606,Bakery,Amul,Box,100.0,181.66570507067334,50.0
FOOD-4956,Dairy,Amul,Packet,100.0,572.7240198835254,50.0
FOOD-1171,Vegetables,Britannia,Bottle,100.0,366.07964209117984,150.0
FOOD-9465,Bakery,Amul,Loose_Poly,100.0,423.285635956846,150.0
FOOD-3306,Dairy,Britannia,Packet,1000.0,652.8557714688002,
FOOD-1421,Snacks,Catch_Spices,Packet,1000.0,388.0186985949104,
FOOD-6540,Vegetables,Britannia,Packet,250.0,440.4917934362653,50.0
FOOD-5675,Vegetables,Amul,Packet,500.0,675.4330104623374,
FOOD-7748,Vegetables,Catch_Spices,Packet,500.0,350.7552893529351,50.0
FOOD-7103,Dairy,Britannia,Packet,250.0,75.67009925174321,50.0
FOOD-2473,Snacks,Amul,Packet,250.0,422.1471155784562,
FOOD-4243,Vegetables,Britannia,Box,500.0,467.69573054394954,50.0
FOOD-3181,Bakery,Britannia,Packet,250.0,414.31947540726446,50.0
FOOD-4096,Bakery,Fortune,Bottle,250.0,213.85911860231275,
FOOD-7646,Bakery,Catch_Spices,Packet,250.0,186.71515391918112,150.0
FOOD-6882,Dairy,Amul,Packet,250.0,302.1075338261548,350.0
FOOD-6982,Bakery,Amul,Loose_Poly,1000.0,141.32070341790705,50.0
FOOD-6798,Vegetables,Amul,Box,500.0,536.1587066263296,
FOOD-9415,Bakery,Fortune,Bottle,5000.0,495.593172010919,350.0
FOOD-9411,Vegetables,Fortune,Bottle,500.0,509.5925363862391,150.0
FOOD-9456,Dairy,Britannia,Bottle,100.0,187.5900195805536,150.0
FOOD-5524,Bakery,Amul,Packet,500.0,204.75792122106841,50.0
FOOD-7559,Vegetables,Catch_Spices,Packet,500.0,632.0383047038126,50.0
FOOD-8620,Vegetables,Catch_Spices,Bottle,500.0,555.1883003212271,350.0
FOOD-3774,Bakery,Amul,Loose_Poly,250.0,701.3920808423576,50.0
FOOD-6673,Dairy,Fortune,Packet,100.0,328.7695170436683,150.0
FOOD-4124,Dairy,Britannia,Bottle,5000.0,442.38898735722466,150.0
FOOD-9671,Vegetables,Amul,Packet,1000.0,593.6343876850267,150.0
FOOD-2353,Vegetables,Amul,Packet,250.0,779.5824255357196,350.0
FOOD-4854,Dairy,Amul,Bottle,100.0,791.8091321480996,50.0
FOOD-9134,Vegetables,Amul,Packet,1000.0,799.3485758578415,
FOOD-1924,Snacks,Britannia,Loose_Poly,250.0,713.5159216211971,
FOOD-3170,Vegetables,Amul,Bottle,250.0,515.3241471182916,150.0
FOOD-6506,Dairy,Amul,Packet,500.0,15.507051123667678,50.0
FOOD-3395,Vegetables,Britannia,Bottle,500.0,562.6395729894274,
FOOD-9220,Vegetables,Amul,Box,100.0,198.49361774818354,150.0
FOOD-9226,Bakery,Fortune,Packet,500.0,55.16204637509256,50.0
FOOD-6515,Dairy,Britannia,Bottle,500.0,560.7756988666575,150.0
FOOD-3670,Vegetables,Britannia,Box,250.0,607.2486324691928,50.0
FOOD-4365,Vegetables,Catch_Spices,Packet,250.0,530.9521649325221,50.0
FOOD-1588,Vegetables,Amul,Loose_Poly,100.0,298.4841292148425,
FOOD-4138,Bakery,Britannia,Packet,100.0,413.69325802250745,50.0
FOOD-7663,Dairy,Amul,Packet,,748.6086253266404,
FOOD-5086,Vegetables,Catch_Spices,Bottle,100.0,586.3926631217844,150.0
FOOD-9531,Dairy,Fortune,Packet,250.0,408.70054446447534,50.0
FOOD-5270,Bakery,Amul,Bottle,100.0,478.824830041347,
FOOD-7019,Bakery,Britannia,Bottle,250.0,742.8700426936216,50.0
FOOD-1556,Snacks,Amul,Packet,250.0,321.0881925930452,150.0
FOOD-9022,Vegetables,Catch_Spices,Loose_Poly,250.0,90.45653523401133,350.0
FOOD-6452,Vegetables,Amul,Bottle,500.0,267.4027309454264,50.0
FOOD-4567,Vegetables,Fortune,Bottle,250.0,338.00816964166626,
FOOD-4899,Bakery,Amul,Packet,,225.64145718978574,150.0
FOOD-7477,Snacks,Britannia,Packet,100.0,427.88820014753975,150.0
FOOD-8500,Dairy,Catch_Spices,Box,500.0,250.83772136540108,350.0
FOOD-2016,Vegetables,Catch_Spices,Box,250.0,91.51187245208224,50.0
FOOD-7470,Dairy,Amul,Packet,1000.0,158.57412574878006,50.0
FOOD-3062,Vegetables,Britannia,Bottle,500.0,735.3433059042799,350.0
FOOD-5321,Vegetables,Amul,Bottle,100.0,507.38054698967966,50.0
FOOD-4496,Dairy,Britannia,Packet,250.0,258.3038830828098,
FOOD-2813,Vegetables,Amul,Box,500.0,299.8651508753475,50.0
FOOD-7256,Vegetables,Amul,Packet,100.0,399.7727054131298,
FOOD-3313,Bakery,Britannia,Packet,100.0,541.772726514537,150.0
FOOD-2231,Vegetables,Amul,Packet,250.0,469.9221129765783,50.0
FOOD-6831,Vegetables,Britannia,Packet,1000.0,746.8315184047237,
FOOD-3999,Vegetables,Amul,Packet,250.0,504.3415729921245,150.0
FOOD-4440,Bakery,Amul,Box,250.0,729.5256638879038,50.0
FOOD-5056,Bakery,Fortune,Box,100.0,14.289825740006627,
FOOD-1305,Vegetables,Amul,Packet,250.0,713.5419828183376,
FOOD-2689,Dairy,Amul,Box,500.0,579.9522844931751,150.0
FOOD-4917,Vegetables,Britannia,Bottle,250.0,146.03282874854793,50.0
FOOD-8080,Dairy,Britannia,Packet,500.0,217.80003520359037,150.0
FOOD-9611,Bakery,Britannia,Packet,250.0,438.8198993394664,
FOOD-3936,Bakery,Amul,Packet,500.0,108.70114272692886,
FOOD-4862,Dairy,Amul,Packet,100.0,630.4409325985162,150.0
FOOD-6649,Snacks,Catch_Spices,Box,500.0,635.027354315717,150.0
FOOD-4261,Snacks,Catch_Spices,Bottle,1000.0,247.74970103751454,50.0
FOOD-2819,Bakery,Amul,Loose_Poly,500.0,65.15543392850881,350.0
FOOD-2342,Dairy,Britannia,Box,100.0,791.1894927945239,
FOOD-6560,Dairy,Amul,Packet,500.0,208.07581460301662,150.0
FOOD-3226,Dairy,Amul,Box,250.0,63.3713345407026,150.0
FOOD-2079,Vegetables,Amul,Packet,-200.0,0.0,
FOOD-5206,Vegetables,Britannia,Packet,250.0,775.5125771176915,50.0
FOOD-7280,Bakery,Amul,Bottle,500.0,636.412814074076,350.0
FOOD-8235,Dairy,Catch_Spices,Packet,250.0,389.46313305001325,150.0
FOOD-1813,Snacks,Britannia,Packet,250.0,251.2110331632874,50.0
FOOD-6089,Vegetables,Amul,Bottle,100.0,344.4118178525003,50.0
FOOD-3031,Vegetables,Fortune,Box,100.0,23.718830502207297,150.0
FOOD-9514,Bakery,Amul,Packet,100.0,577.5126803386553,350.0
FOOD-6911,Dairy,Britannia,Packet,100.0,88.71897452595611,150.0
FOOD-3653,Vegetables,Amul,Bottle,,420.0396857307027,150.0
FOOD-4340,Snacks,Amul,Bottle,500.0,457.0175917614301,
FOOD-8876,Bakery,Amul,Packet,250.0,11.334921698812172,150.0
FOOD-2141,Dairy,Amul,Loose_Poly,1000.0,784.1041145221708,
FOOD-9558,Bakery,Amul,Bottle,500.0,248.68983977422042,150.0
FOOD-3897,Bakery,Amul,Bottle,1000.0,71.0071582837715,
FOOD-5041,Bakery,Catch_Spices,Loose_Poly,250.0,684.9669610249973,50.0
FOOD-3038,Bakery,Amul,Loose_Poly,100.0,130.04255720056275,150.0
FOOD-5270,Vegetables,Amul,Packet,500.0,29.714557617345935,150.0
FOOD-5683,Dairy,Catch_Spices,Packet,500.0,400.80563687838884,150.0
FOOD-1494,Vegetables,Britannia,Box,500.0,112.63441878008297,50.0
FOOD-8116,Vegetables,Britannia,Loose_Poly,1000.0,786.1142224195659,
FOOD-2784,Snacks,Amul,Bottle,500.0,18.2246794238875,700.0
FOOD-4510,Dairy,Britannia,Bottle,250.0,50.44590190901926,
FOOD-4786,Bakery,Amul,Bottle,1000.0,668.2943334551854,150.0
FOOD-6266,Bakery,Britannia,Packet,500.0,199.40383987004049,350.0
FOOD-6428,Snacks,Catch_Spices,Loose_Poly,100.0,730.1614351733159,150.0
FOOD-7681,Bakery,Britannia,Bottle,250.0,255.79827224521824,50.0
FOOD-7893,Dairy,Amul,Loose_Poly,500.0,65.12829457472053,150.0
FOOD-5658,Vegetables,Britannia,Bottle,250.0,18.36752124281314,50.0
FOOD-8082,Vegetables,Britannia,Loose_Poly,1000.0,233.22814887516896,50.0
FOOD-7869,Dairy,Britannia,Packet,100.0,384.2471546417604,
FOOD-8607,Dairy,Britannia,Box,500.0,10.802727631595223,150.0
FOOD-8669,Dairy,Britannia,Loose_Poly,1000.0,469.0746900096765,
FOOD-7219,Bakery,Britannia,Bottle,500.0,273.59263135303814,150.0
FOOD-5534,Snacks,Catch_Spices,Bottle,250.0,318.221288196305,50.0
FOOD-6979,Bakery,Fortune,Packet,250.0,216.51464907650424,50.0
FOOD-9890,Dairy,Amul,Bottle,250.0,427.9457122984396,
FOOD-2312,Vegetables,Fortune,Box,250.0,191.79687135483363,150.0
FOOD-3962,Vegetables,Amul,Packet,1000.0,116.5094480636117,50.0
FOOD-3938,Vegetables,Fortune,Box,100.0,713.6111948179555,150.0
FOOD-4197,Bakery,Amul,Bottle,500.0,318.53843659413644,
FOOD-6296,Vegetables,Britannia,Packet,100.0,70.77497667458354,
FOOD-8204,Bakery,Fortune,Packet,250.0,191.95497610740185,
FOOD-6730,Dairy,Amul,Bottle,500.0,254.85492907864528,
FOOD-1126,Vegetables,Fortune,Packet,100.0,618.0205843853472,
FOOD-6602,Vegetables,Britannia,Loose_Poly,500.0,27.581840678185838,150.0
FOOD-2191,Dairy,Amul,Box,100.0,387.8170958977103,
FOOD-3639,Dairy,Britannia,Packet,500.0,332.0770634318071,
FOOD-2366,Bakery,Catch_Spices,Packet,250.0,775.0363172915902,
FOOD-7453,Bakery,Amul,Bottle,100.0,152.25925971432306,150.0
FOOD-7671,Dairy,Britannia,Bottle,100.0,506.0178894693379,50.0
FOOD-7683,Bakery,Fortune,Packet,500.0,169.73553922325638,50.0
FOOD-5539,Dairy,Catch_Spices,Bottle,250.0,443.2534227957544,150.0
FOOD-9876,Snacks,Fortune,Box,100.0,448.49995368589344,50.0
FOOD-3887,Vegetables,Britannia,Packet,500.0,69.52391658817729,
FOOD-5086,Bakery,Catch_Spices,Packet,100.0,370.59652241581307,150.0
FOOD-3261,Dairy,Fortune,Loose_Poly,500.0,374.31332528837083,50.0
FOOD-5180,Vegetables,Fortune,Packet,250.0,262.11797257229574,50.0
FOOD-3841,Vegetables,Amul,Box,100.0,228.95525741324698,150.0
FOOD-7040,Dairy,Amul,Packet,100.0,187.19539955180187,
FOOD-4560,Vegetables,Britannia,Packet,250.0,14.693446780989099,
FOOD-5758,Vegetables,Britannia,Packet,,11.434864746288913,350.0
FOOD-1626,Snacks,Amul,Packet,100.0,475.9318965245695,50.0
FOOD-6014,Bakery,Amul,Packet,500.0,240.25648980114312,50.0
FOOD-2375,Bakery,Britannia,Packet,250.0,142.63203806872835,150.0
FOOD-2181,Bakery,Amul,Packet,250.0,550.9408123547167,
FOOD-6708,Snacks,Amul,Packet,250.0,427.834609888762,
FOOD-1490,Dairy,Amul,Bottle,250.0,732.8170387361885,
FOOD-4729,Vegetables,Fortune,Box,250.0,666.5033802868825,150.0
FOOD-6974,Bakery,Britannia,Box,500.0,584.116060968974,50.0
FOOD-4534,Bakery,Amul,Bottle,1000.0,109.9997461761614,150.0
FOOD-4296,Dairy,Amul,Loose_Poly,250.0,536.2101037774224,
FOOD-2940,Dairy,Britannia,Packet,250.0,558.2018899207274,150.0
FOOD-6014,Dairy,Fortune,Packet,,613.0327460800214,50.0
FOOD-2882,Snacks,Britannia,Packet,100.0,217.87485176835332,
FOOD-5908,Vegetables,Amul,Box,100.0,515.8350278943635,150.0
FOOD-3987,Snacks,Britannia,Box,250.0,498.43998204320644,50.0
FOOD-6585,Snacks,Catch_Spices,Bottle,500.0,314.3949393510791,50.0
FOOD-4159,Dairy,Amul,Packet,,534.1705144913582,
FOOD-5530,Dairy,Britannia,Bottle,500.0,78.48949343992828,150.0
FOOD-1681,Dairy,Amul,Packet,250.0,518.3689666863709,50.0
FOOD-6254,Vegetables,Amul,Bottle,5000.0,488.7523115280065,150.0
FOOD-2073,Vegetables,Amul,Bottle,250.0,176.39328173072937,150.0
FOOD-3387,Bakery,Britannia,Packet,500.0,656.3887594206965,
FOOD-3693,Dairy,Amul,Packet,1000.0,700.7870602075355,50.0
FOOD-5340,Vegetables,Amul,Box,1000.0,176.282318330391,150.0
FOOD-3156,Vegetables,Amul,Bottle,250.0,70.00925654739075,
FOOD-8966,Snacks,Amul,Packet,250.0,486.82461619782407,150.0
FOOD-3580,Dairy,Britannia,Bottle,250.0,389.1348463168053,50.0
FOOD-8257,Snacks,Amul,Loose_Poly,250.0,347.7994411170256,50.0
FOOD-3159,Vegetables,Amul,Packet,100.0,611.1965807345208,
FOOD-7772,Dairy,Fortune,Packet,250.0,776.0334852120429,
FOOD-2627,Vegetables,Britannia,Bottle,100.0,387.35433830719535,50.0
FOOD-9219,Dairy,Britannia,Bottle,100.0,14.86251223207221,
FOOD-8080,Dairy,Amul,Packet,100.0,481.0510362853187,
FOOD-2985,Vegetables,Britannia,Packet,250.0,526.6330389825731,50.0
FOOD-9488,Dairy,Amul,Packet,100.0,664.1344617363079,50.0
FOOD-3181,Dairy,Amul,Bottle,250.0,167.53151506593278,
FOOD-3296,Bakery,Britannia,Packet,500.0,424.21883047995544,
FOOD-8164,Bakery,Catch_Spices,Bottle,250.0,363.2338853075987,50.0
FOOD-3597,Vegetables,Britannia,Loose_Poly,5000.0,534.9079643184783,150.0
FOOD-1901,Dairy,Amul,Loose_Poly,100.0,60.515020325500124,50.0
FOOD-7060,Snacks,Catch_Spices,Bottle,1000.0,708.3702160426245,350.0
FOOD-2677,Bakery,Amul,Bottle,100.0,413.81434934823994,
FOOD-3881,Snacks,Catch_Spices,Box,1000.0,702.8659015262921,
FOOD-6622,Dairy,Amul,Box,100.0,278.787334171879,50.0
FOOD-9052,Bakery,Amul,Box,500.0,526.2825495660957,
FOOD-2378,Dairy,Britannia,Packet,100.0,765.8128679544346,350.0
FOOD-2248,Vegetables,Catch_Spices,Packet,500.0,755.2695606607259,50.0
FOOD-6650,Bakery,Catch_Spices,Loose_Poly,100.0,755.8411762692615,50.0
FOOD-7079,Bakery,Britannia,Loose_Poly,500.0,43.92800400837601,
FOOD-8036,Vegetables,Britannia,Bottle,500.0,328.382640769873,150.0
FOOD-7487,Vegetables,Britannia,Loose_Poly,1000.0,58.017193383734764,150.0
FOOD-2058,Bakery,Britannia,Box,500.0,254.48684048731508,50.0
FOOD-3048,Vegetables,Fortune,Bottle,250.0,147.91669512412486,150.0
FOOD-7115,Vegetables,Amul,Packet,100.0,499.90856504839746,350.0
FOOD-5248,Dairy,Amul,Bottle,500.0,626.789459499663,
FOOD-3476,Vegetables,Catch_Spices,Bottle,100.0,415.5441025580871,
FOOD-5603,Snacks,Catch_Spices,Loose_Poly,1000.0,638.4237279053272,
FOOD-4553,Dairy,Amul,Bottle,100.0,20.12250431892265,50.0
FOOD-1220,Dairy,Amul,Box,250.0,658.1763280807645,
FOOD-5818,Snacks,Catch_Spices,Box,250.0,150.90457750415715,150.0
FOOD-8192,Dairy,Britannia,Packet,250.0,374.1393621097714,50.0
FOOD-5623,Dairy,Britannia,Packet,500.0,359.642636563503,150.0
FOOD-8349,Bakery,Amul,Bottle,100.0,699.792868040229,50.0
FOOD-6618,Dairy,Catch_Spices,Packet,,773.1235263543344,150.0
FOOD-8209,Vegetables,Amul,Bottle,5000.0,211.5455635646504,50.0
FOOD-5576,Bakery,Amul,Packet,250.0,63.2564063486288,350.0
FOOD-2871,Bakery,Amul,Packet,500.0,523.9122081393288,150.0
FOOD-8915,Bakery,Catch_Spices,Packet,250.0,407.2440635350346,50.0
FOOD-2462,Snacks,Fortune,Packet,500.0,456.9070621094486,50.0
FOOD-6521,Bakery,Fortune,Packet,100.0,46.5534680882999,350.0
FOOD-9536,Bakery,Amul,Loose_Poly,250.0,622.4947590781771,50.0
FOOD-9236,Bakery,Catch_Spices,Packet,250.0,193.55919791896517,150.0
FOOD-8813,Vegetables,Fortune,Loose_Poly,250.0,274.6000569199089,50.0
FOOD-3068,Dairy,Fortune,Loose_Poly,5000.0,190.39943291400536,150.0
FOOD-6753,Bakery,Catch_Spices,Loose_Poly,100.0,757.2962028677209,350.0
FOOD-8237,Dairy,Amul,Bottle,500.0,143.29023506706227,50.0
FOOD-8016,Vegetables,Britannia,Box,250.0,588.5320131743539,50.0
FOOD-7191,Vegetables,Catch_Spices,Packet,100.0,204.14036221144397,50.0
FOOD-2514,Vegetables,Fortune,Packet,100.0,345.6864990955644,
FOOD-3598,Dairy,Britannia,Box,250.0,796.8888829659769,150.0
FOOD-2001,Bakery,Amul,Packet,250.0,89.45562795130412,
FOOD-2033,Snacks,Britannia,Loose_Poly,100.0,706.2737925583934,50.0
FOOD-7899,Bakery,Britannia,Bottle,500.0,757.3794180524144,50.0
FOOD-9465,Bakery,Amul,Bottle,,561.5995629941306,
FOOD-6051,Dairy,Catch_Spices,Packet,250.0,17.87012989090555,150.0
FOOD-5476,Dairy,Amul,Box,100.0,658.4308813851067,
FOOD-1478,Dairy,Amul,Bottle,500.0,706.9948228125169,150.0
FOOD-1515,Dairy,Britannia,Box,100.0,784.9379839414677,
FOOD-2191,Vegetables,Britannia,Bottle,1000.0,673.0594407225757,50.0
FOOD-7297,Dairy,Amul,Packet,100.0,362.0137041721517,50.0
FOOD-1271,Bakery,Amul,Packet,250.0,554.0332445882044,
FOOD-9334,Dairy,Amul,Packet,100.0,393.2515244462984,50.0
FOOD-8778,Snacks,Amul,Packet,100.0,288.8844961229433,
FOOD-7008,Dairy,Amul,Packet,500.0,504.87692958906985,50.0
FOOD-8987,Vegetables,Amul,Packet,250.0,618.1676273170029,50.0
FOOD-4332,Dairy,Amul,Box,100.0,512.3616214757726,50.0
FOOD-1787,Bakery,Britannia,Bottle,,662.9969104405071,150.0
FOOD-7222,Vegetables,Catch_Spices,Packet,100.0,149.33622993405794,150.0
FOOD-1622,Vegetables,Britannia,Bottle,1000.0,305.21869576649596,50.0
FOOD-4841,Dairy,Fortune,Bottle,1000.0,256.9427920600416,50.0
FOOD-4676,Snacks,Amul,Bottle,250.0,163.36044033756082,50.0
FOOD-3572,Dairy,Fortune,Bottle,250.0,360.10771871342723,150.0
FOOD-7915,Snacks,Britannia,Packet,1000.0,758.8195695630867,150.0
FOOD-6033,Bakery,Britannia,Packet,250.0,435.02655044865827,
FOOD-8788,Vegetables,Amul,Packet,1000.0,236.25985259587972,50.0
FOOD-6214,Bakery,Amul,Packet,250.0,289.7078884593996,700.0
FOOD-5712,Dairy,Britannia,Bottle,100.0,494.3298122565309,50.0
FOOD-1066,Vegetables,Britannia,Box,500.0,288.6699260323334,50.0
FOOD-8533,Bakery,Catch_Spices,Packet,250.0,435.2939111073285,50.0
FOOD-5616,Bakery,Amul,Box,500.0,226.58631582773359,50.0
FOOD-2140,Vegetables,Amul,Box,100.0,283.2857040111468,
FOOD-6730,Snacks,Britannia,Packet,500.0,567.5250084807243,
FOOD-8465,Bakery,Catch_Spices,Loose_Poly,250.0,471.84849779867113,150.0
FOOD-5471,Snacks,Amul,Packet,250.0,83.85462201756982,
FOOD-4339,Vegetables,Britannia,Loose_Poly,500.0,778.8141896197714,350.0
FOOD-1548,Snacks,Amul,Packet,250.0,48.976169137519264,50.0
FOOD-8675,Dairy,Britannia,Packet,500.0,75.52226210251442,50.0
FOOD-9264,Vegetables,Fortune,Bottle,5000.0,564.0949785054956,50.0
FOOD-1198,Bakery,Catch_Spices,Loose_Poly,500.0,569.3343301503503,50.0
FOOD-1571,Bakery,Amul,Packet,500.0,24.959071249149787,350.0
FOOD-1790,Dairy,Amul,Box,500.0,517.7755805762424,
FOOD-2174,Dairy,Britannia,Box,250.0,36.2754116734006,150.0
FOOD-1178,Vegetables,Amul,Packet,1000.0,769.0082951731214,50.0
FOOD-3244,Dairy,Britannia,Bottle,250.0,559.952649128019,150.0
FOOD-5086,Dairy,Britannia,Bottle,500.0,157.39670004355162,
FOOD-1734,Dairy,Amul,Packet,100.0,134.90278264673105,150.0
FOOD-7232,Dairy,Fortune,Box,100.0,460.03321914912306,
FOOD-1798,Snacks,Amul,Loose_Poly,100.0,510.4797932529133,350.0
FOOD-8601,Dairy,Catch_Spices,Box,500.0,666.6777275986735,150.0
FOOD-9979,Bakery,Fortune,Loose_Poly,250.0,723.6237078787137,50.0
FOOD-3795,Snacks,Fortune,Packet,100.0,320.1014208059832,350.0
FOOD-5588,Dairy,Amul,Packet,250.0,676.8270254734767,
FOOD-8297,Vegetables,Catch_Spices,Box,,438.48022790021975,700.0
FOOD-4084,Vegetables,Fortune,Box,100.0,381.75989107559553,150.0
FOOD-1731,Bakery,Amul,Packet,250.0,562.1868103856525,
FOOD-2129,Vegetables,Amul,Packet,500.0,91.52401946227648,50.0
FOOD-2605,Dairy,Amul,Box,250.0,219.65533952868492,150.0
FOOD-3933,Vegetables,Catch_Spices,Packet,1000.0,655.2425214749968,150.0
FOOD-9516,Vegetables,Catch_Spices,Packet,250.0,408.2222822865531,50.0
FOOD-6074,Dairy,Catch_Spices,Bottle,100.0,727.3543148208543,
FOOD-8099,Snacks,Fortune,Loose_Poly,,80.07594976749958,
FOOD-2490,Dairy,Britannia,Box,5000.0,257.59612067423564,350.0
FOOD-1893,Snacks,Amul,Box,250.0,290.8844153151889,
FOOD-2390,Snacks,Amul,Packet,250.0,343.9490549512917,350.0
FOOD-4389,Vegetables,Amul,Bottle,1000.0,789.5878407357562,
FOOD-5239,Vegetables,Britannia,Packet,100.0,255.42354411387933,50.0
FOOD-5479,Bakery,Catch_Spices,Loose_Poly,250.0,419.75913784269255,
FOOD-3263,Bakery,Catch_Spices,Bottle,500.0,433.4963458580914,350.0
FOOD-4432,Dairy,Amul,Bottle,500.0,618.9303714998196,
FOOD-3371,Snacks,Britannia,Box,500.0,419.1165053277882,50.0
FOOD-5312,Vegetables,Britannia,Packet,500.0,488.5325464902034,150.0
FOOD-2515,Vegetables,Britannia,Loose_Poly,250.0,605.1291601011202,150.0
FOOD-7326,Dairy,Britannia,Packet,1000.0,89.89428369715681,150.0
FOOD-8088,Dairy,Amul,Packet,250.0,771.1429775847258,350.0
FOOD-6586,Vegetables,Catch_Spices,Packet,100.0,678.580299102764,350.0
FOOD-3917,Dairy,Fortune,Box,250.0,317.13036476225454,150.0
FOOD-6731,Vegetables,Fortune,Box,500.0,585.4498953682572,50.0
FOOD-8686,Dairy,Amul,Packet,500.0,612.2368324829099,50.0
FOOD-2167,Bakery,Amul,Packet,100.0,681.6946950383689,
FOOD-9302,Bakery,Amul,Loose_Poly,,158.77029185590118,150.0
FOOD-6109,Bakery,Fortune,Packet,100.0,565.925174588604,
FOOD-5327,Dairy,Catch_Spices,Bottle,-200.0,0.0,150.0
FOOD-6810,Dairy,Britannia,Bottle,100.0,101.3075080025663,50.0
FOOD-4655,Vegetables,Fortune,Box,250.0,623.0928987677479,700.0
FOOD-4793,Vegetables,Britannia,Bottle,500.0,652.27237306659,
FOOD-7738,Vegetables,Amul,Bottle,1000.0,478.02479717840606,150.0
FOOD-2577,Bakery,Fortune,Loose_Poly,500.0,469.5319196052788,50.0
FOOD-3220,Snacks,Fortune,Packet,1000.0,602.1140284106644,350.0
FOOD-2030,Dairy,Amul,Packet,500.0,725.8070094500742,50.0
FOOD-7691,Bakery,Amul,Packet,1000.0,342.6809849854275,
FOOD-4992,Vegetables,Britannia,Loose_Poly,100.0,100.70868369980509,50.0
FOOD-1913,Dairy,Amul,Box,250.0,672.8095136975576,50.0
FOOD-7358,Bakery,Catch_Spices,Packet,1000.0,279.8988753168949,50.0
FOOD-3181,Dairy,Britannia,Box,250.0,115.6907608363664,700.0
FOOD-4197,Vegetables,Amul,Bottle,1000.0,495.54695611283677,
FOOD-7040,Bakery,Amul,Loose_Poly,250.0,466.6863009172348,50.0
FOOD-2462,Bakery,Catch_Spices,Packet,250.0,384.65450313688706,50.0
FOOD-8037,Bakery,Fortune,Box,250.0,689.2398229552555,
FOOD-5994,Bakery,Fortune,Bottle,250.0,225.0584099686606,700.0
FOOD-6308,Snacks,Amul,Packet,100.0,20.455859574660302,50.0
FOOD-7221,Vegetables,Catch_Spices,Box,,265.54028796433795,150.0
FOOD-8090,Vegetables,Britannia,Packet,1000.0,17.66770871768174,150.0
FOOD-8769,Vegetables,Britannia,Bottle,1000.0,439.43705660850304,150.0
FOOD-1687,Vegetables,Catch_Spices,Box,100.0,308.8161513592799,50.0
FOOD-5661,Dairy,Amul,Bottle,250.0,653.0147652770979,150.0
FOOD-2894,Dairy,Britannia,Packet,250.0,640.0924284677459,50.0
FOOD-8389,Dairy,Amul,Loose_Poly,250.0,353.3644097059443,50.0
FOOD-5922,Vegetables,Britannia,Packet,250.0,181.0233661328002,50.0
FOOD-7322,Snacks,Amul,Bottle,250.0,343.7195940944147,50.0
FOOD-4183,Vegetables,Catch_Spices,Box,250.0,516.6410087094671,700.0
FOOD-4797,Vegetables,Amul,Loose_Poly,500.0,160.2627254425968,50.0
FOOD-6178,Bakery,Britannia,Bottle,250.0,620.7068263005392,150.0
FOOD-4968,Bakery,Catch_Spices,Packet,250.0,271.1425662438663,50.0
FOOD-3716,Dairy,Catch_Spices,Box,250.0,746.4198259847533,350.0
FOOD-1190,Vegetables,Britannia,Packet,500.0,414.3777189169403,
FOOD-2335,Dairy,Britannia,Packet,500.0,679.2299619624805,350.0
FOOD-9181,Vegetables,Amul,Loose_Poly,500.0,496.555138434316,150.0
FOOD-1378,Vegetables,Amul,Bottle,500.0,448.13545658520275,
FOOD-4829,Bakery,Britannia,Packet,250.0,548.8828054532387,150.0
FOOD-7380,Vegetables,Amul,Bottle,250.0,651.077987729131,150.0
FOOD-1615,Vegetables,Amul,Packet,500.0,519.1609284836916,50.0
FOOD-3330,Dairy,Amul,Packet,500.0,639.8201428814449,
FOOD-2754,Snacks,Britannia,Packet,250.0,160.46747992301528,150.0
FOOD-1463,Snacks,Britannia,Box,250.0,229.23806689609287,50.0
FOOD-5267,Dairy,Amul,Box,500.0,191.48102905397232,50.0
FOOD-4158,Vegetables,Amul,Bottle,100.0,640.6595183735149,
FOOD-4624,Vegetables,Britannia,Packet,,78.0415614970899,150.0
FOOD-5938,Vegetables,Britannia,Box,250.0,638.7319259789651,
FOOD-6417,Dairy,Britannia,Bottle,100.0,317.3434168534721,150.0
FOOD-7004,Dairy,Fortune,Bottle,250.0,72.81065799374244,150.0
FOOD-9881,Dairy,Amul,Box,100.0,345.29674660590524,50.0
FOOD-6603,Dairy,Amul,Bottle,500.0,247.39681742174253,50.0
FOOD-3212,Vegetables,Amul,Bottle,250.0,477.6422243982932,150.0
FOOD-7120,Dairy,Britannia,Loose_Poly,500.0,383.2960401441122,350.0
FOOD-6818,Vegetables,Fortune,Bottle,500.0,244.45413895979658,50.0
FOOD-1382,Dairy,Amul,Bottle,250.0,691.1900960803573,700.0
FOOD-3256,Bakery,Britannia,Bottle,100.0,331.38892562799947,50.0
FOOD-2412,Dairy,Britannia,Packet,500.0,381.8450935234052,50.0
FOOD-7146,Dairy,Catch_Spices,Box,100.0,678.8365345544415,
FOOD-1371,Dairy,Fortune,Box,100.0,80.35472059177683,50.0
FOOD-6806,Vegetables,Britannia,Packet,100.0,318.0155820044183,50.0
FOOD-6565,Vegetables,Britannia,Packet,100.0,328.25678235742794,150.0
FOOD-9802,Dairy,Catch_Spices,Loose_Poly,1000.0,401.7022675737799,700.0
FOOD-9307,Vegetables,Catch_Spices,Bottle,500.0,93.83526796393018,700.0
FOOD-8437,Bakery,Britannia,Packet,250.0,91.10149578714558,
FOOD-1446,Bakery,Britannia,Packet,5000.0,338.9686050550735,50.0
FOOD-2391,Snacks,Britannia,Bottle,100.0,36.09291659391499,50.0
FOOD-2340,Snacks,Britannia,Packet,500.0,211.43764365711175,
FOOD-3939,Vegetables,Britannia,Packet,1000.0,168.92963547953528,
FOOD-6969,Snacks,Amul,Box,1000.0,396.6151464456241,50.0
FOOD-5813,Bakery,Catch_Spices,Box,100.0,18.81605020238638,150.0
FOOD-4569,Dairy,Britannia,Packet,500.0,543.8294257085366,50.0
FOOD-6454,Vegetables,Fortune,Packet,100.0,685.9139726332814,150.0
FOOD-4150,Bakery,Britannia,Bottle,250.0,568.3257994090504,350.0
FOOD-7414,Vegetables,Fortune,Packet,250.0,656.2817537959801,50.0
FOOD-5657,Bakery,Amul,Packet,500.0,518.2199590005673,150.0
FOOD-7947,Vegetables,Britannia,Packet,100.0,410.81995716742193,
FOOD-8943,Dairy,Britannia,Packet,100.0,183.02706187463727,50.0
FOOD-4662,Dairy,Amul,Packet,100.0,230.90481466946264,50.0
FOOD-5482,Vegetables,Catch_Spices,Loose_Poly,100.0,260.989322938419,
FOOD-5797,Vegetables,Amul,Packet,100.0,40.033958878522185,50.0
FOOD-6068,Dairy,Britannia,Packet,1000.0,731.3401294154012,50.0
FOOD-6480,Vegetables,Amul,Packet,250.0,721.2391350803655,150.0
FOOD-9033,Dairy,Catch_Spices,Bottle,100.0,95.14450112866459,150.0
FOOD-1983,Dairy,Amul,Box,500.0,449.78791678454195,150.0
FOOD-6607,Bakery,Britannia,Bottle,500.0,379.4366224210303,150.0
FOOD-9543,Bakery,Amul,Box,500.0,549.8970576631763,
FOOD-2907,Vegetables,Britannia,Packet,500.0,486.38395182528427,50.0
FOOD-7924,Vegetables,Catch_Spices,Box,100.0,108.21422293167132,50.0
FOOD-9737,Vegetables,Amul,Packet,500.0,531.4613395198186,50.0
FOOD-5174,Snacks,Britannia,Packet,250.0,491.00912012526976,
FOOD-8265,Bakery,Amul,Packet,500.0,429.6666739993064,150.0
FOOD-2990,Dairy,Britannia,Packet,5000.0,327.90095059284914,50.0
FOOD-6596,Vegetables,Britannia,Bottle,1000.0,764.3875853019998,
FOOD-4998,Bakery,Britannia,Bottle,1000.0,681.0572534357815,50.0
FOOD-4775,Bakery,Britannia,Box,100.0,472.21713018673705,150.0
FOOD-5645,Bakery,Britannia,Packet,250.0,15.03848196141698,150.0
FOOD-3061,Bakery,Amul,Bottle,1000.0,351.3773613141208,50.0
FOOD-5487,Dairy,Britannia,Packet,250.0,563.2683855545782,
FOOD-5435,Vegetables,Amul,Bottle,100.0,102.66244546789892,
FOOD-3644,Dairy,Fortune,Packet,500.0,331.1741970916764,50.0
FOOD-2045,Dairy,Fortune,Packet,,161.46292692258413,150.0
FOOD-8951,Dairy,Amul,Bottle,500.0,277.13295984756604,150.0
FOOD-7449,Dairy,Amul,Box,1000.0,31.068671175660242,150.0
FOOD-3681,Vegetables,Amul,Bottle,250.0,110.1185819892705,50.0
FOOD-4199,Dairy,Catch_Spices,Packet,250.0,369.25791161001575,150.0
FOOD-7768,Dairy,Fortune,Packet,250.0,719.5700376182665,50.0
FOOD-8440,Vegetables,Amul,Packet,1000.0,397.55948106467986,
FOOD-9633,Dairy,Britannia,Bottle,250.0,367.93120027922845,
FOOD-3550,Bakery,Amul,Bottle,250.0,632.1798204474763,150.0
FOOD-5225,Bakery,Britannia,Packet,500.0,221.58576077940504,150.0
FOOD-1596,Dairy,Fortune,Packet,250.0,85.10431188763631,50.0
FOOD-7054,Dairy,Britannia,Bottle,250.0,175.5623700659765,150.0
FOOD-2505,Vegetables,Catch_Spices,Packet,500.0,635.1276611899332,
FOOD-7468,Bakery,Britannia,Packet,-200.0,0.0,150.0
FOOD-8236,Dairy,Amul,Bottle,,82.31121398068831,700.0
FOOD-2551,Dairy,Britannia,Packet,,537.0035966239252,
FOOD-7852,Bakery,Britannia,Box,250.0,745.9256730586563,
FOOD-2449,Dairy,Catch_Spices,Box,500.0,45.51441524107134,50.0
FOOD-6953,Vegetables,Amul,Packet,250.0,496.9702957750901,150.0
FOOD-9456,Vegetables,Britannia,Packet,99999.0,309.5400101285005,
FOOD-9042,Dairy,Britannia,Packet,100.0,405.8148526206693,50.0
FOOD-3659,Dairy,Britannia,Bottle,,427.26126462316324,
FOOD-8509,Bakery,Amul,Loose_Poly,100.0,619.1264169992096,
FOOD-8893,Dairy,Catch_Spices,Packet,1000.0,450.0398906206217,150.0
FOOD-8445,Bakery,Amul,Box,100.0,478.53764621883676,150.0
FOOD-3721,Dairy,Amul,Bottle,250.0,273.0003565797295,150.0
FOOD-3925,Dairy,Catch_Spices,Box,250.0,109.4967852495776,
FOOD-8104,Dairy,Amul,Box,500.0,549.3585434032475,150.0
FOOD-7240,Dairy,Amul,Box,100.0,10.380890977976788,50.0
FOOD-1512,Dairy,Britannia,Bottle,500.0,269.6865638973917,50.0
FOOD-1215,Vegetables,Amul,Box,250.0,182.25472399548136,50.0
FOOD-8299,Bakery,Catch_Spices,Packet,1000.0,316.94141819734074,150.0
FOOD-4153,Vegetables,Britannia,Loose_Poly,1000.0,255.90174138042224,150.0
FOOD-8450,Vegetables,Britannia,Bottle,250.0,566.3314930042847,50.0
FOOD-2706,Vegetables,Amul,Bottle,99999.0,215.56277996328478,150.0
FOOD-2567,Vegetables,Amul,Loose_Poly,100.0,452.9927730140954,150.0
FOOD-2128,Dairy,Britannia,Box,500.0,370.05863974576977,
FOOD-4510,Vegetables,Britannia,Box,250.0,642.835429215063,50.0
FOOD-8867,Vegetables,Fortune,Packet,250.0,348.193065411111,
FOOD-3365,Dairy,Amul,Loose_Poly,100.0,692.4621015659349,50.0
FOOD-6583,Bakery,Britannia,Box,250.0,10.115156409729906,150.0
FOOD-5897,Vegetables,Amul,Bottle,100.0,487.82072061246333,350.0
FOOD-6718,Dairy,Britannia,Loose_Poly,500.0,17.7475248919895,
FOOD-7001,Bakery,Britannia,Packet,100.0,574.0081154413449,
FOOD-5567,Snacks,Amul,Packet,500.0,195.58869744428458,50.0
FOOD-3741,Bakery,Britannia,Bottle,500.0,310.1851889007722,50.0
FOOD-4020,Vegetables,Amul,Packet,500.0,310.545636276068,150.0
FOOD-7256,Bakery,Britannia,Bottle,500.0,678.6737105043144,50.0
FOOD-1228,Dairy,Britannia,Packet,100.0,90.65328110543388,50.0
FOOD-9362,Vegetables,Amul,Packet,,536.8485931467075,
FOOD-1294,Bakery,Catch_Spices,Bottle,250.0,785.192895063421,150.0
FOOD-5284,Dairy,Britannia,Bottle,1000.0,27.683699018712133,
FOOD-9617,Snacks,Catch_Spices,Packet,250.0,773.0564170218347,
FOOD-7801,Bakery,Amul,Packet,500.0,24.539735865396295,50.0
FOOD-1918,Dairy,Catch_Spices,Bottle,1000.0,674.5080721826594,50.0
FOOD-1498,Bakery,Amul,Box,1000.0,769.3830915306963,150.0
FOOD-3809,Dairy,Britannia,Box,250.0,794.4916319948142,
FOOD-5961,Dairy,Catch_Spices,Packet,250.0,372.7058593667362,350.0
FOOD-4779,Bakery,Amul,Bottle,1000.0,694.8964299376664,
FOOD-3118,Bakery,Amul,Packet,1000.0,106.64823899338798,50.0
FOOD-7391,Bakery,Fortune,Packet,500.0,346.0536275052665,50.0
FOOD-1145,Bakery,Britannia,Loose_Poly,500.0,253.30023118459093,150.0
FOOD-8942,Snacks,Britannia,Packet,500.0,322.18986997959206,150.0
FOOD-5565,Bakery,Amul,Packet,250.0,564.5648732888699,
FOOD-1192,Dairy,Britannia,Packet,1000.0,79.10935803377664,50.0
FOOD-6187,Vegetables,Amul,Loose_Poly,500.0,798.5495286596176,50.0
FOOD-7637,Bakery,Catch_Spices,Bottle,100.0,511.70305563916656,150.0
FOOD-9243,Vegetables,Britannia,Bottle,100.0,700.0788933920869,50.0
FOOD-3410,Vegetables,Fortune,Bottle,1000.0,665.4594965386354,50.0
FOOD-2820,Vegetables,Amul,Packet,500.0,615.138059790657,150.0
FOOD-3964,Bakery,Catch_Spices,Box,250.0,40.98658958802535,50.0
FOOD-3521,Bakery,Britannia,Packet,100.0,418.0089905009967,700.0
FOOD-3568,Dairy,Catch_Spices,Bottle,500.0,269.23721720946037,350.0
FOOD-6882,Dairy,Amul,Bottle,100.0,99.22190149925379,150.0
FOOD-2867,Bakery,Fortune,Packet,250.0,280.9622630717235,150.0
FOOD-8465,Dairy,Britannia,Packet,500.0,519.3943994734641,50.0
FOOD-8602,Dairy,Amul,Bottle,250.0,192.19487861149392,50.0
FOOD-4199,Dairy,Britannia,Packet,1000.0,361.2303890858115,50.0
FOOD-7103,Dairy,Amul,Packet,,329.5504524666337,150.0
FOOD-1240,Dairy,Amul,Packet,100.0,51.44574061706482,50.0
FOOD-4440,Dairy,Amul,Box,100.0,506.18519821241256,50.0
FOOD-5631,Dairy,Britannia,Box,100.0,498.8890528111018,150.0
FOOD-9274,Snacks,Britannia,Box,100.0,773.4674591451338,150.0
FOOD-6077,Vegetables,Britannia,Bottle,500.0,245.42412113886687,50.0
FOOD-4768,Vegetables,Amul,Bottle,250.0,340.97131262719654,
FOOD-8995,Dairy,Fortune,Packet,1000.0,328.87372165603637,
FOOD-9802,Vegetables,Catch_Spices,Packet,,736.5976817787651,50.0
FOOD-7429,Dairy,Amul,Box,500.0,332.8329591575244,50.0
FOOD-4605,Vegetables,Amul,Box,5000.0,359.78367392270735,
FOOD-3173,Dairy,Britannia,Box,100.0,209.35218201147993,50.0
FOOD-7568,Vegetables,Fortune,Bottle,250.0,10.922835674997701,
FOOD-3601,Bakery,Britannia,Box,500.0,97.25603038654029,
FOOD-3657,Dairy,Britannia,Loose_Poly,500.0,566.072429627574,150.0
FOOD-7080,Vegetables,Amul,Packet,250.0,549.1715187667577,50.0
FOOD-8325,Bakery,Fortune,Packet,250.0,264.79915254744816,50.0
FOOD-3159,Vegetables,Britannia,Bottle,500.0,383.67491992011077,
FOOD-4830,Bakery,Amul,Packet,500.0,244.92893077044982,150.0
FOOD-9313,Snacks,Amul,Box,100.0,587.423946960737,350.0
FOOD-5368,Vegetables,Britannia,Packet,5000.0,675.57448658406,50.0
FOOD-2317,Snacks,Britannia,Bottle,250.0,720.2931811978254,350.0
FOOD-5493,Bakery,Britannia,Bottle,250.0,147.35834392268546,50.0
FOOD-2230,Snacks,Catch_Spices,Bottle,1000.0,559.063226049297,
FOOD-2133,Bakery,Amul,Packet,500.0,770.7736949331656,
FOOD-8607,Vegetables,Catch_Spices,Loose_Poly,100.0,523.9832462637249,
FOOD-2301,Bakery,Britannia,Packet,250.0,287.2695734448762,150.0
FOOD-2910,Vegetables,Britannia,Box,500.0,512.3976289825514,50.0
FOOD-9082,Vegetables,Catch_Spices,Box,500.0,553.8565813335379,150.0
FOOD-9107,Vegetables,Britannia,Packet,5000.0,323.6673668897117,50.0
FOOD-8970,Vegetables,Amul,Loose_Poly,,92.1528509328102,50.0
FOOD-2916,Dairy,Catch_Spices,Bottle,100.0,489.2612953409764,
FOOD-7996,Bakery,Britannia,Bottle,250.0,643.6912324082141,
FOOD-3757,Snacks,Britannia,Bottle,500.0,798.0854221672864,150.0
FOOD-7464,Vegetables,Catch_Spices,Bottle,100.0,186.2160625007242,150.0
FOOD-1178,Snacks,Britannia,Packet,1000.0,563.3072896035707,50.0
FOOD-7362,Snacks,Britannia,Box,100.0,32.15412813119818,
FOOD-9683,Vegetables,Fortune,Bottle,,776.1619710007707,50.0
FOOD-1060,Dairy,Britannia,Packet,5000.0,19.9259246042606,350.0
FOOD-7681,Bakery,Amul,Box,250.0,293.44801969458206,
FOOD-3895,Dairy,Fortune,Box,5000.0,70.35819065122345,
FOOD-1585,Bakery,Amul,Bottle,100.0,500.56468967037443,50.0
FOOD-6823,Bakery,Fortune,Packet,100.0,278.20483853033863,50.0
FOOD-1534,Dairy,Catch_Spices,Packet,500.0,589.0257057510637,350.0
FOOD-4462,Vegetables,Amul,Packet,1000.0,394.23867266776114,50.0
FOOD-5011,Dairy,Amul,Bottle,250.0,341.32869891805234,350.0
FOOD-4398,Vegetables,Amul,Loose_Poly,100.0,285.3279158006856,150.0
FOOD-3155,Dairy,Britannia,Packet,500.0,78.04204194157543,150.0
FOOD-6966,Bakery,Catch_Spices,Packet,100.0,171.81163361657968,150.0
FOOD-8329,Dairy,Britannia,Box,1000.0,514.8909789409036,150.0
FOOD-7957,Snacks,Amul,Packet,100.0,402.4338181456221,
FOOD-6325,Dairy,Britannia,Packet,1000.0,65.37066676839206,50.0
FOOD-9518,Bakery,Fortune,Bottle,250.0,439.72185693548533,
FOOD-5703,Bakery,Amul,Box,250.0,52.77270254477546,50.0
FOOD-3706,Snacks,Fortune,Box,500.0,414.26428854079074,50.0
FOOD-1001,Bakery,Amul,Box,,772.3195430501223,
FOOD-9316,Vegetables,Fortune,Packet,1000.0,252.80219744701762,
FOOD-2104,Snacks,Amul,Box,100.0,581.5674795273186,
FOOD-2861,Bakery,Amul,Packet,250.0,598.9861120676604,150.0
FOOD-6269,Vegetables,Catch_Spices,Packet,250.0,329.8390313948003,150.0
FOOD-7943,Bakery,Britannia,Packet,1000.0,478.70079911612885,150.0
FOOD-9320,Bakery,Amul,Packet,,382.91641165105466,50.0
FOOD-1437,Dairy,Catch_Spices,Packet,250.0,233.85678557153702,
FOOD-5846,Dairy,Britannia,Bottle,500.0,606.2462552084265,
FOOD-4129,Bakery,Amul,Bottle,250.0,565.2330263622406,50.0
FOOD-9081,Bakery,Britannia,Packet,100.0,721.4336030128522,50.0
FOOD-1901,Dairy,Catch_Spices,Box,250.0,498.3196819310861,150.0
FOOD-6398,Vegetables,Britannia,Box,100.0,317.08891154499474,150.0
FOOD-7678,Vegetables,Amul,Packet,250.0,574.0659709011134,
FOOD-6529,Bakery,Britannia,Packet,500.0,499.03862135132727,700.0
FOOD-7604,Bakery,Britannia,Packet,1000.0,497.1252123125014,150.0
FOOD-4918,Vegetables,Fortune,Packet,250.0,681.3718280522947,150.0
FOOD-2067,Dairy,Amul,Box,500.0,729.2701456100928,
FOOD-1026,Vegetables,Britannia,Packet,,152.390914893133,350.0
FOOD-7937,Bakery,Amul,Packet,250.0,258.09967713163184,50.0
FOOD-8264,Vegetables,Britannia,Packet,5000.0,523.7415037643577,50.0
FOOD-8118,Vegetables,Catch_Spices,Box,250.0,450.2047746306018,150.0
FOOD-1547,Vegetables,Amul,Packet,250.0,525.3376739045729,
FOOD-9758,Dairy,Amul,Bottle,500.0,352.08153346847894,350.0
FOOD-9895,Dairy,Britannia,Packet,500.0,335.82682083567914,150.0
FOOD-6338,Vegetables,Fortune,Box,250.0,102.94658515519009,50.0
FOOD-4140,Snacks,Amul,Loose_Poly,100.0,502.6821096825793,
FOOD-8996,Vegetables,Britannia,Bottle,250.0,148.87066552631904,50.0
FOOD-2590,Dairy,Catch_Spices,Box,100.0,540.1070605539979,
FOOD-8776,Snacks,Fortune,Box,500.0,773.9870721516851,50.0
FOOD-5943,Dairy,Fortune,Box,250.0,212.5661337062734,50.0
FOOD-9997,Dairy,Amul,Box,1000.0,122.30032122618776,
FOOD-8798,Vegetables,Catch_Spices,Packet,100.0,29.09844377193756,150.0
FOOD-4791,Bakery,Amul,Bottle,250.0,309.27347721281785,
FOOD-2357,Dairy,Amul,Loose_Poly,250.0,179.54273649694565,150.0
FOOD-9092,Bakery,Amul,Packet,100.0,398.56894428370947,
FOOD-4225,Vegetables,Britannia,Loose_Poly,250.0,424.2017621142729,50.0
FOOD-3460,Dairy,Catch_Spices,Bottle,100.0,285.96891805791034,150.0
FOOD-9737,Bakery,Amul,Bottle,100.0,602.4259155997327,
FOOD-3728,Snacks,Fortune,Bottle,100.0,724.7972698626505,150.0
FOOD-7726,Vegetables,Fortune,Box,250.0,177.1032472566865,150.0
FOOD-8481,Bakery,Britannia,Packet,1000.0,670.6752409908398,150.0
FOOD-7430,Vegetables,Fortune,Packet,,113.63844080674873,50.0
FOOD-4114,Dairy,Amul,Box,1000.0,190.6747257893629,150.0
FOOD-1616,Vegetables,Amul,Loose_Poly,250.0,453.5183921246904,150.0
FOOD-4644,Dairy,Catch_Spices,Bottle,250.0,252.19937611693223,50.0
FOOD-7413,Dairy,Britannia,Packet,250.0,42.951524565188315,150.0
FOOD-2203,Vegetables,Amul,Packet,1000.0,242.94899195073054,
FOOD-3565,Vegetables,Britannia,Loose_Poly,500.0,724.8474489915532,
FOOD-4174,Vegetables,Catch_Spices,Packet,-200.0,0.0,50.0
FOOD-4081,Snacks,Britannia,Bottle,500.0,613.3631950757931,
FOOD-3630,Snacks,Amul,Packet,100.0,580.6027847435403,50.0
FOOD-4161,Bakery,Britannia,Packet,5000.0,93.91760469075122,50.0
FOOD-5321,Vegetables,Fortune,Packet,-200.0,0.0,50.0
FOOD-9861,Dairy,Amul,Packet,100.0,159.59146841958085,50.0
FOOD-7269,Bakery,Amul,Box,1000.0,28.288643142684222,350.0
FOOD-8099,Snacks,Britannia,Packet,500.0,146.70213343635805,50.0
FOOD-8376,Dairy,Britannia,Packet,1000.0,169.24657389064592,150.0
FOOD-5078,Bakery,Amul,Bottle,1000.0,141.12439537049843,50.0
FOOD-6801,Snacks,Amul,Loose_Poly,1000.0,81.96679545548308,150.0
FOOD-5151,Bakery,Amul,Bottle,1000.0,425.7810544548275,
FOOD-9911,Vegetables,Amul,Packet,100.0,264.8848429452171,50.0
FOOD-3600,Vegetables,Amul,Packet,100.0,727.5169955124144,350.0
FOOD-7175,Dairy,Britannia,Bottle,100.0,157.89863973535537,150.0
FOOD-1666,Dairy,Britannia,Box,100.0,486.26147777619246,150.0
FOOD-1283,Vegetables,Britannia,Packet,250.0,721.4901035698575,50.0
FOOD-6840,Vegetables,Britannia,Packet,500.0,47.2798243420475,150.0
FOOD-4565,Bakery,Amul,Box,250.0,417.8592020417889,50.0
FOOD-5593,Dairy,Britannia,Bottle,500.0,366.0283618996378,50.0
FOOD-2465,Vegetables,Amul,Bottle,1000.0,743.7351003811531,
FOOD-9321,Dairy,Amul,Packet,500.0,534.3741705707458,50.0
FOOD-5734,Bakery,Amul,Packet,250.0,285.83751386211463,50.0
FOOD-7257,Bakery,Catch_Spices,Packet,100.0,572.1017626214375,150.0
FOOD-8366,Vegetables,Amul,Packet,100.0,470.2966763639421,150.0
FOOD-4672,Bakery,Catch_Spices,Loose_Poly,250.0,284.26421944749563,50.0
FOOD-8382,Dairy,Amul,Packet,500.0,630.3464554899566,700.0
FOOD-7587,Vegetables,Britannia,Bottle,250.0,537.8541102470277,150.0
FOOD-1992,Bakery,Fortune,Bottle,500.0,14.278875690551068,50.0
FOOD-7858,Dairy,Amul,Packet,250.0,693.4563387486803,
FOOD-3121,Vegetables,Amul,Box,100.0,323.70258695469295,
FOOD-3223,Dairy,Catch_Spices,Bottle,500.0,519.9036044639836,
FOOD-5522,Vegetables,Britannia,Loose_Poly,100.0,323.4469735678155,150.0
FOOD-4188,Vegetables,Amul,Packet,500.0,706.2760149447812,50.0
FOOD-4237,Bakery,Amul,Packet,1000.0,524.1600024893228,
FOOD-5136,Vegetables,Catch_Spices,Packet,100.0,467.7151051892289,
FOOD-1343,Snacks,Catch_Spices,Packet,250.0,784.4091525810128,50.0
FOOD-5704,Dairy,Britannia,Bottle,500.0,231.70601084791429,
FOOD-5823,Vegetables,Amul,Box,500.0,61.55088958318333,
FOOD-5920,Vegetables,Fortune,Packet,100.0,417.6482419958541,350.0
FOOD-4201,Dairy,Amul,Loose_Poly,1000.0,344.9740887145922,50.0
FOOD-6471,Dairy,Britannia,Bottle,100.0,368.8891387708656,
FOOD-1888,Vegetables,Britannia,Bottle,250.0,499.88282224573015,350.0
FOOD-8127,Vegetables,Amul,Packet,250.0,495.946092917033,50.0
FOOD-4720,Bakery,Britannia,Packet,100.0,319.8887917319095,
FOOD-3883,Vegetables,Catch_Spices,Box,250.0,691.6728489304182,
FOOD-5212,Bakery,Fortune,Packet,100.0,524.6522224948608,
FOOD-7961,Bakery,Amul,Box,250.0,713.0302264958476,50.0
FOOD-3415,Dairy,Amul,Bottle,,731.3915850309321,
FOOD-4001,Vegetables,Amul,Box,1000.0,142.17653993007488,50.0
FOOD-2738,Vegetables,Amul,Box,100.0,547.6438803739376,150.0
FOOD-2364,Bakery,Britannia,Packet,1000.0,260.83437243173773,
FOOD-3708,Vegetables,Britannia,Bottle,1000.0,670.7789530932986,50.0
FOOD-1924,Vegetables,Amul,Packet,250.0,588.9527479278491,350.0
FOOD-1151,Dairy,Amul,Bottle,250.0,167.0106731454239,150.0
FOOD-9777,Vegetables,Amul,Packet,250.0,751.5973055375442,150.0
FOOD-9044,Dairy,Britannia,Bottle,99999.0,549.9484155240145,50.0
FOOD-1912,Bakery,Britannia,Packet,500.0,759.4201515576893,50.0
FOOD-3321,Dairy,Britannia,Loose_Poly,5000.0,169.5098260327927,50.0
FOOD-1495,Snacks,Fortune,Bottle,250.0,697.0670245749209,150.0
FOOD-3148,Bakery,Fortune,Loose_Poly,1000.0,537.777528128352,50.0
FOOD-1556,Vegetables,Britannia,Packet,250.0,446.3064090882904,150.0
FOOD-2552,Dairy,Amul,Bottle,1000.0,658.2051908902207,350.0
FOOD-3120,Dairy,Britannia,Packet,100.0,509.9624706081108,150.0
FOOD-4085,Dairy,Amul,Bottle,500.0,538.9841268361627,150.0
FOOD-4504,Vegetables,Amul,Box,500.0,210.39976156231182,50.0
FOOD-1156,Snacks,Catch_Spices,Loose_Poly,500.0,655.4724140187202,
FOOD-9926,Dairy,Amul,Packet,250.0,523.7391348385785,50.0
FOOD-8505,Dairy,Britannia,Loose_Poly,500.0,677.067451173633,50.0
FOOD-8162,Dairy,Britannia,Bottle,100.0,287.70630277927313,
FOOD-6523,Dairy,Amul,Loose_Poly,250.0,272.0509967005211,50.0
FOOD-8543,Bakery,Amul,Bottle,250.0,28.883342032786715,150.0
FOOD-9055,Dairy,Britannia,Loose_Poly,250.0,617.198208167667,350.0
FOOD-5654,Vegetables,Amul,Box,500.0,270.9483658024838,150.0
FOOD-7250,Vegetables,Amul,Packet,100.0,268.4977246676033,
FOOD-8246,Bakery,Catch_Spices,Packet,100.0,554.060767225068,
FOOD-1154,Dairy,Britannia,Packet,250.0,209.7664916505075,50.0
FOOD-8950,Snacks,Amul,Bottle,1000.0,728.1261844133176,
FOOD-1996,Vegetables,Amul,Box,250.0,435.0721330916212,150.0
FOOD-5626,Vegetables,Britannia,Box,1000.0,775.8870164758368,
FOOD-3905,Vegetables,Amul,Box,250.0,70.56838722566883,50.0
FOOD-1153,Dairy,Amul,Packet,500.0,276.09204044010534,50.0
FOOD-8853,Dairy,Britannia,Packet,250.0,311.36157129737273,50.0
FOOD-7481,Vegetables,Amul,Packet,1000.0,587.032368863658,150.0
FOOD-6599,Dairy,Britannia,Box,250.0,178.24018376518487,350.0
FOOD-2716,Dairy,Britannia,Packet,250.0,306.52322417223115,350.0
FOOD-1786,Vegetables,Amul,Packet,100.0,729.4076097264974,50.0
FOOD-5368,Dairy,Amul,Bottle,1000.0,100.49519811433291,150.0
FOOD-9096,Bakery,Britannia,Packet,500.0,598.8059605203462,50.0
FOOD-5272,Vegetables,Britannia,Packet,1000.0,564.9632381857008,150.0
FOOD-4767,Vegetables,Amul,Packet,100.0,113.09901050934614,150.0
FOOD-9834,Vegetables,Amul,Loose_Poly,100.0,553.9076430211746,
FOOD-6994,Bakery,Catch_Spices,Packet,250.0,460.1291935540387,350.0
FOOD-8216,Bakery,Amul,Box,250.0,237.142646343827,50.0
FOOD-9857,Dairy,Catch_Spices,Packet,1000.0,255.80154409151677,50.0
FOOD-4426,Vegetables,Amul,Box,250.0,668.0638975152522,50.0
FOOD-4783,Bakery,Amul,Bottle,100.0,192.5018391503152,150.0
FOOD-6427,Snacks,Britannia,Box,250.0,415.09661824786275,150.0
FOOD-8011,Bakery,Amul,Box,500.0,548.1082924695255,150.0
FOOD-9052,Snacks,Amul,Bottle,250.0,112.62233852611479,50.0
FOOD-4701,Bakery,Amul,Loose_Poly,5000.0,746.5595582608884,
FOOD-3349,Bakery,Catch_Spices,Bottle,100.0,215.90110887242457,150.0
FOOD-8011,Dairy,Amul,Box,500.0,261.8795891725423,50.0
FOOD-8055,Dairy,Britannia,Bottle,250.0,536.2314331063134,
FOOD-2212,Vegetables,Fortune,Loose_Poly,100.0,71.77140123754543,
FOOD-7965,Bakery,Fortune,Box,500.0,505.8140250357071,
FOOD-7704,Snacks,Britannia,Packet,250.0,733.6636685467429,50.0
FOOD-8433,Dairy,Amul,Bottle,500.0,206.78153868812555,50.0
FOOD-3511,Vegetables,Amul,Box,500.0,295.90710415983614,150.0
FOOD-1143,Vegetables,Amul,Box,100.0,193.5438264417936,150.0
FOOD-8367,Vegetables,Amul,Loose_Poly,1000.0,656.8273116412179,150.0
FOOD-4228,Vegetables,Amul,Packet,500.0,142.4101805685284,50.0
FOOD-5582,Dairy,Amul,Packet,500.0,283.836305994327,150.0
FOOD-7031,Snacks,Catch_Spices,Bottle,250.0,484.8072389258579,50.0
FOOD-5243,Vegetables,Catch_Spices,Packet,100.0,329.5980018061394,
FOOD-3713,Vegetables,Amul,Packet,250.0,61.720758460591654,
FOOD-5185,Dairy,Amul,Bottle,1000.0,758.6993274159232,150.0
FOOD-8328,Vegetables,Amul,Packet,1000.0,276.94134898926745,
FOOD-5633,Bakery,Amul,Packet,250.0,362.0644580841745,
FOOD-4192,Vegetables,Amul,Packet,100.0,142.36081481065898,50.0
FOOD-1300,Vegetables,Catch_Spices,Box,500.0,693.6266888462793,150.0
FOOD-1723,Vegetables,Amul,Packet,500.0,240.22874241304314,150.0
FOOD-6694,Vegetables,Amul,Packet,1000.0,25.660204285575205,150.0
FOOD-4010,Dairy,Amul,Bottle,,259.95804024445454,
FOOD-6555,Vegetables,Catch_Spices,Packet,,787.4071507809879,700.0
FOOD-1067,Dairy,Catch_Spices,Loose_Poly,250.0,126.0058695238462,150.0
FOOD-3506,Dairy,Fortune,Packet,100.0,34.64996551093667,
FOOD-2537,Vegetables,Britannia,Box,1000.0,466.7587162808963,150.0
FOOD-1397,Vegetables,Amul,Bottle,250.0,303.61657170933137,50.0
FOOD-6680,Dairy,Amul,Box,1000.0,638.0304863762567,
FOOD-5825,Bakery,Britannia,Packet,100.0,588.191333448393,
FOOD-9747,Snacks,Fortune,Packet,500.0,156.481032198863,50.0
FOOD-7048,Vegetables,Amul,Box,250.0,456.0595210725288,50.0
FOOD-4661,Vegetables,Amul,Packet,250.0,35.62444589030706,350.0
FOOD-3941,Vegetables,Britannia,Box,250.0,357.18780022623685,
FOOD-8067,Dairy,Amul,Packet,250.0,574.1020453550025,50.0
FOOD-6091,Dairy,Britannia,Box,1000.0,337.8174457493384,
FOOD-2601,Bakery,Amul,Loose_Poly,100.0,103.18377677792711,50.0
FOOD-2480,Bakery,Amul,Loose_Poly,1000.0,58.611533721589716,350.0
FOOD-7230,Vegetables,Britannia,Packet,-200.0,0.0,50.0
FOOD-4276,Dairy,Catch_Spices,Packet,500.0,714.1482983597996,50.0
FOOD-7447,Snacks,Amul,Loose_Poly,500.0,281.0430601620618,150.0
FOOD-6499,Vegetables,Amul,Box,100.0,139.6961364582948,
FOOD-7273,Dairy,Amul,Packet,250.0,783.1068083681347,350.0
FOOD-2299,Snacks,Britannia,Bottle,500.0,441.23240484495636,50.0
FOOD-6818,Bakery,Fortune,Packet,500.0,386.55748453550143,150.0
FOOD-7701,Bakery,Amul,Loose_Poly,250.0,595.8701204406905,150.0
FOOD-5994,Vegetables,Amul,Packet,1000.0,143.40677814287568,150.0
FOOD-8489,Dairy,Catch_Spices,Bottle,250.0,468.19188148908955,150.0
FOOD-9269,Vegetables,Fortune,Bottle,5000.0,713.2282615619953,150.0
FOOD-3831,Dairy,Britannia,Loose_Poly,250.0,28.224103890908292,
FOOD-3721,Vegetables,Amul,Box,500.0,541.6223684131579,50.0
FOOD-2532,Bakery,Amul,Packet,500.0,445.6249250436103,350.0
FOOD-9429,Bakery,Fortune,Bottle,500.0,761.1326197348163,50.0
FOOD-6253,Dairy,Britannia,Loose_Poly,,214.37182283854898,50.0
FOOD-2996,Vegetables,Britannia,Box,100.0,688.5243971218346,
FOOD-6311,Vegetables,Amul,Bottle,250.0,254.09870448779506,50.0
FOOD-1277,Bakery,Britannia,Box,1000.0,349.5922250896972,150.0
FOOD-4089,Dairy,Fortune,Packet,500.0,178.4971761639511,150.0
FOOD-1523,Bakery,Catch_Spices,Box,100.0,692.2369024705524,50.0
FOOD-5275,Vegetables,Amul,Packet,250.0,164.3736319163518,350.0
FOOD-6365,Dairy,Britannia,Bottle,500.0,688.6202646789909,150.0
FOOD-4122,Bakery,Britannia,Box,250.0,369.9345722307326,50.0
FOOD-9167,Dairy,Catch_Spices,Packet,5000.0,669.7175401152883,50.0
FOOD-6190,Dairy,Fortune,Bottle,250.0,218.94596169679338,150.0
FOOD-5575,Bakery,Catch_Spices,Packet,250.0,114.85681168325316,
FOOD-8727,Vegetables,Catch_Spices,Packet,250.0,448.41939931832246,50.0
FOOD-2797,Vegetables,Amul,Box,500.0,412.4552829740161,
FOOD-3131,Dairy,Fortune,Bottle,250.0,291.71982862279077,
FOOD-8322,Vegetables,Britannia,Packet,250.0,533.6289206453473,350.0
