Account_ID,Internal_Risk_Grade,Loan_Purpose,Customer_Debt_To_Income_Ratio,Loan_Default_Status,Requested_Amount_Raw
ACC-561057,Class-A,Major Purchase,12.5,0," $28,393.00 "
ACC-132134,,Debt Consolidation,,0," $44,347.00 "
ACC-829882,Class-B,Major Purchase,12.5,0," $44,149.00 "
ACC-129624,Class-A,Home Improvement,12.5,1," $5,720.00 "
ACC-413421,Class-A,Home Improvement,12.5,0," $24,284.00 "
ACC-236733,Class-C,Debt Consolidation,55.0,0," $15,045.00 "
ACC-114964,Class-C,Home Improvement,24.8,0," $13,722.00 "
ACC-279612,Class-B,Home Improvement,24.8,0," $24,848.00 "
ACC-879699,Class-A,N/A,24.8,0," $39,267.00 "
ACC-107167,Class-A,Home Improvement,55.0,0," $16,631.00 "
ACC-233061,Class-B,Small Business,38.2,0," $18,192.00 "
ACC-714348,Class-A,Home Improvement,12.5,0," $40,528.00 "
ACC-362172,Class-C,Debt Consolidation,55.0,0," $17,200.00 "
ACC-504098,Class-B,Debt Consolidation,55.0,0," $15,249.00 "
ACC-514134,Class-C,Debt Consolidation,38.2,0," $43,915.00 "
ACC-721261,Class-A,Debt Consolidation,38.2,0," $15,376.00 "
ACC-256699,Class-A,Home Improvement,38.2,0," $5,765.00 "
ACC-213120,Class-C,Debt Consolidation,12.5,0," $33,034.00 "
ACC-479488,Class-B,Home Improvement,,0," $26,984.00 "
ACC-461607,Class-B,Debt Consolidation,,0," $20,078.00 "
ACC-661775,Class-A,Home Improvement,24.8,1," $8,694.00 "
ACC-395828,,Small Business,,0," $19,848.00 "
ACC-295376,Class-A,Home Improvement,99.9,0," $41,691.00 "
ACC-441017,Class-C,Home Improvement,,0," $7,564.00 "
ACC-144356,Class-C,Small Business,12.5,0," $31,358.00 "
ACC-843024,Class-A,Debt Consolidation,24.8,0," $41,101.00 "
ACC-642524,Class-C,Home Improvement,24.8,0," $12,057.00 "
ACC-270001,Class-B,Small Business,24.8,0," $12,733.00 "
ACC-912794,Class-A,Debt Consolidation,55.0,0," $18,119.00 "
ACC-804713,Class-B,Major Purchase,55.0,0," $36,266.00 "
ACC-774932,Class-A,Home Improvement,12.5,0," $18,435.00 "
ACC-209615,,Home Improvement,,0," $8,577.00 "
ACC-221295,Class-B,N/A,55.0,0," $20,594.00 "
ACC-195645,Class-B,Debt Consolidation,12.5,0," $36,379.00 "
ACC-424244,Class-A,N/A,12.5,0," $41,984.00 "
ACC-102409,Class-C,Major Purchase,24.8,0," $7,456.00 "
ACC-390143,Class-A,Debt Consolidation,,0," $25,521.00 "
ACC-591485,Class-C,Major Purchase,12.5,0," $15,632.00 "
ACC-603734,Class-A,Debt Consolidation,12.5,0," $40,728.00 "
ACC-420761,Class-A,Debt Consolidation,12.5,0," $11,269.00 "
ACC-899016,Class-B,Home Improvement,24.8,0," $16,056.00 "
ACC-502677,Class-B,Debt Consolidation,12.5,0," $14,502.00 "
ACC-560736,Class-C,Home Improvement,12.5,0," $42,232.00 "
ACC-395887,Class-A,Small Business,12.5,1," $7,270.00 "
ACC-867491,Class-B,Debt Consolidation,38.2,0," $28,880.00 "
ACC-184449,Class-A,N/A,38.2,0," $40,291.00 "
ACC-192069,Class-B,Debt Consolidation,24.8,0," $39,584.00 "
ACC-513321,Class-A,Debt Consolidation,38.2,1," $5,557.00 "
ACC-826065,Class-A,Debt Consolidation,55.0,0," $10,217.00 "
ACC-978035,Class-A,N/A,55.0,0," $6,343.00 "
ACC-470914,Class-A,Debt Consolidation,,1," $16,815.00 "
ACC-349048,,Debt Consolidation,,0," $12,447.00 "
ACC-353599,Class-A,Home Improvement,,0," $39,823.00 "
ACC-183255,Class-C,Debt Consolidation,12.5,0," $36,529.00 "
ACC-198563,Class-A,Debt Consolidation,38.2,0," $28,251.00 "
ACC-861929,Class-A,Debt Consolidation,12.5,1," $41,397.00 "
ACC-996294,Class-A,Home Improvement,,0," $13,343.00 "
ACC-428045,Class-C,Home Improvement,24.8,0," $16,528.00 "
ACC-598277,Class-A,Debt Consolidation,12.5,0," $20,522.00 "
ACC-370870,Class-A,Debt Consolidation,55.0,0," $39,334.00 "
ACC-129656,Class-B,Debt Consolidation,38.2,0," $31,922.00 "
ACC-707311,Class-B,Small Business,12.5,0," $31,916.00 "
ACC-751339,Class-A,Debt Consolidation,24.8,0," $42,217.00 "
ACC-517931,Class-C,Major Purchase,55.0,0," $32,713.00 "
ACC-738877,Class-B,Debt Consolidation,12.5,0," $21,711.00 "
ACC-497196,Class-B,Debt Consolidation,12.5,0," $14,326.00 "
ACC-958875,Class-A,Home Improvement,55.0,0," $44,183.00 "
ACC-289966,Class-A,Small Business,24.8,0," $6,099.00 "
ACC-636258,Class-A,Home Improvement,55.0,0," $21,340.00 "
ACC-329140,Class-A,Home Improvement,12.5,0," $34,732.00 "
ACC-271837,Class-B,Debt Consolidation,55.0,0," $38,287.00 "
ACC-410948,Class-C,Debt Consolidation,-1.5,0," $19,930.00 "
ACC-593856,Class-A,Home Improvement,24.8,0," $6,003.00 "
ACC-297332,Class-A,Small Business,24.8,0," $8,153.00 "
ACC-230209,Class-A,Debt Consolidation,12.5,0," $7,082.00 "
ACC-240751,Class-A,Debt Consolidation,24.8,1," $30,384.00 "
ACC-524768,Class-A,Debt Consolidation,24.8,0," $30,023.00 "
ACC-698926,,Debt Consolidation,,0," $15,599.00 "
ACC-348875,Class-B,Small Business,,0," $13,235.00 "
ACC-358382,Class-A,Debt Consolidation,24.8,0," $44,544.00 "
ACC-831388,Class-C,Debt Consolidation,55.0,1," $26,936.00 "
ACC-616574,Class-C,Home Improvement,55.0,0," $16,906.00 "
ACC-198208,Class-C,Small Business,12.5,0," $23,742.00 "
ACC-261779,,Debt Consolidation,,0," $44,961.00 "
ACC-693203,UNKNOWN,Debt Consolidation,55.0,0," $41,242.00 "
ACC-453392,Class-B,Home Improvement,12.5,0," $22,973.00 "
ACC-792412,Class-B,Debt Consolidation,55.0,0," $38,785.00 "
ACC-958612,Class-A,Major Purchase,55.0,0," $26,209.00 "
ACC-278755,,Home Improvement,,0," $16,860.00 "
ACC-740019,,Debt Consolidation,,0," $29,323.00 "
ACC-487586,Class-B,Small Business,24.8,0," $15,973.00 "
ACC-670969,Class-B,Home Improvement,12.5,1," $38,280.00 "
ACC-930533,Class-B,Major Purchase,24.8,0," $8,408.00 "
ACC-999383,Class-B,Small Business,24.8,0," $10,024.00 "
ACC-210501,,Home Improvement,,0," $33,832.00 "
ACC-982958,Class-A,Home Improvement,38.2,0," $25,915.00 "
ACC-787463,Class-B,Debt Consolidation,24.8,0," $35,635.00 "
ACC-305164,Class-B,Small Business,12.5,0," $34,208.00 "
ACC-157593,Class-B,Debt Consolidation,99.9,0," $25,718.00 "
ACC-392055,Class-A,Debt Consolidation,12.5,0," $20,826.00 "
ACC-400464,Class-A,Debt Consolidation,12.5,1," $32,790.00 "
ACC-131427,Class-A,Small Business,38.2,0," $19,593.00 "
ACC-287425,Class-A,Debt Consolidation,24.8,0," $5,142.00 "
ACC-857989,Class-A,Home Improvement,12.5,0," $37,352.00 "
ACC-783003,Class-A,Debt Consolidation,12.5,0," $7,792.00 "
ACC-973181,Class-C,Home Improvement,38.2,0," $16,606.00 "
ACC-553009,Class-C,Debt Consolidation,12.5,0," $27,054.00 "
ACC-143426,Class-B,Home Improvement,38.2,0," $35,204.00 "
ACC-715693,Class-C,Home Improvement,12.5,0," $38,279.00 "
ACC-122230,Class-B,Debt Consolidation,12.5,0," $35,207.00 "
ACC-460817,,Debt Consolidation,,0," $14,173.00 "
ACC-448245,Class-C,Debt Consolidation,99.9,0," $40,537.00 "
ACC-202819,,Small Business,,0," $7,363.00 "
ACC-592883,,Small Business,,0," $23,929.00 "
ACC-666536,Class-C,Debt Consolidation,38.2,0," $41,432.00 "
ACC-989379,Class-B,Debt Consolidation,24.8,0," $20,683.00 "
ACC-651265,Class-A,Major Purchase,24.8,0," $36,311.00 "
ACC-227886,Class-C,Home Improvement,12.5,0," $24,207.00 "
ACC-983750,Class-A,Debt Consolidation,38.2,0," $16,094.00 "
ACC-941308,Class-B,Debt Consolidation,38.2,0," $34,157.00 "
ACC-546486,Class-A,Debt Consolidation,55.0,0," $44,638.00 "
ACC-170140,Class-B,Small Business,55.0,0," $36,636.00 "
ACC-969474,Class-B,Home Improvement,12.5,0," $13,428.00 "
ACC-387488,,Debt Consolidation,,0," $15,693.00 "
ACC-419670,Class-C,Major Purchase,24.8,0," $38,462.00 "
ACC-142486,Class-B,N/A,55.0,0," $15,845.00 "
ACC-767260,Class-A,Debt Consolidation,,0," $29,437.00 "
ACC-721600,Class-B,Major Purchase,24.8,0," $12,536.00 "
ACC-659724,Class-B,Debt Consolidation,12.5,0," $21,397.00 "
ACC-218655,Class-C,N/A,99.9,0," $9,682.00 "
ACC-748520,Class-A,Debt Consolidation,24.8,0," $10,482.00 "
ACC-528304,Class-C,Major Purchase,24.8,1," $38,578.00 "
ACC-789625,Class-C,Debt Consolidation,24.8,0," $22,148.00 "
ACC-889974,Class-B,Home Improvement,12.5,0," $18,974.00 "
ACC-462585,Class-B,Small Business,99.9,0," $26,778.00 "
ACC-465665,UNKNOWN,Home Improvement,24.8,0," $41,317.00 "
ACC-447972,Class-A,Debt Consolidation,55.0,0," $5,787.00 "
ACC-952543,Class-B,Major Purchase,38.2,0," $44,547.00 "
ACC-915313,Class-A,Debt Consolidation,12.5,0," $33,180.00 "
ACC-313370,Class-C,Debt Consolidation,12.5,0," $12,812.00 "
ACC-921567,Class-B,Small Business,38.2,0," $24,773.00 "
ACC-100316,Class-C,Small Business,12.5,0," $22,192.00 "
ACC-521310,Class-B,Debt Consolidation,12.5,0," $17,590.00 "
ACC-491285,Class-A,Small Business,12.5,0," $6,320.00 "
ACC-203987,Class-B,Debt Consolidation,24.8,0," $40,789.00 "
ACC-262523,Class-A,Debt Consolidation,24.8,0," $34,929.00 "
ACC-305002,,Major Purchase,,0," $20,150.00 "
ACC-218153,Class-A,Major Purchase,24.8,0," $16,511.00 "
ACC-493175,Class-C,Small Business,,0," $17,328.00 "
ACC-288832,Class-A,Debt Consolidation,24.8,0," $41,668.00 "
ACC-829831,Class-B,Small Business,12.5,0," $43,268.00 "
ACC-583264,Class-C,Small Business,12.5,0," $44,007.00 "
ACC-775802,Class-A,Debt Consolidation,12.5,0," $18,131.00 "
ACC-607451,Class-C,Debt Consolidation,12.5,0," $6,410.00 "
ACC-303431,,Debt Consolidation,,1," $9,084.00 "
ACC-867813,Class-A,Home Improvement,38.2,0," $13,226.00 "
ACC-356635,Class-A,Debt Consolidation,55.0,0," $26,335.00 "
ACC-935440,Class-A,Small Business,24.8,0," $9,649.00 "
ACC-464978,Class-A,Home Improvement,,1," $27,992.00 "
ACC-145510,Class-B,Home Improvement,38.2,0," $7,165.00 "
ACC-283995,Class-B,Home Improvement,12.5,0," $23,803.00 "
ACC-195082,,Home Improvement,,0," $7,471.00 "
ACC-554920,Class-C,Home Improvement,55.0,0," $25,147.00 "
ACC-744761,Class-B,Small Business,24.8,0," $39,051.00 "
ACC-758908,Class-A,Debt Consolidation,12.5,0," $19,237.00 "
ACC-658816,UNKNOWN,Major Purchase,38.2,0," $37,921.00 "
ACC-172384,Class-B,Home Improvement,24.8,0," $24,652.00 "
ACC-415302,Class-B,Home Improvement,12.5,0," $31,218.00 "
ACC-373649,Class-A,Major Purchase,-1.5,0," $41,324.00 "
ACC-984119,Class-B,Debt Consolidation,12.5,0," $28,325.00 "
ACC-796617,Class-A,Debt Consolidation,24.8,0," $9,512.00 "
ACC-158830,Class-A,Debt Consolidation,12.5,0," $18,245.00 "
ACC-780052,Class-C,Small Business,55.0,0," $33,025.00 "
ACC-720479,Class-A,N/A,38.2,0," $33,809.00 "
ACC-662140,Class-A,Small Business,-1.5,1," $6,191.00 "
ACC-237283,Class-B,Small Business,38.2,0," $22,253.00 "
ACC-101421,Class-A,Debt Consolidation,,0," $14,311.00 "
ACC-472661,,Debt Consolidation,,0," $10,853.00 "
ACC-648564,Class-C,Small Business,38.2,0," $12,248.00 "
ACC-932179,Class-B,Small Business,12.5,1," $41,921.00 "
ACC-159364,Class-A,Small Business,12.5,1," $18,350.00 "
ACC-109810,Class-A,Home Improvement,55.0,0," $28,709.00 "
ACC-580385,Class-A,Major Purchase,38.2,0," $27,394.00 "
ACC-701718,Class-B,Debt Consolidation,12.5,0," $38,874.00 "
ACC-688569,Class-A,Home Improvement,24.8,0," $31,915.00 "
ACC-558172,Class-B,Major Purchase,24.8,0," $43,547.00 "
ACC-889325,Class-A,Debt Consolidation,,0," $23,139.00 "
ACC-836608,,Home Improvement,,0," $42,786.00 "
ACC-137131,Class-C,Debt Consolidation,24.8,0," $16,244.00 "
ACC-133512,Class-C,Debt Consolidation,55.0,0," $35,030.00 "
ACC-853220,Class-A,Debt Consolidation,99.9,0," $19,254.00 "
ACC-550788,Class-B,Home Improvement,24.8,0," $9,415.00 "
ACC-486846,Class-A,Debt Consolidation,12.5,0," $14,835.00 "
ACC-288321,Class-B,Home Improvement,12.5,0," $7,632.00 "
ACC-238463,Class-C,Debt Consolidation,55.0,0," $37,166.00 "
ACC-795537,Class-B,Debt Consolidation,12.5,0," $10,962.00 "
ACC-416024,Class-C,N/A,38.2,0," $8,628.00 "
ACC-978815,Class-C,Debt Consolidation,12.5,0," $25,435.00 "
ACC-509613,Class-C,Home Improvement,24.8,0," $6,513.00 "
ACC-261862,UNKNOWN,Home Improvement,12.5,0," $42,143.00 "
ACC-244350,Class-B,Major Purchase,38.2,0," $10,126.00 "
ACC-692038,Class-A,Debt Consolidation,12.5,0," $39,218.00 "
ACC-515340,UNKNOWN,N/A,99.9,0," $29,462.00 "
ACC-586582,Class-B,Home Improvement,55.0,1," $37,838.00 "
ACC-630953,Class-A,Home Improvement,24.8,0," $41,493.00 "
ACC-929338,Class-A,Major Purchase,24.8,0," $14,822.00 "
ACC-594696,Class-A,Home Improvement,24.8,0," $12,103.00 "
ACC-440365,Class-B,Debt Consolidation,55.0,0," $22,738.00 "
ACC-545782,Class-B,Home Improvement,12.5,0," $24,388.00 "
ACC-159460,Class-C,Home Improvement,38.2,0," $43,598.00 "
ACC-209908,Class-B,Home Improvement,38.2,0," $38,564.00 "
ACC-317037,Class-A,Home Improvement,12.5,0," $37,934.00 "
ACC-516215,Class-C,Home Improvement,12.5,0," $19,252.00 "
ACC-553523,Class-A,Home Improvement,24.8,0," $15,933.00 "
ACC-426091,Class-B,Debt Consolidation,55.0,0," $38,706.00 "
ACC-994610,Class-C,Home Improvement,12.5,0," $20,581.00 "
ACC-948621,UNKNOWN,Debt Consolidation,38.2,1," $29,607.00 "
ACC-182105,Class-C,Debt Consolidation,24.8,0," $33,697.00 "
ACC-708857,UNKNOWN,Debt Consolidation,38.2,0," $12,893.00 "
ACC-306623,Class-C,Debt Consolidation,12.5,0," $35,562.00 "
ACC-903266,Class-B,Debt Consolidation,99.9,0," $40,176.00 "
ACC-294260,,Debt Consolidation,,1," $24,923.00 "
ACC-648697,Class-B,Debt Consolidation,38.2,0," $31,472.00 "
ACC-643387,Class-B,Debt Consolidation,12.5,0," $40,453.00 "
ACC-580758,Class-A,N/A,12.5,0," $19,143.00 "
ACC-922000,Class-A,Debt Consolidation,38.2,0," $15,496.00 "
ACC-344446,Class-B,Home Improvement,38.2,0," $36,207.00 "
ACC-548461,Class-B,N/A,38.2,0," $36,888.00 "
ACC-872397,Class-A,Home Improvement,12.5,1," $6,922.00 "
ACC-247345,Class-A,Home Improvement,55.0,0," $29,089.00 "
ACC-124807,Class-B,N/A,12.5,0," $41,118.00 "
ACC-291664,Class-B,Home Improvement,38.2,0," $37,462.00 "
ACC-127955,Class-A,Major Purchase,12.5,0," $10,906.00 "
ACC-444750,Class-B,Debt Consolidation,55.0,0," $29,650.00 "
ACC-435757,Class-B,Debt Consolidation,12.5,0," $11,982.00 "
ACC-462215,Class-A,N/A,38.2,0," $10,011.00 "
ACC-831028,Class-B,Major Purchase,38.2,0," $36,037.00 "
ACC-959471,Class-A,Major Purchase,38.2,1," $17,967.00 "
ACC-934048,Class-A,Major Purchase,38.2,0," $26,203.00 "
ACC-105348,Class-A,Small Business,24.8,0," $23,742.00 "
ACC-379399,UNKNOWN,Debt Consolidation,24.8,0," $13,301.00 "
ACC-957871,Class-A,Home Improvement,,0," $11,729.00 "
ACC-115736,Class-B,Debt Consolidation,12.5,0," $22,011.00 "
ACC-445383,Class-A,Home Improvement,12.5,0," $25,399.00 "
ACC-596011,Class-B,Debt Consolidation,55.0,0," $29,553.00 "
ACC-863542,Class-C,Small Business,12.5,1," $12,286.00 "
ACC-116142,Class-B,Debt Consolidation,38.2,0," $41,311.00 "
ACC-979736,Class-A,Major Purchase,12.5,0," $24,437.00 "
ACC-689909,Class-A,Major Purchase,38.2,0," $36,657.00 "
ACC-208041,Class-C,Debt Consolidation,,0," $39,656.00 "
ACC-693635,Class-C,Home Improvement,38.2,1," $13,566.00 "
ACC-337011,Class-B,Home Improvement,,0," $27,423.00 "
ACC-629518,Class-B,Major Purchase,12.5,0," $6,312.00 "
ACC-992008,Class-A,Small Business,55.0,1," $14,932.00 "
ACC-199294,Class-B,N/A,38.2,0," $13,389.00 "
ACC-273878,Class-A,Debt Consolidation,24.8,0," $21,307.00 "
ACC-955065,Class-C,Debt Consolidation,12.5,0," $36,244.00 "
ACC-610260,Class-A,Debt Consolidation,12.5,0," $38,899.00 "
ACC-725612,Class-A,Home Improvement,12.5,1," $32,020.00 "
ACC-314109,Class-A,Home Improvement,,0," $37,784.00 "
ACC-605493,Class-B,N/A,12.5,1," $32,819.00 "
ACC-747377,Class-A,Home Improvement,12.5,0," $41,104.00 "
ACC-509864,Class-B,Debt Consolidation,38.2,0," $42,393.00 "
ACC-758295,Class-B,N/A,24.8,0," $21,888.00 "
ACC-316655,Class-A,Debt Consolidation,24.8,0," $22,411.00 "
ACC-726864,Class-A,Home Improvement,24.8,0," $38,947.00 "
ACC-570233,Class-A,Debt Consolidation,24.8,1," $19,337.00 "
ACC-914611,,Debt Consolidation,,0," $20,718.00 "
ACC-155588,Class-A,Debt Consolidation,38.2,0," $28,424.00 "
ACC-750829,,Debt Consolidation,,0," $24,176.00 "
ACC-328515,Class-A,Major Purchase,12.5,0," $9,739.00 "
ACC-183757,Class-A,Small Business,,0," $19,856.00 "
ACC-376845,Class-C,Home Improvement,12.5,0," $13,618.00 "
ACC-596974,Class-A,Major Purchase,24.8,0," $26,561.00 "
ACC-430930,Class-A,Debt Consolidation,12.5,1," $32,890.00 "
ACC-386234,Class-A,Debt Consolidation,,0," $17,360.00 "
ACC-678867,Class-C,Debt Consolidation,12.5,0," $35,044.00 "
ACC-389801,Class-B,Small Business,38.2,1," $16,771.00 "
ACC-580626,Class-B,Home Improvement,38.2,0," $15,026.00 "
ACC-504246,Class-B,Home Improvement,55.0,0," $23,622.00 "
ACC-351741,Class-A,Small Business,24.8,0," $22,171.00 "
ACC-604687,Class-A,Home Improvement,24.8,1," $21,644.00 "
ACC-926079,Class-B,Small Business,12.5,0," $5,000.00 "
ACC-941225,Class-A,Home Improvement,24.8,0," $33,523.00 "
ACC-600905,Class-A,Debt Consolidation,12.5,0," $42,838.00 "
ACC-236321,Class-C,Home Improvement,12.5,0," $16,988.00 "
ACC-741847,Class-B,Debt Consolidation,,0," $33,120.00 "
ACC-663265,UNKNOWN,Small Business,38.2,0," $42,670.00 "
ACC-583654,Class-B,Home Improvement,38.2,0," $42,141.00 "
ACC-182374,Class-B,Debt Consolidation,55.0,0," $34,491.00 "
ACC-346782,UNKNOWN,Small Business,12.5,0," $23,655.00 "
ACC-277353,Class-A,Home Improvement,24.8,0," $5,445.00 "
ACC-520356,Class-B,Debt Consolidation,24.8,0," $44,431.00 "
ACC-192138,UNKNOWN,Home Improvement,,0," $30,494.00 "
ACC-445268,Class-C,Small Business,24.8,0," $30,213.00 "
ACC-629749,Class-B,Major Purchase,12.5,0," $22,420.00 "
ACC-517420,Class-A,Debt Consolidation,55.0,0," $12,924.00 "
ACC-266821,Class-C,Debt Consolidation,38.2,0," $10,849.00 "
ACC-307303,Class-B,Debt Consolidation,12.5,0," $25,823.00 "
ACC-926225,Class-A,Debt Consolidation,24.8,0," $13,572.00 "
ACC-924784,Class-C,Debt Consolidation,12.5,0," $39,325.00 "
ACC-352469,Class-C,Debt Consolidation,38.2,1," $30,934.00 "
ACC-458836,Class-B,Home Improvement,38.2,0," $23,769.00 "
ACC-697386,Class-B,Home Improvement,38.2,0," $30,961.00 "
ACC-636107,Class-A,Debt Consolidation,24.8,0," $26,690.00 "
ACC-719417,Class-A,Home Improvement,24.8,0," $10,588.00 "
ACC-154138,Class-B,Debt Consolidation,38.2,0," $16,521.00 "
ACC-454801,Class-A,Small Business,24.8,0," $26,153.00 "
ACC-545486,Class-C,Major Purchase,,0," $37,653.00 "
ACC-131725,Class-B,Small Business,12.5,0," $25,613.00 "
ACC-211904,Class-A,Home Improvement,,0," $14,293.00 "
ACC-925481,,Small Business,,0," $27,488.00 "
ACC-369052,Class-A,N/A,24.8,0," $29,566.00 "
ACC-802683,Class-A,Home Improvement,12.5,0," $37,414.00 "
ACC-875538,Class-A,Debt Consolidation,55.0,0," $6,771.00 "
ACC-238099,Class-B,Home Improvement,12.5,0," $37,568.00 "
ACC-588046,Class-B,Debt Consolidation,12.5,0," $36,112.00 "
ACC-433630,Class-C,Debt Consolidation,55.0,1," $12,002.00 "
ACC-587968,Class-A,Debt Consolidation,38.2,0," $25,068.00 "
ACC-332959,Class-A,Home Improvement,24.8,0," $23,730.00 "
ACC-551048,Class-C,Small Business,24.8,0," $12,534.00 "
ACC-579796,Class-B,Small Business,24.8,0," $38,178.00 "
ACC-794872,Class-B,Debt Consolidation,55.0,0," $16,742.00 "
ACC-334234,Class-A,Major Purchase,38.2,0," $22,270.00 "
ACC-175426,Class-A,Major Purchase,12.5,1," $21,162.00 "
ACC-704090,Class-B,Home Improvement,,0," $33,041.00 "
ACC-358052,,Major Purchase,,0," $10,896.00 "
ACC-234043,Class-A,Debt Consolidation,,0," $39,697.00 "
ACC-646552,Class-A,Debt Consolidation,38.2,0," $30,554.00 "
ACC-342491,Class-B,Home Improvement,55.0,0," $38,379.00 "
ACC-819629,Class-B,Small Business,55.0,0," $23,979.00 "
ACC-211550,Class-A,Debt Consolidation,,0," $6,459.00 "
ACC-942221,Class-A,Debt Consolidation,38.2,1," $43,323.00 "
ACC-105678,Class-A,Home Improvement,12.5,0," $28,214.00 "
ACC-387608,Class-B,Home Improvement,24.8,0," $17,600.00 "
ACC-197814,Class-B,Debt Consolidation,38.2,0," $17,325.00 "
ACC-218062,Class-B,Debt Consolidation,,0," $38,261.00 "
ACC-637489,Class-A,Home Improvement,12.5,0," $7,050.00 "
ACC-468365,Class-C,Debt Consolidation,12.5,0," $24,411.00 "
ACC-868299,Class-B,Small Business,24.8,1," $6,941.00 "
ACC-750488,Class-C,Debt Consolidation,38.2,0," $34,858.00 "
ACC-249277,Class-B,Debt Consolidation,38.2,1," $43,556.00 "
ACC-777682,Class-A,Home Improvement,38.2,1," $37,100.00 "
ACC-386282,Class-B,Debt Consolidation,12.5,0," $28,108.00 "
ACC-175169,Class-B,Home Improvement,24.8,0," $19,177.00 "
ACC-589565,Class-B,Debt Consolidation,38.2,0," $37,246.00 "
ACC-872469,Class-B,Debt Consolidation,,0," $13,557.00 "
ACC-972274,Class-B,Debt Consolidation,55.0,0," $10,051.00 "
ACC-260700,Class-A,Home Improvement,24.8,0," $18,476.00 "
ACC-630982,Class-A,Debt Consolidation,38.2,0," $41,365.00 "
ACC-653536,Class-A,Debt Consolidation,38.2,0," $11,856.00 "
ACC-576059,Class-C,Debt Consolidation,12.5,0," $38,091.00 "
ACC-793525,Class-C,Debt Consolidation,12.5,1," $35,040.00 "
ACC-638794,Class-A,Small Business,24.8,0," $39,967.00 "
ACC-986377,Class-B,Home Improvement,38.2,0," $38,062.00 "
ACC-942300,Class-A,Small Business,12.5,0," $24,177.00 "
ACC-529434,,N/A,,1," $34,699.00 "
ACC-850673,Class-B,Debt Consolidation,38.2,0," $42,680.00 "
ACC-469727,Class-A,Home Improvement,12.5,0," $35,337.00 "
ACC-773646,Class-A,Small Business,12.5,0," $24,196.00 "
ACC-370574,Class-B,Debt Consolidation,38.2,0," $13,391.00 "
ACC-241715,Class-B,N/A,24.8,0," $43,710.00 "
ACC-547274,Class-B,Home Improvement,38.2,0," $5,138.00 "
ACC-269797,,Debt Consolidation,,1," $43,249.00 "
ACC-615859,Class-B,Debt Consolidation,24.8,1," $32,287.00 "
ACC-649466,Class-A,Debt Consolidation,55.0,1," $5,925.00 "
ACC-457031,Class-A,Small Business,55.0,0," $8,090.00 "
ACC-985354,Class-B,Debt Consolidation,38.2,0," $25,120.00 "
ACC-158049,Class-B,Small Business,99.9,0," $20,742.00 "
ACC-230454,UNKNOWN,Debt Consolidation,38.2,0," $13,536.00 "
ACC-685693,Class-C,Home Improvement,,0," $33,614.00 "
ACC-464154,Class-A,Debt Consolidation,55.0,0," $33,636.00 "
ACC-532833,Class-C,Home Improvement,38.2,0," $9,376.00 "
ACC-596152,Class-B,Home Improvement,12.5,0," $17,527.00 "
ACC-902427,Class-A,Debt Consolidation,55.0,0," $34,223.00 "
ACC-385193,Class-C,Small Business,38.2,0," $29,081.00 "
ACC-229862,Class-B,Small Business,99.9,0," $38,032.00 "
ACC-595709,Class-B,Debt Consolidation,38.2,0," $8,378.00 "
ACC-491231,Class-A,Home Improvement,24.8,0," $38,443.00 "
ACC-468616,Class-A,Home Improvement,99.9,1," $6,143.00 "
ACC-935380,UNKNOWN,Debt Consolidation,12.5,0," $22,111.00 "
ACC-927867,Class-B,Debt Consolidation,12.5,0," $32,924.00 "
ACC-868067,Class-A,Small Business,55.0,1," $5,493.00 "
ACC-673397,Class-B,Debt Consolidation,12.5,0," $31,490.00 "
ACC-645408,Class-A,Debt Consolidation,,0," $37,026.00 "
ACC-854868,,Home Improvement,,0," $8,460.00 "
ACC-733950,Class-B,Debt Consolidation,38.2,0," $14,195.00 "
ACC-801893,Class-A,Home Improvement,24.8,0," $25,060.00 "
ACC-949242,Class-A,Small Business,99.9,1," $10,109.00 "
ACC-523257,Class-B,Debt Consolidation,99.9,0," $26,429.00 "
ACC-952216,Class-A,Home Improvement,12.5,0," $37,012.00 "
ACC-584581,Class-A,Debt Consolidation,55.0,0," $33,029.00 "
ACC-921002,Class-B,Small Business,12.5,0," $6,029.00 "
ACC-100229,Class-B,Home Improvement,-1.5,1," $39,779.00 "
ACC-295041,Class-B,Debt Consolidation,,0," $6,826.00 "
ACC-234458,Class-B,Home Improvement,12.5,0," $30,463.00 "
ACC-912963,Class-C,Small Business,24.8,0," $20,330.00 "
ACC-956919,Class-A,Debt Consolidation,12.5,0," $26,044.00 "
ACC-178464,Class-A,Debt Consolidation,12.5,0," $19,067.00 "
ACC-826800,Class-B,Home Improvement,24.8,0," $13,584.00 "
ACC-386827,Class-B,Debt Consolidation,12.5,0," $34,572.00 "
ACC-808275,Class-C,Debt Consolidation,24.8,0," $15,034.00 "
ACC-913536,Class-A,Home Improvement,12.5,0," $43,433.00 "
ACC-432460,Class-A,Home Improvement,12.5,1," $8,882.00 "
ACC-930562,Class-A,N/A,24.8,0," $31,026.00 "
ACC-586475,Class-A,Debt Consolidation,55.0,0," $26,538.00 "
ACC-710580,Class-B,Small Business,12.5,1," $19,063.00 "
ACC-821681,Class-C,Debt Consolidation,,0," $33,912.00 "
ACC-425642,Class-A,Major Purchase,38.2,0," $39,944.00 "
ACC-608117,Class-C,Home Improvement,,0," $13,413.00 "
ACC-199198,Class-B,Home Improvement,12.5,0," $9,688.00 "
ACC-261552,Class-B,Home Improvement,38.2,0," $35,322.00 "
ACC-671205,Class-A,Debt Consolidation,12.5,0," $41,580.00 "
ACC-276448,Class-C,Debt Consolidation,24.8,0," $40,129.00 "
ACC-727064,,Small Business,,0," $37,473.00 "
ACC-604010,Class-B,Debt Consolidation,12.5,0," $31,302.00 "
ACC-532107,Class-B,N/A,38.2,0," $15,987.00 "
ACC-943551,Class-B,Major Purchase,,0," $12,452.00 "
ACC-146728,Class-B,N/A,,0," $8,136.00 "
ACC-360695,Class-B,Debt Consolidation,55.0,0," $20,555.00 "
ACC-735648,Class-C,Home Improvement,24.8,0," $44,004.00 "
ACC-611660,Class-A,Debt Consolidation,,0," $25,302.00 "
ACC-679740,Class-C,Major Purchase,38.2,0," $18,741.00 "
ACC-658918,Class-A,Home Improvement,12.5,0," $19,839.00 "
ACC-577924,Class-A,Major Purchase,24.8,0," $28,341.00 "
ACC-280020,Class-A,Home Improvement,38.2,0," $29,514.00 "
ACC-910367,Class-A,Home Improvement,12.5,0," $11,194.00 "
ACC-472813,Class-B,Debt Consolidation,55.0,0," $29,486.00 "
ACC-825480,Class-B,Debt Consolidation,24.8,0," $32,973.00 "
ACC-489976,Class-B,Small Business,38.2,0," $17,061.00 "
ACC-788035,Class-B,Home Improvement,55.0,1," $14,571.00 "
ACC-822673,Class-B,Major Purchase,55.0,0," $25,682.00 "
ACC-995736,Class-A,Home Improvement,24.8,0," $14,835.00 "
ACC-959725,Class-A,Debt Consolidation,24.8,0," $30,004.00 "
ACC-399779,Class-B,Home Improvement,,1," $38,233.00 "
ACC-592887,Class-A,Debt Consolidation,55.0,1," $19,621.00 "
ACC-813529,Class-B,Small Business,24.8,1," $43,942.00 "
ACC-655625,Class-A,Home Improvement,24.8,1," $38,530.00 "
ACC-320910,Class-A,Debt Consolidation,12.5,0," $31,820.00 "
ACC-281621,Class-C,Small Business,24.8,0," $32,879.00 "
ACC-474404,Class-A,Debt Consolidation,38.2,0," $13,331.00 "
ACC-806239,Class-A,Debt Consolidation,,0," $38,973.00 "
ACC-802570,Class-C,Debt Consolidation,38.2,0," $26,159.00 "
ACC-645002,Class-B,Debt Consolidation,24.8,0," $27,270.00 "
ACC-517228,Class-B,Debt Consolidation,12.5,0," $32,158.00 "
ACC-342096,Class-B,Home Improvement,24.8,0," $16,597.00 "
ACC-478200,Class-C,Debt Consolidation,55.0,0," $17,919.00 "
ACC-715101,Class-A,Home Improvement,55.0,0," $7,990.00 "
ACC-856580,Class-B,Small Business,,0," $8,930.00 "
ACC-494879,Class-B,Home Improvement,12.5,0," $33,876.00 "
ACC-643244,Class-B,Debt Consolidation,12.5,0," $32,278.00 "
ACC-614776,Class-B,Major Purchase,55.0,0," $34,510.00 "
ACC-752557,Class-A,Small Business,12.5,0," $43,623.00 "
ACC-775526,Class-C,Debt Consolidation,55.0,0," $42,723.00 "
ACC-221426,Class-A,Small Business,24.8,0," $6,955.00 "
ACC-449224,Class-A,N/A,12.5,0," $5,522.00 "
ACC-796132,Class-B,Home Improvement,12.5,0," $40,507.00 "
ACC-425418,Class-A,Debt Consolidation,24.8,0," $12,493.00 "
ACC-228926,Class-B,Debt Consolidation,55.0,1," $20,251.00 "
ACC-310821,Class-B,Small Business,55.0,0," $30,606.00 "
ACC-804867,Class-A,Debt Consolidation,12.5,0," $17,924.00 "
ACC-413981,Class-B,Debt Consolidation,12.5,0," $20,639.00 "
ACC-170301,Class-A,Small Business,,1," $38,838.00 "
ACC-353843,,Home Improvement,,0," $44,059.00 "
ACC-775814,Class-A,N/A,24.8,1," $39,172.00 "
ACC-724216,Class-C,Debt Consolidation,38.2,0," $7,097.00 "
ACC-618499,Class-B,N/A,,0," $30,043.00 "
ACC-477302,Class-A,Debt Consolidation,12.5,0," $5,011.00 "
ACC-674509,,Home Improvement,,0," $18,070.00 "
ACC-325292,Class-B,Small Business,38.2,0," $32,899.00 "
ACC-482987,Class-C,Debt Consolidation,38.2,0," $22,061.00 "
ACC-183850,Class-A,Small Business,38.2,0," $35,995.00 "
ACC-919599,Class-B,Small Business,24.8,0," $5,378.00 "
ACC-127183,Class-C,Home Improvement,55.0,0," $10,370.00 "
ACC-673598,Class-A,Major Purchase,38.2,0," $17,257.00 "
ACC-439913,Class-B,Major Purchase,24.8,0," $22,992.00 "
ACC-329758,Class-A,Debt Consolidation,24.8,0," $18,571.00 "
ACC-789769,Class-C,N/A,24.8,0," $43,652.00 "
ACC-179622,Class-A,Debt Consolidation,12.5,1," $44,758.00 "
ACC-720336,Class-A,Small Business,12.5,0," $15,107.00 "
ACC-352360,Class-B,Small Business,12.5,1," $38,615.00 "
ACC-668090,Class-A,Debt Consolidation,24.8,0," $19,988.00 "
ACC-331872,Class-A,Home Improvement,38.2,0," $19,137.00 "
ACC-901830,Class-C,Home Improvement,-1.5,0," $12,974.00 "
ACC-781698,Class-B,Debt Consolidation,38.2,1," $27,344.00 "
ACC-920932,Class-B,N/A,12.5,0," $15,290.00 "
ACC-257489,Class-A,Debt Consolidation,55.0,0," $28,884.00 "
ACC-201922,Class-A,Debt Consolidation,24.8,0," $17,874.00 "
ACC-685429,Class-B,Debt Consolidation,99.9,0," $43,026.00 "
ACC-136928,Class-A,Small Business,,0," $22,923.00 "
ACC-652052,Class-C,Debt Consolidation,55.0,0," $28,379.00 "
ACC-446103,Class-C,Major Purchase,55.0,0," $39,445.00 "
ACC-638044,Class-A,Small Business,24.8,0," $40,368.00 "
ACC-199468,Class-C,Home Improvement,12.5,0," $8,039.00 "
ACC-950567,Class-B,Debt Consolidation,38.2,0," $9,430.00 "
ACC-966494,Class-C,Debt Consolidation,38.2,0," $35,687.00 "
ACC-524618,Class-A,Home Improvement,24.8,0," $22,963.00 "
ACC-361629,Class-A,Debt Consolidation,24.8,0," $36,839.00 "
ACC-904876,Class-B,Debt Consolidation,24.8,0," $34,461.00 "
ACC-711749,Class-A,Home Improvement,12.5,0," $38,586.00 "
ACC-108708,Class-B,Home Improvement,24.8,0," $21,916.00 "
ACC-809111,Class-A,Debt Consolidation,12.5,0," $26,564.00 "
ACC-580487,Class-A,Debt Consolidation,99.9,0," $20,545.00 "
ACC-708978,Class-B,Debt Consolidation,,0," $36,822.00 "
ACC-291370,Class-B,Debt Consolidation,38.2,0," $24,753.00 "
ACC-513365,Class-A,Debt Consolidation,12.5,1," $35,907.00 "
ACC-931764,Class-B,Debt Consolidation,,0," $41,166.00 "
ACC-659136,Class-A,Home Improvement,24.8,0," $26,018.00 "
ACC-339979,Class-B,Major Purchase,12.5,0," $26,818.00 "
ACC-746373,Class-A,Home Improvement,99.9,1," $33,167.00 "
ACC-998651,Class-A,Major Purchase,24.8,0," $33,539.00 "
ACC-660357,Class-C,Debt Consolidation,24.8,0," $44,957.00 "
ACC-811195,UNKNOWN,Small Business,55.0,0," $25,177.00 "
ACC-774799,Class-A,Home Improvement,12.5,0," $19,459.00 "
ACC-145841,Class-A,Home Improvement,38.2,0," $39,981.00 "
ACC-226810,Class-C,Major Purchase,38.2,0," $31,060.00 "
ACC-209869,Class-A,Home Improvement,-1.5,0," $25,696.00 "
ACC-141617,Class-C,Debt Consolidation,38.2,0," $17,707.00 "
ACC-346008,UNKNOWN,N/A,38.2,0," $43,653.00 "
ACC-650281,Class-A,Debt Consolidation,55.0,0," $11,456.00 "
ACC-391735,Class-A,Major Purchase,12.5,0," $16,401.00 "
ACC-356608,Class-A,Home Improvement,,0," $5,931.00 "
ACC-613313,Class-C,Home Improvement,24.8,0," $16,148.00 "
ACC-817387,Class-C,Debt Consolidation,12.5,0," $28,380.00 "
ACC-617982,Class-B,Home Improvement,24.8,0," $31,973.00 "
ACC-318993,Class-A,Small Business,24.8,0," $8,781.00 "
ACC-335117,Class-A,N/A,12.5,0," $44,386.00 "
ACC-309854,Class-A,Home Improvement,12.5,0," $26,397.00 "
ACC-406285,Class-A,Debt Consolidation,38.2,0," $17,403.00 "
ACC-304390,Class-B,Debt Consolidation,38.2,0," $32,119.00 "
ACC-216971,Class-B,Major Purchase,24.8,0," $7,265.00 "
ACC-510658,Class-C,Debt Consolidation,24.8,1," $36,309.00 "
ACC-818851,Class-A,Major Purchase,55.0,1," $7,025.00 "
ACC-994309,Class-A,Home Improvement,55.0,0," $28,112.00 "
ACC-313877,Class-A,Home Improvement,24.8,1," $22,127.00 "
ACC-620840,Class-B,Debt Consolidation,,1," $7,288.00 "
ACC-762306,Class-A,Major Purchase,24.8,0," $39,683.00 "
ACC-740662,Class-A,Home Improvement,12.5,0," $36,382.00 "
ACC-776320,UNKNOWN,Home Improvement,24.8,0," $6,947.00 "
ACC-759732,,Home Improvement,,0," $31,968.00 "
ACC-252714,Class-A,Major Purchase,24.8,1," $16,858.00 "
ACC-815449,Class-B,N/A,12.5,0," $12,304.00 "
ACC-869285,Class-B,Debt Consolidation,,0," $16,939.00 "
ACC-557942,Class-A,Small Business,,0," $32,106.00 "
ACC-519703,Class-A,N/A,12.5,0," $37,606.00 "
ACC-635838,Class-B,Home Improvement,12.5,0," $18,589.00 "
ACC-659653,Class-A,Small Business,24.8,0," $17,574.00 "
ACC-530542,,Small Business,,0," $44,215.00 "
ACC-237639,Class-C,Home Improvement,24.8,0," $22,157.00 "
ACC-697160,Class-B,Debt Consolidation,,0," $29,547.00 "
ACC-449967,,Home Improvement,,0," $6,910.00 "
ACC-884520,UNKNOWN,N/A,38.2,0," $6,205.00 "
ACC-367844,Class-B,Debt Consolidation,24.8,0," $30,763.00 "
ACC-411741,Class-A,Small Business,38.2,0," $19,804.00 "
ACC-113310,Class-A,Debt Consolidation,24.8,0," $32,759.00 "
ACC-949718,Class-B,Small Business,12.5,0," $28,889.00 "
ACC-491480,Class-A,Debt Consolidation,24.8,0," $42,071.00 "
ACC-110429,Class-A,Small Business,24.8,0," $26,238.00 "
ACC-650112,Class-A,Debt Consolidation,12.5,0," $34,675.00 "
ACC-275732,Class-A,Debt Consolidation,24.8,0," $42,802.00 "
ACC-815279,Class-A,N/A,12.5,1," $24,931.00 "
ACC-507261,Class-A,Debt Consolidation,55.0,0," $11,330.00 "
ACC-944558,Class-B,Debt Consolidation,12.5,0," $5,879.00 "
ACC-281815,Class-C,Debt Consolidation,38.2,0," $13,238.00 "
ACC-726691,,Home Improvement,,0," $6,309.00 "
ACC-790533,Class-A,Home Improvement,24.8,0," $5,149.00 "
ACC-911636,Class-A,Home Improvement,24.8,1," $16,006.00 "
ACC-532208,Class-C,Major Purchase,38.2,0," $36,865.00 "
ACC-688054,,Debt Consolidation,,0," $32,806.00 "
ACC-795761,Class-A,Home Improvement,24.8,0," $36,575.00 "
ACC-487671,Class-B,Home Improvement,38.2,1," $37,132.00 "
ACC-230083,Class-A,Small Business,38.2,0," $8,266.00 "
ACC-289119,Class-C,Debt Consolidation,38.2,1," $34,639.00 "
ACC-223958,Class-B,Home Improvement,38.2,0," $27,169.00 "
ACC-307535,UNKNOWN,Debt Consolidation,55.0,0," $13,506.00 "
ACC-765439,Class-B,Debt Consolidation,,0," $26,608.00 "
ACC-342980,Class-C,Major Purchase,38.2,0," $14,762.00 "
ACC-808335,Class-B,Debt Consolidation,38.2,0," $33,100.00 "
ACC-452713,Class-C,Major Purchase,38.2,0," $7,442.00 "
ACC-588961,Class-A,Debt Consolidation,12.5,1," $23,766.00 "
ACC-977778,Class-B,Major Purchase,38.2,0," $22,977.00 "
ACC-603880,Class-B,Debt Consolidation,38.2,0," $11,752.00 "
ACC-739080,Class-A,N/A,12.5,0," $6,899.00 "
ACC-849006,Class-B,Home Improvement,99.9,0," $41,782.00 "
ACC-406777,Class-A,Small Business,24.8,0," $38,119.00 "
ACC-268587,Class-B,Home Improvement,12.5,0," $12,793.00 "
ACC-707930,Class-C,Debt Consolidation,12.5,0," $30,331.00 "
ACC-846080,Class-B,N/A,12.5,0," $15,027.00 "
ACC-940066,Class-B,Small Business,12.5,0," $19,299.00 "
ACC-330954,Class-A,Debt Consolidation,24.8,0," $44,181.00 "
ACC-924134,Class-C,N/A,24.8,0," $32,500.00 "
ACC-709766,Class-B,Debt Consolidation,,0," $18,557.00 "
ACC-858682,,Debt Consolidation,,0," $8,521.00 "
ACC-391025,Class-A,Debt Consolidation,,1," $30,110.00 "
ACC-873130,UNKNOWN,Major Purchase,12.5,0," $28,549.00 "
ACC-399736,Class-C,Debt Consolidation,38.2,0," $6,181.00 "
ACC-508977,Class-A,Small Business,38.2,0," $15,471.00 "
ACC-854430,Class-C,Debt Consolidation,38.2,1," $7,937.00 "
ACC-742395,Class-B,Debt Consolidation,38.2,0," $28,363.00 "
ACC-697185,Class-A,Debt Consolidation,24.8,0," $24,622.00 "
ACC-725601,Class-B,Home Improvement,24.8,0," $13,398.00 "
ACC-866085,Class-B,Debt Consolidation,,0," $30,896.00 "
ACC-839149,Class-A,Home Improvement,38.2,0," $10,169.00 "
ACC-434043,Class-A,Home Improvement,24.8,1," $30,752.00 "
ACC-775378,Class-A,Home Improvement,38.2,0," $13,183.00 "
ACC-558838,Class-A,Small Business,12.5,0," $29,604.00 "
ACC-652121,Class-A,Debt Consolidation,12.5,0," $33,488.00 "
ACC-982968,Class-B,N/A,55.0,0," $33,663.00 "
ACC-481562,Class-A,Debt Consolidation,24.8,0," $26,934.00 "
ACC-513448,Class-A,Small Business,24.8,0," $34,856.00 "
ACC-482407,Class-A,Home Improvement,55.0,1," $43,647.00 "
ACC-815074,Class-A,Debt Consolidation,38.2,1," $11,723.00 "
ACC-789147,,Debt Consolidation,,0," $20,412.00 "
ACC-366203,Class-A,Small Business,,0," $38,346.00 "
ACC-394950,Class-B,Debt Consolidation,24.8,0," $16,683.00 "
ACC-630519,Class-A,Debt Consolidation,12.5,1," $39,498.00 "
ACC-293152,Class-B,Home Improvement,24.8,0," $15,953.00 "
ACC-691103,Class-C,Debt Consolidation,38.2,0," $44,943.00 "
ACC-754307,Class-A,Small Business,38.2,0," $10,421.00 "
ACC-465171,Class-C,Debt Consolidation,12.5,0," $22,922.00 "
ACC-241101,Class-A,N/A,55.0,0," $44,930.00 "
ACC-506397,Class-B,Debt Consolidation,55.0,0," $43,892.00 "
ACC-713703,Class-B,Debt Consolidation,38.2,0," $34,789.00 "
ACC-191798,Class-A,N/A,24.8,0," $7,425.00 "
ACC-338533,Class-A,Small Business,,0," $34,220.00 "
ACC-335309,Class-A,Debt Consolidation,55.0,0," $7,784.00 "
ACC-810547,Class-B,Major Purchase,12.5,0," $12,950.00 "
ACC-529109,Class-B,Small Business,55.0,0," $39,804.00 "
ACC-874353,Class-B,Home Improvement,-1.5,0," $43,923.00 "
ACC-630004,Class-A,Debt Consolidation,24.8,0," $41,918.00 "
ACC-368162,Class-A,Debt Consolidation,12.5,0," $12,172.00 "
ACC-148874,Class-B,Major Purchase,55.0,1," $27,897.00 "
ACC-558805,Class-B,Debt Consolidation,12.5,0," $35,634.00 "
ACC-971275,Class-B,N/A,24.8,0," $10,450.00 "
ACC-279228,Class-A,Home Improvement,55.0,0," $10,348.00 "
ACC-923086,Class-C,Debt Consolidation,24.8,0," $5,319.00 "
ACC-484180,,Home Improvement,,0," $19,336.00 "
ACC-782922,Class-B,Small Business,24.8,0," $27,684.00 "
ACC-830569,Class-B,Major Purchase,12.5,0," $15,596.00 "
ACC-366380,Class-C,Small Business,38.2,1," $31,652.00 "
ACC-177922,Class-A,Debt Consolidation,38.2,0," $31,357.00 "
ACC-952927,Class-A,Debt Consolidation,-1.5,0," $36,750.00 "
ACC-957813,Class-A,Debt Consolidation,38.2,0," $38,497.00 "
ACC-659712,Class-A,Small Business,24.8,0," $29,747.00 "
ACC-514320,UNKNOWN,Debt Consolidation,24.8,0," $14,881.00 "
ACC-772993,Class-A,Small Business,12.5,0," $37,336.00 "
ACC-314177,Class-B,Debt Consolidation,,0," $6,714.00 "
ACC-828342,Class-A,Home Improvement,,0," $22,740.00 "
ACC-482485,Class-B,Home Improvement,24.8,0," $27,268.00 "
ACC-436284,Class-A,Debt Consolidation,,0," $31,123.00 "
ACC-351742,Class-B,N/A,38.2,0," $6,889.00 "
ACC-341616,Class-A,Debt Consolidation,24.8,0," $25,027.00 "
ACC-533712,Class-A,Major Purchase,12.5,0," $19,656.00 "
ACC-733375,Class-B,Small Business,,0," $36,040.00 "
ACC-159532,Class-A,Major Purchase,38.2,0," $23,746.00 "
ACC-347161,Class-C,Small Business,24.8,1," $9,219.00 "
ACC-149329,,Debt Consolidation,,0," $6,100.00 "
ACC-645547,Class-B,Home Improvement,,0," $34,431.00 "
ACC-950837,Class-C,Home Improvement,24.8,0," $24,198.00 "
ACC-661540,Class-A,Debt Consolidation,12.5,0," $28,577.00 "
ACC-642916,Class-B,Home Improvement,38.2,0," $8,531.00 "
ACC-690226,UNKNOWN,Small Business,38.2,0," $15,051.00 "
ACC-479254,Class-A,Debt Consolidation,55.0,0," $20,795.00 "
ACC-552440,Class-C,Small Business,38.2,0," $22,111.00 "
ACC-125815,Class-B,Small Business,24.8,1," $28,818.00 "
ACC-949599,Class-A,N/A,12.5,0," $26,591.00 "
ACC-599790,Class-C,Home Improvement,12.5,1," $17,460.00 "
ACC-318357,Class-A,Major Purchase,55.0,0," $19,026.00 "
ACC-264740,Class-A,Home Improvement,38.2,0," $9,965.00 "
ACC-598595,Class-A,Small Business,,1," $17,119.00 "
ACC-274235,Class-A,Major Purchase,,0," $21,728.00 "
ACC-691538,Class-A,Major Purchase,38.2,0," $37,280.00 "
ACC-952972,Class-B,Debt Consolidation,,0," $34,010.00 "
ACC-565608,,Home Improvement,,0," $35,193.00 "
ACC-722628,Class-A,Debt Consolidation,-1.5,0," $44,368.00 "
ACC-226543,Class-A,Debt Consolidation,12.5,0," $29,519.00 "
ACC-236785,Class-A,Major Purchase,55.0,0," $33,218.00 "
ACC-930594,UNKNOWN,Major Purchase,12.5,0," $36,185.00 "
ACC-276865,Class-B,Debt Consolidation,24.8,0," $16,072.00 "
ACC-623740,Class-B,Home Improvement,,0," $9,017.00 "
ACC-320156,Class-B,Small Business,55.0,0," $40,360.00 "
ACC-945683,Class-A,Debt Consolidation,38.2,1," $28,066.00 "
ACC-556677,Class-B,Home Improvement,38.2,0," $22,944.00 "
ACC-173994,UNKNOWN,Home Improvement,24.8,0," $42,178.00 "
ACC-457193,Class-A,Debt Consolidation,12.5,1," $38,315.00 "
ACC-374853,Class-C,N/A,55.0,0," $9,405.00 "
ACC-255066,Class-A,Major Purchase,38.2,0," $17,151.00 "
ACC-433950,Class-C,Major Purchase,24.8,0," $38,161.00 "
ACC-841565,Class-B,Small Business,24.8,0," $27,773.00 "
ACC-984381,Class-B,Home Improvement,24.8,0," $6,453.00 "
ACC-762224,UNKNOWN,Small Business,24.8,0," $26,756.00 "
ACC-973889,UNKNOWN,Debt Consolidation,-1.5,0," $26,270.00 "
ACC-960314,Class-A,Small Business,12.5,0," $21,990.00 "
ACC-357830,Class-A,N/A,12.5,0," $25,147.00 "
ACC-679222,Class-A,Small Business,,0," $27,199.00 "
ACC-436594,Class-A,Home Improvement,55.0,1," $11,507.00 "
ACC-993744,Class-B,Home Improvement,24.8,0," $32,807.00 "
ACC-305737,Class-B,Home Improvement,,1," $39,923.00 "
ACC-842563,Class-A,Small Business,55.0,0," $40,405.00 "
ACC-424215,Class-A,Debt Consolidation,99.9,1," $44,847.00 "
ACC-998781,UNKNOWN,Debt Consolidation,24.8,0," $17,082.00 "
ACC-998328,Class-A,Home Improvement,,0," $13,186.00 "
ACC-894699,Class-B,Small Business,24.8,0," $19,950.00 "
ACC-851829,Class-A,Debt Consolidation,24.8,0," $17,035.00 "
ACC-728722,Class-A,Major Purchase,24.8,0," $37,171.00 "
ACC-499432,Class-A,Home Improvement,38.2,0," $13,439.00 "
ACC-423860,Class-A,Small Business,,1," $23,777.00 "
ACC-656217,Class-B,Home Improvement,38.2,0," $36,217.00 "
ACC-945209,Class-A,N/A,12.5,0," $32,604.00 "
ACC-932225,Class-A,Debt Consolidation,12.5,0," $14,096.00 "
ACC-317710,UNKNOWN,Home Improvement,12.5,0," $42,615.00 "
ACC-413865,Class-A,Small Business,99.9,0," $39,086.00 "
ACC-937249,Class-C,Debt Consolidation,12.5,0," $40,540.00 "
ACC-990904,Class-C,Small Business,,0," $33,651.00 "
ACC-530500,Class-B,Major Purchase,,0," $34,552.00 "
ACC-512912,Class-B,Home Improvement,24.8,0," $18,876.00 "
ACC-857200,Class-B,Debt Consolidation,24.8,0," $31,010.00 "
ACC-771841,Class-B,Debt Consolidation,38.2,0," $13,378.00 "
ACC-354243,Class-B,Small Business,24.8,1," $13,566.00 "
ACC-491272,Class-B,Small Business,38.2,1," $15,245.00 "
ACC-178447,Class-B,Major Purchase,55.0,1," $17,602.00 "
ACC-196209,Class-A,Home Improvement,24.8,0," $13,024.00 "
ACC-589942,Class-A,Debt Consolidation,24.8,0," $6,333.00 "
ACC-117612,Class-B,Small Business,38.2,0," $30,067.00 "
ACC-866029,,Debt Consolidation,,0," $43,046.00 "
ACC-397527,Class-B,Debt Consolidation,12.5,0," $18,032.00 "
ACC-668525,,N/A,,0," $37,732.00 "
ACC-339314,Class-B,Home Improvement,38.2,0," $11,370.00 "
ACC-375517,Class-A,Home Improvement,12.5,0," $25,138.00 "
ACC-524853,Class-B,Debt Consolidation,12.5,1," $18,718.00 "
ACC-793712,Class-B,Home Improvement,55.0,0," $31,766.00 "
ACC-308706,Class-B,Home Improvement,24.8,0," $42,918.00 "
ACC-916847,Class-A,Home Improvement,38.2,0," $27,205.00 "
ACC-145023,,Debt Consolidation,,0," $34,339.00 "
ACC-300015,UNKNOWN,Home Improvement,99.9,0," $35,574.00 "
ACC-257838,Class-C,Debt Consolidation,,0," $13,597.00 "
ACC-732550,Class-A,Debt Consolidation,12.5,0," $33,291.00 "
ACC-255858,Class-B,Debt Consolidation,,0," $28,126.00 "
ACC-319507,Class-B,Home Improvement,24.8,1," $34,129.00 "
ACC-603557,Class-A,Small Business,,0," $6,543.00 "
ACC-542546,Class-A,Home Improvement,55.0,1," $19,311.00 "
ACC-117808,Class-C,Small Business,24.8,0," $23,347.00 "
ACC-314261,Class-B,Debt Consolidation,24.8,0," $12,245.00 "
ACC-525205,Class-B,Home Improvement,12.5,0," $39,136.00 "
ACC-251747,Class-A,Debt Consolidation,38.2,0," $22,214.00 "
ACC-373274,,Home Improvement,,1," $34,017.00 "
ACC-406741,,Debt Consolidation,,1," $28,967.00 "
ACC-884303,Class-A,N/A,,1," $31,468.00 "
ACC-633926,,Debt Consolidation,,0," $12,259.00 "
ACC-349266,,N/A,,0," $38,162.00 "
ACC-729172,Class-C,Debt Consolidation,,0," $19,876.00 "
ACC-209985,Class-B,Debt Consolidation,12.5,0," $23,414.00 "
ACC-955676,Class-B,Home Improvement,55.0,0," $41,169.00 "
ACC-492858,Class-A,Debt Consolidation,38.2,0," $34,653.00 "
ACC-898862,Class-B,Debt Consolidation,55.0,0," $28,652.00 "
ACC-792555,Class-C,Debt Consolidation,38.2,0," $42,433.00 "
ACC-943098,Class-A,Debt Consolidation,55.0,0," $25,993.00 "
ACC-699710,Class-C,Small Business,38.2,0," $43,665.00 "
ACC-548896,Class-B,Debt Consolidation,12.5,0," $28,354.00 "
ACC-289584,Class-A,Debt Consolidation,24.8,0," $18,973.00 "
ACC-926283,Class-C,Small Business,55.0,0," $29,901.00 "
ACC-634182,Class-B,Debt Consolidation,12.5,0," $18,103.00 "
ACC-141877,Class-B,Home Improvement,12.5,0," $11,086.00 "
ACC-869250,Class-A,Home Improvement,12.5,0," $19,119.00 "
ACC-757276,Class-B,Home Improvement,24.8,0," $7,958.00 "
ACC-111058,Class-C,Debt Consolidation,24.8,0," $13,042.00 "
ACC-776826,Class-A,Major Purchase,24.8,0," $21,868.00 "
ACC-603464,Class-C,Debt Consolidation,38.2,0," $35,175.00 "
ACC-778500,Class-A,Major Purchase,38.2,0," $31,914.00 "
ACC-343834,Class-A,N/A,38.2,0," $14,488.00 "
ACC-201863,Class-B,Home Improvement,38.2,0," $25,843.00 "
ACC-167737,,Debt Consolidation,,0," $11,033.00 "
ACC-533044,Class-C,Debt Consolidation,24.8,1," $27,004.00 "
ACC-199544,Class-A,Debt Consolidation,38.2,0," $5,689.00 "
ACC-888391,Class-A,Debt Consolidation,12.5,0," $10,707.00 "
ACC-719798,Class-C,Small Business,24.8,0," $7,540.00 "
ACC-423493,Class-B,Debt Consolidation,55.0,1," $17,241.00 "
ACC-770800,Class-B,Home Improvement,12.5,0," $43,158.00 "
ACC-371472,Class-A,Debt Consolidation,55.0,0," $8,080.00 "
ACC-157574,Class-C,Major Purchase,55.0,1," $14,986.00 "
ACC-945180,Class-A,Home Improvement,12.5,0," $41,438.00 "
ACC-259231,Class-A,Home Improvement,12.5,0," $10,676.00 "
ACC-754829,Class-B,Small Business,55.0,0," $26,645.00 "
ACC-921688,,Debt Consolidation,,0," $24,350.00 "
ACC-558974,Class-B,Debt Consolidation,38.2,0," $31,682.00 "
ACC-890367,Class-B,Major Purchase,55.0,0," $28,994.00 "
ACC-348168,Class-A,Major Purchase,12.5,0," $36,143.00 "
ACC-671573,Class-B,Debt Consolidation,12.5,0," $18,569.00 "
ACC-561594,Class-C,Home Improvement,12.5,0," $6,531.00 "
ACC-683120,Class-B,Home Improvement,55.0,0," $20,146.00 "
ACC-830426,UNKNOWN,Debt Consolidation,55.0,0," $28,225.00 "
ACC-116131,Class-A,Debt Consolidation,38.2,0," $44,324.00 "
ACC-262351,Class-C,Small Business,12.5,0," $20,325.00 "
ACC-828131,Class-B,Home Improvement,24.8,0," $8,355.00 "
ACC-320388,Class-A,Debt Consolidation,12.5,1," $30,806.00 "
ACC-750558,Class-A,Home Improvement,38.2,0," $44,598.00 "
ACC-225428,Class-A,Major Purchase,12.5,0," $38,933.00 "
ACC-622946,Class-B,Debt Consolidation,12.5,0," $11,473.00 "
ACC-671128,Class-A,Home Improvement,24.8,0," $15,501.00 "
ACC-868367,Class-A,Small Business,12.5,0," $44,497.00 "
ACC-141998,Class-A,Debt Consolidation,12.5,0," $36,079.00 "
ACC-415674,UNKNOWN,Debt Consolidation,24.8,0," $20,834.00 "
ACC-430583,Class-C,Debt Consolidation,38.2,0," $43,603.00 "
ACC-202230,Class-A,Debt Consolidation,55.0,0," $15,902.00 "
ACC-542689,Class-A,Small Business,24.8,0," $25,373.00 "
ACC-707269,Class-B,Debt Consolidation,12.5,0," $8,802.00 "
ACC-864994,Class-A,Debt Consolidation,,1," $17,492.00 "
ACC-771227,Class-A,Debt Consolidation,38.2,0," $37,825.00 "
ACC-774377,Class-B,Debt Consolidation,24.8,0," $11,221.00 "
ACC-124885,Class-A,Debt Consolidation,,0," $32,347.00 "
ACC-280641,UNKNOWN,Debt Consolidation,24.8,0," $32,913.00 "
ACC-636521,Class-A,Small Business,12.5,0," $32,535.00 "
ACC-842031,Class-A,Debt Consolidation,24.8,0," $8,908.00 "
ACC-222587,Class-B,Home Improvement,38.2,1," $12,691.00 "
ACC-557286,,Home Improvement,,0," $38,613.00 "
ACC-710143,Class-A,Home Improvement,55.0,0," $7,247.00 "
ACC-319813,Class-B,Major Purchase,55.0,0," $11,301.00 "
ACC-404832,Class-B,Major Purchase,38.2,0," $6,612.00 "
ACC-208829,Class-A,N/A,38.2,0," $37,331.00 "
ACC-569027,Class-B,Home Improvement,12.5,1," $20,806.00 "
ACC-802882,Class-A,Debt Consolidation,38.2,0," $9,497.00 "
ACC-411006,,N/A,,0," $11,378.00 "
ACC-991539,Class-A,Major Purchase,24.8,0," $31,916.00 "
ACC-167003,Class-B,N/A,38.2,0," $29,672.00 "
ACC-614308,Class-A,Major Purchase,12.5,0," $25,503.00 "
ACC-246191,Class-B,Debt Consolidation,38.2,0," $27,035.00 "
ACC-134836,Class-A,Major Purchase,24.8,0," $44,366.00 "
ACC-535494,Class-B,Major Purchase,24.8,0," $5,590.00 "
ACC-603689,Class-A,Debt Consolidation,38.2,0," $15,424.00 "
ACC-792773,Class-B,Home Improvement,38.2,0," $26,468.00 "
ACC-531028,Class-A,Home Improvement,12.5,0," $24,469.00 "
ACC-401538,Class-B,Debt Consolidation,24.8,0," $30,780.00 "
ACC-176956,Class-A,Debt Consolidation,12.5,0," $44,774.00 "
ACC-672600,Class-A,Debt Consolidation,12.5,0," $37,742.00 "
ACC-659298,Class-B,Home Improvement,38.2,0," $34,899.00 "
ACC-258174,Class-B,Home Improvement,12.5,0," $23,117.00 "
ACC-843139,Class-B,Major Purchase,12.5,0," $21,759.00 "
ACC-450397,Class-A,Debt Consolidation,12.5,0," $36,884.00 "
ACC-715963,UNKNOWN,Debt Consolidation,12.5,1," $17,723.00 "
ACC-140446,Class-B,Small Business,12.5,0," $38,998.00 "
ACC-618934,Class-B,Small Business,24.8,0," $21,475.00 "
ACC-239464,Class-C,Home Improvement,,0," $13,781.00 "
ACC-338714,Class-A,Debt Consolidation,24.8,0," $8,242.00 "
ACC-685424,Class-A,Debt Consolidation,24.8,0," $31,302.00 "
ACC-269883,Class-B,Debt Consolidation,38.2,0," $25,858.00 "
ACC-272930,Class-A,Debt Consolidation,38.2,0," $41,824.00 "
ACC-576214,,Small Business,,0," $8,326.00 "
ACC-728287,Class-A,Debt Consolidation,55.0,0," $6,186.00 "
ACC-293374,Class-A,Home Improvement,24.8,0," $5,171.00 "
ACC-339084,UNKNOWN,Debt Consolidation,,0," $40,472.00 "
ACC-307125,Class-B,Home Improvement,12.5,0," $38,830.00 "
ACC-640312,Class-A,Debt Consolidation,12.5,0," $34,186.00 "
ACC-548489,Class-C,Debt Consolidation,12.5,0," $10,977.00 "
ACC-588106,Class-B,Home Improvement,38.2,0," $32,014.00 "
ACC-790910,Class-B,Debt Consolidation,12.5,0," $19,972.00 "
ACC-342455,Class-B,Small Business,,0," $36,237.00 "
ACC-845892,UNKNOWN,Debt Consolidation,24.8,0," $42,449.00 "
ACC-365843,Class-B,Debt Consolidation,38.2,0," $9,086.00 "
ACC-725656,Class-A,Debt Consolidation,24.8,0," $39,836.00 "
ACC-336659,Class-B,Home Improvement,12.5,0," $44,520.00 "
ACC-816750,Class-B,Major Purchase,55.0,0," $22,671.00 "
ACC-197136,Class-B,Home Improvement,24.8,0," $36,293.00 "
ACC-142865,Class-B,Major Purchase,38.2,0," $23,306.00 "
ACC-935681,Class-B,Small Business,,1," $41,723.00 "
ACC-753199,Class-B,N/A,55.0,0," $43,615.00 "
ACC-156851,Class-B,Small Business,12.5,1," $29,956.00 "
ACC-433126,Class-C,Small Business,12.5,1," $22,251.00 "
ACC-763815,Class-A,Major Purchase,,0," $35,308.00 "
ACC-233818,Class-A,Major Purchase,12.5,1," $26,232.00 "
ACC-820710,Class-A,Small Business,38.2,0," $17,859.00 "
ACC-268748,Class-C,Home Improvement,,0," $34,796.00 "
ACC-529906,Class-B,Home Improvement,12.5,0," $27,262.00 "
ACC-873787,Class-B,Major Purchase,,0," $7,145.00 "
ACC-738828,Class-A,Debt Consolidation,12.5,1," $35,788.00 "
ACC-807460,Class-A,N/A,24.8,0," $33,224.00 "
ACC-215243,Class-B,Home Improvement,12.5,0," $5,749.00 "
ACC-561907,,Debt Consolidation,,1," $26,664.00 "
ACC-407637,UNKNOWN,Home Improvement,38.2,0," $33,189.00 "
ACC-334510,Class-A,Debt Consolidation,12.5,0," $32,527.00 "
ACC-937708,Class-B,Debt Consolidation,24.8,0," $29,695.00 "
ACC-954642,Class-C,Small Business,38.2,0," $43,423.00 "
ACC-500272,Class-A,Home Improvement,12.5,0," $25,953.00 "
ACC-952174,Class-A,Major Purchase,24.8,1," $18,572.00 "
ACC-389970,Class-A,Debt Consolidation,55.0,0," $14,997.00 "
ACC-187110,Class-A,Debt Consolidation,12.5,0," $15,148.00 "
ACC-818941,Class-B,Debt Consolidation,24.8,0," $33,955.00 "
ACC-585606,UNKNOWN,Debt Consolidation,24.8,0," $23,511.00 "
ACC-973846,Class-A,Debt Consolidation,38.2,0," $29,450.00 "
ACC-729097,Class-A,Debt Consolidation,24.8,0," $15,652.00 "
ACC-973532,Class-A,Debt Consolidation,12.5,1," $40,502.00 "
ACC-300023,,Major Purchase,,0," $25,542.00 "
ACC-492909,Class-B,Debt Consolidation,12.5,0," $25,369.00 "
ACC-987367,Class-A,Debt Consolidation,24.8,0," $36,463.00 "
ACC-682943,Class-A,Debt Consolidation,,1," $10,321.00 "
ACC-703936,Class-C,Home Improvement,38.2,0," $18,047.00 "
ACC-354450,Class-A,Debt Consolidation,55.0,0," $8,788.00 "
ACC-268160,Class-B,Home Improvement,12.5,0," $28,326.00 "
ACC-353658,Class-A,Home Improvement,12.5,0," $10,260.00 "
ACC-111019,Class-C,Small Business,12.5,1," $5,888.00 "
ACC-395703,Class-A,Home Improvement,24.8,0," $6,448.00 "
ACC-710595,Class-A,N/A,55.0,1," $35,328.00 "
ACC-826884,Class-C,Small Business,12.5,0," $23,222.00 "
ACC-731329,Class-C,Debt Consolidation,24.8,0," $18,379.00 "
ACC-910867,Class-A,N/A,12.5,0," $18,992.00 "
ACC-353381,Class-A,Home Improvement,12.5,0," $44,023.00 "
ACC-953033,Class-B,Home Improvement,24.8,0," $30,045.00 "
ACC-405333,Class-A,Debt Consolidation,24.8,0," $7,211.00 "
ACC-374098,Class-B,Debt Consolidation,38.2,0," $43,356.00 "
ACC-309510,Class-A,Major Purchase,24.8,0," $44,042.00 "
ACC-552893,Class-C,Home Improvement,24.8,0," $22,074.00 "
ACC-428686,Class-C,Debt Consolidation,-1.5,0," $17,113.00 "
ACC-783607,Class-A,Home Improvement,12.5,0," $41,691.00 "
ACC-689552,Class-A,Major Purchase,24.8,0," $17,185.00 "
ACC-317579,Class-A,Home Improvement,12.5,0," $22,133.00 "
ACC-246562,Class-A,Home Improvement,55.0,0," $11,960.00 "
ACC-169797,Class-B,Debt Consolidation,12.5,0," $5,457.00 "
ACC-419556,Class-B,Home Improvement,24.8,0," $36,824.00 "
ACC-362076,Class-A,Debt Consolidation,38.2,0," $16,149.00 "
ACC-949688,Class-C,Debt Consolidation,12.5,0," $35,201.00 "
ACC-951158,UNKNOWN,Home Improvement,55.0,0," $19,942.00 "
ACC-541178,Class-B,Major Purchase,55.0,0," $6,373.00 "
ACC-694104,UNKNOWN,Debt Consolidation,24.8,0," $31,316.00 "
ACC-975486,UNKNOWN,Debt Consolidation,24.8,0," $35,294.00 "
ACC-521457,Class-B,Debt Consolidation,55.0,0," $27,520.00 "
ACC-702162,UNKNOWN,Debt Consolidation,12.5,0," $44,012.00 "
ACC-713997,Class-B,N/A,24.8,0," $13,570.00 "
ACC-308386,Class-A,Debt Consolidation,,1," $37,127.00 "
ACC-249425,Class-B,Home Improvement,12.5,1," $41,226.00 "
ACC-903546,,Small Business,,0," $24,768.00 "
ACC-579104,Class-A,Debt Consolidation,24.8,0," $25,109.00 "
ACC-905728,Class-B,Small Business,24.8,0," $43,626.00 "
ACC-288637,Class-A,Home Improvement,24.8,0," $41,902.00 "
ACC-545523,Class-A,Small Business,12.5,0," $14,837.00 "
ACC-922043,Class-A,Debt Consolidation,24.8,0," $29,294.00 "
ACC-826951,Class-B,Debt Consolidation,24.8,0," $25,976.00 "
ACC-620492,Class-B,Debt Consolidation,12.5,0," $9,784.00 "
ACC-757446,Class-A,N/A,12.5,0," $25,245.00 "
ACC-622961,Class-A,Small Business,38.2,1," $32,009.00 "
ACC-841541,Class-C,Debt Consolidation,,0," $14,126.00 "
ACC-726281,Class-B,N/A,12.5,0," $30,862.00 "
ACC-994169,Class-A,Small Business,38.2,0," $40,330.00 "
ACC-938667,Class-C,Debt Consolidation,12.5,1," $17,257.00 "
ACC-323342,Class-A,Major Purchase,38.2,0," $6,681.00 "
ACC-766844,Class-A,Debt Consolidation,38.2,0," $13,216.00 "
ACC-353493,Class-A,Debt Consolidation,12.5,0," $39,560.00 "
ACC-233710,Class-A,N/A,12.5,0," $10,141.00 "
ACC-151390,Class-A,Small Business,99.9,0," $30,428.00 "
ACC-415402,Class-B,Debt Consolidation,24.8,0," $15,584.00 "
ACC-452806,Class-A,Debt Consolidation,24.8,0," $8,123.00 "
ACC-778019,Class-A,Debt Consolidation,99.9,0," $25,284.00 "
ACC-438088,Class-A,Home Improvement,12.5,0," $10,918.00 "
ACC-658407,Class-C,N/A,12.5,1," $19,587.00 "
ACC-451485,Class-A,Home Improvement,55.0,0," $37,669.00 "
ACC-798174,Class-A,Home Improvement,12.5,1," $28,540.00 "
ACC-678797,Class-A,Major Purchase,38.2,1," $37,824.00 "
ACC-867996,Class-B,Debt Consolidation,38.2,0," $28,528.00 "
ACC-344271,Class-A,Home Improvement,38.2,0," $29,989.00 "
ACC-810644,Class-C,Small Business,38.2,0," $13,699.00 "
ACC-634212,Class-B,Debt Consolidation,24.8,0," $17,801.00 "
ACC-999095,Class-A,Debt Consolidation,12.5,0," $21,635.00 "
ACC-780358,Class-A,Home Improvement,12.5,0," $11,551.00 "
ACC-661180,UNKNOWN,Debt Consolidation,,0," $22,279.00 "
ACC-894592,Class-B,Debt Consolidation,38.2,0," $35,240.00 "
ACC-337400,Class-A,Home Improvement,24.8,0," $27,516.00 "
ACC-918018,Class-B,Debt Consolidation,12.5,0," $9,300.00 "
ACC-762753,Class-A,Small Business,,1," $32,002.00 "
ACC-473541,Class-C,Major Purchase,12.5,0," $21,001.00 "
ACC-376537,,Debt Consolidation,,0," $39,884.00 "
ACC-271231,Class-B,Small Business,38.2,0," $38,391.00 "
ACC-894495,Class-C,Major Purchase,12.5,0," $38,366.00 "
ACC-992827,Class-A,Small Business,,0," $9,497.00 "
ACC-440178,Class-B,Major Purchase,38.2,1," $18,861.00 "
ACC-795876,Class-A,Debt Consolidation,24.8,0," $21,948.00 "
ACC-871925,Class-B,Home Improvement,,0," $41,283.00 "
ACC-910967,Class-A,Small Business,,1," $31,443.00 "
ACC-184155,Class-A,Debt Consolidation,,0," $32,737.00 "
ACC-223023,Class-A,N/A,12.5,0," $22,356.00 "
ACC-118297,Class-B,Small Business,,0," $30,751.00 "
ACC-758074,UNKNOWN,Home Improvement,38.2,0," $9,044.00 "
ACC-392820,,Debt Consolidation,,0," $11,870.00 "
ACC-786801,UNKNOWN,Debt Consolidation,12.5,0," $38,821.00 "
ACC-720189,,Home Improvement,,0," $19,692.00 "
ACC-815094,,Small Business,,1," $6,329.00 "
ACC-398419,,Small Business,,0," $44,606.00 "
ACC-226931,Class-B,Home Improvement,55.0,0," $6,830.00 "
ACC-823173,Class-A,Major Purchase,55.0,1," $12,994.00 "
ACC-282645,Class-B,Debt Consolidation,12.5,0," $8,446.00 "
ACC-336889,Class-A,N/A,38.2,0," $20,804.00 "
ACC-431119,Class-B,Debt Consolidation,24.8,0," $35,342.00 "
ACC-352723,Class-A,Debt Consolidation,24.8,0," $41,476.00 "
ACC-422176,Class-A,Debt Consolidation,38.2,0," $18,985.00 "
ACC-549644,Class-A,Debt Consolidation,,0," $14,868.00 "
ACC-373745,Class-B,Debt Consolidation,,1," $26,245.00 "
ACC-607217,Class-C,Small Business,24.8,0," $29,236.00 "
ACC-294184,,Debt Consolidation,,0," $31,218.00 "
ACC-120142,Class-B,Small Business,12.5,0," $24,707.00 "
ACC-962237,,Small Business,,0," $37,007.00 "
ACC-131932,Class-A,Small Business,38.2,0," $18,355.00 "
ACC-548540,Class-B,Major Purchase,,0," $20,912.00 "
ACC-147621,Class-B,Debt Consolidation,24.8,0," $29,650.00 "
ACC-424978,UNKNOWN,Home Improvement,99.9,0," $33,665.00 "
ACC-141136,Class-B,Debt Consolidation,12.5,0," $28,734.00 "
ACC-881978,Class-A,N/A,38.2,0," $42,307.00 "
ACC-571442,Class-B,Small Business,24.8,0," $20,197.00 "
ACC-408978,Class-C,Debt Consolidation,12.5,0," $7,008.00 "
ACC-148943,Class-A,Debt Consolidation,24.8,0," $34,200.00 "
ACC-256645,Class-A,Small Business,24.8,0," $38,727.00 "
ACC-230429,Class-A,Debt Consolidation,24.8,0," $17,395.00 "
ACC-572092,Class-B,N/A,38.2,0," $17,907.00 "
ACC-742956,Class-B,Debt Consolidation,38.2,0," $28,800.00 "
ACC-452807,Class-A,Debt Consolidation,24.8,0," $22,828.00 "
ACC-758195,Class-B,Debt Consolidation,38.2,1," $8,654.00 "
ACC-419111,Class-C,Debt Consolidation,12.5,0," $41,606.00 "
ACC-588101,Class-B,Debt Consolidation,,0," $12,178.00 "
ACC-389748,Class-B,Debt Consolidation,24.8,0," $36,697.00 "
ACC-627605,Class-C,Debt Consolidation,38.2,0," $14,932.00 "
ACC-581285,Class-C,Small Business,12.5,0," $7,555.00 "
ACC-567811,Class-B,Debt Consolidation,12.5,0," $25,036.00 "
ACC-266208,Class-B,Home Improvement,24.8,1," $31,910.00 "
ACC-746896,Class-B,Small Business,55.0,0," $40,187.00 "
ACC-671021,Class-B,Debt Consolidation,55.0,0," $12,962.00 "
ACC-992337,Class-A,Home Improvement,24.8,0," $44,078.00 "
ACC-899049,Class-B,Debt Consolidation,55.0,0," $32,770.00 "
ACC-202847,Class-B,Small Business,24.8,1," $25,258.00 "
ACC-798222,Class-A,Home Improvement,38.2,0," $39,984.00 "
ACC-815267,Class-A,Debt Consolidation,12.5,0," $40,671.00 "
ACC-984230,Class-A,Home Improvement,,0," $37,526.00 "
ACC-329605,Class-B,Debt Consolidation,38.2,1," $11,857.00 "
ACC-160647,Class-C,Debt Consolidation,12.5,0," $6,003.00 "
ACC-677587,Class-C,N/A,38.2,0," $30,897.00 "
ACC-543178,Class-A,Small Business,38.2,0," $37,321.00 "
ACC-440233,Class-B,Debt Consolidation,12.5,0," $33,995.00 "
ACC-534544,Class-B,Debt Consolidation,-1.5,1," $22,253.00 "
ACC-990684,Class-B,Home Improvement,55.0,0," $8,531.00 "
ACC-558415,Class-A,Small Business,12.5,0," $16,135.00 "
ACC-581758,Class-A,Major Purchase,55.0,0," $38,258.00 "
ACC-479583,Class-B,Home Improvement,38.2,0," $10,888.00 "
ACC-555256,Class-A,Debt Consolidation,-1.5,0," $21,840.00 "
ACC-681086,Class-B,Home Improvement,12.5,0," $22,876.00 "
ACC-239794,Class-A,Home Improvement,24.8,0," $25,195.00 "
ACC-964308,Class-B,Home Improvement,38.2,0," $6,203.00 "
ACC-908554,Class-B,Home Improvement,24.8,0," $34,080.00 "
ACC-164565,Class-B,Major Purchase,38.2,0," $15,603.00 "
ACC-601103,Class-C,Debt Consolidation,55.0,0," $22,334.00 "
ACC-188248,Class-A,Home Improvement,12.5,0," $9,540.00 "
ACC-290644,Class-C,Debt Consolidation,12.5,1," $29,132.00 "
ACC-469669,Class-C,N/A,,0," $10,870.00 "
ACC-605729,Class-C,N/A,,0," $14,426.00 "
ACC-723432,Class-B,Home Improvement,55.0,1," $30,206.00 "
ACC-377282,Class-B,Debt Consolidation,12.5,0," $5,213.00 "
ACC-626452,Class-A,Major Purchase,,0," $5,218.00 "
ACC-826541,,Small Business,,0," $5,343.00 "
ACC-731443,Class-A,Small Business,24.8,0," $27,495.00 "
ACC-745189,Class-A,Small Business,55.0,0," $44,776.00 "
ACC-638978,Class-B,Home Improvement,55.0,0," $6,268.00 "
ACC-108084,Class-A,Debt Consolidation,12.5,0," $20,028.00 "
ACC-496262,Class-A,Small Business,24.8,0," $13,594.00 "
ACC-658132,Class-A,Debt Consolidation,12.5,0," $10,601.00 "
ACC-153237,Class-B,Home Improvement,55.0,1," $24,725.00 "
ACC-375197,Class-B,Debt Consolidation,24.8,0," $40,124.00 "
ACC-490314,Class-A,Debt Consolidation,-1.5,0," $36,868.00 "
ACC-541744,,Debt Consolidation,,0," $5,832.00 "
ACC-391371,Class-A,Debt Consolidation,,0," $35,944.00 "
ACC-416683,Class-A,Home Improvement,38.2,0," $43,909.00 "
ACC-139016,Class-A,Debt Consolidation,12.5,0," $5,244.00 "
ACC-516294,Class-C,Debt Consolidation,12.5,0," $24,276.00 "
ACC-126125,Class-B,Debt Consolidation,12.5,0," $16,323.00 "
ACC-584426,Class-A,Home Improvement,38.2,0," $7,922.00 "
ACC-764558,Class-A,Home Improvement,,0," $8,620.00 "
ACC-345919,Class-B,Debt Consolidation,38.2,0," $15,531.00 "
ACC-765764,Class-A,Home Improvement,12.5,0," $32,349.00 "
ACC-114179,Class-B,Major Purchase,38.2,1," $30,106.00 "
ACC-667515,,Debt Consolidation,,0," $32,212.00 "
ACC-594993,Class-A,Small Business,12.5,0," $7,060.00 "
ACC-643985,Class-B,Home Improvement,-1.5,0," $16,402.00 "
ACC-516716,Class-B,Debt Consolidation,38.2,1," $35,011.00 "
ACC-565217,Class-B,Home Improvement,24.8,0," $13,809.00 "
ACC-647669,Class-A,Debt Consolidation,55.0,0," $25,088.00 "
ACC-127374,Class-A,Home Improvement,,1," $11,190.00 "
ACC-936059,Class-C,Home Improvement,24.8,0," $25,627.00 "
ACC-639799,Class-A,Home Improvement,24.8,1," $37,154.00 "
ACC-923612,Class-B,N/A,,0," $19,363.00 "
ACC-458148,Class-A,Small Business,12.5,0," $30,810.00 "
ACC-161357,Class-A,Home Improvement,12.5,0," $41,646.00 "
ACC-764637,Class-B,Major Purchase,12.5,0," $21,566.00 "
ACC-810948,,Small Business,,0," $23,585.00 "
ACC-112395,Class-B,Major Purchase,24.8,0," $19,691.00 "
ACC-244642,Class-B,Home Improvement,24.8,0," $16,835.00 "
ACC-863326,Class-A,Debt Consolidation,55.0,0," $17,041.00 "
ACC-210357,,Debt Consolidation,,0," $27,521.00 "
ACC-356024,Class-B,Debt Consolidation,12.5,0," $36,219.00 "
ACC-911008,Class-B,N/A,38.2,0," $8,736.00 "
ACC-337016,,Home Improvement,,0," $41,693.00 "
ACC-185485,Class-C,Debt Consolidation,24.8,0," $17,493.00 "
ACC-136345,Class-C,Home Improvement,12.5,0," $18,572.00 "
ACC-229553,Class-C,Debt Consolidation,38.2,0," $5,446.00 "
ACC-166492,Class-A,Home Improvement,12.5,0," $38,235.00 "
ACC-477331,Class-A,Home Improvement,12.5,0," $38,194.00 "
ACC-431715,Class-A,Major Purchase,24.8,0," $16,940.00 "
ACC-581488,Class-B,Home Improvement,24.8,0," $44,993.00 "
ACC-896850,Class-A,Home Improvement,12.5,1," $31,037.00 "
ACC-455843,Class-B,Debt Consolidation,99.9,0," $24,324.00 "
ACC-333873,Class-B,Debt Consolidation,38.2,0," $5,376.00 "
ACC-998064,Class-B,Debt Consolidation,55.0,0," $28,887.00 "
ACC-876744,Class-B,Debt Consolidation,,0," $41,604.00 "
ACC-164023,Class-B,Home Improvement,24.8,0," $43,073.00 "
ACC-648146,Class-B,Small Business,,0," $33,175.00 "
ACC-285774,Class-A,Debt Consolidation,,0," $29,806.00 "
ACC-140278,Class-B,Home Improvement,24.8,0," $7,292.00 "
ACC-491625,Class-A,Major Purchase,12.5,0," $38,397.00 "
ACC-160193,Class-B,Debt Consolidation,38.2,1," $17,165.00 "
ACC-109696,Class-A,Home Improvement,12.5,0," $14,629.00 "
ACC-811902,Class-C,Debt Consolidation,55.0,0," $5,824.00 "
ACC-811661,Class-B,Debt Consolidation,12.5,0," $44,655.00 "
ACC-142851,Class-A,Debt Consolidation,,0," $8,870.00 "
ACC-223464,Class-B,Debt Consolidation,12.5,1," $39,044.00 "
ACC-412342,Class-C,Home Improvement,38.2,0," $43,474.00 "
ACC-622258,Class-B,Major Purchase,24.8,0," $13,415.00 "
ACC-485551,Class-B,N/A,38.2,0," $33,231.00 "
ACC-922730,Class-C,Debt Consolidation,55.0,0," $27,230.00 "
ACC-598519,Class-A,Debt Consolidation,38.2,0," $10,206.00 "
ACC-957303,Class-B,Debt Consolidation,12.5,0," $27,906.00 "
ACC-480011,Class-B,Debt Consolidation,24.8,0," $34,208.00 "
ACC-530102,Class-A,Debt Consolidation,12.5,0," $43,943.00 "
ACC-371478,UNKNOWN,Small Business,12.5,0," $22,205.00 "
ACC-971158,Class-B,N/A,55.0,0," $8,116.00 "
ACC-428201,Class-A,Home Improvement,24.8,0," $23,885.00 "
ACC-889019,Class-C,Small Business,,0," $26,394.00 "
ACC-103985,Class-C,Debt Consolidation,99.9,0," $26,281.00 "
ACC-613711,Class-A,Debt Consolidation,55.0,0," $42,720.00 "
ACC-977541,Class-B,Home Improvement,12.5,0," $43,569.00 "
ACC-942723,Class-A,Home Improvement,38.2,1," $34,424.00 "
ACC-862630,Class-B,Major Purchase,12.5,0," $6,579.00 "
ACC-544411,Class-B,Major Purchase,12.5,0," $17,805.00 "
ACC-466322,Class-A,Home Improvement,12.5,0," $41,561.00 "
ACC-892509,Class-A,Debt Consolidation,12.5,1," $12,454.00 "
ACC-567931,Class-A,Debt Consolidation,12.5,0," $8,824.00 "
ACC-320559,UNKNOWN,Major Purchase,12.5,0," $11,428.00 "
ACC-258133,Class-C,Home Improvement,12.5,0," $13,894.00 "
ACC-274988,Class-A,Major Purchase,38.2,0," $19,595.00 "
ACC-409001,Class-B,Debt Consolidation,24.8,0," $12,217.00 "
ACC-642005,Class-A,Home Improvement,12.5,0," $31,342.00 "
ACC-657879,Class-B,Home Improvement,24.8,0," $29,884.00 "
ACC-406221,Class-B,Home Improvement,99.9,1," $29,921.00 "
ACC-985015,Class-A,Home Improvement,99.9,0," $8,833.00 "
ACC-778892,Class-A,Debt Consolidation,24.8,0," $39,069.00 "
ACC-499792,Class-B,Debt Consolidation,99.9,0," $12,272.00 "
ACC-364241,Class-A,Home Improvement,12.5,1," $43,759.00 "
ACC-432760,,Small Business,,0," $27,643.00 "
ACC-375535,Class-A,Home Improvement,12.5,0," $6,618.00 "
ACC-412021,Class-B,Debt Consolidation,38.2,0," $32,782.00 "
ACC-167661,Class-B,Home Improvement,24.8,0," $17,386.00 "
ACC-147834,Class-A,N/A,12.5,0," $24,473.00 "
ACC-904180,Class-A,Debt Consolidation,38.2,1," $43,103.00 "
ACC-473966,Class-B,Home Improvement,24.8,0," $42,484.00 "
ACC-144967,,Small Business,,0," $37,263.00 "
ACC-831541,Class-B,Debt Consolidation,12.5,0," $24,721.00 "
ACC-990037,Class-B,Debt Consolidation,,0," $23,568.00 "
ACC-949803,Class-C,Debt Consolidation,,0," $23,901.00 "
ACC-443076,Class-B,Small Business,12.5,1," $34,705.00 "
ACC-656173,Class-A,Debt Consolidation,12.5,0," $13,991.00 "
ACC-393708,Class-B,Debt Consolidation,24.8,0," $13,630.00 "
ACC-700988,Class-C,Major Purchase,12.5,0," $6,614.00 "
ACC-430499,Class-B,Debt Consolidation,55.0,0," $12,868.00 "
ACC-385879,UNKNOWN,Major Purchase,38.2,0," $36,969.00 "
ACC-887304,Class-A,Home Improvement,12.5,0," $40,127.00 "
ACC-761960,Class-C,Small Business,55.0,0," $19,226.00 "
ACC-125612,Class-C,Small Business,12.5,0," $16,080.00 "
ACC-313383,Class-A,Small Business,12.5,0," $19,442.00 "
ACC-877231,Class-C,Debt Consolidation,24.8,0," $30,258.00 "
ACC-598419,Class-C,Small Business,12.5,0," $20,047.00 "
ACC-457451,,Home Improvement,,0," $12,641.00 "
ACC-357806,Class-C,Major Purchase,-1.5,0," $19,957.00 "
ACC-266798,Class-A,Debt Consolidation,,0," $25,825.00 "
ACC-715922,Class-B,N/A,24.8,0," $29,296.00 "
ACC-180239,,Debt Consolidation,,0," $34,368.00 "
ACC-634867,Class-C,Home Improvement,,1," $36,442.00 "
ACC-710503,Class-A,Small Business,12.5,0," $23,924.00 "
ACC-559818,Class-A,Home Improvement,38.2,0," $10,668.00 "
ACC-444711,Class-C,Debt Consolidation,38.2,0," $36,446.00 "
ACC-622062,Class-A,Debt Consolidation,55.0,0," $39,222.00 "
ACC-973697,Class-C,Small Business,12.5,0," $36,668.00 "
ACC-369318,Class-C,Debt Consolidation,24.8,0," $17,307.00 "
ACC-794778,,Home Improvement,,0," $30,540.00 "
ACC-320785,Class-C,Small Business,12.5,0," $26,232.00 "
ACC-816596,Class-C,Home Improvement,38.2,0," $18,674.00 "
ACC-757735,Class-A,Small Business,99.9,0," $17,454.00 "
ACC-688680,Class-B,Debt Consolidation,24.8,0," $24,984.00 "
ACC-854667,Class-C,Debt Consolidation,24.8,0," $15,191.00 "
ACC-606585,Class-C,Small Business,55.0,0," $42,103.00 "
ACC-506163,Class-A,Home Improvement,12.5,1," $12,498.00 "
ACC-971598,Class-C,Small Business,38.2,0," $40,664.00 "
ACC-835978,Class-A,Small Business,12.5,0," $20,316.00 "
ACC-313915,UNKNOWN,Major Purchase,24.8,0," $18,795.00 "
ACC-116605,Class-B,Small Business,12.5,0," $35,989.00 "
ACC-642211,Class-B,Debt Consolidation,55.0,1," $32,065.00 "
ACC-741915,Class-C,Home Improvement,,1," $20,800.00 "
ACC-363172,Class-A,Small Business,38.2,0," $6,244.00 "
ACC-458189,UNKNOWN,Small Business,24.8,0," $43,559.00 "
ACC-267466,Class-B,Home Improvement,24.8,0," $12,406.00 "
ACC-128678,Class-C,Small Business,38.2,0," $30,090.00 "
ACC-424372,Class-A,Debt Consolidation,99.9,0," $27,660.00 "
ACC-616082,Class-B,N/A,38.2,0," $44,636.00 "
ACC-855305,Class-C,Home Improvement,55.0,0," $19,054.00 "
ACC-179698,UNKNOWN,Major Purchase,55.0,0," $41,655.00 "
ACC-549250,Class-A,Major Purchase,12.5,0," $8,365.00 "
ACC-106951,Class-A,Debt Consolidation,99.9,0," $43,576.00 "
ACC-396952,Class-B,Small Business,,0," $21,661.00 "
ACC-641952,Class-A,Home Improvement,12.5,0," $44,343.00 "
ACC-934293,Class-A,Debt Consolidation,,0," $15,821.00 "
ACC-536640,Class-B,N/A,38.2,0," $13,201.00 "
ACC-220947,Class-A,Home Improvement,12.5,0," $23,736.00 "
ACC-342565,Class-C,N/A,12.5,0," $29,863.00 "
ACC-708184,Class-A,Debt Consolidation,38.2,0," $43,727.00 "
ACC-398623,Class-C,Debt Consolidation,24.8,1," $28,926.00 "
ACC-199573,Class-B,Home Improvement,,0," $18,168.00 "
ACC-944994,Class-A,Debt Consolidation,,0," $42,184.00 "
ACC-882656,Class-B,Home Improvement,55.0,0," $36,121.00 "
ACC-129889,Class-B,Debt Consolidation,38.2,0," $36,661.00 "
ACC-269834,Class-A,Home Improvement,38.2,0," $39,953.00 "
ACC-318852,Class-B,Small Business,55.0,0," $28,792.00 "
ACC-717290,Class-B,Debt Consolidation,,0," $44,144.00 "
ACC-402714,Class-A,Major Purchase,12.5,0," $42,245.00 "
ACC-464868,,Home Improvement,,0," $15,147.00 "
ACC-354258,Class-B,Home Improvement,24.8,0," $29,194.00 "
ACC-176299,Class-A,Debt Consolidation,24.8,0," $29,856.00 "
ACC-883417,Class-B,Home Improvement,,0," $42,870.00 "
ACC-887716,Class-B,Debt Consolidation,24.8,0," $6,472.00 "
ACC-801394,Class-A,Small Business,24.8,0," $36,262.00 "
ACC-386847,,Debt Consolidation,,0," $31,320.00 "
ACC-185771,Class-B,Small Business,24.8,0," $17,483.00 "
ACC-956355,Class-A,Debt Consolidation,12.5,0," $30,582.00 "
ACC-726894,Class-A,Debt Consolidation,24.8,0," $7,701.00 "
ACC-261618,Class-C,Home Improvement,12.5,0," $35,078.00 "
ACC-776568,,Debt Consolidation,,0," $7,746.00 "
ACC-844147,Class-A,Home Improvement,12.5,0," $27,815.00 "
ACC-203898,Class-B,Major Purchase,38.2,0," $15,178.00 "
ACC-121615,Class-C,Major Purchase,12.5,0," $37,675.00 "
ACC-348923,Class-A,Debt Consolidation,24.8,0," $20,258.00 "
ACC-155340,Class-C,Home Improvement,24.8,0," $39,508.00 "
ACC-539163,Class-C,Small Business,99.9,0," $7,194.00 "
ACC-919820,Class-A,Debt Consolidation,12.5,0," $15,818.00 "
ACC-306850,Class-A,Home Improvement,24.8,1," $30,907.00 "
ACC-220284,Class-B,Home Improvement,24.8,1," $9,770.00 "
ACC-747493,UNKNOWN,Home Improvement,38.2,0," $20,486.00 "
ACC-407704,Class-A,Home Improvement,99.9,0," $30,120.00 "
ACC-476598,Class-C,Home Improvement,99.9,0," $36,973.00 "
ACC-122179,Class-A,Small Business,24.8,1," $39,405.00 "
ACC-573124,Class-A,Small Business,38.2,0," $28,167.00 "
ACC-563917,Class-B,Debt Consolidation,24.8,1," $41,136.00 "
ACC-101771,Class-B,Small Business,38.2,0," $10,213.00 "
ACC-467525,Class-B,Small Business,38.2,1," $11,662.00 "
ACC-693241,Class-B,Debt Consolidation,12.5,0," $24,716.00 "
ACC-612166,Class-A,Major Purchase,12.5,0," $20,967.00 "
ACC-991558,Class-B,Debt Consolidation,12.5,0," $15,496.00 "
ACC-523356,Class-B,Debt Consolidation,38.2,0," $18,552.00 "
ACC-840763,Class-B,Major Purchase,,0," $22,143.00 "
ACC-579255,Class-A,Small Business,12.5,0," $43,420.00 "
ACC-988980,Class-B,Small Business,55.0,1," $33,186.00 "
ACC-447564,Class-B,Home Improvement,12.5,0," $38,162.00 "
ACC-535729,,Home Improvement,,0," $40,360.00 "
ACC-344579,Class-B,Major Purchase,24.8,0," $39,966.00 "
ACC-990903,Class-C,Debt Consolidation,-1.5,0," $11,610.00 "
ACC-745832,Class-A,Debt Consolidation,24.8,0," $22,162.00 "
ACC-913276,Class-B,Home Improvement,38.2,0," $19,892.00 "
ACC-354080,Class-A,Major Purchase,55.0,0," $21,324.00 "
ACC-374693,Class-A,Home Improvement,12.5,0," $16,886.00 "
ACC-906102,Class-C,N/A,38.2,0," $41,422.00 "
ACC-233570,Class-C,Home Improvement,24.8,0," $38,392.00 "
ACC-815547,Class-C,Debt Consolidation,12.5,0," $29,844.00 "
ACC-535695,Class-A,Debt Consolidation,24.8,0," $40,678.00 "
ACC-605377,Class-B,Home Improvement,12.5,0," $27,885.00 "
ACC-749162,Class-A,Debt Consolidation,12.5,0," $8,946.00 "
ACC-197607,Class-B,Small Business,24.8,0," $10,201.00 "
ACC-647582,Class-C,Debt Consolidation,38.2,0," $12,631.00 "
ACC-484274,Class-A,Debt Consolidation,38.2,1," $17,934.00 "
ACC-582151,,Debt Consolidation,,0," $27,095.00 "
ACC-894294,Class-B,Home Improvement,24.8,0," $11,699.00 "
ACC-903819,Class-A,Debt Consolidation,12.5,0," $31,768.00 "
ACC-747390,Class-B,Small Business,12.5,0," $6,268.00 "
ACC-815080,Class-A,Home Improvement,12.5,0," $6,358.00 "
ACC-173085,Class-B,Small Business,38.2,0," $37,216.00 "
ACC-276693,Class-A,Home Improvement,38.2,1," $23,488.00 "
ACC-623184,Class-B,Home Improvement,55.0,0," $18,287.00 "
ACC-489055,Class-B,Small Business,24.8,0," $24,322.00 "
ACC-201047,Class-A,Major Purchase,12.5,0," $14,667.00 "
ACC-120569,Class-A,N/A,12.5,0," $11,499.00 "
ACC-163445,Class-B,Debt Consolidation,24.8,0," $21,110.00 "
ACC-697074,UNKNOWN,Debt Consolidation,55.0,1," $38,065.00 "
ACC-264710,Class-B,Home Improvement,,0," $26,402.00 "
ACC-436883,Class-A,Debt Consolidation,12.5,1," $25,215.00 "
ACC-255995,Class-A,Debt Consolidation,24.8,0," $38,238.00 "
ACC-937850,Class-C,Home Improvement,12.5,0," $41,389.00 "
ACC-230663,Class-B,Home Improvement,24.8,0," $5,695.00 "
ACC-900170,Class-A,Debt Consolidation,55.0,0," $10,570.00 "
ACC-928492,Class-B,Home Improvement,12.5,0," $15,362.00 "
ACC-764818,Class-A,Debt Consolidation,38.2,1," $11,144.00 "
ACC-929720,Class-B,Small Business,24.8,0," $6,993.00 "
ACC-994677,Class-C,Home Improvement,99.9,0," $10,801.00 "
ACC-939759,Class-B,Debt Consolidation,24.8,0," $8,459.00 "
ACC-310362,Class-A,Debt Consolidation,12.5,0," $9,680.00 "
ACC-481142,Class-A,Debt Consolidation,12.5,1," $27,684.00 "
ACC-724372,Class-C,Debt Consolidation,-1.5,0," $21,122.00 "
ACC-936918,Class-C,Small Business,55.0,0," $30,492.00 "
ACC-260675,Class-B,Major Purchase,24.8,1," $33,709.00 "
ACC-748174,Class-B,Debt Consolidation,12.5,0," $5,968.00 "
ACC-267084,Class-C,Home Improvement,12.5,0," $33,169.00 "
ACC-500064,UNKNOWN,Debt Consolidation,24.8,0," $37,658.00 "
ACC-955154,Class-A,Debt Consolidation,55.0,0," $15,667.00 "
ACC-793074,Class-A,Home Improvement,,0," $9,592.00 "
ACC-585088,Class-B,Debt Consolidation,38.2,0," $40,842.00 "
ACC-650809,Class-A,Major Purchase,,0," $35,911.00 "
ACC-730024,,Home Improvement,,0," $17,831.00 "
ACC-827973,Class-A,Small Business,55.0,0," $29,915.00 "
ACC-883778,Class-C,Debt Consolidation,24.8,0," $20,995.00 "
ACC-407910,Class-C,Small Business,38.2,0," $8,594.00 "
ACC-850414,Class-C,Debt Consolidation,55.0,0," $25,867.00 "
ACC-870861,Class-A,N/A,55.0,0," $35,850.00 "
ACC-542954,Class-B,N/A,12.5,0," $27,478.00 "
ACC-202793,Class-B,Debt Consolidation,24.8,1," $6,588.00 "
ACC-601974,Class-B,Debt Consolidation,12.5,0," $27,241.00 "
ACC-575483,Class-A,Debt Consolidation,99.9,0," $20,640.00 "
ACC-111978,Class-A,Major Purchase,38.2,0," $5,021.00 "
ACC-817540,Class-A,Debt Consolidation,12.5,0," $8,718.00 "
ACC-415575,Class-C,Home Improvement,12.5,1," $28,706.00 "
ACC-113991,Class-C,Major Purchase,38.2,0," $43,343.00 "
ACC-751069,Class-A,Home Improvement,,0," $38,596.00 "
ACC-253080,Class-B,Debt Consolidation,12.5,0," $40,403.00 "
ACC-683081,Class-A,Home Improvement,38.2,0," $15,613.00 "
ACC-505140,Class-A,Home Improvement,12.5,0," $7,472.00 "
ACC-854663,Class-C,Debt Consolidation,24.8,0," $43,813.00 "
ACC-922874,Class-A,Debt Consolidation,12.5,0," $37,884.00 "
ACC-432335,Class-A,Debt Consolidation,,0," $30,907.00 "
ACC-371894,Class-A,Small Business,24.8,0," $19,779.00 "
ACC-327203,Class-A,Debt Consolidation,55.0,0," $6,880.00 "
ACC-842495,Class-A,Home Improvement,55.0,0," $33,114.00 "
ACC-336981,Class-A,Home Improvement,12.5,1," $27,277.00 "
ACC-808785,Class-B,Debt Consolidation,24.8,0," $7,568.00 "
ACC-266955,Class-B,Debt Consolidation,12.5,0," $16,812.00 "
ACC-142159,Class-B,Debt Consolidation,24.8,0," $41,685.00 "
ACC-306381,Class-C,Major Purchase,24.8,0," $34,714.00 "
ACC-279551,Class-A,N/A,12.5,0," $11,167.00 "
ACC-124226,Class-B,Debt Consolidation,38.2,0," $41,836.00 "
ACC-865385,Class-A,Small Business,99.9,0," $37,389.00 "
ACC-288584,UNKNOWN,Debt Consolidation,55.0,0," $36,176.00 "
ACC-921412,Class-B,Home Improvement,55.0,0," $14,028.00 "
ACC-620641,,Small Business,,0," $10,138.00 "
ACC-919618,Class-C,Debt Consolidation,24.8,0," $8,322.00 "
ACC-733595,Class-B,Debt Consolidation,55.0,0," $43,925.00 "
ACC-891658,Class-C,Home Improvement,38.2,0," $17,294.00 "
ACC-249441,Class-A,Small Business,38.2,0," $12,014.00 "
ACC-860017,Class-A,Debt Consolidation,-1.5,0," $6,420.00 "
ACC-610650,Class-A,Home Improvement,12.5,0," $16,588.00 "
ACC-141606,Class-B,Small Business,55.0,0," $37,529.00 "
ACC-974808,UNKNOWN,Debt Consolidation,38.2,1," $29,327.00 "
ACC-475472,,Home Improvement,,0," $44,621.00 "
ACC-143440,Class-A,Debt Consolidation,12.5,0," $12,077.00 "
ACC-592301,Class-B,Debt Consolidation,12.5,1," $36,793.00 "
ACC-163914,Class-B,Major Purchase,24.8,0," $17,277.00 "
ACC-717634,Class-A,Debt Consolidation,38.2,0," $15,374.00 "
ACC-324588,Class-A,Debt Consolidation,38.2,0," $30,802.00 "
ACC-462669,Class-A,Debt Consolidation,12.5,0," $18,443.00 "
ACC-426926,Class-A,Home Improvement,38.2,0," $30,388.00 "
ACC-707752,Class-B,Small Business,38.2,0," $9,855.00 "
ACC-774826,,Debt Consolidation,,0," $29,057.00 "
ACC-849510,,Debt Consolidation,,0," $43,938.00 "
ACC-215227,Class-B,Small Business,12.5,0," $39,510.00 "
ACC-247448,Class-A,Debt Consolidation,12.5,0," $11,697.00 "
ACC-420609,Class-B,Debt Consolidation,24.8,0," $23,666.00 "
ACC-693913,Class-A,Debt Consolidation,38.2,0," $29,691.00 "
ACC-279938,Class-A,Home Improvement,12.5,0," $43,847.00 "
ACC-718477,,N/A,,0," $29,436.00 "
ACC-753822,Class-A,Debt Consolidation,24.8,0," $29,154.00 "
ACC-572239,,Debt Consolidation,,0," $7,264.00 "
ACC-504159,Class-B,Debt Consolidation,12.5,0," $21,662.00 "
ACC-628575,Class-B,Small Business,55.0,1," $34,914.00 "
ACC-505041,Class-B,Debt Consolidation,24.8,0," $8,520.00 "
ACC-373074,,Small Business,,0," $11,339.00 "
ACC-992178,Class-C,Small Business,24.8,0," $32,789.00 "
ACC-490945,Class-C,Small Business,24.8,0," $18,168.00 "
ACC-273674,,Home Improvement,,0," $34,435.00 "
ACC-145918,Class-A,Small Business,12.5,0," $31,017.00 "
ACC-464995,Class-B,Debt Consolidation,12.5,0," $7,317.00 "
ACC-997518,Class-B,Home Improvement,55.0,0," $25,486.00 "
ACC-497963,Class-C,Home Improvement,12.5,0," $20,476.00 "
ACC-483820,Class-B,Debt Consolidation,38.2,0," $13,031.00 "
ACC-973981,,N/A,,0," $27,181.00 "
ACC-414742,Class-A,Home Improvement,55.0,0," $12,696.00 "
ACC-474547,Class-B,Home Improvement,24.8,0," $24,365.00 "
ACC-600314,Class-B,Home Improvement,38.2,0," $36,737.00 "
ACC-791267,Class-A,Debt Consolidation,24.8,0," $20,149.00 "
ACC-491925,Class-B,Major Purchase,12.5,0," $12,036.00 "
ACC-592894,Class-C,Small Business,24.8,0," $30,667.00 "
ACC-896360,Class-B,Debt Consolidation,24.8,0," $18,317.00 "
ACC-941624,Class-A,Debt Consolidation,38.2,0," $36,905.00 "
ACC-944841,Class-A,N/A,55.0,1," $15,574.00 "
ACC-792965,Class-B,Home Improvement,38.2,0," $25,100.00 "
ACC-340182,Class-A,Home Improvement,38.2,0," $19,357.00 "
ACC-383927,Class-C,Debt Consolidation,24.8,0," $41,360.00 "
ACC-571229,Class-A,Home Improvement,24.8,0," $18,159.00 "
ACC-696180,Class-B,Small Business,55.0,0," $8,195.00 "
ACC-907901,Class-C,Debt Consolidation,38.2,0," $23,147.00 "
ACC-942514,Class-A,Debt Consolidation,55.0,0," $5,199.00 "
ACC-133631,Class-B,Small Business,12.5,0," $8,871.00 "
ACC-265264,Class-A,Major Purchase,24.8,0," $37,854.00 "
ACC-119076,Class-B,Small Business,12.5,0," $19,493.00 "
ACC-806698,Class-B,Debt Consolidation,12.5,0," $31,232.00 "
ACC-217933,Class-A,Debt Consolidation,38.2,1," $7,574.00 "
ACC-607164,Class-A,Debt Consolidation,38.2,0," $34,230.00 "
ACC-926327,Class-B,Major Purchase,24.8,0," $40,884.00 "
ACC-405435,Class-B,Home Improvement,99.9,0," $25,749.00 "
ACC-535659,UNKNOWN,Home Improvement,38.2,0," $11,000.00 "
ACC-303806,,Debt Consolidation,,0," $34,627.00 "
ACC-252991,Class-A,Debt Consolidation,24.8,1," $33,373.00 "
ACC-651694,Class-A,Debt Consolidation,24.8,0," $15,359.00 "
ACC-975428,Class-A,Home Improvement,,0," $18,325.00 "
ACC-409944,UNKNOWN,Home Improvement,55.0,1," $38,640.00 "
ACC-995096,Class-A,Home Improvement,24.8,0," $36,294.00 "
ACC-130277,Class-C,Home Improvement,12.5,0," $15,888.00 "
ACC-770360,Class-A,Home Improvement,38.2,0," $20,823.00 "
ACC-570792,UNKNOWN,Small Business,12.5,0," $44,109.00 "
ACC-274730,Class-C,Home Improvement,24.8,0," $40,465.00 "
ACC-996903,Class-C,Home Improvement,12.5,1," $23,513.00 "
ACC-729030,UNKNOWN,Debt Consolidation,12.5,0," $8,508.00 "
ACC-288790,Class-A,Debt Consolidation,38.2,0," $44,431.00 "
ACC-207987,Class-A,N/A,,0," $31,495.00 "
ACC-232560,Class-B,Debt Consolidation,38.2,0," $30,076.00 "
ACC-661632,Class-B,Home Improvement,12.5,0," $38,153.00 "
ACC-647638,Class-B,Small Business,12.5,0," $27,901.00 "
ACC-673489,,Debt Consolidation,,0," $10,954.00 "
ACC-918801,Class-B,Major Purchase,38.2,0," $44,750.00 "
ACC-233557,Class-B,N/A,38.2,0," $22,853.00 "
ACC-125837,Class-A,Home Improvement,55.0,0," $39,966.00 "
ACC-795663,UNKNOWN,Debt Consolidation,38.2,1," $29,752.00 "
ACC-174582,Class-A,Home Improvement,12.5,0," $33,394.00 "
ACC-583216,Class-C,Debt Consolidation,12.5,0," $17,734.00 "
ACC-722925,Class-C,Home Improvement,12.5,0," $44,265.00 "
ACC-777310,Class-A,Debt Consolidation,12.5,0," $39,358.00 "
ACC-779220,Class-B,Debt Consolidation,12.5,0," $32,440.00 "
ACC-741934,Class-A,Debt Consolidation,24.8,0," $40,716.00 "
ACC-702103,Class-B,Debt Consolidation,,0," $13,740.00 "
ACC-531898,Class-A,Debt Consolidation,12.5,0," $31,010.00 "
ACC-965055,Class-C,Home Improvement,38.2,0," $14,848.00 "
ACC-145466,Class-A,Home Improvement,12.5,1," $18,582.00 "
ACC-566648,Class-C,Home Improvement,12.5,0," $42,694.00 "
ACC-464063,Class-C,Major Purchase,38.2,0," $42,769.00 "
ACC-524187,Class-A,Home Improvement,24.8,0," $22,662.00 "
ACC-146745,UNKNOWN,N/A,38.2,0," $11,999.00 "
ACC-412987,Class-A,Debt Consolidation,38.2,0," $16,925.00 "
ACC-289383,Class-A,N/A,12.5,1," $24,245.00 "
ACC-983957,Class-A,Major Purchase,38.2,0," $12,808.00 "
ACC-584955,Class-A,N/A,24.8,0," $29,957.00 "
ACC-317791,Class-C,Home Improvement,55.0,0," $18,496.00 "
ACC-716964,Class-C,Home Improvement,24.8,0," $28,040.00 "
ACC-461588,Class-A,Small Business,12.5,0," $19,408.00 "
ACC-956110,Class-B,Debt Consolidation,55.0,0," $10,011.00 "
ACC-996758,Class-B,Small Business,-1.5,0," $5,471.00 "
ACC-947181,Class-A,Debt Consolidation,24.8,0," $39,722.00 "
ACC-420155,Class-C,Small Business,12.5,0," $44,007.00 "
ACC-513478,Class-A,Small Business,,0," $7,328.00 "
ACC-128454,Class-B,Debt Consolidation,24.8,0," $33,265.00 "
ACC-421350,Class-A,Home Improvement,24.8,1," $32,610.00 "
ACC-633388,,Home Improvement,,0," $29,049.00 "
ACC-747498,Class-B,Debt Consolidation,,0," $31,823.00 "
ACC-723939,Class-A,Debt Consolidation,24.8,0," $16,940.00 "
ACC-329445,Class-C,Small Business,12.5,0," $33,068.00 "
ACC-133411,Class-B,Major Purchase,38.2,0," $37,668.00 "
ACC-601149,Class-B,Home Improvement,38.2,0," $22,826.00 "
ACC-941163,Class-C,Debt Consolidation,24.8,0," $35,280.00 "
ACC-812919,Class-A,Small Business,24.8,0," $17,769.00 "
ACC-264131,Class-B,Small Business,,0," $24,960.00 "
ACC-150255,Class-A,Small Business,24.8,1," $36,381.00 "
ACC-477146,Class-C,Small Business,55.0,0," $30,783.00 "
ACC-476889,Class-A,Small Business,38.2,0," $8,061.00 "
ACC-461417,Class-A,Debt Consolidation,24.8,0," $34,509.00 "
ACC-249764,Class-B,Home Improvement,24.8,0," $29,452.00 "
ACC-372884,Class-B,Home Improvement,24.8,0," $39,476.00 "
ACC-203824,Class-B,Debt Consolidation,24.8,0," $26,675.00 "
ACC-901538,Class-A,Home Improvement,12.5,0," $26,101.00 "
ACC-115713,Class-A,Debt Consolidation,12.5,0," $8,901.00 "
ACC-787957,Class-C,Debt Consolidation,38.2,0," $5,442.00 "
ACC-979169,Class-B,Debt Consolidation,24.8,1," $44,789.00 "
ACC-912068,Class-A,Home Improvement,,0," $12,368.00 "
ACC-820193,Class-A,Small Business,24.8,0," $29,320.00 "
ACC-874147,,Debt Consolidation,,0," $24,722.00 "
ACC-511517,,Major Purchase,,0," $36,395.00 "
ACC-415123,Class-A,Home Improvement,38.2,0," $20,012.00 "
ACC-279715,Class-C,Debt Consolidation,12.5,0," $28,200.00 "
ACC-547596,Class-B,Major Purchase,38.2,0," $35,631.00 "
ACC-231401,Class-A,Debt Consolidation,24.8,0," $37,372.00 "
ACC-585244,Class-B,Small Business,12.5,0," $12,697.00 "
ACC-168159,Class-B,Debt Consolidation,24.8,0," $24,202.00 "
ACC-354529,Class-B,Small Business,38.2,0," $29,010.00 "
ACC-201583,Class-B,Debt Consolidation,38.2,0," $34,250.00 "
ACC-850868,Class-B,Major Purchase,12.5,0," $6,997.00 "
ACC-759451,Class-A,Debt Consolidation,24.8,1," $6,925.00 "
ACC-523656,Class-A,Debt Consolidation,-1.5,0," $36,542.00 "
ACC-118172,Class-B,Small Business,,0," $9,078.00 "
ACC-423226,Class-A,Small Business,55.0,0," $12,698.00 "
ACC-790627,Class-B,Debt Consolidation,38.2,0," $19,026.00 "
ACC-470391,Class-A,Debt Consolidation,12.5,0," $11,933.00 "
ACC-149120,Class-C,Major Purchase,55.0,0," $35,606.00 "
ACC-632224,Class-B,Debt Consolidation,12.5,0," $20,726.00 "
ACC-396482,Class-A,Debt Consolidation,24.8,0," $26,330.00 "
ACC-852493,Class-B,Major Purchase,,0," $8,903.00 "
ACC-496543,Class-B,Home Improvement,55.0,0," $19,411.00 "
ACC-105696,Class-C,Home Improvement,99.9,0," $41,992.00 "
ACC-841800,Class-A,Home Improvement,38.2,0," $11,317.00 "
ACC-639255,Class-A,Debt Consolidation,24.8,0," $20,981.00 "
ACC-279739,Class-A,Debt Consolidation,,0," $43,204.00 "
ACC-584296,Class-A,Home Improvement,24.8,0," $31,837.00 "
ACC-719480,Class-B,Home Improvement,55.0,0," $25,099.00 "
ACC-327731,Class-C,Small Business,38.2,0," $41,836.00 "
ACC-915813,Class-B,Debt Consolidation,12.5,0," $12,118.00 "
ACC-857362,Class-A,Debt Consolidation,,0," $6,857.00 "
ACC-759908,Class-B,Small Business,12.5,0," $33,781.00 "
ACC-948725,Class-A,Debt Consolidation,24.8,0," $24,395.00 "
ACC-552843,Class-B,Major Purchase,24.8,0," $27,155.00 "
ACC-818401,Class-A,Debt Consolidation,24.8,0," $33,468.00 "
ACC-234404,Class-B,Debt Consolidation,-1.5,0," $11,850.00 "
ACC-437385,Class-B,Debt Consolidation,38.2,0," $6,071.00 "
ACC-783071,Class-B,Major Purchase,12.5,0," $11,751.00 "
ACC-721506,Class-A,Debt Consolidation,12.5,0," $29,135.00 "
ACC-906357,UNKNOWN,Home Improvement,12.5,0," $34,970.00 "
ACC-594810,Class-B,Home Improvement,38.2,1," $27,614.00 "
ACC-692496,Class-A,Debt Consolidation,12.5,0," $27,004.00 "
ACC-502464,Class-B,Small Business,38.2,0," $22,855.00 "
ACC-247301,Class-A,Home Improvement,12.5,0," $8,175.00 "
ACC-371476,Class-A,Debt Consolidation,38.2,0," $26,265.00 "
ACC-364703,Class-B,N/A,38.2,1," $37,513.00 "
ACC-832005,,Debt Consolidation,,0," $16,122.00 "
ACC-913657,Class-B,Small Business,38.2,0," $5,337.00 "
ACC-820823,Class-B,Small Business,12.5,0," $5,141.00 "
ACC-598468,UNKNOWN,Debt Consolidation,24.8,0," $41,753.00 "
ACC-493477,Class-C,N/A,38.2,0," $8,548.00 "
ACC-925056,Class-A,Home Improvement,38.2,0," $20,285.00 "
ACC-884484,Class-B,Home Improvement,24.8,0," $38,443.00 "
ACC-425951,Class-A,Debt Consolidation,12.5,0," $16,775.00 "
ACC-182698,Class-B,Small Business,12.5,0," $7,803.00 "
ACC-115463,Class-B,Major Purchase,12.5,0," $21,352.00 "
ACC-356241,Class-A,Debt Consolidation,38.2,0," $27,497.00 "
ACC-502129,Class-B,N/A,38.2,0," $22,696.00 "
ACC-317263,Class-B,Debt Consolidation,24.8,0," $44,285.00 "
ACC-632449,Class-A,Home Improvement,55.0,0," $32,074.00 "
ACC-423242,Class-A,Debt Consolidation,12.5,1," $11,580.00 "
ACC-295467,Class-C,Debt Consolidation,38.2,1," $13,751.00 "
ACC-964848,Class-B,Debt Consolidation,12.5,0," $23,049.00 "
ACC-922139,Class-A,N/A,12.5,0," $25,115.00 "
ACC-914323,Class-B,Major Purchase,12.5,0," $12,149.00 "
ACC-265163,Class-A,Major Purchase,55.0,0," $30,035.00 "
ACC-274045,Class-A,Small Business,,0," $13,615.00 "
ACC-437663,Class-A,Major Purchase,24.8,0," $14,601.00 "
ACC-950630,Class-A,Debt Consolidation,55.0,0," $16,633.00 "
ACC-561754,Class-A,Small Business,24.8,0," $34,068.00 "
ACC-312392,Class-A,Debt Consolidation,55.0,0," $12,207.00 "
ACC-353533,Class-A,Home Improvement,12.5,0," $21,908.00 "
ACC-818542,Class-C,Major Purchase,38.2,0," $30,932.00 "
ACC-166830,,Debt Consolidation,,0," $29,699.00 "
ACC-546432,Class-C,Debt Consolidation,38.2,0," $42,050.00 "
ACC-489486,Class-A,Debt Consolidation,12.5,0," $13,810.00 "
ACC-206034,Class-A,Home Improvement,38.2,1," $33,867.00 "
ACC-281532,UNKNOWN,Debt Consolidation,12.5,0," $5,364.00 "
ACC-123674,Class-A,Major Purchase,99.9,0," $34,338.00 "
ACC-745304,Class-B,Home Improvement,12.5,0," $13,133.00 "
ACC-632556,,Major Purchase,,0," $12,882.00 "
ACC-743172,Class-C,Debt Consolidation,55.0,0," $38,041.00 "
ACC-856867,Class-A,N/A,12.5,0," $22,174.00 "
ACC-581216,Class-B,Home Improvement,12.5,0," $33,825.00 "
ACC-123311,Class-A,Home Improvement,38.2,0," $34,133.00 "
ACC-342997,Class-B,Debt Consolidation,12.5,0," $17,166.00 "
ACC-337761,Class-A,Debt Consolidation,24.8,0," $12,981.00 "
ACC-326846,Class-C,Small Business,12.5,0," $7,918.00 "
ACC-562612,Class-C,Home Improvement,38.2,0," $5,185.00 "
ACC-840059,Class-B,Home Improvement,12.5,0," $30,520.00 "
ACC-128007,Class-A,Debt Consolidation,12.5,0," $19,478.00 "
ACC-542232,Class-A,Debt Consolidation,38.2,1," $5,664.00 "
ACC-998353,Class-C,Debt Consolidation,38.2,0," $12,121.00 "
ACC-646848,Class-A,Home Improvement,12.5,0," $14,318.00 "
ACC-925192,,Debt Consolidation,,0," $24,559.00 "
ACC-533951,UNKNOWN,Debt Consolidation,12.5,0," $29,454.00 "
ACC-302112,Class-B,Home Improvement,24.8,0," $8,510.00 "
ACC-675401,Class-A,Small Business,,0," $10,717.00 "
ACC-285904,Class-B,Small Business,38.2,1," $9,507.00 "
ACC-413827,,Home Improvement,,0," $5,871.00 "
ACC-551086,Class-B,Debt Consolidation,24.8,0," $22,561.00 "
ACC-868441,Class-A,Home Improvement,55.0,0," $12,993.00 "
ACC-807748,Class-C,Debt Consolidation,24.8,0," $11,967.00 "
ACC-689117,Class-C,Debt Consolidation,55.0,0," $5,363.00 "
ACC-319660,Class-A,Home Improvement,12.5,0," $12,616.00 "
ACC-737566,Class-B,Debt Consolidation,38.2,0," $39,242.00 "
ACC-655671,Class-C,Debt Consolidation,12.5,0," $17,713.00 "
ACC-923017,Class-B,Debt Consolidation,24.8,0," $37,957.00 "
ACC-196080,Class-B,Small Business,55.0,0," $7,280.00 "
ACC-460800,Class-A,Debt Consolidation,24.8,0," $26,415.00 "
ACC-577477,Class-A,Home Improvement,38.2,1," $31,345.00 "
ACC-341431,Class-A,Debt Consolidation,24.8,0," $15,755.00 "
ACC-923710,Class-B,Debt Consolidation,55.0,0," $30,137.00 "
ACC-333460,Class-C,Home Improvement,12.5,0," $27,415.00 "
ACC-853060,Class-A,Debt Consolidation,38.2,0," $21,019.00 "
ACC-212237,Class-B,Major Purchase,12.5,0," $16,739.00 "
ACC-369390,Class-A,Debt Consolidation,12.5,0," $36,396.00 "
ACC-335296,Class-A,Home Improvement,12.5,0," $28,017.00 "
ACC-675392,Class-A,Home Improvement,24.8,0," $35,030.00 "
ACC-700175,Class-A,Home Improvement,55.0,0," $18,623.00 "
ACC-921464,Class-B,Small Business,55.0,0," $24,174.00 "
ACC-226560,UNKNOWN,Debt Consolidation,55.0,0," $33,452.00 "
ACC-122067,Class-A,Small Business,,0," $29,077.00 "
ACC-243152,Class-A,Debt Consolidation,-1.5,0," $30,482.00 "
ACC-665444,Class-B,Small Business,24.8,0," $10,550.00 "
ACC-470793,Class-B,N/A,24.8,0," $11,164.00 "
ACC-369429,Class-B,Debt Consolidation,12.5,0," $15,969.00 "
ACC-410606,Class-A,Debt Consolidation,24.8,0," $11,671.00 "
ACC-804253,Class-A,Debt Consolidation,-1.5,0," $29,514.00 "
ACC-450057,Class-C,N/A,38.2,0," $14,077.00 "
ACC-756006,Class-A,Home Improvement,38.2,1," $42,796.00 "
ACC-711115,Class-A,Debt Consolidation,12.5,0," $15,031.00 "
ACC-443690,Class-C,Debt Consolidation,24.8,0," $16,964.00 "
ACC-579615,Class-B,Debt Consolidation,12.5,0," $25,369.00 "
ACC-548849,Class-C,Home Improvement,12.5,0," $27,893.00 "
ACC-374965,Class-B,Debt Consolidation,12.5,0," $19,895.00 "
ACC-897163,Class-A,N/A,12.5,0," $16,967.00 "
ACC-213125,UNKNOWN,Debt Consolidation,24.8,0," $5,724.00 "
ACC-489429,Class-B,Home Improvement,12.5,0," $6,249.00 "
ACC-632610,Class-A,Debt Consolidation,55.0,0," $32,743.00 "
ACC-667696,Class-A,Home Improvement,12.5,0," $23,733.00 "
ACC-154306,Class-B,Debt Consolidation,24.8,0," $8,514.00 "
ACC-615412,Class-B,Debt Consolidation,24.8,0," $32,815.00 "
ACC-274082,UNKNOWN,Home Improvement,12.5,1," $44,830.00 "
ACC-296505,Class-A,Home Improvement,24.8,0," $14,313.00 "
ACC-331082,Class-A,Home Improvement,38.2,0," $25,382.00 "
ACC-112443,Class-A,Home Improvement,24.8,1," $27,233.00 "
ACC-788111,Class-A,Home Improvement,24.8,0," $39,612.00 "
ACC-641191,Class-B,Debt Consolidation,12.5,0," $34,852.00 "
ACC-999159,,Debt Consolidation,,0," $14,609.00 "
ACC-322952,Class-A,Debt Consolidation,12.5,0," $25,903.00 "
ACC-192880,Class-B,Home Improvement,24.8,0," $26,135.00 "
ACC-451282,Class-C,Home Improvement,24.8,0," $20,674.00 "
ACC-780288,UNKNOWN,Debt Consolidation,55.0,0," $29,769.00 "
ACC-855162,Class-A,Small Business,12.5,0," $9,801.00 "
ACC-598101,Class-B,Home Improvement,24.8,0," $40,769.00 "
ACC-742535,Class-B,Small Business,38.2,1," $5,202.00 "
ACC-771174,Class-A,Small Business,99.9,0," $43,717.00 "
ACC-742886,Class-B,Home Improvement,,0," $11,687.00 "
ACC-157989,Class-B,Home Improvement,,0," $14,053.00 "
ACC-879982,Class-A,Debt Consolidation,38.2,0," $20,586.00 "
ACC-149204,Class-B,Debt Consolidation,24.8,1," $28,251.00 "
ACC-286635,Class-A,Debt Consolidation,12.5,1," $40,488.00 "
ACC-324691,Class-B,N/A,38.2,0," $11,084.00 "
ACC-250419,Class-B,Major Purchase,24.8,0," $22,772.00 "
ACC-433318,,Debt Consolidation,,0," $38,346.00 "
ACC-230276,Class-A,Small Business,99.9,0," $40,626.00 "
ACC-847448,Class-B,Debt Consolidation,12.5,0," $7,102.00 "
ACC-377041,Class-C,Small Business,38.2,0," $13,827.00 "
ACC-776432,Class-B,Major Purchase,24.8,0," $7,758.00 "
ACC-519107,Class-A,Debt Consolidation,12.5,0," $26,505.00 "
ACC-255612,Class-B,Debt Consolidation,38.2,1," $5,193.00 "
ACC-190745,,Small Business,,0," $5,088.00 "
ACC-540268,,Small Business,,0," $38,097.00 "
ACC-443438,Class-B,Home Improvement,12.5,0," $12,966.00 "
ACC-842213,Class-A,Small Business,12.5,1," $24,838.00 "
ACC-310083,Class-C,Debt Consolidation,,0," $10,188.00 "
ACC-542197,Class-A,Home Improvement,,0," $6,096.00 "
ACC-996385,Class-A,Home Improvement,24.8,0," $41,173.00 "
ACC-191988,Class-A,Small Business,38.2,0," $38,498.00 "
ACC-851317,Class-A,Debt Consolidation,24.8,0," $31,670.00 "
ACC-521600,,Debt Consolidation,,0," $24,465.00 "
ACC-292517,Class-A,Home Improvement,12.5,0," $42,831.00 "
ACC-368537,Class-A,Home Improvement,24.8,0," $6,844.00 "
ACC-769343,Class-B,Debt Consolidation,24.8,0," $26,910.00 "
ACC-781984,Class-A,Debt Consolidation,55.0,0," $27,099.00 "
ACC-971462,Class-C,Debt Consolidation,24.8,0," $30,535.00 "
ACC-618010,UNKNOWN,Debt Consolidation,24.8,0," $25,688.00 "
ACC-309313,Class-B,Debt Consolidation,,0," $14,268.00 "
ACC-398874,Class-A,Small Business,38.2,0," $9,898.00 "
ACC-307583,Class-B,N/A,99.9,1," $26,907.00 "
ACC-635360,Class-A,Debt Consolidation,38.2,0," $7,690.00 "
ACC-159407,Class-A,Home Improvement,12.5,0," $34,319.00 "
ACC-344372,Class-B,Debt Consolidation,55.0,0," $9,872.00 "
ACC-482185,,Small Business,,0," $25,268.00 "
ACC-723199,UNKNOWN,Debt Consolidation,38.2,0," $34,636.00 "
ACC-573492,Class-A,Small Business,38.2,0," $40,660.00 "
ACC-862143,Class-B,Debt Consolidation,38.2,0," $12,465.00 "
ACC-105971,Class-B,Debt Consolidation,12.5,0," $43,537.00 "
ACC-794397,Class-A,Debt Consolidation,55.0,1," $36,231.00 "
ACC-676861,Class-A,Small Business,,0," $41,914.00 "
ACC-895125,Class-B,Debt Consolidation,24.8,0," $22,404.00 "
ACC-921372,,Small Business,,0," $7,672.00 "
ACC-278026,Class-A,Home Improvement,24.8,0," $15,530.00 "
ACC-899553,,Small Business,,0," $40,424.00 "
ACC-309786,UNKNOWN,Home Improvement,24.8,0," $19,967.00 "
ACC-169353,Class-A,N/A,,0," $32,004.00 "
ACC-372201,Class-A,Home Improvement,38.2,0," $40,590.00 "
ACC-677546,Class-A,Home Improvement,55.0,0," $33,981.00 "
ACC-786378,Class-B,Home Improvement,24.8,0," $25,761.00 "
ACC-607450,Class-A,Debt Consolidation,55.0,1," $26,048.00 "
ACC-925862,,Debt Consolidation,,0," $21,435.00 "
ACC-187178,Class-C,Debt Consolidation,38.2,0," $16,574.00 "
ACC-903543,Class-A,Debt Consolidation,24.8,0," $11,721.00 "
ACC-759681,UNKNOWN,Home Improvement,12.5,0," $39,327.00 "
ACC-674122,Class-B,Small Business,12.5,0," $31,998.00 "
ACC-126116,Class-A,Home Improvement,,0," $37,681.00 "
ACC-995102,UNKNOWN,Home Improvement,55.0,0," $27,818.00 "
ACC-485542,,Major Purchase,,0," $40,008.00 "
ACC-613251,Class-A,Home Improvement,24.8,0," $44,825.00 "
ACC-106645,Class-A,Home Improvement,38.2,0," $36,434.00 "
ACC-503469,Class-B,Debt Consolidation,12.5,0," $7,388.00 "
ACC-123435,Class-C,Debt Consolidation,24.8,0," $29,857.00 "
ACC-674252,Class-B,Debt Consolidation,38.2,0," $7,152.00 "
ACC-733298,Class-A,Debt Consolidation,12.5,1," $37,783.00 "
ACC-626682,UNKNOWN,Debt Consolidation,24.8,0," $41,481.00 "
ACC-497025,UNKNOWN,Home Improvement,12.5,0," $37,689.00 "
ACC-622150,Class-C,Small Business,12.5,0," $9,735.00 "
ACC-150453,Class-A,N/A,12.5,0," $8,859.00 "
ACC-111124,Class-A,Small Business,38.2,0," $39,917.00 "
ACC-976434,Class-B,Major Purchase,38.2,0," $9,629.00 "
ACC-870175,Class-B,Debt Consolidation,12.5,1," $11,480.00 "
ACC-436209,Class-C,Debt Consolidation,38.2,0," $31,239.00 "
ACC-475315,Class-A,Debt Consolidation,12.5,0," $19,393.00 "
ACC-569568,Class-A,Home Improvement,12.5,0," $15,362.00 "
ACC-626627,UNKNOWN,Small Business,24.8,0," $28,296.00 "
ACC-572116,Class-B,Major Purchase,12.5,1," $11,346.00 "
ACC-400252,Class-A,Debt Consolidation,38.2,0," $11,444.00 "
ACC-126381,UNKNOWN,Home Improvement,12.5,1," $43,860.00 "
ACC-692676,Class-A,Small Business,38.2,0," $7,725.00 "
ACC-397673,Class-A,Debt Consolidation,38.2,0," $28,353.00 "
ACC-451201,Class-A,Debt Consolidation,12.5,0," $42,598.00 "
ACC-508217,Class-B,Debt Consolidation,55.0,0," $12,346.00 "
ACC-290105,Class-A,Home Improvement,,0," $42,992.00 "
ACC-109182,Class-B,Debt Consolidation,-1.5,0," $9,564.00 "
ACC-921984,Class-A,Home Improvement,38.2,0," $33,402.00 "
ACC-178803,Class-C,Debt Consolidation,24.8,0," $39,197.00 "
ACC-471068,Class-A,Debt Consolidation,12.5,0," $25,270.00 "
ACC-739768,,Home Improvement,,0," $26,296.00 "
ACC-141911,Class-B,Debt Consolidation,,0," $21,539.00 "
ACC-945950,Class-C,Major Purchase,55.0,1," $13,007.00 "
ACC-831701,Class-A,Debt Consolidation,24.8,0," $42,498.00 "
ACC-558139,Class-A,Major Purchase,,0," $28,820.00 "
ACC-386235,Class-B,Small Business,12.5,0," $10,064.00 "
ACC-308558,Class-C,Debt Consolidation,12.5,0," $9,143.00 "
ACC-774028,Class-B,Debt Consolidation,24.8,0," $15,284.00 "
ACC-332565,Class-A,Home Improvement,12.5,0," $34,388.00 "
ACC-896222,,Debt Consolidation,,0," $7,938.00 "
ACC-934569,Class-B,Home Improvement,12.5,0," $23,080.00 "
ACC-898677,Class-B,N/A,24.8,1," $28,477.00 "
ACC-927178,Class-A,Debt Consolidation,,0," $27,731.00 "
ACC-514494,Class-C,Home Improvement,24.8,0," $22,671.00 "
ACC-311430,Class-C,Debt Consolidation,12.5,0," $24,288.00 "
ACC-496339,Class-A,Debt Consolidation,12.5,0," $10,138.00 "
ACC-961475,Class-B,Debt Consolidation,12.5,0," $15,620.00 "
ACC-744159,UNKNOWN,N/A,24.8,1," $43,287.00 "
ACC-905742,Class-A,Debt Consolidation,55.0,0," $16,089.00 "
ACC-804401,Class-B,Home Improvement,12.5,0," $17,222.00 "
ACC-469528,Class-C,Home Improvement,12.5,0," $24,471.00 "
ACC-276446,,Debt Consolidation,,0," $8,052.00 "
ACC-302039,Class-B,Small Business,24.8,0," $7,268.00 "
ACC-524667,Class-C,Major Purchase,38.2,0," $29,023.00 "
ACC-462081,Class-B,Debt Consolidation,,0," $13,164.00 "
ACC-189523,Class-A,N/A,38.2,0," $18,852.00 "
ACC-724309,Class-A,Debt Consolidation,,0," $9,387.00 "
ACC-819929,Class-B,Small Business,24.8,0," $18,948.00 "
ACC-242408,Class-A,Debt Consolidation,24.8,0," $11,178.00 "
ACC-869619,Class-A,N/A,38.2,0," $6,394.00 "
ACC-139900,Class-C,Debt Consolidation,-1.5,0," $22,243.00 "
ACC-148934,Class-C,Home Improvement,38.2,0," $19,447.00 "
ACC-966685,,Debt Consolidation,,0," $36,923.00 "
ACC-767549,Class-A,Debt Consolidation,55.0,0," $15,863.00 "
ACC-987691,Class-A,Debt Consolidation,12.5,0," $21,703.00 "
ACC-634347,Class-A,Debt Consolidation,12.5,0," $17,030.00 "
ACC-850241,Class-A,Debt Consolidation,12.5,0," $24,988.00 "
ACC-421654,Class-B,Home Improvement,24.8,0," $38,573.00 "
ACC-816093,Class-C,Home Improvement,24.8,0," $33,518.00 "
ACC-806951,Class-C,Debt Consolidation,24.8,0," $24,252.00 "
ACC-484927,Class-C,Debt Consolidation,12.5,0," $6,070.00 "
ACC-379772,Class-B,Small Business,24.8,0," $15,502.00 "
ACC-491573,Class-A,Debt Consolidation,99.9,1," $41,237.00 "
ACC-181113,Class-A,Small Business,12.5,0," $37,660.00 "
ACC-906015,UNKNOWN,Major Purchase,24.8,0," $34,188.00 "
ACC-109250,UNKNOWN,N/A,55.0,0," $41,598.00 "
ACC-831935,Class-A,Major Purchase,55.0,0," $12,509.00 "
ACC-643896,Class-C,Debt Consolidation,24.8,0," $34,627.00 "
ACC-789810,Class-A,Small Business,24.8,0," $39,929.00 "
ACC-857371,Class-C,Debt Consolidation,12.5,0," $38,924.00 "
ACC-336054,Class-A,Small Business,24.8,0," $11,507.00 "
ACC-700046,Class-B,Debt Consolidation,38.2,1," $32,258.00 "
ACC-422832,Class-B,Debt Consolidation,38.2,1," $33,976.00 "
ACC-105831,Class-C,Major Purchase,99.9,0," $15,907.00 "
ACC-393971,Class-A,Debt Consolidation,12.5,0," $42,744.00 "
ACC-861748,Class-C,Small Business,24.8,1," $41,143.00 "
ACC-806060,Class-C,Home Improvement,,1," $23,863.00 "
ACC-957639,Class-B,Home Improvement,24.8,1," $9,851.00 "
ACC-611437,UNKNOWN,Debt Consolidation,12.5,0," $23,887.00 "
ACC-605252,Class-A,Home Improvement,38.2,0," $19,491.00 "
ACC-462619,Class-A,Home Improvement,12.5,0," $44,952.00 "
ACC-503798,Class-B,Home Improvement,,0," $20,029.00 "
ACC-428541,Class-A,Debt Consolidation,24.8,0," $28,227.00 "
ACC-341812,UNKNOWN,Debt Consolidation,,0," $36,889.00 "
ACC-161550,,Debt Consolidation,,0," $35,102.00 "
ACC-136472,Class-B,Home Improvement,99.9,1," $44,114.00 "
ACC-240891,Class-B,N/A,24.8,0," $44,506.00 "
ACC-435849,Class-A,Major Purchase,12.5,0," $38,775.00 "
ACC-875395,Class-A,Home Improvement,38.2,1," $10,874.00 "
ACC-446701,Class-C,Small Business,-1.5,0," $27,263.00 "
ACC-536829,Class-B,Home Improvement,99.9,0," $29,778.00 "
ACC-890769,Class-B,Home Improvement,24.8,0," $27,869.00 "
ACC-777798,Class-A,Home Improvement,12.5,0," $39,270.00 "
ACC-407126,Class-B,Debt Consolidation,55.0,0," $29,181.00 "
ACC-805173,Class-A,Debt Consolidation,,1," $40,763.00 "
ACC-729751,Class-C,Home Improvement,12.5,0," $5,564.00 "
ACC-933079,Class-C,Debt Consolidation,55.0,0," $29,015.00 "
ACC-446441,Class-A,Debt Consolidation,55.0,1," $17,360.00 "
ACC-208746,,Home Improvement,,0," $26,332.00 "
ACC-215721,Class-A,Home Improvement,38.2,0," $40,213.00 "
ACC-297035,Class-A,Debt Consolidation,12.5,0," $41,700.00 "
ACC-208495,Class-A,Major Purchase,,0," $35,477.00 "
ACC-787159,UNKNOWN,Debt Consolidation,24.8,0," $22,233.00 "
ACC-183748,Class-C,Home Improvement,12.5,0," $28,523.00 "
ACC-363277,Class-B,Home Improvement,12.5,0," $26,443.00 "
ACC-620090,Class-A,Small Business,24.8,0," $8,944.00 "
ACC-603466,,Home Improvement,,0," $40,350.00 "
ACC-811123,Class-B,Debt Consolidation,12.5,1," $41,983.00 "
ACC-957201,Class-B,Debt Consolidation,,0," $32,739.00 "
ACC-911718,Class-A,Major Purchase,12.5,1," $10,293.00 "
ACC-460697,Class-C,N/A,12.5,0," $30,585.00 "
ACC-662827,Class-B,Major Purchase,55.0,0," $22,897.00 "
ACC-705042,Class-A,Debt Consolidation,-1.5,1," $33,389.00 "
ACC-275598,Class-C,Debt Consolidation,38.2,0," $25,030.00 "
ACC-315038,Class-A,Debt Consolidation,55.0,0," $15,564.00 "
ACC-883758,Class-B,Debt Consolidation,12.5,0," $44,944.00 "
ACC-134830,Class-A,Debt Consolidation,24.8,0," $43,021.00 "
ACC-772280,Class-B,Debt Consolidation,24.8,1," $30,592.00 "
ACC-984586,Class-B,Small Business,24.8,1," $29,173.00 "
ACC-118852,Class-C,N/A,55.0,0," $31,948.00 "
ACC-637286,,Home Improvement,,0," $34,114.00 "
ACC-723588,Class-A,Debt Consolidation,38.2,0," $35,268.00 "
ACC-660819,,Debt Consolidation,,0," $33,010.00 "
ACC-665144,Class-A,Debt Consolidation,12.5,0," $35,050.00 "
ACC-611339,Class-A,Debt Consolidation,,0," $26,540.00 "
ACC-576048,,Debt Consolidation,,0," $31,812.00 "
ACC-614811,Class-B,Home Improvement,12.5,0," $20,647.00 "
ACC-435543,Class-B,Debt Consolidation,38.2,0," $26,669.00 "
ACC-978890,Class-C,Debt Consolidation,12.5,0," $5,365.00 "
ACC-920859,Class-A,Debt Consolidation,55.0,0," $18,825.00 "
ACC-449823,UNKNOWN,Major Purchase,38.2,0," $41,180.00 "
ACC-858538,Class-A,Small Business,24.8,0," $13,104.00 "
ACC-443087,Class-A,Debt Consolidation,38.2,0," $39,796.00 "
ACC-239296,Class-A,Debt Consolidation,55.0,0," $15,783.00 "
ACC-361519,Class-C,Home Improvement,24.8,0," $16,356.00 "
ACC-119492,Class-A,Debt Consolidation,38.2,0," $27,054.00 "
ACC-457830,Class-A,Debt Consolidation,12.5,0," $25,219.00 "
ACC-925095,UNKNOWN,Debt Consolidation,55.0,0," $22,318.00 "
ACC-172280,Class-A,Major Purchase,12.5,0," $26,380.00 "
ACC-674040,Class-A,Debt Consolidation,24.8,0," $31,082.00 "
ACC-161881,Class-C,Small Business,12.5,0," $20,793.00 "
ACC-198282,Class-A,Debt Consolidation,24.8,0," $19,349.00 "
ACC-144456,Class-C,Home Improvement,12.5,0," $7,670.00 "
ACC-893792,Class-B,Debt Consolidation,24.8,0," $42,906.00 "
ACC-113101,Class-B,Debt Consolidation,24.8,0," $37,089.00 "
ACC-877067,Class-B,Debt Consolidation,38.2,0," $37,350.00 "
ACC-409870,UNKNOWN,Small Business,24.8,0," $9,342.00 "
ACC-767657,Class-A,Debt Consolidation,12.5,0," $42,812.00 "
ACC-656515,Class-B,Home Improvement,12.5,0," $25,968.00 "
ACC-344623,Class-A,Small Business,,1," $22,085.00 "
ACC-116628,Class-B,Debt Consolidation,-1.5,0," $37,270.00 "
ACC-956734,,Home Improvement,,0," $14,725.00 "
ACC-655817,Class-B,N/A,38.2,0," $31,671.00 "
ACC-103799,Class-A,Major Purchase,55.0,0," $10,203.00 "
ACC-490520,Class-B,Debt Consolidation,24.8,0," $5,661.00 "
ACC-478106,UNKNOWN,Debt Consolidation,24.8,1," $27,039.00 "
ACC-798413,Class-B,Small Business,-1.5,0," $26,252.00 "
ACC-395612,UNKNOWN,Debt Consolidation,12.5,1," $15,034.00 "
ACC-674608,UNKNOWN,Home Improvement,38.2,0," $44,735.00 "
ACC-164664,Class-A,Debt Consolidation,24.8,0," $35,335.00 "
ACC-822486,Class-B,Debt Consolidation,12.5,0," $26,070.00 "
ACC-129371,Class-A,Debt Consolidation,38.2,0," $44,858.00 "
ACC-818620,Class-A,Major Purchase,24.8,0," $7,963.00 "
ACC-925717,Class-A,Home Improvement,-1.5,0," $27,512.00 "
ACC-428535,Class-B,Home Improvement,24.8,0," $23,381.00 "
ACC-775937,Class-B,Debt Consolidation,,0," $33,970.00 "
ACC-160039,Class-A,Home Improvement,12.5,1," $42,407.00 "
ACC-531309,Class-B,Debt Consolidation,24.8,0," $29,814.00 "
ACC-284101,Class-B,Home Improvement,12.5,0," $21,172.00 "
ACC-202639,Class-C,Home Improvement,99.9,0," $24,153.00 "
ACC-343471,Class-C,Home Improvement,12.5,0," $24,986.00 "
ACC-447254,Class-A,Major Purchase,38.2,0," $26,571.00 "
ACC-403777,Class-A,Debt Consolidation,24.8,0," $16,441.00 "
ACC-975341,Class-C,Debt Consolidation,38.2,0," $6,027.00 "
ACC-193302,Class-B,Major Purchase,24.8,0," $7,372.00 "
ACC-108232,Class-B,Debt Consolidation,24.8,0," $34,414.00 "
ACC-306929,Class-B,Debt Consolidation,,0," $17,825.00 "
ACC-578149,,N/A,,0," $32,311.00 "
ACC-286388,Class-A,Debt Consolidation,55.0,0," $16,774.00 "
ACC-885264,Class-B,Home Improvement,38.2,0," $5,999.00 "
ACC-870968,Class-B,Debt Consolidation,38.2,0," $42,123.00 "
ACC-564111,Class-A,Debt Consolidation,12.5,0," $36,480.00 "
ACC-329443,Class-A,Major Purchase,-1.5,0," $7,346.00 "
ACC-862832,Class-A,Debt Consolidation,55.0,0," $9,658.00 "
ACC-951826,Class-B,Home Improvement,24.8,1," $41,191.00 "
ACC-816256,Class-A,Debt Consolidation,38.2,0," $13,665.00 "
ACC-854154,Class-B,Home Improvement,12.5,1," $33,305.00 "
ACC-400423,Class-B,Debt Consolidation,24.8,0," $29,380.00 "
ACC-824154,,Small Business,,0," $29,295.00 "
ACC-211959,Class-A,Debt Consolidation,38.2,0," $37,307.00 "
ACC-879433,Class-A,Debt Consolidation,12.5,0," $31,861.00 "
ACC-320531,Class-B,Small Business,24.8,0," $15,063.00 "
ACC-276249,Class-C,N/A,24.8,0," $44,064.00 "
ACC-893903,Class-A,Home Improvement,24.8,0," $10,875.00 "
ACC-619948,Class-A,Home Improvement,12.5,0," $9,603.00 "
ACC-762438,Class-C,Small Business,12.5,0," $34,894.00 "
ACC-599859,Class-B,Home Improvement,12.5,0," $8,265.00 "
ACC-786523,Class-A,Debt Consolidation,24.8,0," $18,266.00 "
ACC-761393,Class-A,Debt Consolidation,12.5,1," $39,272.00 "
ACC-319897,Class-A,Major Purchase,55.0,0," $33,033.00 "
ACC-261596,Class-B,Debt Consolidation,24.8,0," $23,147.00 "
ACC-784145,Class-A,Major Purchase,38.2,0," $28,705.00 "
ACC-274908,Class-A,Debt Consolidation,55.0,0," $34,166.00 "
ACC-756519,UNKNOWN,Debt Consolidation,55.0,0," $24,633.00 "
ACC-405548,Class-A,Debt Consolidation,55.0,0," $15,850.00 "
ACC-991110,Class-B,Home Improvement,12.5,0," $5,349.00 "
ACC-957112,Class-C,Home Improvement,24.8,0," $10,419.00 "
ACC-907755,Class-A,Small Business,38.2,0," $19,747.00 "
ACC-281519,,Debt Consolidation,,0," $12,004.00 "
ACC-122597,Class-A,Debt Consolidation,12.5,0," $12,587.00 "
ACC-708718,Class-A,Debt Consolidation,55.0,0," $14,292.00 "
ACC-726096,UNKNOWN,Small Business,24.8,0," $14,714.00 "
ACC-341710,Class-C,Debt Consolidation,-1.5,0," $23,912.00 "
ACC-299328,Class-C,Home Improvement,,0," $7,462.00 "
ACC-214530,Class-A,Home Improvement,38.2,0," $41,973.00 "
ACC-180433,Class-B,Debt Consolidation,99.9,0," $27,150.00 "
ACC-562616,Class-B,Major Purchase,38.2,0," $22,832.00 "
ACC-329630,Class-B,Home Improvement,55.0,0," $36,090.00 "
ACC-719085,Class-B,Home Improvement,-1.5,0," $21,120.00 "
ACC-274992,Class-B,Home Improvement,24.8,1," $42,891.00 "
ACC-615243,Class-B,Debt Consolidation,24.8,0," $12,877.00 "
ACC-596931,Class-A,Major Purchase,38.2,0," $20,791.00 "
ACC-318259,Class-A,Small Business,12.5,0," $42,855.00 "
ACC-740430,Class-A,Home Improvement,99.9,0," $16,823.00 "
ACC-769442,Class-A,Major Purchase,12.5,0," $8,569.00 "
ACC-516096,Class-A,Home Improvement,24.8,0," $44,766.00 "
ACC-338540,Class-B,N/A,24.8,0," $29,234.00 "
ACC-174455,Class-C,Debt Consolidation,24.8,0," $43,695.00 "
ACC-653531,Class-A,Debt Consolidation,24.8,1," $5,643.00 "
ACC-609720,Class-C,Home Improvement,38.2,0," $8,172.00 "
ACC-123396,Class-B,Debt Consolidation,55.0,0," $7,926.00 "
ACC-914987,Class-A,Home Improvement,12.5,0," $21,574.00 "
ACC-770980,Class-A,Major Purchase,38.2,0," $33,393.00 "
ACC-308472,Class-B,Home Improvement,12.5,0," $25,195.00 "
ACC-367028,Class-B,Home Improvement,24.8,1," $39,820.00 "
ACC-318663,Class-B,N/A,55.0,1," $9,593.00 "
ACC-290436,Class-C,N/A,24.8,1," $34,396.00 "
ACC-378910,Class-C,Debt Consolidation,12.5,1," $32,225.00 "
ACC-179487,Class-C,Debt Consolidation,12.5,0," $23,010.00 "
ACC-217824,Class-A,Debt Consolidation,12.5,1," $43,717.00 "
ACC-794419,Class-B,Debt Consolidation,,1," $18,990.00 "
ACC-391886,,Home Improvement,,0," $12,577.00 "
ACC-165422,Class-B,Debt Consolidation,12.5,0," $42,879.00 "
ACC-954687,Class-C,Major Purchase,12.5,0," $18,780.00 "
ACC-353307,Class-A,Small Business,24.8,0," $5,858.00 "
ACC-728702,Class-A,Debt Consolidation,24.8,0," $14,650.00 "
ACC-264758,Class-B,Small Business,12.5,0," $12,272.00 "
ACC-742395,Class-C,Debt Consolidation,55.0,1," $14,419.00 "
ACC-188883,Class-A,Debt Consolidation,12.5,0," $7,865.00 "
ACC-195971,Class-C,Debt Consolidation,12.5,0," $21,440.00 "
ACC-540100,Class-C,Debt Consolidation,24.8,0," $39,750.00 "
ACC-442226,UNKNOWN,Debt Consolidation,24.8,0," $26,872.00 "
ACC-723510,Class-B,Home Improvement,12.5,1," $27,768.00 "
ACC-932830,Class-B,Major Purchase,12.5,0," $42,938.00 "
ACC-121537,Class-B,Small Business,24.8,0," $6,119.00 "
ACC-192450,UNKNOWN,Small Business,12.5,0," $13,877.00 "
ACC-709074,Class-A,Home Improvement,55.0,0," $16,618.00 "
ACC-689988,Class-C,Debt Consolidation,38.2,0," $44,759.00 "
ACC-264122,Class-A,N/A,24.8,0," $9,623.00 "
ACC-945413,Class-A,Debt Consolidation,24.8,0," $23,490.00 "
ACC-113619,Class-A,Home Improvement,,0," $30,367.00 "
ACC-672867,Class-B,Debt Consolidation,24.8,0," $40,053.00 "
ACC-425018,Class-C,Debt Consolidation,24.8,0," $14,472.00 "
ACC-937753,Class-A,Debt Consolidation,55.0,0," $35,833.00 "
ACC-651826,Class-A,Major Purchase,24.8,0," $31,621.00 "
ACC-485252,Class-B,N/A,12.5,0," $33,165.00 "
ACC-505932,Class-B,N/A,12.5,0," $30,421.00 "
ACC-764501,Class-B,Debt Consolidation,24.8,0," $17,427.00 "
ACC-372111,Class-B,Debt Consolidation,55.0,0," $39,220.00 "
ACC-612045,UNKNOWN,Home Improvement,55.0,0," $19,587.00 "
ACC-180255,Class-B,Home Improvement,55.0,0," $41,907.00 "
ACC-174350,Class-A,Major Purchase,12.5,0," $24,625.00 "
ACC-217270,Class-B,Debt Consolidation,38.2,0," $38,941.00 "
ACC-521525,Class-A,Home Improvement,38.2,0," $42,147.00 "
ACC-666916,Class-A,Debt Consolidation,24.8,0," $16,043.00 "
ACC-361909,Class-A,Major Purchase,24.8,1," $42,954.00 "
ACC-650347,Class-A,Debt Consolidation,12.5,1," $23,306.00 "
ACC-216835,Class-B,Home Improvement,55.0,0," $29,051.00 "
ACC-412926,Class-A,Small Business,12.5,0," $18,122.00 "
ACC-234917,Class-A,Major Purchase,38.2,0," $25,714.00 "
ACC-487204,Class-B,Debt Consolidation,12.5,0," $34,969.00 "
ACC-647584,Class-B,Debt Consolidation,99.9,0," $32,880.00 "
ACC-335017,Class-A,Debt Consolidation,24.8,0," $16,077.00 "
ACC-956547,Class-B,Home Improvement,12.5,1," $33,260.00 "
ACC-926215,Class-A,N/A,24.8,0," $41,521.00 "
ACC-954387,Class-C,Major Purchase,12.5,0," $10,549.00 "
ACC-131603,Class-B,Debt Consolidation,55.0,0," $39,521.00 "
ACC-124364,Class-B,Debt Consolidation,38.2,0," $32,632.00 "
ACC-818583,Class-C,Home Improvement,12.5,0," $32,404.00 "
ACC-804107,Class-B,Debt Consolidation,24.8,0," $35,295.00 "
ACC-851087,Class-A,Debt Consolidation,55.0,0," $44,691.00 "
ACC-771466,Class-A,Debt Consolidation,-1.5,0," $40,793.00 "
ACC-164687,Class-A,Debt Consolidation,38.2,0," $9,000.00 "
ACC-460881,Class-C,Debt Consolidation,24.8,0," $44,511.00 "
ACC-819092,Class-A,Debt Consolidation,38.2,1," $6,351.00 "
ACC-868656,Class-A,Small Business,99.9,0," $22,848.00 "
ACC-358559,Class-B,Home Improvement,24.8,0," $11,582.00 "
ACC-938027,Class-C,Debt Consolidation,38.2,0," $21,567.00 "
ACC-370869,Class-A,Home Improvement,24.8,0," $13,345.00 "
ACC-127024,Class-C,Home Improvement,24.8,1," $6,071.00 "
ACC-311331,Class-C,Small Business,99.9,0," $6,235.00 "
ACC-103224,Class-B,Debt Consolidation,24.8,0," $41,280.00 "
ACC-683403,Class-A,Debt Consolidation,24.8,0," $9,958.00 "
ACC-785736,Class-B,Major Purchase,,0," $24,474.00 "
ACC-672832,Class-B,Home Improvement,38.2,0," $8,164.00 "
ACC-838718,Class-B,Home Improvement,38.2,0," $25,602.00 "
ACC-880354,Class-B,Debt Consolidation,24.8,0," $12,109.00 "
ACC-356460,Class-A,Debt Consolidation,,0," $29,544.00 "
ACC-156327,Class-A,Home Improvement,,0," $19,891.00 "
ACC-548856,Class-C,Debt Consolidation,24.8,0," $8,448.00 "
ACC-511274,Class-B,Debt Consolidation,12.5,0," $10,650.00 "
ACC-656902,Class-B,Debt Consolidation,12.5,0," $28,749.00 "
ACC-112291,Class-C,Debt Consolidation,24.8,0," $10,384.00 "
ACC-895940,Class-B,Major Purchase,55.0,0," $31,475.00 "
ACC-607556,Class-C,Debt Consolidation,12.5,1," $36,170.00 "
ACC-734456,Class-A,Debt Consolidation,99.9,0," $18,807.00 "
ACC-521882,Class-A,Debt Consolidation,-1.5,0," $41,509.00 "
ACC-867709,Class-C,Debt Consolidation,55.0,0," $26,239.00 "
ACC-709490,Class-C,Major Purchase,12.5,0," $29,682.00 "
ACC-906204,Class-A,Home Improvement,24.8,0," $7,147.00 "
ACC-383846,Class-A,Debt Consolidation,12.5,0," $35,575.00 "
ACC-932553,Class-B,Home Improvement,24.8,0," $28,639.00 "
ACC-929558,Class-A,Home Improvement,,0," $19,127.00 "
ACC-683784,Class-B,Small Business,24.8,0," $21,731.00 "
ACC-757422,Class-C,Debt Consolidation,55.0,0," $23,519.00 "
ACC-644184,Class-A,Debt Consolidation,55.0,0," $27,642.00 "
ACC-579063,Class-B,Home Improvement,24.8,1," $25,676.00 "
ACC-798759,Class-A,Debt Consolidation,24.8,0," $44,227.00 "
ACC-800653,Class-B,Small Business,24.8,0," $23,102.00 "
ACC-701056,Class-B,Small Business,55.0,0," $31,529.00 "
ACC-627426,Class-A,Debt Consolidation,55.0,0," $35,634.00 "
ACC-745641,Class-C,Debt Consolidation,24.8,0," $26,903.00 "
ACC-255957,Class-C,Small Business,12.5,0," $42,671.00 "
ACC-381970,Class-A,Home Improvement,24.8,0," $28,906.00 "
ACC-815726,Class-C,Debt Consolidation,12.5,0," $26,888.00 "
ACC-612546,Class-A,Debt Consolidation,12.5,0," $36,429.00 "
ACC-810960,Class-A,Home Improvement,12.5,1," $27,001.00 "
ACC-786964,Class-A,Home Improvement,12.5,0," $44,258.00 "
ACC-762710,Class-B,Small Business,12.5,0," $35,690.00 "
ACC-566225,Class-A,Small Business,24.8,1," $26,271.00 "
ACC-819952,,Debt Consolidation,,0," $24,022.00 "
ACC-592007,Class-B,Small Business,24.8,0," $20,328.00 "
ACC-557889,UNKNOWN,Debt Consolidation,38.2,0," $33,119.00 "
ACC-290614,Class-C,Major Purchase,24.8,1," $9,866.00 "
ACC-961259,Class-B,Debt Consolidation,12.5,1," $27,899.00 "
ACC-475924,Class-B,Debt Consolidation,12.5,0," $25,315.00 "
ACC-968119,Class-B,Home Improvement,12.5,0," $40,043.00 "
ACC-852039,Class-B,Debt Consolidation,12.5,0," $18,327.00 "
ACC-809491,Class-A,Debt Consolidation,24.8,0," $26,490.00 "
ACC-334509,Class-B,Home Improvement,-1.5,0," $9,253.00 "
ACC-407703,Class-B,Small Business,24.8,0," $12,849.00 "
ACC-371429,Class-B,Debt Consolidation,24.8,0," $25,425.00 "
ACC-953580,UNKNOWN,Home Improvement,38.2,0," $10,334.00 "
ACC-473242,Class-B,Small Business,24.8,0," $30,390.00 "
ACC-375667,Class-A,Home Improvement,38.2,0," $15,418.00 "
ACC-912033,Class-A,Major Purchase,12.5,0," $32,755.00 "
ACC-177709,UNKNOWN,Debt Consolidation,38.2,0," $29,682.00 "
ACC-203577,Class-A,Home Improvement,24.8,0," $37,184.00 "
ACC-541253,Class-A,Debt Consolidation,12.5,0," $22,003.00 "
ACC-480116,Class-A,Debt Consolidation,24.8,0," $12,634.00 "
ACC-814197,Class-A,Debt Consolidation,12.5,1," $32,642.00 "
ACC-167948,Class-A,N/A,-1.5,1," $38,581.00 "
ACC-498551,Class-C,Debt Consolidation,12.5,0," $31,048.00 "
ACC-812811,Class-A,Debt Consolidation,55.0,0," $41,441.00 "
ACC-551827,Class-B,Small Business,38.2,0," $33,931.00 "
ACC-376530,Class-A,Debt Consolidation,55.0,0," $12,110.00 "
ACC-384453,Class-B,Small Business,24.8,1," $34,430.00 "
ACC-484688,Class-B,Debt Consolidation,55.0,0," $16,450.00 "
ACC-497955,Class-A,Debt Consolidation,38.2,0," $14,632.00 "
ACC-974430,Class-A,Debt Consolidation,12.5,0," $13,149.00 "
ACC-273189,Class-A,Small Business,12.5,0," $14,891.00 "
ACC-894911,Class-A,Debt Consolidation,,1," $43,550.00 "
ACC-833357,Class-A,Debt Consolidation,24.8,0," $6,922.00 "
ACC-876150,Class-B,Debt Consolidation,24.8,0," $12,755.00 "
ACC-557206,,Debt Consolidation,,0," $35,685.00 "
ACC-951927,Class-B,Debt Consolidation,38.2,0," $42,696.00 "
ACC-335550,Class-A,Debt Consolidation,12.5,0," $33,907.00 "
ACC-738804,,Debt Consolidation,,0," $12,680.00 "
ACC-386646,Class-C,Home Improvement,12.5,0," $19,727.00 "
ACC-689889,Class-A,Debt Consolidation,24.8,1," $36,656.00 "
ACC-742378,Class-B,Debt Consolidation,38.2,0," $32,705.00 "
ACC-454535,UNKNOWN,Major Purchase,12.5,0," $20,777.00 "
ACC-439404,Class-C,Debt Consolidation,12.5,0," $19,665.00 "
ACC-991396,Class-A,Major Purchase,55.0,0," $20,408.00 "
ACC-366892,Class-A,Debt Consolidation,55.0,0," $23,792.00 "
ACC-416098,Class-C,Home Improvement,12.5,0," $35,892.00 "
ACC-299398,Class-B,Debt Consolidation,12.5,1," $18,202.00 "
ACC-699628,Class-B,Debt Consolidation,38.2,0," $10,726.00 "
ACC-886487,UNKNOWN,Debt Consolidation,,0," $42,924.00 "
ACC-993803,Class-A,Small Business,24.8,0," $11,321.00 "
ACC-100218,Class-B,Debt Consolidation,55.0,0," $14,891.00 "
ACC-336540,Class-B,N/A,,0," $36,901.00 "
ACC-851357,Class-C,Debt Consolidation,24.8,0," $15,615.00 "
ACC-293943,Class-B,Debt Consolidation,12.5,0," $30,586.00 "
ACC-102990,Class-B,Small Business,24.8,0," $24,052.00 "
ACC-332663,UNKNOWN,Debt Consolidation,12.5,0," $35,686.00 "
ACC-162697,Class-B,N/A,12.5,0," $13,854.00 "
ACC-215511,Class-B,Major Purchase,,0," $33,134.00 "
ACC-754983,Class-A,Major Purchase,24.8,0," $16,667.00 "
ACC-755408,Class-A,Home Improvement,55.0,0," $8,269.00 "
ACC-998524,Class-C,Major Purchase,24.8,0," $21,803.00 "
ACC-536870,UNKNOWN,Major Purchase,12.5,0," $36,003.00 "
ACC-413250,Class-A,Small Business,24.8,0," $15,084.00 "
ACC-732930,Class-A,Debt Consolidation,12.5,0," $24,578.00 "
ACC-809981,Class-B,Small Business,55.0,0," $41,147.00 "
ACC-648237,Class-B,Home Improvement,24.8,0," $30,184.00 "
ACC-753904,Class-A,Small Business,99.9,0," $17,918.00 "
ACC-948269,Class-B,Home Improvement,,0," $11,929.00 "
ACC-237615,Class-A,Debt Consolidation,24.8,0," $15,363.00 "
ACC-667363,Class-B,Debt Consolidation,24.8,1," $43,915.00 "
ACC-329795,Class-B,Debt Consolidation,12.5,0," $10,370.00 "
ACC-741793,Class-A,Debt Consolidation,12.5,0," $19,264.00 "
ACC-415150,UNKNOWN,Small Business,55.0,0," $7,580.00 "
ACC-475510,Class-A,Major Purchase,24.8,0," $36,049.00 "
ACC-307856,UNKNOWN,Home Improvement,55.0,0," $18,895.00 "
ACC-595858,Class-A,Home Improvement,24.8,0," $31,866.00 "
ACC-331446,Class-B,Major Purchase,12.5,0," $35,729.00 "
ACC-465962,Class-A,Debt Consolidation,,0," $9,018.00 "
ACC-972077,Class-B,Debt Consolidation,12.5,0," $13,029.00 "
ACC-212675,Class-B,Home Improvement,24.8,0," $5,461.00 "
ACC-567927,Class-A,Debt Consolidation,24.8,0," $22,795.00 "
ACC-197498,Class-B,Home Improvement,,0," $39,948.00 "
ACC-587330,Class-B,Home Improvement,12.5,0," $25,568.00 "
ACC-265377,Class-B,Home Improvement,12.5,0," $24,722.00 "
ACC-216617,Class-C,Small Business,24.8,0," $30,752.00 "
ACC-652285,Class-A,Debt Consolidation,55.0,1," $21,713.00 "
ACC-207240,Class-A,Home Improvement,-1.5,0," $38,992.00 "
ACC-899163,Class-C,Small Business,24.8,0," $44,600.00 "
ACC-628662,UNKNOWN,Debt Consolidation,55.0,0," $25,863.00 "
ACC-728724,Class-C,Home Improvement,99.9,0," $38,966.00 "
ACC-471798,Class-A,Debt Consolidation,24.8,0," $30,213.00 "
ACC-656120,Class-C,Home Improvement,24.8,0," $39,724.00 "
ACC-756428,Class-B,N/A,55.0,0," $29,918.00 "
ACC-781638,Class-C,Major Purchase,38.2,0," $40,695.00 "
ACC-107434,Class-B,Debt Consolidation,24.8,0," $7,950.00 "
ACC-992726,Class-A,Debt Consolidation,24.8,0," $13,636.00 "
ACC-239085,Class-A,N/A,12.5,0," $8,478.00 "
ACC-929258,Class-C,Home Improvement,24.8,0," $16,468.00 "
ACC-197716,,Home Improvement,,0," $42,785.00 "
ACC-869352,Class-B,Debt Consolidation,24.8,0," $18,914.00 "
ACC-132728,Class-A,Small Business,55.0,0," $13,121.00 "
ACC-924216,Class-A,Debt Consolidation,12.5,1," $38,207.00 "
ACC-194263,Class-B,N/A,24.8,0," $39,321.00 "
ACC-460607,Class-B,Debt Consolidation,38.2,0," $26,673.00 "
ACC-121657,Class-A,Home Improvement,38.2,0," $8,982.00 "
ACC-169995,Class-B,Debt Consolidation,12.5,0," $42,837.00 "
ACC-815897,,Major Purchase,,0," $10,133.00 "
ACC-898958,Class-B,Home Improvement,12.5,0," $11,426.00 "
ACC-256575,UNKNOWN,Home Improvement,24.8,0," $31,355.00 "
ACC-830952,Class-B,Small Business,,0," $38,786.00 "
ACC-790101,Class-A,Home Improvement,55.0,0," $13,778.00 "
ACC-579293,,Home Improvement,,0," $30,693.00 "
ACC-887246,Class-A,Home Improvement,24.8,0," $24,488.00 "
ACC-847842,Class-A,Debt Consolidation,24.8,0," $37,475.00 "
ACC-748058,UNKNOWN,Debt Consolidation,55.0,0," $9,521.00 "
ACC-260589,Class-A,Home Improvement,55.0,0," $20,560.00 "
ACC-633908,Class-A,Major Purchase,38.2,0," $29,572.00 "
ACC-503085,,Small Business,,0," $31,722.00 "
ACC-278345,Class-C,Debt Consolidation,12.5,0," $16,251.00 "
ACC-280763,Class-C,Debt Consolidation,38.2,0," $10,434.00 "
ACC-321394,Class-B,Major Purchase,38.2,0," $9,230.00 "
ACC-304134,UNKNOWN,Major Purchase,12.5,0," $7,423.00 "
ACC-907803,Class-B,Home Improvement,38.2,0," $16,019.00 "
ACC-768765,Class-A,Small Business,24.8,0," $31,802.00 "
ACC-712608,Class-A,Small Business,38.2,0," $30,439.00 "
ACC-167916,Class-B,Home Improvement,24.8,0," $32,276.00 "
ACC-132475,UNKNOWN,Debt Consolidation,38.2,0," $32,270.00 "
ACC-919112,Class-A,Debt Consolidation,38.2,0," $23,396.00 "
ACC-680211,Class-A,Home Improvement,24.8,0," $40,089.00 "
ACC-947442,Class-B,Home Improvement,55.0,0," $16,789.00 "
ACC-549364,Class-C,Home Improvement,,0," $17,171.00 "
ACC-243558,Class-B,Major Purchase,24.8,0," $30,286.00 "
ACC-385195,Class-A,Debt Consolidation,12.5,0," $9,790.00 "
ACC-782847,Class-B,Home Improvement,24.8,1," $5,732.00 "
ACC-189113,Class-A,Debt Consolidation,,1," $21,736.00 "
ACC-736713,Class-B,Debt Consolidation,24.8,0," $12,082.00 "
ACC-684894,Class-B,Small Business,99.9,0," $17,933.00 "
ACC-849976,Class-A,Major Purchase,,0," $10,316.00 "
ACC-646996,UNKNOWN,Small Business,12.5,1," $26,371.00 "
ACC-136680,Class-C,Debt Consolidation,-1.5,0," $13,337.00 "
ACC-728754,Class-B,Small Business,24.8,0," $20,362.00 "
ACC-407054,Class-C,Debt Consolidation,24.8,1," $8,101.00 "
ACC-663001,Class-B,Major Purchase,38.2,0," $9,080.00 "
ACC-857075,Class-C,Debt Consolidation,38.2,0," $9,037.00 "
ACC-144685,Class-A,Debt Consolidation,12.5,0," $29,140.00 "
ACC-367571,Class-B,N/A,12.5,0," $42,693.00 "
ACC-111734,Class-B,Small Business,,0," $44,285.00 "
ACC-464729,Class-B,Debt Consolidation,12.5,0," $17,286.00 "
ACC-986837,UNKNOWN,Major Purchase,12.5,0," $27,725.00 "
ACC-988875,Class-B,Major Purchase,38.2,0," $6,788.00 "
ACC-373820,Class-B,Small Business,12.5,0," $29,836.00 "
ACC-310397,Class-B,Major Purchase,12.5,0," $14,533.00 "
ACC-682123,Class-A,Small Business,12.5,0," $23,631.00 "
ACC-423800,Class-B,Debt Consolidation,24.8,1," $7,643.00 "
ACC-761759,Class-B,Debt Consolidation,38.2,0," $26,670.00 "
ACC-646316,Class-C,Debt Consolidation,12.5,0," $37,481.00 "
ACC-146799,Class-B,N/A,99.9,0," $8,544.00 "
ACC-507807,Class-C,Home Improvement,-1.5,0," $42,390.00 "
ACC-825845,Class-A,Debt Consolidation,12.5,0," $36,617.00 "
ACC-985285,Class-C,Small Business,24.8,0," $21,445.00 "
ACC-882882,Class-B,Home Improvement,12.5,0," $31,294.00 "
ACC-511156,Class-A,Debt Consolidation,24.8,0," $9,759.00 "
ACC-834672,Class-C,Debt Consolidation,38.2,0," $38,189.00 "
ACC-789215,Class-A,Debt Consolidation,12.5,0," $31,118.00 "
ACC-702638,Class-A,Debt Consolidation,12.5,0," $22,156.00 "
ACC-205940,Class-A,Debt Consolidation,55.0,0," $8,298.00 "
ACC-938745,Class-A,Home Improvement,55.0,0," $18,461.00 "
ACC-233673,Class-B,Debt Consolidation,24.8,0," $17,347.00 "
ACC-456545,Class-B,Debt Consolidation,24.8,0," $18,296.00 "
ACC-178240,,Debt Consolidation,,0," $31,475.00 "
ACC-530708,Class-B,Major Purchase,,0," $18,470.00 "
ACC-446126,Class-A,Home Improvement,38.2,1," $31,013.00 "
ACC-976458,UNKNOWN,Home Improvement,12.5,0," $41,858.00 "
ACC-776172,Class-A,Small Business,12.5,0," $37,361.00 "
ACC-454328,Class-A,Debt Consolidation,38.2,0," $13,398.00 "
ACC-801918,Class-A,Debt Consolidation,24.8,0," $34,534.00 "
ACC-556222,Class-A,N/A,38.2,0," $13,190.00 "
ACC-431253,Class-B,Major Purchase,24.8,0," $29,860.00 "
ACC-580037,Class-A,Small Business,12.5,0," $8,053.00 "
ACC-665124,Class-B,Debt Consolidation,55.0,0," $18,074.00 "
ACC-758421,Class-C,Debt Consolidation,38.2,0," $16,523.00 "
ACC-383739,Class-C,Major Purchase,24.8,0," $18,579.00 "
ACC-590656,Class-A,Debt Consolidation,24.8,0," $19,608.00 "
ACC-559908,Class-A,Home Improvement,12.5,0," $39,732.00 "
ACC-798563,,Home Improvement,,0," $30,610.00 "
ACC-672319,Class-C,Debt Consolidation,38.2,0," $40,430.00 "
ACC-437763,Class-C,Home Improvement,38.2,0," $44,640.00 "
ACC-992782,Class-A,Debt Consolidation,-1.5,0," $18,197.00 "
ACC-979509,Class-A,N/A,12.5,0," $11,344.00 "
ACC-229016,Class-B,Debt Consolidation,24.8,0," $8,543.00 "
ACC-273808,Class-B,Major Purchase,38.2,0," $8,270.00 "
ACC-318533,Class-A,Debt Consolidation,12.5,1," $26,845.00 "
ACC-965372,Class-C,Debt Consolidation,,0," $30,834.00 "
ACC-259147,Class-A,Small Business,24.8,0," $34,712.00 "
ACC-660315,Class-C,Debt Consolidation,24.8,0," $33,112.00 "
ACC-632232,,Debt Consolidation,,1," $29,727.00 "
ACC-973155,Class-B,Debt Consolidation,99.9,0," $15,018.00 "
ACC-159470,Class-A,Major Purchase,12.5,0," $42,737.00 "
ACC-831747,UNKNOWN,N/A,12.5,0," $5,496.00 "
ACC-358779,,Home Improvement,,0," $23,539.00 "
ACC-782580,Class-A,Home Improvement,12.5,0," $35,903.00 "
ACC-308882,Class-B,Debt Consolidation,24.8,0," $19,415.00 "
ACC-945801,Class-C,Home Improvement,38.2,0," $29,957.00 "
ACC-592244,Class-A,Small Business,38.2,0," $38,949.00 "
ACC-828648,Class-A,Debt Consolidation,12.5,0," $27,660.00 "
ACC-596003,,Debt Consolidation,,0," $14,340.00 "
ACC-675103,Class-A,Debt Consolidation,12.5,0," $27,886.00 "
ACC-649078,UNKNOWN,Debt Consolidation,24.8,0," $40,277.00 "
ACC-465534,Class-B,Major Purchase,38.2,0," $25,663.00 "
ACC-276606,Class-B,Small Business,12.5,0," $28,526.00 "
ACC-887845,Class-A,Home Improvement,38.2,0," $41,291.00 "
ACC-438219,Class-A,Small Business,,0," $25,926.00 "
ACC-258315,Class-B,Debt Consolidation,,1," $15,523.00 "
ACC-746536,UNKNOWN,Home Improvement,55.0,0," $28,424.00 "
ACC-352542,Class-B,N/A,38.2,0," $38,911.00 "
ACC-847744,Class-A,Small Business,12.5,0," $25,435.00 "
ACC-326388,Class-C,Debt Consolidation,12.5,0," $14,102.00 "
ACC-310471,Class-A,Home Improvement,12.5,1," $39,015.00 "
ACC-699124,Class-C,Debt Consolidation,12.5,0," $21,602.00 "
ACC-736805,Class-A,Debt Consolidation,24.8,0," $34,761.00 "
ACC-853396,Class-A,Debt Consolidation,12.5,1," $39,415.00 "
ACC-581801,Class-B,Debt Consolidation,12.5,0," $6,697.00 "
ACC-285662,Class-A,Debt Consolidation,55.0,0," $5,530.00 "
ACC-850658,Class-C,Small Business,12.5,0," $8,953.00 "
ACC-781826,Class-A,Home Improvement,12.5,1," $5,602.00 "
ACC-299027,Class-B,Home Improvement,55.0,0," $17,433.00 "
ACC-414226,Class-B,Small Business,12.5,0," $31,440.00 "
ACC-224301,Class-A,Debt Consolidation,12.5,0," $19,736.00 "
ACC-761081,Class-A,Debt Consolidation,55.0,0," $44,018.00 "
ACC-504003,Class-B,Home Improvement,-1.5,0," $17,094.00 "
ACC-531240,Class-A,Debt Consolidation,55.0,0," $40,081.00 "
ACC-506036,Class-B,Home Improvement,12.5,0," $38,726.00 "
ACC-319895,Class-A,Debt Consolidation,24.8,0," $28,547.00 "
ACC-764937,Class-A,Debt Consolidation,24.8,0," $27,821.00 "
ACC-441293,Class-A,Debt Consolidation,12.5,0," $19,654.00 "
ACC-340346,Class-A,Debt Consolidation,24.8,1," $14,501.00 "
ACC-697262,Class-B,Small Business,12.5,0," $29,031.00 "
ACC-907510,Class-C,Debt Consolidation,12.5,0," $20,619.00 "
ACC-290171,Class-C,Major Purchase,12.5,0," $5,535.00 "
ACC-711229,Class-B,Small Business,12.5,0," $5,810.00 "
ACC-537429,,Home Improvement,,0," $38,766.00 "
ACC-917622,Class-A,N/A,38.2,0," $14,612.00 "
ACC-998703,Class-A,Debt Consolidation,12.5,1," $14,381.00 "
ACC-336010,,Home Improvement,,0," $32,520.00 "
ACC-841575,Class-B,Debt Consolidation,24.8,0," $16,175.00 "
ACC-148983,Class-B,Small Business,38.2,0," $28,104.00 "
ACC-719075,Class-B,Major Purchase,38.2,0," $23,116.00 "
ACC-725166,Class-B,Home Improvement,38.2,0," $31,787.00 "
ACC-905662,Class-A,Home Improvement,12.5,0," $10,229.00 "
ACC-750898,Class-A,Small Business,,0," $25,345.00 "
ACC-926762,Class-A,Major Purchase,12.5,0," $39,020.00 "
ACC-730445,Class-A,Small Business,12.5,0," $18,610.00 "
ACC-328027,Class-C,N/A,55.0,0," $16,878.00 "
ACC-897282,Class-A,Small Business,12.5,0," $29,165.00 "
ACC-462636,Class-A,Small Business,24.8,0," $28,818.00 "
ACC-683581,Class-A,Small Business,12.5,0," $16,452.00 "
ACC-101903,Class-A,Small Business,38.2,0," $6,479.00 "
ACC-361240,Class-C,N/A,24.8,0," $24,367.00 "
ACC-353977,Class-B,Debt Consolidation,24.8,0," $44,116.00 "
ACC-252513,Class-A,Debt Consolidation,,0," $28,150.00 "
ACC-976104,Class-B,Debt Consolidation,24.8,1," $6,899.00 "
ACC-932291,Class-B,Home Improvement,12.5,0," $34,587.00 "
ACC-177808,Class-A,Debt Consolidation,,0," $12,020.00 "
ACC-690520,Class-B,Debt Consolidation,24.8,0," $8,079.00 "
ACC-436275,Class-B,Home Improvement,24.8,0," $12,404.00 "
ACC-967788,Class-A,Home Improvement,24.8,0," $35,059.00 "
ACC-828906,Class-A,Major Purchase,55.0,0," $20,978.00 "
ACC-448877,Class-A,Home Improvement,24.8,0," $11,390.00 "
ACC-609688,Class-B,Debt Consolidation,,0," $26,372.00 "
ACC-349609,Class-A,Home Improvement,38.2,0," $24,095.00 "
ACC-770086,Class-A,N/A,24.8,0," $16,110.00 "
ACC-345375,Class-B,Small Business,55.0,0," $39,664.00 "
ACC-348951,Class-A,Small Business,38.2,0," $17,754.00 "
ACC-446966,Class-C,Home Improvement,24.8,0," $8,851.00 "
ACC-578042,Class-A,Debt Consolidation,55.0,0," $31,346.00 "
ACC-116506,Class-C,Debt Consolidation,55.0,0," $9,313.00 "
ACC-795438,Class-B,Home Improvement,55.0,0," $8,466.00 "
ACC-921580,Class-A,Home Improvement,12.5,0," $28,214.00 "
ACC-532075,Class-B,Home Improvement,12.5,0," $5,821.00 "
ACC-215099,,N/A,,0," $13,338.00 "
ACC-215203,,Home Improvement,,0," $28,583.00 "
ACC-917374,Class-B,Home Improvement,12.5,0," $37,310.00 "
ACC-241952,Class-A,Debt Consolidation,24.8,0," $8,170.00 "
ACC-518694,Class-A,Home Improvement,24.8,0," $33,817.00 "
ACC-197675,Class-C,Debt Consolidation,24.8,0," $19,961.00 "
ACC-591569,Class-A,Debt Consolidation,12.5,0," $27,870.00 "
ACC-708437,Class-A,Debt Consolidation,55.0,0," $34,125.00 "
ACC-471125,Class-A,Debt Consolidation,,0," $15,146.00 "
ACC-901476,Class-B,Debt Consolidation,12.5,0," $7,694.00 "
ACC-984124,Class-A,Small Business,12.5,0," $30,155.00 "
ACC-479321,Class-B,Small Business,12.5,0," $34,206.00 "
ACC-980462,Class-A,Home Improvement,38.2,1," $35,365.00 "
ACC-451543,Class-A,Debt Consolidation,12.5,0," $21,003.00 "
ACC-968772,Class-B,Home Improvement,24.8,0," $43,890.00 "
ACC-301510,Class-B,Home Improvement,,1," $16,578.00 "
ACC-536739,Class-B,Major Purchase,12.5,0," $43,060.00 "
ACC-699372,UNKNOWN,Major Purchase,24.8,0," $25,145.00 "
ACC-304704,Class-B,Debt Consolidation,55.0,0," $27,487.00 "
ACC-426025,Class-A,Debt Consolidation,12.5,0," $5,367.00 "
ACC-703914,Class-B,Small Business,38.2,0," $39,536.00 "
ACC-322837,Class-A,Small Business,,0," $28,502.00 "
ACC-830215,Class-A,Home Improvement,55.0,0," $9,095.00 "
ACC-424670,Class-A,Home Improvement,12.5,0," $37,914.00 "
ACC-550999,Class-B,Debt Consolidation,55.0,0," $27,902.00 "
ACC-284592,Class-A,Home Improvement,55.0,0," $35,824.00 "
ACC-875565,Class-B,Home Improvement,12.5,0," $5,876.00 "
ACC-947162,Class-B,Home Improvement,38.2,0," $7,899.00 "
ACC-885427,Class-A,Debt Consolidation,12.5,0," $20,975.00 "
ACC-125472,Class-B,Debt Consolidation,24.8,1," $20,995.00 "
ACC-180628,Class-B,Small Business,,1," $14,459.00 "
ACC-198446,Class-C,Debt Consolidation,,1," $27,860.00 "
ACC-858311,Class-B,Debt Consolidation,24.8,0," $10,492.00 "
ACC-375320,Class-B,Small Business,38.2,0," $34,203.00 "
ACC-462226,Class-C,N/A,55.0,0," $26,717.00 "
ACC-132768,Class-A,Debt Consolidation,38.2,0," $39,066.00 "
ACC-676994,Class-B,Small Business,12.5,0," $35,404.00 "
ACC-469166,Class-A,Debt Consolidation,55.0,0," $22,034.00 "
ACC-221744,Class-A,Debt Consolidation,24.8,0," $17,469.00 "
ACC-868686,,Small Business,,1," $32,687.00 "
ACC-724368,Class-B,Small Business,-1.5,0," $14,666.00 "
ACC-355426,Class-A,Small Business,55.0,0," $15,244.00 "
ACC-341281,Class-B,Debt Consolidation,12.5,0," $38,887.00 "
ACC-367781,Class-A,Small Business,38.2,0," $29,695.00 "
ACC-102883,Class-A,Debt Consolidation,24.8,0," $36,999.00 "
ACC-962079,,Debt Consolidation,,0," $21,135.00 "
ACC-265721,Class-A,Major Purchase,12.5,0," $10,553.00 "
ACC-244588,Class-C,Home Improvement,12.5,0," $11,494.00 "
ACC-480658,Class-B,Debt Consolidation,12.5,0," $34,673.00 "
ACC-651134,Class-B,Debt Consolidation,38.2,0," $10,475.00 "
ACC-945341,Class-A,N/A,38.2,0," $9,192.00 "
ACC-434001,Class-A,Home Improvement,38.2,0," $18,755.00 "
ACC-958386,Class-A,Major Purchase,24.8,0," $23,264.00 "
ACC-793757,Class-A,Debt Consolidation,,1," $5,204.00 "
ACC-448158,Class-B,N/A,12.5,0," $15,454.00 "
ACC-518489,Class-A,Debt Consolidation,12.5,0," $8,323.00 "
ACC-866435,UNKNOWN,N/A,12.5,1," $11,036.00 "
ACC-482122,Class-C,Debt Consolidation,12.5,0," $10,610.00 "
ACC-423792,Class-B,Home Improvement,38.2,0," $36,840.00 "
ACC-413542,Class-A,Debt Consolidation,99.9,0," $22,326.00 "
ACC-262382,Class-A,Home Improvement,12.5,1," $37,188.00 "
ACC-532519,Class-A,Home Improvement,24.8,1," $19,289.00 "
ACC-574311,Class-B,Debt Consolidation,24.8,1," $23,697.00 "
ACC-717541,Class-A,Home Improvement,24.8,0," $29,532.00 "
ACC-757468,,Debt Consolidation,,0," $8,514.00 "
ACC-160192,Class-A,Home Improvement,38.2,0," $6,341.00 "
ACC-937843,Class-B,Debt Consolidation,24.8,0," $21,470.00 "
ACC-750373,Class-B,Debt Consolidation,12.5,0," $36,871.00 "
ACC-635529,Class-B,Home Improvement,38.2,0," $5,259.00 "
ACC-366524,Class-C,Home Improvement,38.2,0," $23,864.00 "
ACC-526243,Class-B,Debt Consolidation,,1," $32,346.00 "
ACC-429220,Class-C,Debt Consolidation,55.0,0," $33,312.00 "
ACC-402212,Class-C,Home Improvement,,0," $16,280.00 "
ACC-691556,Class-A,Debt Consolidation,,0," $39,919.00 "
ACC-476747,Class-B,N/A,,0," $24,942.00 "
ACC-887748,Class-C,Debt Consolidation,55.0,1," $44,646.00 "
ACC-954232,Class-A,Debt Consolidation,24.8,0," $10,184.00 "
ACC-585521,Class-B,Major Purchase,24.8,0," $8,951.00 "
ACC-716448,Class-A,Home Improvement,-1.5,0," $29,226.00 "
ACC-237903,Class-A,Debt Consolidation,38.2,0," $18,926.00 "
ACC-955552,Class-A,Debt Consolidation,24.8,0," $26,944.00 "
ACC-307114,Class-C,Debt Consolidation,38.2,0," $20,595.00 "
ACC-173814,Class-A,Debt Consolidation,12.5,1," $6,771.00 "
ACC-842138,Class-A,Small Business,,0," $5,139.00 "
ACC-712384,Class-A,Major Purchase,55.0,0," $21,559.00 "
ACC-205798,UNKNOWN,Debt Consolidation,55.0,1," $6,132.00 "
ACC-228281,Class-A,Home Improvement,38.2,0," $8,477.00 "
ACC-840392,Class-B,Home Improvement,55.0,0," $27,636.00 "
ACC-774572,Class-C,Debt Consolidation,12.5,0," $7,819.00 "
ACC-257387,Class-A,Home Improvement,55.0,0," $27,299.00 "
ACC-219442,Class-B,Debt Consolidation,55.0,0," $43,912.00 "
ACC-910463,Class-B,Major Purchase,,0," $7,486.00 "
ACC-559606,Class-A,Debt Consolidation,55.0,0," $7,064.00 "
ACC-486955,Class-A,Debt Consolidation,38.2,0," $5,234.00 "
ACC-827007,Class-B,Debt Consolidation,12.5,0," $11,852.00 "
ACC-963361,Class-B,Home Improvement,,0," $30,240.00 "
ACC-134836,Class-B,Major Purchase,,0," $21,749.00 "
ACC-801938,UNKNOWN,Debt Consolidation,12.5,0," $24,116.00 "
ACC-954923,Class-B,Small Business,12.5,0," $16,832.00 "
ACC-536550,Class-C,Debt Consolidation,,0," $38,234.00 "
ACC-907388,Class-B,Debt Consolidation,24.8,0," $35,745.00 "
ACC-587553,Class-A,Major Purchase,38.2,1," $34,839.00 "
ACC-578196,Class-A,Debt Consolidation,12.5,0," $26,065.00 "
ACC-404835,Class-B,Debt Consolidation,24.8,0," $39,439.00 "
ACC-932995,Class-B,Small Business,24.8,0," $30,456.00 "
ACC-444950,Class-A,Debt Consolidation,12.5,0," $18,530.00 "
ACC-217355,Class-B,Major Purchase,,1," $12,081.00 "
ACC-638695,Class-B,Debt Consolidation,-1.5,0," $23,346.00 "
ACC-144652,Class-A,Debt Consolidation,12.5,0," $23,617.00 "
ACC-566448,Class-B,Debt Consolidation,24.8,0," $8,575.00 "
ACC-142336,Class-A,N/A,,0," $21,263.00 "
ACC-490953,Class-C,Home Improvement,,1," $15,811.00 "
ACC-173512,Class-B,Major Purchase,38.2,0," $24,441.00 "
ACC-773379,Class-A,Debt Consolidation,12.5,0," $20,600.00 "
ACC-979481,Class-A,Small Business,38.2,0," $13,079.00 "
ACC-274065,Class-C,Home Improvement,55.0,1," $23,562.00 "
ACC-715849,Class-A,Home Improvement,24.8,0," $16,721.00 "
ACC-545859,Class-A,Debt Consolidation,12.5,0," $42,416.00 "
ACC-563856,Class-A,Home Improvement,12.5,0," $8,608.00 "
ACC-718995,,Debt Consolidation,,0," $24,226.00 "
ACC-875249,Class-A,Home Improvement,12.5,0," $28,895.00 "
ACC-466377,Class-C,Debt Consolidation,38.2,0," $24,072.00 "
ACC-202461,Class-B,Debt Consolidation,,0," $22,848.00 "
ACC-368716,UNKNOWN,Debt Consolidation,38.2,0," $26,694.00 "
ACC-232871,Class-A,Debt Consolidation,24.8,0," $8,949.00 "
ACC-598220,,Home Improvement,,0," $32,083.00 "
ACC-132887,Class-B,Home Improvement,55.0,0," $36,967.00 "
ACC-465611,Class-B,Home Improvement,12.5,0," $6,191.00 "
ACC-268883,Class-A,Small Business,12.5,0," $14,340.00 "
ACC-939970,Class-B,N/A,24.8,0," $37,021.00 "
ACC-343195,Class-A,Debt Consolidation,55.0,0," $31,485.00 "
ACC-290474,Class-A,Home Improvement,12.5,1," $20,161.00 "
ACC-747270,Class-C,Small Business,,0," $24,064.00 "
ACC-240704,Class-C,Home Improvement,38.2,0," $42,344.00 "
ACC-315177,Class-C,Debt Consolidation,55.0,0," $36,154.00 "
ACC-372046,,N/A,,0," $18,392.00 "
ACC-427180,Class-A,Home Improvement,38.2,0," $29,182.00 "
ACC-380714,UNKNOWN,Home Improvement,38.2,1," $42,873.00 "
ACC-755982,Class-B,Debt Consolidation,55.0,0," $43,222.00 "
ACC-798373,Class-B,Debt Consolidation,12.5,0," $36,122.00 "
ACC-387220,Class-B,Home Improvement,12.5,0," $10,185.00 "
ACC-275531,Class-B,Major Purchase,38.2,0," $7,762.00 "
ACC-751768,Class-B,Debt Consolidation,38.2,0," $23,948.00 "
ACC-727354,UNKNOWN,Small Business,,0," $32,930.00 "
ACC-449951,Class-B,Small Business,24.8,0," $21,513.00 "
ACC-711975,Class-A,Debt Consolidation,99.9,0," $30,616.00 "
ACC-468935,Class-B,Debt Consolidation,99.9,0," $6,833.00 "
ACC-609705,Class-A,Home Improvement,24.8,0," $13,570.00 "
ACC-930153,Class-A,Debt Consolidation,99.9,0," $24,185.00 "
ACC-583560,Class-B,Debt Consolidation,12.5,0," $33,093.00 "
ACC-264460,Class-C,Debt Consolidation,,0," $10,080.00 "
ACC-782038,Class-A,N/A,99.9,0," $30,536.00 "
ACC-598001,Class-A,Home Improvement,12.5,0," $44,477.00 "
ACC-124504,Class-B,Home Improvement,24.8,0," $11,221.00 "
ACC-361401,Class-A,Debt Consolidation,38.2,0," $10,307.00 "
ACC-229546,Class-A,Home Improvement,55.0,0," $44,527.00 "
ACC-392997,Class-C,Debt Consolidation,55.0,0," $10,137.00 "
ACC-499392,Class-C,Debt Consolidation,12.5,0," $25,116.00 "
ACC-902009,Class-A,Small Business,55.0,0," $41,823.00 "
ACC-352800,Class-A,Debt Consolidation,38.2,0," $7,867.00 "
ACC-670561,Class-A,Major Purchase,24.8,1," $11,906.00 "
ACC-777209,Class-C,Home Improvement,12.5,0," $38,828.00 "
ACC-616245,Class-A,Debt Consolidation,55.0,0," $40,449.00 "
ACC-286713,Class-B,Debt Consolidation,55.0,0," $18,099.00 "
ACC-194043,Class-B,Home Improvement,24.8,0," $33,568.00 "
ACC-447065,Class-A,Debt Consolidation,24.8,0," $11,784.00 "
ACC-727841,Class-A,Small Business,,0," $21,577.00 "
ACC-303473,Class-B,Major Purchase,,0," $36,229.00 "
ACC-430924,Class-B,N/A,38.2,0," $28,971.00 "
ACC-642876,UNKNOWN,Small Business,12.5,1," $32,232.00 "
ACC-943842,Class-B,Debt Consolidation,38.2,1," $36,926.00 "
ACC-393121,Class-C,Small Business,38.2,0," $24,892.00 "
ACC-474980,UNKNOWN,Major Purchase,55.0,0," $29,079.00 "
ACC-510154,Class-A,Debt Consolidation,55.0,0," $25,070.00 "
ACC-326632,Class-A,Home Improvement,,0," $7,992.00 "
ACC-626505,Class-A,Debt Consolidation,,0," $34,019.00 "
ACC-503957,Class-A,Debt Consolidation,38.2,0," $11,740.00 "
ACC-575414,Class-A,Small Business,12.5,0," $39,776.00 "
ACC-116021,Class-B,Small Business,12.5,0," $25,199.00 "
ACC-304255,Class-B,Major Purchase,24.8,0," $13,281.00 "
ACC-317097,Class-A,Debt Consolidation,55.0,0," $23,591.00 "
ACC-877955,Class-A,Major Purchase,,0," $30,338.00 "
ACC-152769,Class-B,Home Improvement,24.8,0," $22,162.00 "
ACC-534904,Class-B,N/A,38.2,0," $6,649.00 "
ACC-253013,UNKNOWN,Small Business,12.5,0," $27,131.00 "
ACC-609149,Class-B,Home Improvement,,0," $44,858.00 "
ACC-359592,Class-A,N/A,55.0,0," $18,473.00 "
ACC-728541,Class-A,Debt Consolidation,24.8,1," $33,989.00 "
ACC-391660,Class-C,Debt Consolidation,12.5,0," $44,667.00 "
ACC-388102,Class-B,Debt Consolidation,38.2,0," $15,491.00 "
ACC-363040,,Major Purchase,,0," $11,007.00 "
ACC-578992,Class-A,Debt Consolidation,38.2,0," $44,047.00 "
ACC-159457,Class-B,Small Business,24.8,0," $26,550.00 "
ACC-352129,Class-B,Small Business,38.2,0," $33,999.00 "
ACC-427781,Class-A,Debt Consolidation,55.0,1," $8,814.00 "
ACC-279200,Class-B,Major Purchase,12.5,0," $20,254.00 "
ACC-320464,Class-A,Debt Consolidation,38.2,0," $19,703.00 "
ACC-683285,Class-B,Home Improvement,12.5,0," $19,091.00 "
ACC-224310,Class-B,Debt Consolidation,38.2,0," $34,755.00 "
ACC-728043,Class-A,Small Business,24.8,1," $12,699.00 "
ACC-370026,Class-A,Home Improvement,24.8,0," $14,709.00 "
ACC-900671,UNKNOWN,Debt Consolidation,55.0,0," $39,552.00 "
ACC-649910,Class-C,Debt Consolidation,12.5,0," $39,615.00 "
ACC-594385,Class-A,Small Business,24.8,0," $44,085.00 "
ACC-150947,Class-B,Debt Consolidation,38.2,0," $30,665.00 "
ACC-470588,Class-B,Debt Consolidation,24.8,0," $19,138.00 "
ACC-994197,Class-C,Debt Consolidation,12.5,0," $9,705.00 "
ACC-254690,Class-B,Debt Consolidation,12.5,0," $20,434.00 "
ACC-726728,Class-A,Major Purchase,55.0,0," $43,955.00 "
ACC-228053,Class-A,Debt Consolidation,24.8,0," $8,453.00 "
ACC-182868,Class-A,Debt Consolidation,12.5,0," $13,568.00 "
ACC-830532,Class-B,Debt Consolidation,38.2,0," $18,141.00 "
ACC-823555,Class-A,Home Improvement,24.8,1," $43,943.00 "
ACC-421957,Class-B,Home Improvement,12.5,0," $30,570.00 "
ACC-347571,Class-A,Home Improvement,12.5,0," $15,647.00 "
ACC-684290,Class-A,Debt Consolidation,38.2,0," $27,521.00 "
ACC-608460,Class-B,N/A,55.0,0," $28,711.00 "
ACC-272461,Class-C,Major Purchase,38.2,0," $18,230.00 "
ACC-209786,Class-A,Debt Consolidation,12.5,0," $36,991.00 "
ACC-484735,UNKNOWN,Small Business,24.8,0," $24,705.00 "
ACC-967997,,Debt Consolidation,,0," $36,138.00 "
ACC-284902,Class-C,Home Improvement,12.5,0," $5,721.00 "
ACC-357866,Class-A,Major Purchase,55.0,0," $20,206.00 "
ACC-455156,Class-B,Debt Consolidation,38.2,0," $31,558.00 "
ACC-515058,Class-A,Debt Consolidation,,0," $44,924.00 "
ACC-835953,Class-A,Small Business,38.2,0," $12,099.00 "
ACC-446534,Class-C,Small Business,55.0,0," $15,056.00 "
ACC-890709,Class-A,N/A,12.5,1," $34,985.00 "
ACC-849366,,Major Purchase,,0," $14,772.00 "
ACC-458352,UNKNOWN,Debt Consolidation,12.5,0," $23,530.00 "
ACC-123659,Class-A,Home Improvement,24.8,0," $43,644.00 "
ACC-865699,Class-B,N/A,38.2,0," $20,626.00 "
ACC-671574,Class-A,Major Purchase,55.0,1," $5,992.00 "
ACC-459119,Class-B,Major Purchase,24.8,1," $32,541.00 "
ACC-705548,Class-B,Small Business,24.8,0," $19,194.00 "
ACC-774677,Class-C,Small Business,55.0,0," $26,372.00 "
ACC-766477,Class-A,Small Business,12.5,0," $38,864.00 "
ACC-869770,,Debt Consolidation,,0," $25,325.00 "
ACC-821534,Class-A,Small Business,,1," $25,124.00 "
ACC-398977,Class-B,Home Improvement,55.0,0," $31,226.00 "
ACC-301333,Class-C,Debt Consolidation,38.2,1," $36,757.00 "
ACC-138487,Class-C,Debt Consolidation,12.5,0," $39,903.00 "
ACC-980118,Class-B,Debt Consolidation,12.5,0," $5,099.00 "
ACC-948794,Class-C,Small Business,12.5,0," $6,730.00 "
ACC-420406,Class-B,Home Improvement,,0," $38,900.00 "
ACC-524602,Class-B,Debt Consolidation,,0," $17,973.00 "
ACC-102110,UNKNOWN,Debt Consolidation,12.5,1," $29,895.00 "
ACC-547768,Class-A,Home Improvement,38.2,0," $43,436.00 "
ACC-155701,Class-A,Debt Consolidation,55.0,0," $29,271.00 "
ACC-640897,UNKNOWN,Debt Consolidation,12.5,0," $14,803.00 "
ACC-243742,Class-A,Small Business,,0," $11,223.00 "
ACC-871091,Class-C,Home Improvement,55.0,0," $8,000.00 "
ACC-518188,Class-B,N/A,24.8,1," $37,375.00 "
ACC-961705,Class-B,Debt Consolidation,38.2,0," $13,207.00 "
ACC-362632,Class-A,N/A,38.2,0," $27,033.00 "
ACC-601099,Class-B,N/A,24.8,0," $24,611.00 "
ACC-172041,UNKNOWN,Debt Consolidation,24.8,1," $7,232.00 "
ACC-425818,Class-B,Home Improvement,24.8,0," $21,503.00 "
ACC-727153,Class-B,Debt Consolidation,,0," $39,145.00 "
ACC-804116,Class-A,Major Purchase,12.5,0," $43,761.00 "
ACC-240198,Class-A,Major Purchase,24.8,0," $31,604.00 "
ACC-639620,Class-A,Debt Consolidation,24.8,1," $6,460.00 "
ACC-567296,Class-B,Major Purchase,55.0,0," $7,239.00 "
ACC-436295,Class-C,Debt Consolidation,12.5,1," $7,810.00 "
ACC-841782,Class-A,Debt Consolidation,38.2,0," $21,864.00 "
ACC-935736,Class-C,Debt Consolidation,24.8,0," $33,972.00 "
ACC-741058,Class-B,Home Improvement,24.8,0," $41,887.00 "
ACC-312136,Class-B,Debt Consolidation,38.2,0," $26,553.00 "
ACC-310851,Class-B,Major Purchase,12.5,0," $38,097.00 "
ACC-876308,,Small Business,,0," $34,420.00 "
ACC-323269,Class-A,Debt Consolidation,12.5,0," $18,467.00 "
ACC-984100,Class-A,Debt Consolidation,-1.5,0," $38,792.00 "
ACC-430063,Class-C,Home Improvement,,0," $9,693.00 "
ACC-770901,Class-A,Major Purchase,24.8,1," $37,882.00 "
ACC-681034,Class-A,Major Purchase,55.0,0," $10,760.00 "
ACC-227658,Class-A,Small Business,55.0,1," $9,459.00 "
ACC-434766,Class-A,Home Improvement,24.8,0," $44,574.00 "
ACC-254423,Class-A,Home Improvement,55.0,0," $36,274.00 "
ACC-985073,Class-A,Debt Consolidation,,0," $16,889.00 "
ACC-796008,Class-B,Debt Consolidation,24.8,0," $21,693.00 "
ACC-419028,Class-A,Debt Consolidation,24.8,0," $39,868.00 "
ACC-639760,Class-C,Small Business,24.8,0," $43,104.00 "
ACC-234132,Class-A,Home Improvement,38.2,0," $31,086.00 "
ACC-413506,Class-B,Home Improvement,12.5,0," $19,714.00 "
ACC-442304,Class-B,Debt Consolidation,24.8,0," $7,100.00 "
ACC-591492,Class-A,Home Improvement,24.8,0," $41,813.00 "
ACC-456444,,N/A,,0," $44,352.00 "
ACC-453190,Class-C,Debt Consolidation,,0," $27,451.00 "
ACC-758256,Class-B,Small Business,38.2,1," $6,634.00 "
ACC-886361,Class-A,Small Business,38.2,0," $40,110.00 "
ACC-692048,Class-B,Debt Consolidation,24.8,0," $5,081.00 "
ACC-576580,Class-C,N/A,12.5,0," $19,833.00 "
ACC-498989,Class-C,Debt Consolidation,55.0,0," $17,067.00 "
ACC-104363,UNKNOWN,Debt Consolidation,12.5,0," $35,950.00 "
ACC-153673,Class-C,Debt Consolidation,55.0,0," $30,260.00 "
ACC-218909,Class-B,Small Business,-1.5,0," $14,986.00 "
ACC-260703,Class-B,Debt Consolidation,12.5,0," $40,126.00 "
ACC-842677,Class-B,Major Purchase,38.2,0," $25,222.00 "
ACC-908110,Class-A,Home Improvement,,0," $23,396.00 "
ACC-186360,Class-C,Debt Consolidation,12.5,0," $28,846.00 "
ACC-699535,Class-A,Debt Consolidation,12.5,0," $26,425.00 "
ACC-563711,Class-B,Home Improvement,38.2,0," $6,582.00 "
ACC-602061,UNKNOWN,N/A,55.0,0," $25,037.00 "
ACC-729149,Class-A,Major Purchase,24.8,0," $25,225.00 "
ACC-321282,Class-B,Small Business,55.0,0," $16,717.00 "
ACC-451835,Class-B,Debt Consolidation,38.2,0," $30,673.00 "
ACC-205133,Class-A,Major Purchase,-1.5,0," $38,222.00 "
ACC-593817,Class-B,Home Improvement,,0," $26,734.00 "
ACC-120067,Class-C,Home Improvement,55.0,0," $37,445.00 "
ACC-507193,Class-B,Home Improvement,38.2,0," $44,239.00 "
ACC-538104,Class-A,Debt Consolidation,24.8,0," $35,671.00 "
ACC-124523,Class-B,Debt Consolidation,,0," $19,586.00 "
ACC-636983,,Debt Consolidation,,0," $23,939.00 "
ACC-728181,Class-A,Debt Consolidation,55.0,0," $18,867.00 "
ACC-507249,Class-B,Debt Consolidation,12.5,0," $19,757.00 "
ACC-548827,Class-B,Small Business,24.8,0," $11,576.00 "
ACC-742673,Class-B,Small Business,24.8,0," $25,780.00 "
ACC-847137,Class-A,Major Purchase,38.2,0," $5,182.00 "
ACC-190756,Class-A,Debt Consolidation,38.2,0," $40,646.00 "
ACC-526788,Class-A,Debt Consolidation,12.5,0," $8,638.00 "
ACC-124954,Class-C,Small Business,38.2,0," $34,283.00 "
ACC-615653,,Small Business,,1," $24,775.00 "
ACC-302225,Class-A,Home Improvement,,0," $34,971.00 "
ACC-836573,UNKNOWN,Debt Consolidation,12.5,1," $34,223.00 "
ACC-530271,Class-A,Home Improvement,24.8,1," $39,157.00 "
ACC-653108,Class-B,Home Improvement,38.2,0," $37,027.00 "
ACC-308516,,Debt Consolidation,,0," $44,733.00 "
ACC-224194,Class-A,Debt Consolidation,12.5,0," $43,642.00 "
ACC-998706,Class-A,Home Improvement,24.8,0," $35,581.00 "
ACC-453181,Class-C,Major Purchase,12.5,0," $21,666.00 "
ACC-851495,Class-A,Home Improvement,12.5,0," $28,153.00 "
ACC-207527,Class-A,Major Purchase,24.8,0," $23,498.00 "
ACC-440588,Class-A,Small Business,38.2,0," $22,184.00 "
ACC-571980,Class-A,Home Improvement,12.5,0," $33,937.00 "
ACC-644754,Class-B,Small Business,,0," $21,697.00 "
ACC-674596,Class-A,Debt Consolidation,12.5,0," $36,426.00 "
ACC-368517,Class-B,Debt Consolidation,12.5,0," $16,585.00 "
ACC-542114,UNKNOWN,Major Purchase,24.8,0," $9,414.00 "
ACC-407642,Class-B,Major Purchase,55.0,0," $7,824.00 "
ACC-805561,Class-A,Debt Consolidation,,0," $19,194.00 "
ACC-651829,Class-A,Small Business,12.5,0," $6,259.00 "
ACC-292918,Class-A,Debt Consolidation,12.5,0," $41,784.00 "
ACC-324180,Class-C,Debt Consolidation,24.8,0," $8,491.00 "
ACC-668328,Class-A,Debt Consolidation,38.2,0," $29,983.00 "
ACC-309451,Class-A,Major Purchase,12.5,0," $12,641.00 "
ACC-493215,UNKNOWN,Home Improvement,-1.5,0," $43,151.00 "
ACC-869134,Class-A,Debt Consolidation,38.2,1," $33,916.00 "
ACC-350157,Class-A,Home Improvement,24.8,0," $29,688.00 "
ACC-588625,Class-A,Home Improvement,12.5,1," $39,094.00 "
ACC-237400,Class-B,Major Purchase,55.0,0," $16,439.00 "
ACC-142729,Class-B,Debt Consolidation,55.0,1," $33,727.00 "
ACC-977143,UNKNOWN,Debt Consolidation,12.5,0," $7,092.00 "
ACC-441281,Class-A,N/A,12.5,0," $21,695.00 "
ACC-805097,Class-A,Small Business,12.5,1," $12,810.00 "
ACC-485098,UNKNOWN,Major Purchase,38.2,0," $17,186.00 "
ACC-226539,Class-B,Major Purchase,24.8,1," $22,505.00 "
ACC-116454,Class-A,N/A,24.8,0," $40,044.00 "
ACC-378347,Class-A,Home Improvement,24.8,0," $13,101.00 "
ACC-940076,Class-B,Major Purchase,12.5,0," $5,389.00 "
ACC-695092,,Debt Consolidation,,0," $30,538.00 "
ACC-623236,Class-B,Debt Consolidation,24.8,0," $37,270.00 "
ACC-747705,Class-B,N/A,12.5,0," $7,422.00 "
ACC-439014,Class-A,Debt Consolidation,24.8,0," $9,793.00 "
ACC-468970,Class-A,Debt Consolidation,38.2,0," $37,784.00 "
ACC-409774,Class-A,Major Purchase,24.8,0," $43,728.00 "
ACC-628534,Class-B,Major Purchase,38.2,0," $21,637.00 "
ACC-917954,Class-A,Debt Consolidation,55.0,0," $23,949.00 "
ACC-949170,Class-C,Major Purchase,12.5,0," $27,669.00 "
ACC-889383,Class-A,Debt Consolidation,99.9,0," $6,871.00 "
ACC-170105,Class-B,Small Business,24.8,0," $28,670.00 "
ACC-697733,Class-B,Home Improvement,12.5,0," $8,152.00 "
ACC-843837,Class-B,Home Improvement,55.0,0," $38,884.00 "
ACC-392925,Class-B,Debt Consolidation,99.9,0," $11,523.00 "
ACC-381133,Class-A,Home Improvement,24.8,0," $21,510.00 "
ACC-761473,Class-A,N/A,24.8,0," $19,635.00 "
ACC-403905,,Home Improvement,,0," $26,130.00 "
ACC-783366,Class-B,Home Improvement,12.5,0," $30,525.00 "
ACC-504663,UNKNOWN,Debt Consolidation,,0," $6,983.00 "
ACC-858628,Class-A,Home Improvement,55.0,1," $33,949.00 "
ACC-559642,Class-A,N/A,12.5,0," $6,388.00 "
ACC-147783,Class-A,Debt Consolidation,38.2,0," $24,890.00 "
ACC-359573,Class-A,Home Improvement,24.8,0," $32,461.00 "
ACC-508330,Class-C,Home Improvement,12.5,0," $25,709.00 "
ACC-284440,Class-B,Small Business,24.8,0," $43,313.00 "
ACC-537572,Class-A,Home Improvement,12.5,0," $13,879.00 "
ACC-275021,Class-B,Debt Consolidation,38.2,0," $42,032.00 "
ACC-611657,Class-B,Small Business,24.8,0," $26,282.00 "
ACC-823035,Class-A,Small Business,12.5,0," $29,086.00 "
ACC-434033,,Debt Consolidation,,1," $9,588.00 "
ACC-880820,Class-A,Small Business,12.5,0," $32,555.00 "
ACC-954937,,Small Business,,0," $43,927.00 "
ACC-397409,Class-A,Home Improvement,24.8,0," $23,090.00 "
ACC-982481,Class-B,Debt Consolidation,-1.5,0," $22,513.00 "
ACC-371640,UNKNOWN,Debt Consolidation,38.2,0," $26,385.00 "
ACC-133614,Class-A,Home Improvement,12.5,0," $15,516.00 "
ACC-995346,Class-B,N/A,24.8,0," $32,837.00 "
ACC-555478,Class-A,Debt Consolidation,55.0,0," $32,850.00 "
ACC-945377,Class-A,Home Improvement,24.8,0," $14,440.00 "
ACC-224355,Class-A,Major Purchase,24.8,0," $26,720.00 "
ACC-730778,Class-A,Small Business,99.9,0," $34,850.00 "
ACC-224478,,Debt Consolidation,,0," $20,829.00 "
ACC-767560,Class-A,Debt Consolidation,38.2,0," $15,431.00 "
ACC-925037,Class-B,Debt Consolidation,,0," $11,994.00 "
ACC-378423,Class-A,Major Purchase,12.5,0," $35,911.00 "
ACC-657252,Class-C,Home Improvement,55.0,0," $44,553.00 "
ACC-405227,Class-C,Small Business,24.8,1," $27,652.00 "
ACC-126753,UNKNOWN,Debt Consolidation,24.8,0," $6,195.00 "
ACC-661126,Class-A,Debt Consolidation,55.0,0," $42,191.00 "
ACC-839753,Class-B,Debt Consolidation,,0," $13,030.00 "
ACC-492658,Class-A,Home Improvement,,0," $12,116.00 "
ACC-685906,Class-B,Small Business,55.0,1," $26,961.00 "
ACC-855914,Class-B,Major Purchase,24.8,0," $15,087.00 "
ACC-240353,Class-A,Small Business,55.0,0," $5,110.00 "
ACC-971313,Class-A,Home Improvement,12.5,0," $11,924.00 "
ACC-252320,Class-B,Home Improvement,12.5,0," $24,480.00 "
ACC-609960,Class-A,Small Business,-1.5,1," $20,485.00 "
ACC-589832,Class-A,Debt Consolidation,12.5,0," $12,228.00 "
ACC-222541,Class-A,Debt Consolidation,12.5,0," $5,758.00 "
ACC-993356,Class-B,Debt Consolidation,12.5,0," $40,550.00 "
ACC-643609,Class-B,Debt Consolidation,12.5,0," $37,057.00 "
ACC-367100,Class-A,Debt Consolidation,38.2,0," $42,416.00 "
ACC-355322,Class-B,Debt Consolidation,55.0,0," $40,316.00 "
ACC-187211,Class-C,Major Purchase,12.5,0," $29,924.00 "
ACC-616752,Class-B,Major Purchase,24.8,0," $28,775.00 "
ACC-342289,Class-B,Debt Consolidation,38.2,1," $30,846.00 "
ACC-805269,Class-A,Debt Consolidation,12.5,0," $30,807.00 "
ACC-622321,Class-C,Home Improvement,99.9,0," $5,280.00 "
ACC-157487,UNKNOWN,Home Improvement,38.2,0," $10,093.00 "
ACC-672654,Class-A,N/A,38.2,0," $13,484.00 "
ACC-538425,Class-A,Small Business,24.8,0," $7,877.00 "
ACC-938687,Class-B,Debt Consolidation,38.2,0," $19,720.00 "
ACC-581307,Class-B,Small Business,12.5,0," $22,048.00 "
ACC-377672,Class-A,N/A,24.8,0," $32,516.00 "
ACC-908241,Class-A,Small Business,24.8,0," $6,449.00 "
ACC-832581,Class-B,Debt Consolidation,38.2,0," $16,903.00 "
ACC-692406,Class-A,Small Business,38.2,0," $17,449.00 "
ACC-140973,Class-B,Debt Consolidation,24.8,0," $43,497.00 "
ACC-616887,Class-B,Debt Consolidation,12.5,0," $11,613.00 "
ACC-775532,Class-B,Major Purchase,12.5,0," $40,340.00 "
ACC-538277,Class-B,Major Purchase,12.5,0," $22,012.00 "
ACC-709769,Class-A,Debt Consolidation,24.8,0," $12,601.00 "
ACC-971536,Class-C,Small Business,38.2,0," $21,001.00 "
ACC-897055,Class-B,Debt Consolidation,,0," $29,643.00 "
ACC-163835,Class-A,Debt Consolidation,12.5,0," $23,400.00 "
ACC-186082,Class-B,Home Improvement,24.8,0," $44,497.00 "
ACC-682082,Class-A,Debt Consolidation,38.2,0," $35,336.00 "
ACC-794031,Class-A,Debt Consolidation,55.0,0," $14,261.00 "
ACC-290930,Class-B,Home Improvement,24.8,0," $8,011.00 "
ACC-962650,,Home Improvement,,0," $39,626.00 "
ACC-320736,Class-B,Home Improvement,24.8,0," $14,574.00 "
ACC-931163,Class-B,Major Purchase,38.2,0," $25,511.00 "
ACC-600486,Class-A,Debt Consolidation,12.5,0," $9,275.00 "
ACC-927392,Class-A,Home Improvement,,0," $20,980.00 "
ACC-304320,Class-B,Debt Consolidation,55.0,0," $15,406.00 "
ACC-957163,Class-B,Small Business,12.5,0," $31,342.00 "
ACC-309928,Class-A,Home Improvement,38.2,0," $25,916.00 "
ACC-990592,Class-B,Home Improvement,12.5,0," $43,524.00 "
ACC-576300,Class-C,Debt Consolidation,38.2,0," $5,803.00 "
ACC-558835,Class-B,N/A,24.8,1," $30,322.00 "
ACC-540940,Class-B,Debt Consolidation,38.2,0," $20,493.00 "
ACC-370977,Class-C,Small Business,55.0,0," $6,457.00 "
ACC-852628,Class-A,Debt Consolidation,12.5,0," $34,312.00 "
ACC-471592,Class-C,Debt Consolidation,24.8,0," $5,750.00 "
ACC-152291,Class-A,Debt Consolidation,38.2,0," $6,982.00 "
ACC-693699,Class-A,Home Improvement,12.5,0," $24,690.00 "
ACC-350952,Class-B,Home Improvement,24.8,0," $9,077.00 "
ACC-871079,Class-B,Debt Consolidation,24.8,0," $26,661.00 "
ACC-328628,Class-B,Home Improvement,,0," $17,405.00 "
ACC-813646,Class-A,Home Improvement,12.5,0," $44,942.00 "
ACC-618961,Class-A,Debt Consolidation,12.5,0," $5,986.00 "
ACC-938195,Class-B,Debt Consolidation,24.8,0," $11,794.00 "
ACC-478555,Class-A,Home Improvement,12.5,0," $35,588.00 "
ACC-719787,Class-B,Debt Consolidation,-1.5,1," $23,927.00 "
ACC-548144,Class-C,Debt Consolidation,24.8,0," $38,816.00 "
ACC-220811,Class-A,Debt Consolidation,38.2,0," $8,154.00 "
ACC-910812,Class-B,Debt Consolidation,24.8,0," $37,214.00 "
ACC-411046,Class-A,Debt Consolidation,38.2,0," $22,746.00 "
ACC-415642,Class-C,Small Business,,0," $16,575.00 "
ACC-681549,Class-A,Home Improvement,38.2,0," $38,379.00 "
ACC-747299,Class-A,Debt Consolidation,,0," $28,270.00 "
ACC-217609,Class-A,Major Purchase,24.8,0," $15,334.00 "
ACC-977960,Class-C,Debt Consolidation,12.5,0," $39,048.00 "
ACC-511200,Class-B,Major Purchase,24.8,0," $37,757.00 "
ACC-109531,Class-C,Small Business,12.5,0," $31,699.00 "
ACC-425474,Class-A,Major Purchase,38.2,1," $44,692.00 "
ACC-968715,Class-B,Small Business,55.0,0," $19,005.00 "
ACC-559939,Class-B,Debt Consolidation,12.5,0," $11,746.00 "
ACC-895826,Class-A,Major Purchase,24.8,0," $34,498.00 "
ACC-795313,Class-B,Debt Consolidation,55.0,0," $13,927.00 "
ACC-106375,Class-B,Debt Consolidation,12.5,1," $38,719.00 "
ACC-315131,Class-A,Small Business,38.2,0," $38,496.00 "
ACC-751613,Class-B,Small Business,38.2,0," $12,659.00 "
ACC-111683,Class-A,Small Business,55.0,0," $7,828.00 "
ACC-620005,Class-C,Small Business,24.8,0," $14,963.00 "
ACC-455295,Class-B,Small Business,55.0,0," $7,243.00 "
ACC-203260,Class-C,Small Business,12.5,0," $9,185.00 "
ACC-233271,Class-A,Debt Consolidation,38.2,0," $7,712.00 "
ACC-408034,Class-C,Small Business,12.5,0," $13,784.00 "
ACC-974287,Class-B,N/A,24.8,0," $42,882.00 "
ACC-493109,Class-C,Home Improvement,12.5,0," $19,476.00 "
ACC-282540,Class-B,Debt Consolidation,38.2,0," $42,622.00 "
ACC-605563,,N/A,,0," $41,450.00 "
ACC-450598,UNKNOWN,Major Purchase,24.8,0," $36,590.00 "
ACC-840121,Class-B,Major Purchase,12.5,0," $20,740.00 "
ACC-981355,Class-B,Debt Consolidation,38.2,0," $18,100.00 "
ACC-324854,Class-B,Home Improvement,55.0,0," $11,188.00 "
ACC-252184,Class-B,Debt Consolidation,12.5,0," $36,359.00 "
ACC-317276,Class-B,Debt Consolidation,38.2,0," $16,408.00 "
ACC-306587,Class-B,Debt Consolidation,12.5,0," $27,912.00 "
ACC-636615,UNKNOWN,Major Purchase,38.2,0," $24,124.00 "
ACC-667176,Class-B,Debt Consolidation,24.8,0," $10,283.00 "
ACC-252824,Class-A,Debt Consolidation,24.8,0," $34,882.00 "
ACC-462595,Class-A,Debt Consolidation,38.2,0," $33,832.00 "
ACC-516751,Class-B,Debt Consolidation,38.2,0," $27,957.00 "
ACC-574091,Class-A,Small Business,12.5,0," $19,028.00 "
ACC-773821,Class-B,N/A,,0," $24,422.00 "
ACC-296769,Class-B,Home Improvement,55.0,1," $20,023.00 "
ACC-530417,Class-C,Home Improvement,24.8,0," $29,422.00 "
ACC-178539,Class-B,Debt Consolidation,12.5,0," $5,545.00 "
ACC-499746,Class-A,Debt Consolidation,12.5,0," $7,321.00 "
ACC-405738,Class-A,Major Purchase,12.5,1," $10,213.00 "
ACC-177971,Class-C,Small Business,38.2,0," $44,463.00 "
ACC-701745,Class-A,Debt Consolidation,38.2,0," $27,864.00 "
ACC-962576,Class-B,Major Purchase,24.8,0," $11,977.00 "
ACC-177378,Class-B,Debt Consolidation,55.0,0," $12,685.00 "
ACC-427925,Class-B,Debt Consolidation,24.8,1," $24,561.00 "
ACC-423997,Class-B,Debt Consolidation,12.5,0," $25,095.00 "
ACC-740442,Class-A,Small Business,55.0,0," $10,398.00 "
ACC-819660,Class-A,Debt Consolidation,,0," $10,164.00 "
ACC-467359,UNKNOWN,Debt Consolidation,12.5,0," $36,251.00 "
ACC-854143,Class-C,Debt Consolidation,12.5,0," $14,331.00 "
ACC-826966,Class-A,Small Business,,0," $37,833.00 "
ACC-762664,Class-C,Debt Consolidation,12.5,0," $9,321.00 "
ACC-964670,Class-A,N/A,,0," $6,940.00 "
ACC-590494,Class-B,Home Improvement,12.5,0," $17,508.00 "
ACC-432057,Class-A,Major Purchase,38.2,0," $35,234.00 "
ACC-626403,Class-A,Debt Consolidation,12.5,0," $30,481.00 "
ACC-415949,,Major Purchase,,0," $21,067.00 "
ACC-538601,Class-A,Home Improvement,55.0,0," $15,200.00 "
ACC-572559,Class-C,Home Improvement,55.0,0," $11,814.00 "
ACC-987533,,Major Purchase,,0," $6,607.00 "
ACC-802513,Class-B,Small Business,55.0,0," $7,653.00 "
ACC-518803,,Major Purchase,,1," $24,705.00 "
ACC-830165,Class-A,Small Business,12.5,1," $38,175.00 "
ACC-970959,Class-A,Major Purchase,12.5,1," $40,403.00 "
ACC-616586,Class-A,Home Improvement,12.5,0," $8,485.00 "
ACC-495704,Class-B,Home Improvement,24.8,0," $20,070.00 "
ACC-796941,Class-B,Home Improvement,12.5,0," $30,217.00 "
ACC-259249,UNKNOWN,Small Business,38.2,0," $19,844.00 "
ACC-923869,Class-A,Small Business,55.0,1," $5,983.00 "
ACC-736788,Class-A,Major Purchase,55.0,0," $32,294.00 "
ACC-699426,Class-A,Debt Consolidation,12.5,0," $28,533.00 "
ACC-182902,Class-A,Debt Consolidation,,0," $28,741.00 "
ACC-365202,Class-B,Debt Consolidation,55.0,0," $21,878.00 "
ACC-504471,Class-A,Debt Consolidation,12.5,0," $24,385.00 "
ACC-792252,Class-B,Home Improvement,38.2,0," $30,216.00 "
ACC-638673,Class-B,Home Improvement,24.8,0," $9,225.00 "
ACC-195020,Class-C,Home Improvement,55.0,0," $18,009.00 "
ACC-857731,Class-C,Home Improvement,38.2,0," $16,400.00 "
ACC-411762,Class-A,Major Purchase,24.8,0," $38,305.00 "
ACC-399953,Class-A,Major Purchase,24.8,0," $37,098.00 "
ACC-906198,Class-B,Debt Consolidation,38.2,0," $30,243.00 "
ACC-525953,Class-A,Debt Consolidation,55.0,0," $26,826.00 "
ACC-860085,Class-A,Home Improvement,,0," $22,859.00 "
ACC-840724,UNKNOWN,Home Improvement,,0," $31,330.00 "
ACC-620197,Class-B,Home Improvement,12.5,1," $5,544.00 "
ACC-359484,Class-A,Small Business,38.2,0," $16,244.00 "
ACC-711047,,Debt Consolidation,,0," $11,562.00 "
ACC-340722,Class-A,Debt Consolidation,38.2,0," $20,132.00 "
ACC-728913,Class-B,Debt Consolidation,38.2,1," $31,680.00 "
ACC-214364,Class-C,Major Purchase,12.5,0," $18,934.00 "
ACC-248581,Class-A,Home Improvement,24.8,0," $15,224.00 "
ACC-902118,Class-A,Debt Consolidation,24.8,0," $18,203.00 "
ACC-246441,Class-B,Major Purchase,24.8,0," $31,148.00 "
ACC-881361,Class-C,Small Business,99.9,0," $42,176.00 "
ACC-829163,Class-C,Debt Consolidation,12.5,0," $23,881.00 "
ACC-651991,Class-C,Major Purchase,24.8,0," $24,910.00 "
ACC-408334,Class-A,Home Improvement,12.5,0," $34,876.00 "
ACC-352596,Class-A,Debt Consolidation,12.5,0," $36,958.00 "
ACC-506455,Class-B,Major Purchase,,0," $40,392.00 "
ACC-724645,Class-C,Debt Consolidation,38.2,1," $37,026.00 "
ACC-466723,Class-C,Small Business,,0," $32,280.00 "
ACC-978552,Class-B,Debt Consolidation,38.2,0," $14,804.00 "
ACC-474924,Class-A,Debt Consolidation,38.2,0," $35,973.00 "
ACC-801523,Class-B,Debt Consolidation,24.8,1," $29,210.00 "
ACC-709344,Class-C,Debt Consolidation,55.0,0," $43,379.00 "
ACC-261138,Class-B,Small Business,24.8,0," $6,745.00 "
ACC-220666,Class-C,Major Purchase,99.9,0," $36,333.00 "
ACC-858062,Class-A,Debt Consolidation,12.5,0," $7,049.00 "
ACC-108421,Class-B,Home Improvement,24.8,0," $31,830.00 "
ACC-739076,Class-B,Small Business,99.9,0," $16,295.00 "
ACC-189368,Class-A,Home Improvement,12.5,0," $35,574.00 "
ACC-569763,Class-A,Debt Consolidation,,0," $12,107.00 "
ACC-799656,Class-A,Debt Consolidation,12.5,1," $37,459.00 "
ACC-413187,Class-A,Debt Consolidation,99.9,0," $29,028.00 "
ACC-610493,Class-A,Debt Consolidation,,0," $12,824.00 "
ACC-328817,Class-A,Home Improvement,12.5,0," $35,720.00 "
ACC-567526,Class-B,Home Improvement,24.8,0," $14,287.00 "
ACC-652562,UNKNOWN,Debt Consolidation,24.8,0," $38,861.00 "
ACC-304797,Class-A,Home Improvement,24.8,0," $43,453.00 "
ACC-878328,Class-A,Debt Consolidation,,0," $42,491.00 "
ACC-350585,Class-A,Small Business,38.2,0," $10,942.00 "
ACC-869734,Class-A,Debt Consolidation,12.5,1," $28,178.00 "
ACC-938271,Class-A,Debt Consolidation,-1.5,0," $6,229.00 "
ACC-613310,Class-A,Home Improvement,55.0,0," $27,384.00 "
ACC-814584,Class-A,Home Improvement,24.8,0," $10,084.00 "
ACC-619681,Class-B,Debt Consolidation,24.8,0," $21,036.00 "
ACC-784095,Class-A,Debt Consolidation,-1.5,0," $23,897.00 "
ACC-614017,Class-C,Home Improvement,12.5,0," $22,221.00 "
ACC-342517,Class-A,Debt Consolidation,,1," $24,555.00 "
ACC-139197,Class-B,Small Business,24.8,0," $22,654.00 "
ACC-261010,Class-A,Debt Consolidation,38.2,1," $16,663.00 "
ACC-183553,Class-C,Home Improvement,55.0,0," $28,361.00 "
ACC-890192,Class-A,Debt Consolidation,12.5,0," $29,174.00 "
ACC-348484,Class-C,Debt Consolidation,38.2,0," $38,097.00 "
ACC-146817,Class-A,Small Business,-1.5,0," $13,125.00 "
ACC-587893,Class-B,Home Improvement,12.5,0," $32,342.00 "
ACC-703680,Class-B,Debt Consolidation,12.5,0," $19,712.00 "
ACC-373603,Class-C,Debt Consolidation,38.2,0," $6,491.00 "
ACC-699039,Class-B,Debt Consolidation,12.5,0," $28,884.00 "
ACC-382295,Class-B,Home Improvement,38.2,0," $11,862.00 "
ACC-606273,Class-B,Home Improvement,12.5,0," $18,375.00 "
ACC-414809,Class-C,Debt Consolidation,24.8,0," $23,578.00 "
ACC-173642,Class-A,Small Business,55.0,0," $20,650.00 "
ACC-865628,Class-A,Major Purchase,,0," $29,355.00 "
ACC-620556,Class-A,Home Improvement,24.8,1," $44,293.00 "
ACC-447179,Class-A,Small Business,12.5,0," $35,231.00 "
ACC-397547,Class-A,Debt Consolidation,24.8,0," $33,661.00 "
ACC-120965,Class-C,Home Improvement,,0," $41,679.00 "
ACC-897815,Class-A,Debt Consolidation,12.5,0," $21,274.00 "
ACC-484312,Class-C,Major Purchase,12.5,0," $29,852.00 "
ACC-620468,Class-C,Home Improvement,38.2,1," $31,807.00 "
ACC-940895,Class-B,Major Purchase,24.8,1," $13,619.00 "
ACC-441194,Class-B,Debt Consolidation,55.0,0," $42,591.00 "
ACC-922690,Class-A,Debt Consolidation,55.0,0," $38,946.00 "
ACC-464114,Class-A,Home Improvement,24.8,1," $37,313.00 "
ACC-588501,Class-A,Debt Consolidation,24.8,0," $11,499.00 "
ACC-843656,,Debt Consolidation,,0," $41,304.00 "
ACC-262607,Class-A,Debt Consolidation,55.0,0," $6,275.00 "
ACC-947812,Class-B,Small Business,12.5,0," $19,471.00 "
ACC-567382,Class-A,Home Improvement,12.5,0," $40,839.00 "
ACC-469109,Class-C,Small Business,24.8,1," $16,814.00 "
ACC-330248,Class-A,Debt Consolidation,38.2,1," $37,981.00 "
ACC-914447,Class-B,Debt Consolidation,24.8,0," $7,883.00 "
ACC-177304,Class-A,Small Business,12.5,0," $32,133.00 "
ACC-314461,Class-B,N/A,55.0,0," $33,631.00 "
ACC-616498,Class-A,Small Business,38.2,0," $5,847.00 "
ACC-590337,Class-A,Small Business,12.5,0," $38,363.00 "
ACC-186242,Class-A,Debt Consolidation,55.0,0," $21,277.00 "
ACC-388672,Class-C,Home Improvement,38.2,0," $6,776.00 "
ACC-690398,Class-C,Debt Consolidation,24.8,0," $22,420.00 "
ACC-421986,Class-C,Debt Consolidation,-1.5,0," $16,257.00 "
ACC-944290,Class-A,Debt Consolidation,24.8,0," $5,627.00 "
ACC-383155,Class-A,Home Improvement,55.0,1," $17,655.00 "
ACC-194762,Class-A,Debt Consolidation,12.5,0," $11,542.00 "
ACC-658236,,Debt Consolidation,,0," $34,822.00 "
ACC-985707,Class-B,Debt Consolidation,12.5,0," $10,060.00 "
ACC-926733,Class-C,Debt Consolidation,12.5,1," $32,281.00 "
ACC-257454,Class-B,Debt Consolidation,,0," $30,305.00 "
ACC-118300,Class-C,Major Purchase,38.2,0," $16,139.00 "
ACC-228859,Class-B,N/A,12.5,0," $39,223.00 "
ACC-734139,Class-A,Home Improvement,,0," $23,276.00 "
ACC-845294,Class-A,Debt Consolidation,24.8,1," $24,984.00 "
ACC-250226,,Debt Consolidation,,0," $10,075.00 "
ACC-444261,Class-C,Major Purchase,38.2,0," $20,068.00 "
ACC-481202,Class-B,Debt Consolidation,,0," $8,945.00 "
ACC-330386,Class-C,Debt Consolidation,38.2,0," $21,700.00 "
ACC-667816,UNKNOWN,Debt Consolidation,38.2,0," $17,263.00 "
ACC-485595,Class-A,Debt Consolidation,12.5,0," $7,936.00 "
ACC-673825,Class-B,Home Improvement,55.0,1," $35,835.00 "
ACC-770920,Class-A,Home Improvement,12.5,0," $19,716.00 "
ACC-562541,Class-B,Debt Consolidation,12.5,0," $37,708.00 "
ACC-370730,Class-B,N/A,,0," $8,558.00 "
ACC-363247,Class-A,Small Business,24.8,0," $37,745.00 "
ACC-184324,Class-A,Debt Consolidation,24.8,0," $18,129.00 "
ACC-685637,Class-A,Debt Consolidation,38.2,0," $24,735.00 "
ACC-491722,Class-C,Major Purchase,24.8,0," $32,653.00 "
ACC-560474,Class-A,Small Business,38.2,0," $39,028.00 "
ACC-434455,Class-A,Debt Consolidation,55.0,0," $25,375.00 "
ACC-306096,Class-B,Home Improvement,,0," $15,090.00 "
ACC-978929,Class-B,Debt Consolidation,24.8,0," $19,144.00 "
ACC-240068,Class-A,Small Business,12.5,0," $17,274.00 "
ACC-199395,Class-A,Debt Consolidation,24.8,0," $44,082.00 "
ACC-469817,Class-C,Home Improvement,24.8,0," $13,014.00 "
ACC-529828,Class-A,Small Business,24.8,0," $11,693.00 "
ACC-144155,Class-A,Small Business,99.9,0," $19,494.00 "
ACC-765124,Class-B,Debt Consolidation,12.5,1," $44,664.00 "
ACC-242125,,Home Improvement,,0," $15,668.00 "
ACC-887600,Class-A,Home Improvement,24.8,0," $32,031.00 "
ACC-946534,Class-A,Home Improvement,12.5,0," $12,457.00 "
ACC-956171,Class-A,Small Business,55.0,0," $19,268.00 "
ACC-366608,Class-A,Home Improvement,38.2,0," $18,328.00 "
ACC-319232,Class-C,Home Improvement,12.5,0," $10,265.00 "
ACC-815669,Class-A,Major Purchase,38.2,0," $27,529.00 "
ACC-815800,Class-B,Debt Consolidation,38.2,0," $36,093.00 "
ACC-598215,Class-C,Debt Consolidation,55.0,0," $27,808.00 "
ACC-386630,Class-B,Debt Consolidation,55.0,0," $40,282.00 "
ACC-264017,Class-B,Debt Consolidation,12.5,0," $28,294.00 "
ACC-519324,Class-A,Debt Consolidation,38.2,1," $30,320.00 "
ACC-753257,Class-A,Debt Consolidation,24.8,0," $12,464.00 "
ACC-554596,,N/A,,0," $19,926.00 "
ACC-703700,Class-C,Debt Consolidation,12.5,0," $18,791.00 "
ACC-307360,Class-A,Debt Consolidation,12.5,0," $21,254.00 "
ACC-718932,Class-A,Small Business,24.8,0," $23,292.00 "
ACC-747856,,N/A,,1," $14,312.00 "
ACC-115867,Class-A,Home Improvement,38.2,0," $23,950.00 "
ACC-494897,Class-A,Major Purchase,-1.5,0," $38,201.00 "
ACC-862041,Class-A,Debt Consolidation,38.2,0," $24,172.00 "
ACC-710407,Class-B,Debt Consolidation,24.8,0," $43,831.00 "
ACC-205958,UNKNOWN,Debt Consolidation,,0," $8,355.00 "
ACC-749178,Class-B,Home Improvement,-1.5,0," $6,014.00 "
ACC-578854,Class-B,Small Business,12.5,0," $40,281.00 "
ACC-887607,,Debt Consolidation,,0," $29,617.00 "
ACC-705119,Class-A,Home Improvement,12.5,0," $30,339.00 "
ACC-744922,Class-A,Small Business,38.2,0," $36,176.00 "
ACC-356430,Class-A,Major Purchase,38.2,0," $15,772.00 "
ACC-213786,Class-A,Debt Consolidation,24.8,0," $33,837.00 "
ACC-504342,Class-A,Home Improvement,24.8,1," $20,178.00 "
ACC-419410,Class-B,Debt Consolidation,38.2,0," $6,774.00 "
ACC-686869,Class-A,Debt Consolidation,38.2,0," $24,737.00 "
ACC-896091,UNKNOWN,Debt Consolidation,-1.5,0," $31,731.00 "
ACC-393953,Class-A,Debt Consolidation,38.2,0," $20,145.00 "
ACC-127994,Class-B,Debt Consolidation,24.8,0," $44,386.00 "
ACC-793510,UNKNOWN,Debt Consolidation,24.8,0," $42,688.00 "
ACC-699083,,Small Business,,0," $17,488.00 "
ACC-241349,Class-A,Home Improvement,24.8,0," $39,528.00 "
ACC-371417,Class-C,Debt Consolidation,12.5,0," $17,862.00 "
ACC-140490,Class-C,Small Business,24.8,0," $14,855.00 "
ACC-382120,Class-B,Home Improvement,-1.5,0," $23,615.00 "
ACC-459848,Class-C,Home Improvement,12.5,1," $22,130.00 "
ACC-612623,Class-B,Debt Consolidation,24.8,0," $11,670.00 "
ACC-148270,Class-C,Debt Consolidation,38.2,0," $20,645.00 "
ACC-247151,Class-A,Debt Consolidation,38.2,0," $43,654.00 "
ACC-818154,Class-C,Major Purchase,38.2,0," $13,854.00 "
ACC-478897,Class-C,Small Business,,0," $27,068.00 "
ACC-417863,Class-B,Major Purchase,24.8,1," $38,870.00 "
ACC-289618,Class-B,Debt Consolidation,24.8,0," $43,397.00 "
ACC-709975,Class-A,Debt Consolidation,12.5,0," $11,974.00 "
ACC-528695,Class-B,Small Business,38.2,0," $19,226.00 "
ACC-526506,,Home Improvement,,1," $12,216.00 "
ACC-183144,,Home Improvement,,0," $14,850.00 "
ACC-130050,Class-A,N/A,24.8,0," $22,046.00 "
ACC-746112,UNKNOWN,Home Improvement,55.0,0," $22,221.00 "
ACC-246013,Class-A,Major Purchase,24.8,0," $24,063.00 "
ACC-895358,Class-A,Debt Consolidation,12.5,0," $18,709.00 "
ACC-798189,Class-B,Debt Consolidation,12.5,1," $18,337.00 "
ACC-531077,Class-B,Debt Consolidation,,0," $35,864.00 "
ACC-415868,Class-C,Debt Consolidation,24.8,0," $27,932.00 "
ACC-700073,Class-A,Home Improvement,38.2,0," $13,762.00 "
ACC-627243,Class-C,Home Improvement,12.5,0," $14,038.00 "
ACC-312898,Class-A,Small Business,24.8,0," $18,201.00 "
ACC-242767,Class-A,Home Improvement,99.9,1," $38,332.00 "
ACC-470485,Class-A,Debt Consolidation,24.8,0," $41,425.00 "
ACC-179302,Class-B,Home Improvement,,0," $43,615.00 "
ACC-131576,Class-A,Major Purchase,55.0,1," $34,748.00 "
ACC-305522,Class-C,Home Improvement,12.5,0," $25,878.00 "
ACC-754157,Class-B,Small Business,12.5,0," $17,369.00 "
ACC-273823,Class-B,Home Improvement,12.5,0," $25,835.00 "
ACC-676313,Class-A,Small Business,24.8,0," $7,237.00 "
ACC-772212,Class-A,Small Business,24.8,0," $36,919.00 "
ACC-682054,Class-A,N/A,38.2,0," $35,714.00 "
ACC-805031,Class-A,N/A,12.5,0," $23,227.00 "
ACC-198078,Class-B,Home Improvement,38.2,0," $18,808.00 "
ACC-249782,Class-B,Debt Consolidation,99.9,0," $38,604.00 "
ACC-746681,Class-C,Debt Consolidation,38.2,0," $5,264.00 "
ACC-200441,Class-C,Small Business,24.8,0," $31,951.00 "
ACC-806902,Class-A,Debt Consolidation,55.0,1," $44,841.00 "
ACC-348765,Class-C,Small Business,24.8,0," $16,722.00 "
ACC-210104,Class-B,Home Improvement,,0," $12,535.00 "
ACC-150612,Class-A,Debt Consolidation,38.2,0," $37,370.00 "
ACC-722159,Class-B,Small Business,24.8,0," $33,110.00 "
ACC-444790,Class-A,Debt Consolidation,,0," $32,748.00 "
ACC-271765,UNKNOWN,Home Improvement,55.0,1," $29,277.00 "
ACC-299928,Class-A,Debt Consolidation,12.5,0," $15,105.00 "
ACC-374014,Class-C,Debt Consolidation,24.8,0," $42,829.00 "
ACC-601985,Class-A,Major Purchase,,0," $15,056.00 "
ACC-644575,Class-A,Debt Consolidation,,0," $15,448.00 "
ACC-681915,Class-B,N/A,38.2,0," $27,778.00 "
ACC-637520,Class-A,Major Purchase,38.2,0," $16,344.00 "
ACC-314517,Class-B,Debt Consolidation,12.5,1," $11,242.00 "
ACC-432947,Class-A,Debt Consolidation,55.0,0," $30,803.00 "
ACC-523520,Class-A,N/A,24.8,0," $22,388.00 "
ACC-674645,Class-B,Small Business,38.2,0," $19,545.00 "
ACC-310894,,Home Improvement,,0," $16,934.00 "
ACC-328966,,Home Improvement,,0," $33,500.00 "
ACC-350593,Class-A,Home Improvement,12.5,0," $23,589.00 "
ACC-521762,Class-A,Major Purchase,24.8,0," $43,132.00 "
ACC-854078,Class-B,N/A,,0," $23,174.00 "
ACC-918623,Class-A,Debt Consolidation,99.9,0," $23,381.00 "
ACC-378984,,Debt Consolidation,,0," $44,381.00 "
ACC-531365,Class-C,Debt Consolidation,12.5,1," $43,765.00 "
ACC-523511,Class-A,Debt Consolidation,,0," $36,742.00 "
ACC-328282,Class-B,Debt Consolidation,12.5,0," $36,707.00 "
ACC-778599,Class-A,Home Improvement,24.8,0," $34,963.00 "
ACC-902954,Class-A,Major Purchase,12.5,0," $33,614.00 "
ACC-648165,Class-A,Debt Consolidation,12.5,0," $9,458.00 "
ACC-953995,Class-A,N/A,12.5,0," $30,470.00 "
ACC-372400,Class-B,Debt Consolidation,12.5,0," $33,809.00 "
ACC-568229,Class-A,Debt Consolidation,38.2,0," $35,816.00 "
ACC-524536,Class-A,Debt Consolidation,38.2,1," $44,497.00 "
ACC-845845,Class-C,Debt Consolidation,12.5,0," $40,247.00 "
ACC-947056,Class-A,Home Improvement,38.2,0," $18,460.00 "
ACC-916484,Class-B,Debt Consolidation,24.8,0," $39,729.00 "
ACC-556799,Class-A,Major Purchase,,0," $12,835.00 "
ACC-614637,Class-A,Debt Consolidation,24.8,0," $16,528.00 "
ACC-844720,Class-C,Debt Consolidation,12.5,0," $29,794.00 "
ACC-496064,Class-B,Home Improvement,55.0,1," $10,111.00 "
ACC-236473,Class-B,Debt Consolidation,24.8,1," $44,670.00 "
ACC-639430,Class-A,Debt Consolidation,12.5,0," $33,251.00 "
ACC-141598,Class-C,Home Improvement,24.8,0," $20,248.00 "
ACC-789050,Class-C,Debt Consolidation,55.0,0," $10,546.00 "
ACC-785531,Class-B,Debt Consolidation,55.0,0," $38,606.00 "
ACC-158440,Class-A,Small Business,12.5,0," $32,446.00 "
ACC-215471,Class-B,Debt Consolidation,12.5,0," $39,486.00 "
ACC-737355,Class-B,Home Improvement,38.2,0," $20,050.00 "
ACC-593715,Class-C,Home Improvement,24.8,0," $37,790.00 "
ACC-977723,UNKNOWN,Major Purchase,38.2,0," $8,898.00 "
ACC-749807,Class-B,Small Business,24.8,0," $16,566.00 "
ACC-271943,Class-B,Debt Consolidation,24.8,0," $24,490.00 "
ACC-720512,Class-B,Small Business,24.8,0," $41,083.00 "
ACC-137796,Class-B,Debt Consolidation,55.0,0," $13,771.00 "
ACC-830734,Class-A,Home Improvement,38.2,0," $26,631.00 "
ACC-532811,Class-B,Debt Consolidation,24.8,0," $22,248.00 "
ACC-568172,Class-A,Debt Consolidation,12.5,0," $14,731.00 "
ACC-728517,Class-B,Home Improvement,12.5,0," $25,449.00 "
ACC-532478,Class-A,Small Business,24.8,0," $36,060.00 "
ACC-910673,Class-A,Major Purchase,12.5,0," $27,235.00 "
ACC-890914,Class-A,Home Improvement,12.5,0," $39,729.00 "
ACC-601139,Class-A,Debt Consolidation,12.5,0," $44,931.00 "
ACC-156602,Class-A,Debt Consolidation,12.5,0," $15,195.00 "
ACC-975673,Class-C,Home Improvement,12.5,1," $20,915.00 "
ACC-539878,UNKNOWN,Home Improvement,-1.5,0," $5,991.00 "
ACC-516418,Class-A,Small Business,12.5,0," $22,534.00 "
ACC-327752,Class-B,Home Improvement,12.5,0," $7,872.00 "
ACC-309666,Class-B,Debt Consolidation,55.0,0," $40,865.00 "
ACC-857826,Class-A,Debt Consolidation,,0," $17,339.00 "
ACC-986953,Class-A,N/A,,0," $36,773.00 "
ACC-494411,UNKNOWN,Debt Consolidation,12.5,0," $11,515.00 "
ACC-136762,,Small Business,,1," $40,657.00 "
ACC-249565,Class-C,Home Improvement,-1.5,0," $26,584.00 "
ACC-402314,UNKNOWN,Debt Consolidation,24.8,0," $9,100.00 "
ACC-253371,,Debt Consolidation,,0," $34,498.00 "
ACC-848132,Class-B,Home Improvement,55.0,0," $7,512.00 "
ACC-859023,Class-B,Major Purchase,,0," $18,130.00 "
ACC-891268,Class-B,Small Business,24.8,1," $13,248.00 "
ACC-282428,Class-A,Small Business,24.8,0," $40,819.00 "
ACC-768496,Class-B,Home Improvement,24.8,0," $17,346.00 "
ACC-703826,Class-C,Home Improvement,12.5,0," $25,408.00 "
ACC-456296,Class-A,Debt Consolidation,38.2,1," $21,723.00 "
ACC-954163,Class-A,N/A,12.5,0," $8,550.00 "
ACC-922791,Class-B,Debt Consolidation,38.2,0," $23,309.00 "
ACC-474009,Class-B,Major Purchase,55.0,0," $18,814.00 "
ACC-149706,Class-B,Debt Consolidation,99.9,0," $25,602.00 "
ACC-809871,Class-A,N/A,99.9,1," $21,264.00 "
ACC-686808,,Home Improvement,,0," $21,344.00 "
ACC-683582,Class-A,Debt Consolidation,24.8,0," $14,939.00 "
ACC-944549,Class-B,Debt Consolidation,12.5,0," $5,787.00 "
ACC-148282,Class-A,Debt Consolidation,12.5,0," $24,156.00 "
ACC-487003,Class-A,Major Purchase,12.5,0," $17,903.00 "
ACC-237203,Class-C,Home Improvement,24.8,0," $29,990.00 "
ACC-925437,Class-A,Small Business,12.5,0," $28,573.00 "
ACC-749709,Class-A,Home Improvement,12.5,0," $26,888.00 "
ACC-461808,Class-A,Debt Consolidation,12.5,0," $36,340.00 "
ACC-480365,Class-A,Home Improvement,24.8,0," $18,662.00 "
ACC-312410,Class-C,Debt Consolidation,12.5,0," $30,231.00 "
ACC-897906,Class-B,Debt Consolidation,24.8,0," $32,572.00 "
ACC-276889,Class-B,Home Improvement,38.2,0," $44,626.00 "
ACC-195932,Class-C,Debt Consolidation,12.5,0," $29,282.00 "
ACC-662774,Class-A,Small Business,12.5,0," $37,257.00 "
ACC-191817,Class-B,Small Business,55.0,0," $7,056.00 "
ACC-432084,Class-A,Small Business,38.2,0," $18,590.00 "
ACC-125483,Class-A,N/A,12.5,0," $43,130.00 "
ACC-726401,Class-B,N/A,-1.5,0," $35,366.00 "
ACC-244504,Class-A,Small Business,24.8,0," $21,066.00 "
ACC-910756,Class-B,Debt Consolidation,55.0,0," $35,629.00 "
ACC-524742,Class-A,N/A,24.8,0," $22,373.00 "
ACC-950709,Class-A,Debt Consolidation,55.0,0," $22,841.00 "
ACC-150768,Class-A,Small Business,38.2,0," $43,292.00 "
ACC-682006,Class-A,Debt Consolidation,24.8,0," $14,190.00 "
ACC-216271,Class-B,Debt Consolidation,38.2,1," $35,237.00 "
ACC-152134,Class-B,N/A,55.0,0," $19,299.00 "
ACC-486994,Class-B,Home Improvement,55.0,0," $35,525.00 "
ACC-943278,Class-A,Major Purchase,12.5,1," $22,907.00 "
ACC-481260,Class-A,Debt Consolidation,24.8,1," $40,455.00 "
ACC-287030,,Debt Consolidation,,0," $22,956.00 "
ACC-650049,Class-A,Small Business,,0," $21,480.00 "
ACC-468041,Class-B,Small Business,38.2,0," $35,802.00 "
ACC-839287,Class-B,Debt Consolidation,24.8,0," $40,529.00 "
ACC-414890,Class-A,Debt Consolidation,12.5,0," $31,577.00 "
ACC-281650,Class-A,N/A,55.0,0," $7,356.00 "
ACC-136998,UNKNOWN,Debt Consolidation,55.0,0," $14,530.00 "
ACC-343018,Class-C,Debt Consolidation,12.5,0," $8,861.00 "
ACC-929355,Class-A,Home Improvement,24.8,0," $35,836.00 "
ACC-839120,Class-C,Debt Consolidation,12.5,0," $24,616.00 "
ACC-373009,Class-C,N/A,38.2,0," $44,690.00 "
ACC-437221,Class-A,Small Business,12.5,0," $5,562.00 "
ACC-474152,UNKNOWN,Debt Consolidation,38.2,0," $26,283.00 "
ACC-210247,Class-B,Debt Consolidation,-1.5,0," $14,719.00 "
ACC-159979,UNKNOWN,Small Business,24.8,0," $35,423.00 "
ACC-417987,Class-C,Debt Consolidation,,0," $22,471.00 "
ACC-273396,Class-A,Debt Consolidation,,0," $19,498.00 "
ACC-172594,Class-A,Major Purchase,12.5,0," $5,094.00 "
ACC-222608,Class-A,Debt Consolidation,55.0,1," $37,864.00 "
ACC-810909,Class-C,Debt Consolidation,38.2,0," $15,232.00 "
ACC-219446,Class-B,Debt Consolidation,24.8,1," $21,937.00 "
ACC-434416,Class-B,N/A,24.8,0," $8,743.00 "
ACC-693509,Class-B,Debt Consolidation,38.2,0," $12,556.00 "
ACC-446125,Class-A,Debt Consolidation,12.5,1," $17,566.00 "
ACC-327330,Class-B,Debt Consolidation,24.8,0," $26,734.00 "
ACC-584902,Class-B,Major Purchase,,0," $32,922.00 "
ACC-173840,Class-A,Debt Consolidation,38.2,0," $37,614.00 "
ACC-347402,Class-A,Debt Consolidation,24.8,0," $9,184.00 "
ACC-728316,Class-A,Debt Consolidation,24.8,0," $22,632.00 "
ACC-712243,Class-A,Home Improvement,12.5,0," $22,838.00 "
ACC-594269,Class-A,Small Business,38.2,0," $8,122.00 "
ACC-909770,Class-B,Major Purchase,12.5,0," $29,524.00 "
ACC-153476,Class-A,Debt Consolidation,12.5,1," $6,921.00 "
ACC-560753,Class-B,Debt Consolidation,24.8,0," $21,012.00 "
ACC-552406,Class-C,Debt Consolidation,12.5,0," $13,734.00 "
ACC-323827,Class-B,Home Improvement,,0," $43,149.00 "
ACC-482034,Class-B,Home Improvement,,0," $16,629.00 "
ACC-446480,Class-A,Home Improvement,24.8,1," $28,296.00 "
ACC-182847,Class-A,Small Business,,0," $17,108.00 "
ACC-864824,Class-B,Home Improvement,12.5,0," $9,126.00 "
ACC-246989,Class-A,Debt Consolidation,12.5,0," $31,466.00 "
ACC-124171,Class-C,Debt Consolidation,24.8,0," $32,948.00 "
ACC-730188,Class-B,N/A,,0," $27,745.00 "
ACC-649414,Class-A,Home Improvement,24.8,0," $38,926.00 "
ACC-609348,Class-C,Small Business,24.8,0," $25,113.00 "
ACC-955430,Class-A,Debt Consolidation,55.0,0," $9,342.00 "
ACC-159150,Class-A,Home Improvement,38.2,0," $11,830.00 "
ACC-138103,Class-A,Debt Consolidation,12.5,0," $39,824.00 "
ACC-397956,Class-C,Home Improvement,24.8,0," $9,851.00 "
ACC-942420,Class-B,Debt Consolidation,12.5,0," $29,866.00 "
ACC-280711,Class-B,Small Business,38.2,0," $8,367.00 "
ACC-301474,Class-B,Debt Consolidation,55.0,0," $32,713.00 "
ACC-595052,Class-B,Major Purchase,38.2,0," $38,487.00 "
ACC-571432,Class-A,Debt Consolidation,12.5,0," $29,408.00 "
ACC-447977,Class-B,Home Improvement,12.5,0," $22,411.00 "
ACC-799680,Class-A,Home Improvement,12.5,0," $25,651.00 "
ACC-879832,Class-A,Small Business,24.8,0," $24,542.00 "
ACC-332277,Class-A,Debt Consolidation,55.0,0," $43,006.00 "
ACC-722018,Class-B,Debt Consolidation,55.0,1," $38,099.00 "
ACC-490823,Class-B,N/A,,0," $18,309.00 "
ACC-681026,Class-B,Debt Consolidation,55.0,1," $36,000.00 "
ACC-386706,Class-A,Small Business,12.5,0," $29,616.00 "
ACC-955108,Class-B,Small Business,,1," $28,212.00 "
ACC-820128,Class-B,N/A,,0," $7,383.00 "
ACC-850371,Class-A,Debt Consolidation,24.8,0," $30,017.00 "
ACC-627882,Class-A,Debt Consolidation,99.9,0," $37,749.00 "
ACC-525520,Class-A,Home Improvement,12.5,1," $12,988.00 "
ACC-975377,Class-B,Debt Consolidation,12.5,0," $14,916.00 "
ACC-846993,Class-A,N/A,,0," $43,235.00 "
ACC-513306,Class-A,Debt Consolidation,24.8,0," $38,508.00 "
ACC-658049,Class-A,Debt Consolidation,-1.5,0," $10,971.00 "
ACC-482717,Class-C,Home Improvement,38.2,0," $15,997.00 "
ACC-515802,Class-C,Debt Consolidation,55.0,0," $44,467.00 "
ACC-753046,Class-A,Debt Consolidation,,0," $26,947.00 "
ACC-707135,Class-B,Small Business,24.8,0," $25,589.00 "
ACC-432518,Class-A,Small Business,12.5,0," $22,588.00 "
ACC-845116,Class-B,Major Purchase,,1," $30,008.00 "
ACC-635010,Class-B,Small Business,12.5,0," $23,821.00 "
ACC-204514,Class-C,Debt Consolidation,24.8,0," $31,483.00 "
ACC-335100,Class-A,Debt Consolidation,12.5,0," $36,153.00 "
ACC-371182,Class-C,N/A,24.8,1," $26,876.00 "
ACC-659968,Class-A,Debt Consolidation,99.9,0," $42,701.00 "
ACC-352711,Class-A,Home Improvement,55.0,0," $24,785.00 "
ACC-883704,Class-B,Debt Consolidation,12.5,0," $42,717.00 "
ACC-310713,Class-B,Major Purchase,12.5,0," $39,430.00 "
ACC-894294,Class-C,Home Improvement,38.2,0," $35,597.00 "
ACC-401696,Class-B,Small Business,,0," $31,820.00 "
ACC-450290,Class-B,Small Business,24.8,0," $17,565.00 "
ACC-473944,Class-B,Debt Consolidation,24.8,0," $23,682.00 "
ACC-915218,Class-A,N/A,38.2,1," $6,788.00 "
ACC-259578,Class-A,Debt Consolidation,38.2,0," $10,441.00 "
ACC-985249,Class-A,Home Improvement,24.8,0," $8,884.00 "
ACC-325247,Class-A,Small Business,-1.5,0," $20,795.00 "
ACC-497114,Class-B,Debt Consolidation,24.8,0," $14,462.00 "
ACC-426288,UNKNOWN,Major Purchase,55.0,0," $37,726.00 "
ACC-541306,Class-B,Debt Consolidation,,1," $44,666.00 "
ACC-657092,Class-A,N/A,12.5,0," $32,582.00 "
ACC-346087,,Debt Consolidation,,0," $34,827.00 "
ACC-436002,Class-A,Small Business,38.2,0," $43,717.00 "
ACC-784507,Class-A,Home Improvement,24.8,1," $32,636.00 "
ACC-284882,Class-A,Small Business,38.2,0," $11,023.00 "
ACC-908072,Class-A,N/A,,0," $30,358.00 "
ACC-153407,Class-B,Home Improvement,55.0,0," $44,645.00 "
ACC-723547,Class-B,Small Business,12.5,0," $35,329.00 "
ACC-424204,Class-B,Home Improvement,12.5,1," $8,241.00 "
ACC-280269,Class-B,Home Improvement,38.2,0," $33,572.00 "
ACC-371913,Class-B,Debt Consolidation,12.5,0," $13,087.00 "
ACC-667865,Class-A,Home Improvement,55.0,0," $6,396.00 "
ACC-490796,Class-A,Home Improvement,24.8,1," $34,905.00 "
ACC-550115,Class-C,Small Business,24.8,0," $37,584.00 "
ACC-808878,Class-A,Small Business,,0," $9,267.00 "
ACC-702416,Class-B,N/A,38.2,0," $18,523.00 "
ACC-353313,,Home Improvement,,0," $22,270.00 "
ACC-129352,Class-A,Debt Consolidation,24.8,0," $13,432.00 "
ACC-161669,UNKNOWN,Debt Consolidation,99.9,0," $44,512.00 "
ACC-459255,Class-A,N/A,55.0,0," $23,427.00 "
ACC-820580,,Debt Consolidation,,0," $31,291.00 "
ACC-587893,Class-A,Debt Consolidation,38.2,0," $30,271.00 "
ACC-136703,Class-C,Debt Consolidation,12.5,0," $43,975.00 "
ACC-708877,Class-B,N/A,38.2,0," $40,334.00 "
ACC-421586,Class-B,Home Improvement,12.5,0," $17,267.00 "
ACC-673214,Class-A,Debt Consolidation,55.0,0," $37,001.00 "
ACC-296454,Class-B,Home Improvement,24.8,0," $35,174.00 "
ACC-155045,Class-A,N/A,55.0,1," $12,628.00 "
ACC-460669,Class-C,Debt Consolidation,38.2,0," $5,955.00 "
ACC-342930,Class-B,Major Purchase,12.5,0," $37,126.00 "
ACC-208586,Class-A,Home Improvement,55.0,1," $28,428.00 "
ACC-984232,Class-A,Home Improvement,,0," $35,043.00 "
ACC-705612,Class-A,Major Purchase,24.8,0," $40,825.00 "
ACC-912414,UNKNOWN,Major Purchase,24.8,0," $36,827.00 "
ACC-832991,UNKNOWN,Small Business,12.5,0," $22,042.00 "
ACC-339594,Class-C,Debt Consolidation,24.8,0," $44,210.00 "
ACC-588583,Class-B,Home Improvement,24.8,0," $20,954.00 "
ACC-471042,UNKNOWN,Debt Consolidation,24.8,0," $15,351.00 "
ACC-431546,Class-B,Debt Consolidation,24.8,0," $5,146.00 "
ACC-911150,Class-B,Debt Consolidation,12.5,0," $32,251.00 "
ACC-298734,Class-C,Debt Consolidation,24.8,0," $8,208.00 "
ACC-469956,Class-B,Debt Consolidation,24.8,0," $44,599.00 "
ACC-230057,Class-A,Small Business,12.5,0," $40,513.00 "
ACC-202886,Class-C,Home Improvement,24.8,0," $12,514.00 "
ACC-941861,Class-B,Small Business,,0," $39,618.00 "
ACC-743040,Class-B,Debt Consolidation,55.0,0," $42,485.00 "
ACC-534257,Class-C,Debt Consolidation,-1.5,1," $32,783.00 "
ACC-859022,Class-B,Small Business,12.5,0," $19,063.00 "
ACC-136029,Class-A,Major Purchase,,0," $30,327.00 "
ACC-302158,Class-B,Debt Consolidation,24.8,0," $22,648.00 "
ACC-540802,Class-B,Major Purchase,55.0,0," $37,641.00 "
ACC-300003,Class-B,Small Business,12.5,0," $27,250.00 "
ACC-559543,Class-B,Home Improvement,12.5,0," $19,524.00 "
ACC-590199,Class-A,Debt Consolidation,38.2,0," $12,156.00 "
ACC-257327,Class-C,Debt Consolidation,55.0,0," $22,523.00 "
ACC-888495,Class-A,Debt Consolidation,12.5,0," $5,663.00 "
ACC-809902,Class-A,Home Improvement,24.8,0," $18,355.00 "
ACC-319725,Class-B,Debt Consolidation,24.8,0," $21,868.00 "
ACC-207718,Class-C,Debt Consolidation,24.8,0," $30,921.00 "
ACC-751386,Class-A,Debt Consolidation,38.2,0," $18,610.00 "
ACC-969032,Class-A,Debt Consolidation,24.8,0," $25,748.00 "
ACC-481475,Class-A,Small Business,38.2,0," $14,713.00 "
ACC-686809,Class-B,N/A,55.0,0," $10,703.00 "
ACC-637087,UNKNOWN,Debt Consolidation,24.8,0," $32,575.00 "
ACC-306537,Class-A,Home Improvement,12.5,0," $28,838.00 "
ACC-692387,Class-C,Home Improvement,24.8,0," $44,379.00 "
ACC-404456,Class-B,Debt Consolidation,24.8,0," $36,309.00 "
ACC-541117,Class-A,Debt Consolidation,55.0,0," $15,267.00 "
ACC-118635,Class-A,Small Business,24.8,0," $15,651.00 "
ACC-191742,Class-B,Home Improvement,,0," $21,560.00 "
ACC-996078,Class-A,Small Business,12.5,0," $19,560.00 "
ACC-955116,Class-B,Debt Consolidation,24.8,0," $36,697.00 "
ACC-156632,Class-A,Small Business,12.5,0," $13,011.00 "
ACC-189781,Class-B,Home Improvement,12.5,0," $30,675.00 "
ACC-376872,Class-A,Debt Consolidation,38.2,0," $38,163.00 "
ACC-183369,Class-B,Debt Consolidation,38.2,0," $30,825.00 "
ACC-625872,Class-B,Home Improvement,38.2,0," $12,880.00 "
ACC-645970,Class-B,Small Business,12.5,0," $31,844.00 "
ACC-458208,Class-B,Debt Consolidation,38.2,0," $30,224.00 "
ACC-296266,Class-A,Debt Consolidation,24.8,0," $8,521.00 "
ACC-460403,Class-A,Debt Consolidation,,1," $33,230.00 "
ACC-270519,UNKNOWN,Small Business,12.5,1," $26,720.00 "
ACC-850710,Class-B,N/A,38.2,0," $7,051.00 "
ACC-341158,Class-A,Major Purchase,12.5,0," $44,377.00 "
ACC-961600,Class-B,Major Purchase,12.5,0," $30,915.00 "
ACC-437384,Class-A,Debt Consolidation,55.0,0," $17,468.00 "
ACC-832479,Class-A,Home Improvement,24.8,0," $13,432.00 "
ACC-462071,Class-A,Debt Consolidation,24.8,0," $7,160.00 "
ACC-804630,Class-C,Debt Consolidation,24.8,0," $42,215.00 "
ACC-466640,Class-B,Small Business,38.2,0," $41,309.00 "
ACC-680345,Class-B,Major Purchase,38.2,0," $41,736.00 "
ACC-459673,Class-A,Small Business,12.5,0," $42,280.00 "
ACC-343256,UNKNOWN,Debt Consolidation,38.2,0," $34,030.00 "
ACC-630986,Class-B,Debt Consolidation,38.2,0," $22,842.00 "
ACC-547982,UNKNOWN,Debt Consolidation,38.2,0," $43,828.00 "
ACC-491303,Class-B,Small Business,55.0,0," $5,798.00 "
ACC-101419,Class-B,N/A,12.5,0," $40,594.00 "
ACC-201181,Class-B,Small Business,55.0,0," $12,781.00 "
ACC-334951,Class-B,Debt Consolidation,12.5,0," $5,818.00 "
ACC-327256,,Home Improvement,,1," $21,472.00 "
ACC-326391,,Debt Consolidation,,0," $39,908.00 "
ACC-469602,Class-C,Home Improvement,55.0,1," $33,201.00 "
ACC-275577,Class-C,Debt Consolidation,38.2,0," $24,080.00 "
ACC-131516,,Debt Consolidation,,0," $32,339.00 "
ACC-363773,UNKNOWN,Major Purchase,24.8,1," $11,577.00 "
ACC-759272,Class-C,Debt Consolidation,12.5,1," $32,448.00 "
ACC-492163,Class-C,Debt Consolidation,12.5,0," $20,893.00 "
ACC-719649,Class-C,Major Purchase,12.5,0," $34,548.00 "
ACC-779046,Class-B,Major Purchase,12.5,0," $35,303.00 "
ACC-546516,Class-A,Home Improvement,24.8,0," $38,225.00 "
ACC-499793,Class-A,Small Business,55.0,0," $17,397.00 "
ACC-398297,Class-C,Debt Consolidation,12.5,0," $15,915.00 "
ACC-887244,Class-A,Debt Consolidation,12.5,0," $43,305.00 "
ACC-164511,Class-A,Home Improvement,24.8,0," $18,328.00 "
ACC-850832,Class-B,Debt Consolidation,24.8,0," $13,546.00 "
ACC-368219,Class-B,Debt Consolidation,24.8,0," $20,120.00 "
ACC-904893,Class-A,Debt Consolidation,24.8,0," $7,892.00 "
ACC-646007,Class-A,Home Improvement,,0," $11,055.00 "
ACC-550898,Class-A,Major Purchase,,0," $19,680.00 "
ACC-991623,Class-A,Major Purchase,38.2,0," $6,524.00 "
ACC-846197,,Small Business,,0," $21,576.00 "
ACC-171679,Class-C,Debt Consolidation,12.5,0," $7,209.00 "
ACC-597521,Class-A,Small Business,38.2,0," $40,912.00 "
ACC-708664,UNKNOWN,Debt Consolidation,55.0,1," $9,009.00 "
ACC-531905,Class-B,Home Improvement,38.2,0," $41,615.00 "
ACC-401806,Class-B,N/A,24.8,0," $8,665.00 "
ACC-804281,Class-A,Debt Consolidation,55.0,0," $8,793.00 "
ACC-801609,Class-B,Debt Consolidation,38.2,0," $16,550.00 "
ACC-558903,Class-B,Home Improvement,24.8,0," $36,136.00 "
ACC-274156,Class-B,Home Improvement,99.9,0," $18,837.00 "
ACC-970924,,Home Improvement,,0," $18,891.00 "
ACC-290224,Class-C,Home Improvement,12.5,0," $18,148.00 "
ACC-200385,Class-A,Home Improvement,38.2,1," $34,697.00 "
ACC-811144,Class-B,Debt Consolidation,12.5,1," $11,243.00 "
ACC-268209,Class-B,Debt Consolidation,24.8,0," $8,947.00 "
ACC-784937,Class-A,Small Business,12.5,0," $35,518.00 "
ACC-757967,Class-A,Debt Consolidation,55.0,0," $40,131.00 "
ACC-599155,Class-B,Home Improvement,12.5,0," $37,352.00 "
ACC-533351,UNKNOWN,Debt Consolidation,38.2,0," $43,023.00 "
ACC-203251,Class-A,Debt Consolidation,38.2,0," $40,080.00 "
ACC-795543,Class-B,Debt Consolidation,12.5,0," $34,708.00 "
ACC-518926,Class-A,Debt Consolidation,12.5,0," $15,775.00 "
ACC-502723,Class-A,Home Improvement,99.9,0," $7,755.00 "
ACC-987296,Class-C,Debt Consolidation,55.0,0," $11,777.00 "
ACC-967296,Class-B,Debt Consolidation,55.0,0," $34,776.00 "
ACC-374777,Class-A,Home Improvement,24.8,0," $33,007.00 "
ACC-592280,Class-B,Home Improvement,12.5,0," $21,070.00 "
ACC-710637,Class-A,Debt Consolidation,12.5,0," $23,756.00 "
ACC-667027,Class-B,Home Improvement,55.0,1," $36,859.00 "
ACC-477875,Class-A,N/A,12.5,0," $7,134.00 "
ACC-545016,Class-A,Home Improvement,12.5,0," $21,775.00 "
ACC-955417,Class-B,Small Business,-1.5,0," $14,841.00 "
ACC-422057,Class-A,Home Improvement,38.2,0," $40,138.00 "
ACC-602141,UNKNOWN,Home Improvement,24.8,0," $9,782.00 "
ACC-999273,Class-A,Home Improvement,12.5,0," $18,029.00 "
ACC-691863,Class-C,Debt Consolidation,24.8,0," $23,032.00 "
ACC-183993,Class-C,Debt Consolidation,38.2,0," $42,036.00 "
ACC-676589,UNKNOWN,Debt Consolidation,24.8,0," $30,595.00 "
ACC-639210,Class-C,Major Purchase,12.5,0," $29,559.00 "
ACC-352338,Class-A,Debt Consolidation,,1," $35,354.00 "
ACC-579837,Class-B,Debt Consolidation,38.2,0," $39,309.00 "
ACC-423331,Class-B,Major Purchase,,0," $42,988.00 "
ACC-578845,Class-B,N/A,38.2,0," $21,411.00 "
ACC-355377,Class-A,Debt Consolidation,38.2,0," $43,468.00 "
ACC-106014,UNKNOWN,Debt Consolidation,24.8,0," $25,261.00 "
ACC-913058,Class-A,Debt Consolidation,12.5,0," $10,947.00 "
ACC-643310,Class-C,Small Business,12.5,1," $17,293.00 "
ACC-479089,Class-B,Debt Consolidation,12.5,0," $35,494.00 "
ACC-239689,Class-A,Major Purchase,38.2,0," $19,249.00 "
ACC-418812,Class-A,Home Improvement,24.8,1," $44,944.00 "
ACC-693159,Class-B,Debt Consolidation,24.8,0," $6,401.00 "
ACC-665196,Class-B,Home Improvement,12.5,0," $43,505.00 "
ACC-643989,UNKNOWN,Debt Consolidation,38.2,0," $42,219.00 "
ACC-925858,Class-C,Major Purchase,,1," $35,042.00 "
ACC-613843,Class-B,Debt Consolidation,24.8,1," $8,963.00 "
ACC-467819,Class-B,Debt Consolidation,12.5,0," $33,100.00 "
ACC-305248,Class-A,Debt Consolidation,38.2,0," $14,926.00 "
ACC-859445,Class-B,Debt Consolidation,24.8,1," $31,011.00 "
ACC-801255,Class-A,Home Improvement,12.5,0," $20,772.00 "
ACC-845032,Class-B,Small Business,12.5,0," $34,510.00 "
ACC-491460,Class-B,Debt Consolidation,38.2,0," $42,457.00 "
ACC-773041,Class-B,Debt Consolidation,-1.5,0," $19,892.00 "
ACC-470253,Class-B,Home Improvement,38.2,0," $12,454.00 "
ACC-894543,Class-B,Small Business,55.0,0," $40,823.00 "
ACC-644836,Class-A,Debt Consolidation,38.2,0," $11,280.00 "
ACC-169657,Class-B,Home Improvement,12.5,0," $38,770.00 "
ACC-177425,Class-B,Home Improvement,24.8,0," $16,881.00 "
ACC-361230,Class-B,Debt Consolidation,12.5,0," $44,282.00 "
ACC-424329,Class-A,Debt Consolidation,12.5,0," $25,421.00 "
ACC-196237,Class-A,Debt Consolidation,38.2,1," $40,782.00 "
ACC-750373,,Debt Consolidation,,0," $10,237.00 "
ACC-854045,Class-B,Debt Consolidation,24.8,1," $36,010.00 "
ACC-250863,Class-A,Debt Consolidation,12.5,0," $25,355.00 "
ACC-273282,Class-B,Debt Consolidation,12.5,0," $20,853.00 "
ACC-456901,Class-B,Small Business,24.8,1," $21,657.00 "
ACC-271223,UNKNOWN,Debt Consolidation,,1," $40,241.00 "
ACC-640180,Class-A,Home Improvement,12.5,0," $13,014.00 "
ACC-933511,Class-A,Debt Consolidation,38.2,1," $21,328.00 "
ACC-902139,Class-A,Home Improvement,12.5,1," $8,586.00 "
ACC-419018,Class-C,Small Business,12.5,0," $18,112.00 "
ACC-535481,,Major Purchase,,0," $11,832.00 "
ACC-668549,Class-A,Small Business,38.2,0," $44,020.00 "
ACC-207477,Class-A,Home Improvement,12.5,0," $5,118.00 "
ACC-616743,Class-A,Debt Consolidation,24.8,0," $36,523.00 "
ACC-655867,Class-C,Small Business,,0," $8,457.00 "
ACC-627322,Class-A,Home Improvement,38.2,0," $22,113.00 "
ACC-653946,Class-B,Home Improvement,12.5,0," $13,628.00 "
ACC-631955,Class-C,Home Improvement,24.8,0," $21,616.00 "
ACC-448511,Class-B,Major Purchase,55.0,0," $11,697.00 "
ACC-522482,Class-C,Home Improvement,12.5,0," $27,028.00 "
ACC-122679,Class-B,Debt Consolidation,24.8,0," $5,444.00 "
ACC-721447,Class-B,Home Improvement,12.5,0," $39,414.00 "
ACC-765653,Class-A,Debt Consolidation,38.2,1," $8,107.00 "
ACC-898784,Class-C,Major Purchase,38.2,0," $28,699.00 "
ACC-703417,Class-B,Major Purchase,55.0,0," $41,133.00 "
ACC-466502,Class-A,Debt Consolidation,38.2,0," $25,736.00 "
ACC-297987,Class-B,N/A,24.8,0," $22,563.00 "
ACC-106409,Class-A,Debt Consolidation,12.5,0," $23,958.00 "
ACC-764674,Class-A,Debt Consolidation,55.0,0," $15,520.00 "
ACC-300588,Class-B,Debt Consolidation,55.0,1," $30,871.00 "
ACC-244660,Class-B,Small Business,55.0,0," $11,251.00 "
ACC-204636,Class-C,Home Improvement,24.8,0," $17,044.00 "
ACC-359107,Class-B,Home Improvement,38.2,0," $33,301.00 "
ACC-969796,Class-A,Major Purchase,38.2,0," $28,268.00 "
ACC-179390,Class-B,Small Business,24.8,1," $22,152.00 "
ACC-199365,Class-B,Small Business,12.5,0," $28,684.00 "
ACC-183647,Class-C,Home Improvement,24.8,0," $43,154.00 "
ACC-922948,Class-B,Home Improvement,38.2,0," $31,387.00 "
ACC-745575,Class-A,Small Business,24.8,0," $16,787.00 "
ACC-359270,Class-B,Home Improvement,24.8,0," $37,729.00 "
ACC-420803,Class-A,Debt Consolidation,24.8,0," $23,028.00 "
ACC-678497,UNKNOWN,Major Purchase,24.8,0," $20,778.00 "
ACC-191731,UNKNOWN,Home Improvement,38.2,0," $43,875.00 "
ACC-377290,Class-A,Home Improvement,38.2,0," $19,025.00 "
ACC-742407,Class-C,Home Improvement,12.5,0," $21,966.00 "
ACC-531344,Class-A,Major Purchase,,0," $32,695.00 "
ACC-661947,Class-A,Home Improvement,24.8,0," $32,723.00 "
ACC-953327,Class-A,Home Improvement,38.2,0," $21,094.00 "
ACC-998805,Class-B,Home Improvement,,0," $7,934.00 "
ACC-388020,Class-C,Debt Consolidation,12.5,0," $34,694.00 "
ACC-707620,Class-B,Home Improvement,,0," $12,188.00 "
ACC-322470,Class-A,Debt Consolidation,12.5,0," $30,065.00 "
ACC-210717,Class-C,Small Business,38.2,0," $23,821.00 "
ACC-749151,Class-C,Debt Consolidation,55.0,0," $15,380.00 "
ACC-354994,Class-A,N/A,12.5,0," $5,406.00 "
ACC-446251,Class-A,Home Improvement,38.2,0," $8,202.00 "
ACC-122713,Class-B,Debt Consolidation,38.2,0," $23,414.00 "
ACC-818156,Class-C,Debt Consolidation,38.2,0," $26,255.00 "
ACC-779269,Class-A,Small Business,,0," $12,665.00 "
ACC-456388,,Debt Consolidation,,0," $23,804.00 "
ACC-625957,Class-A,Debt Consolidation,38.2,0," $43,902.00 "
ACC-219328,Class-B,Debt Consolidation,38.2,0," $10,952.00 "
ACC-146262,Class-B,Major Purchase,24.8,0," $39,058.00 "
ACC-166195,Class-A,Major Purchase,-1.5,0," $24,001.00 "
ACC-607417,Class-A,Debt Consolidation,55.0,0," $26,275.00 "
ACC-472223,Class-B,Small Business,24.8,0," $5,731.00 "
ACC-783013,Class-B,Debt Consolidation,,0," $14,444.00 "
ACC-607717,Class-A,Home Improvement,12.5,0," $24,603.00 "
ACC-710329,Class-A,Home Improvement,,0," $21,333.00 "
ACC-859612,Class-A,N/A,24.8,1," $13,512.00 "
ACC-815844,Class-A,Debt Consolidation,38.2,0," $20,852.00 "
ACC-301929,Class-C,Debt Consolidation,38.2,0," $28,635.00 "
ACC-219954,Class-C,Debt Consolidation,12.5,0," $12,670.00 "
ACC-449719,Class-A,Major Purchase,38.2,0," $13,316.00 "
ACC-975355,Class-A,Debt Consolidation,24.8,0," $39,444.00 "
ACC-299525,UNKNOWN,Home Improvement,12.5,0," $36,547.00 "
ACC-479484,Class-C,Debt Consolidation,12.5,0," $44,684.00 "
ACC-385704,Class-B,Home Improvement,38.2,0," $16,061.00 "
ACC-257088,Class-C,Debt Consolidation,38.2,0," $7,600.00 "
ACC-527750,Class-B,Debt Consolidation,12.5,1," $11,200.00 "
ACC-645423,Class-A,N/A,12.5,0," $20,439.00 "
ACC-264545,Class-B,Small Business,12.5,1," $20,546.00 "
ACC-235230,Class-B,Home Improvement,24.8,0," $34,423.00 "
ACC-995966,Class-A,Debt Consolidation,55.0,0," $22,749.00 "
ACC-956011,Class-A,Debt Consolidation,12.5,0," $29,396.00 "
ACC-653684,Class-A,Debt Consolidation,,0," $18,760.00 "
ACC-463446,,Debt Consolidation,,0," $22,225.00 "
ACC-438762,Class-A,Debt Consolidation,,0," $5,941.00 "
ACC-588373,Class-A,Debt Consolidation,12.5,0," $44,964.00 "
ACC-867563,,Small Business,,1," $26,399.00 "
ACC-838107,Class-A,Home Improvement,24.8,0," $38,928.00 "
ACC-768308,Class-A,Home Improvement,24.8,0," $43,470.00 "
ACC-758125,Class-A,Debt Consolidation,99.9,0," $36,773.00 "
ACC-226675,Class-A,Debt Consolidation,-1.5,0," $39,835.00 "
ACC-460640,Class-B,Home Improvement,12.5,0," $27,052.00 "
ACC-309011,Class-B,Debt Consolidation,12.5,0," $16,517.00 "
ACC-468912,Class-B,Home Improvement,24.8,0," $14,899.00 "
ACC-504532,Class-B,Major Purchase,38.2,0," $5,509.00 "
ACC-321047,Class-B,Home Improvement,24.8,0," $13,925.00 "
ACC-364136,Class-C,Home Improvement,12.5,0," $14,063.00 "
ACC-488866,Class-B,Debt Consolidation,,0," $11,296.00 "
ACC-430916,Class-A,Home Improvement,24.8,0," $31,851.00 "
ACC-937189,Class-A,Major Purchase,99.9,0," $14,895.00 "
ACC-188363,Class-A,Small Business,12.5,0," $9,731.00 "
ACC-667543,Class-B,Home Improvement,55.0,0," $25,436.00 "
ACC-146305,Class-B,Home Improvement,,0," $35,247.00 "
ACC-340384,Class-C,Debt Consolidation,55.0,0," $36,824.00 "
ACC-861641,Class-A,Major Purchase,38.2,0," $12,911.00 "
ACC-187046,,Debt Consolidation,,0," $43,138.00 "
ACC-735597,Class-B,Home Improvement,24.8,0," $13,801.00 "
ACC-976466,Class-A,Small Business,12.5,0," $12,002.00 "
ACC-852132,Class-B,Debt Consolidation,24.8,0," $30,834.00 "
ACC-435023,Class-B,Home Improvement,38.2,0," $37,647.00 "
ACC-362271,Class-C,Debt Consolidation,12.5,0," $28,747.00 "
ACC-464745,Class-C,Debt Consolidation,24.8,0," $42,524.00 "
ACC-605292,Class-A,Debt Consolidation,12.5,1," $42,549.00 "
ACC-667171,,Debt Consolidation,,1," $42,201.00 "
ACC-882273,Class-C,Major Purchase,24.8,0," $5,437.00 "
ACC-977785,,Home Improvement,,0," $23,847.00 "
ACC-257980,Class-B,Major Purchase,12.5,0," $31,538.00 "
ACC-626222,Class-B,Debt Consolidation,12.5,0," $32,532.00 "
ACC-739011,Class-A,Major Purchase,38.2,0," $5,893.00 "
ACC-621572,Class-A,Debt Consolidation,24.8,0," $27,673.00 "
ACC-457225,Class-B,Home Improvement,55.0,0," $36,254.00 "
ACC-653385,Class-A,Debt Consolidation,24.8,1," $17,401.00 "
ACC-984414,Class-C,Major Purchase,12.5,0," $36,158.00 "
ACC-628971,Class-C,Debt Consolidation,12.5,0," $8,370.00 "
ACC-481936,Class-C,Home Improvement,38.2,0," $35,262.00 "
ACC-417340,Class-A,Debt Consolidation,24.8,0," $34,882.00 "
ACC-735180,Class-C,Home Improvement,24.8,0," $32,775.00 "
ACC-320724,Class-A,Debt Consolidation,38.2,0," $13,120.00 "
ACC-255339,Class-A,Small Business,24.8,0," $38,189.00 "
ACC-599310,Class-A,Home Improvement,38.2,0," $23,341.00 "
ACC-356506,UNKNOWN,N/A,24.8,0," $31,378.00 "
ACC-427384,Class-B,Home Improvement,38.2,0," $39,243.00 "
ACC-254233,Class-A,Debt Consolidation,12.5,0," $14,164.00 "
ACC-852296,Class-B,Small Business,12.5,1," $42,898.00 "
ACC-443235,Class-B,Home Improvement,12.5,1," $19,967.00 "
ACC-787849,Class-B,Major Purchase,55.0,0," $19,604.00 "
ACC-928785,Class-B,Small Business,38.2,0," $7,794.00 "
ACC-488726,Class-A,Debt Consolidation,24.8,0," $28,891.00 "
ACC-753784,UNKNOWN,Debt Consolidation,12.5,1," $8,215.00 "
ACC-262180,Class-C,Major Purchase,24.8,0," $22,967.00 "
ACC-384871,UNKNOWN,Debt Consolidation,38.2,0," $6,115.00 "
ACC-956181,Class-B,Debt Consolidation,55.0,0," $23,173.00 "
ACC-805384,Class-A,Home Improvement,38.2,0," $27,352.00 "
ACC-518129,Class-A,Home Improvement,12.5,0," $5,991.00 "
ACC-693552,Class-B,Home Improvement,38.2,0," $41,023.00 "
ACC-119457,Class-B,Home Improvement,38.2,0," $30,043.00 "
ACC-497022,,Small Business,,1," $27,673.00 "
ACC-255447,Class-B,Debt Consolidation,38.2,0," $22,101.00 "
ACC-705558,Class-B,Home Improvement,24.8,0," $18,068.00 "
ACC-305444,Class-A,Major Purchase,38.2,0," $16,079.00 "
ACC-916772,UNKNOWN,Small Business,24.8,1," $34,771.00 "
ACC-598121,Class-B,Small Business,38.2,0," $8,470.00 "
ACC-875221,Class-B,Home Improvement,38.2,1," $35,387.00 "
ACC-512612,Class-A,N/A,12.5,0," $28,582.00 "
ACC-641345,Class-A,Small Business,24.8,0," $27,762.00 "
ACC-165592,Class-B,Home Improvement,24.8,0," $40,048.00 "
ACC-718553,Class-B,Small Business,12.5,0," $17,673.00 "
ACC-767435,,Small Business,,0," $5,091.00 "
ACC-975188,Class-A,Debt Consolidation,12.5,0," $6,895.00 "
ACC-890681,Class-A,Debt Consolidation,12.5,0," $14,584.00 "
ACC-470650,Class-C,Small Business,12.5,0," $38,473.00 "
ACC-130902,Class-A,Debt Consolidation,12.5,1," $28,168.00 "
ACC-602111,Class-A,Debt Consolidation,12.5,0," $24,047.00 "
ACC-134446,Class-A,N/A,55.0,1," $20,973.00 "
ACC-277947,Class-B,Home Improvement,12.5,0," $18,885.00 "
ACC-698082,Class-B,Debt Consolidation,12.5,0," $31,137.00 "
ACC-690747,Class-A,Debt Consolidation,12.5,0," $7,329.00 "
ACC-844856,Class-A,Small Business,12.5,0," $30,269.00 "
ACC-425177,Class-B,Debt Consolidation,38.2,0," $13,144.00 "
ACC-270848,Class-C,Debt Consolidation,38.2,0," $24,366.00 "
ACC-200741,Class-B,Debt Consolidation,12.5,0," $31,291.00 "
ACC-930540,Class-A,Home Improvement,24.8,0," $34,892.00 "
ACC-914296,Class-A,Small Business,55.0,0," $35,886.00 "
ACC-614089,Class-B,Major Purchase,38.2,0," $14,513.00 "
ACC-906552,Class-C,Home Improvement,24.8,0," $37,422.00 "
ACC-284930,Class-A,Debt Consolidation,99.9,0," $17,488.00 "
ACC-932828,Class-C,Debt Consolidation,12.5,0," $35,925.00 "
ACC-432078,Class-B,Debt Consolidation,38.2,0," $35,304.00 "
ACC-961834,Class-B,Home Improvement,,1," $25,538.00 "
ACC-450230,Class-B,Small Business,12.5,0," $12,288.00 "
ACC-652509,Class-B,Major Purchase,38.2,0," $6,372.00 "
ACC-432344,Class-B,Debt Consolidation,55.0,0," $30,613.00 "
ACC-410583,Class-B,Home Improvement,12.5,0," $28,804.00 "
ACC-656937,Class-B,Major Purchase,55.0,0," $6,324.00 "
ACC-757892,,Debt Consolidation,,1," $30,718.00 "
ACC-665220,UNKNOWN,Debt Consolidation,55.0,0," $9,425.00 "
ACC-427695,Class-A,Small Business,12.5,0," $24,550.00 "
ACC-340845,,Debt Consolidation,,0," $43,305.00 "
ACC-591656,Class-A,Debt Consolidation,12.5,0," $9,783.00 "
ACC-843806,UNKNOWN,Debt Consolidation,24.8,1," $37,034.00 "
ACC-232103,Class-B,Home Improvement,24.8,0," $10,262.00 "
ACC-408288,Class-A,Small Business,12.5,0," $13,423.00 "
ACC-341688,Class-B,Home Improvement,24.8,0," $38,708.00 "
ACC-597592,Class-A,Debt Consolidation,38.2,0," $35,241.00 "
ACC-676365,,Home Improvement,,0," $9,716.00 "
ACC-233691,Class-A,N/A,24.8,0," $12,110.00 "
ACC-470883,Class-A,N/A,55.0,0," $31,840.00 "
ACC-195700,,Debt Consolidation,,1," $8,163.00 "
ACC-196543,Class-B,Major Purchase,12.5,0," $16,003.00 "
ACC-767869,,Debt Consolidation,,0," $33,542.00 "
ACC-685902,Class-B,Home Improvement,12.5,0," $39,565.00 "
ACC-353051,Class-B,Debt Consolidation,,0," $39,907.00 "
ACC-730750,Class-C,Debt Consolidation,24.8,0," $10,873.00 "
ACC-702681,Class-B,Debt Consolidation,-1.5,0," $5,493.00 "
ACC-845273,Class-B,Debt Consolidation,24.8,0," $44,178.00 "
ACC-827857,Class-A,Debt Consolidation,55.0,0," $42,290.00 "
ACC-118654,Class-A,N/A,24.8,0," $21,083.00 "
ACC-404450,Class-B,Debt Consolidation,55.0,0," $39,627.00 "
ACC-292894,Class-A,Home Improvement,55.0,0," $39,759.00 "
ACC-655304,Class-A,Small Business,24.8,0," $32,127.00 "
ACC-552399,Class-A,Small Business,24.8,0," $37,272.00 "
ACC-912929,Class-A,Small Business,55.0,0," $5,574.00 "
ACC-551476,Class-A,Home Improvement,55.0,0," $41,957.00 "
ACC-457127,Class-A,Home Improvement,24.8,1," $20,043.00 "
ACC-866233,Class-C,Home Improvement,12.5,0," $30,112.00 "
ACC-861683,Class-C,Small Business,38.2,0," $33,653.00 "
ACC-304452,Class-B,Home Improvement,55.0,0," $6,214.00 "
ACC-832690,Class-B,Home Improvement,38.2,0," $39,715.00 "
ACC-972090,Class-A,N/A,24.8,0," $20,596.00 "
ACC-880635,Class-C,Debt Consolidation,24.8,1," $15,604.00 "
ACC-768561,Class-A,Debt Consolidation,55.0,0," $5,894.00 "
ACC-585651,Class-A,Debt Consolidation,38.2,0," $10,352.00 "
ACC-822913,Class-B,Debt Consolidation,12.5,0," $31,383.00 "
ACC-758504,Class-A,Small Business,38.2,0," $6,886.00 "
ACC-617671,Class-A,Home Improvement,55.0,0," $29,907.00 "
ACC-431040,Class-B,Debt Consolidation,12.5,1," $36,196.00 "
ACC-217772,UNKNOWN,Debt Consolidation,38.2,0," $30,629.00 "
ACC-379065,Class-A,Debt Consolidation,,0," $6,840.00 "
ACC-821708,Class-A,Debt Consolidation,12.5,0," $13,112.00 "
ACC-500726,Class-A,Debt Consolidation,38.2,0," $19,094.00 "
ACC-950632,Class-A,Major Purchase,38.2,0," $27,738.00 "
ACC-382317,Class-A,Debt Consolidation,12.5,0," $5,696.00 "
ACC-121986,Class-B,Debt Consolidation,55.0,0," $15,027.00 "
ACC-795350,Class-B,Debt Consolidation,24.8,0," $15,190.00 "
ACC-589227,Class-A,Small Business,24.8,0," $7,865.00 "
ACC-665790,Class-B,Home Improvement,99.9,1," $20,549.00 "
ACC-563815,Class-A,Small Business,12.5,0," $16,785.00 "
ACC-356637,Class-A,Home Improvement,,0," $27,149.00 "
ACC-578141,Class-A,Small Business,24.8,0," $16,194.00 "
ACC-309591,Class-A,Debt Consolidation,12.5,1," $40,557.00 "
ACC-842355,Class-A,Debt Consolidation,12.5,0," $40,929.00 "
ACC-519572,Class-A,Major Purchase,12.5,0," $10,935.00 "
ACC-279852,Class-B,Home Improvement,24.8,0," $31,829.00 "
ACC-488806,Class-B,Small Business,24.8,0," $24,740.00 "
ACC-755150,Class-A,Debt Consolidation,38.2,0," $44,062.00 "
ACC-997483,Class-A,Major Purchase,12.5,0," $10,754.00 "
ACC-676145,Class-B,Debt Consolidation,,0," $23,687.00 "
ACC-658495,Class-A,Debt Consolidation,12.5,1," $24,304.00 "
ACC-694053,Class-B,Debt Consolidation,38.2,0," $18,671.00 "
ACC-360956,Class-A,Small Business,38.2,0," $21,559.00 "
ACC-894416,Class-A,Small Business,12.5,0," $39,518.00 "
ACC-975073,Class-B,Small Business,38.2,0," $44,862.00 "
ACC-273287,Class-C,Debt Consolidation,55.0,0," $32,994.00 "
ACC-730479,Class-C,Major Purchase,38.2,0," $32,510.00 "
ACC-574751,Class-A,Debt Consolidation,24.8,0," $16,411.00 "
ACC-654632,Class-A,Debt Consolidation,12.5,0," $11,715.00 "
ACC-594273,Class-C,Home Improvement,,0," $9,854.00 "
ACC-493050,UNKNOWN,Debt Consolidation,,0," $26,447.00 "
ACC-480660,Class-A,Debt Consolidation,55.0,0," $33,360.00 "
ACC-324039,Class-B,Debt Consolidation,,0," $39,714.00 "
ACC-957216,,Major Purchase,,0," $17,218.00 "
ACC-294308,,Debt Consolidation,,0," $9,341.00 "
ACC-312426,Class-A,Small Business,38.2,0," $29,301.00 "
ACC-717742,Class-A,Home Improvement,12.5,0," $19,367.00 "
ACC-327180,Class-C,Major Purchase,12.5,0," $22,551.00 "
ACC-854146,Class-C,Small Business,12.5,1," $18,381.00 "
ACC-495937,Class-A,Major Purchase,55.0,0," $43,626.00 "
ACC-167357,Class-A,Home Improvement,24.8,0," $24,423.00 "
ACC-528670,Class-B,Small Business,55.0,0," $29,887.00 "
ACC-929710,,Debt Consolidation,,0," $27,782.00 "
ACC-845697,Class-C,Major Purchase,24.8,0," $37,906.00 "
ACC-883216,Class-B,Home Improvement,38.2,0," $15,421.00 "
ACC-237373,Class-A,Home Improvement,38.2,0," $36,996.00 "
ACC-824640,Class-A,Major Purchase,38.2,0," $14,336.00 "
ACC-412637,Class-C,Debt Consolidation,38.2,0," $5,521.00 "
ACC-668708,Class-A,Debt Consolidation,24.8,1," $44,561.00 "
ACC-504089,Class-A,Debt Consolidation,55.0,0," $25,816.00 "
ACC-574774,Class-A,Debt Consolidation,12.5,0," $39,280.00 "
ACC-634503,UNKNOWN,Home Improvement,38.2,0," $20,427.00 "
ACC-751901,,Major Purchase,,1," $23,951.00 "
ACC-478630,Class-B,Debt Consolidation,,0," $27,900.00 "
ACC-278460,Class-C,Debt Consolidation,12.5,0," $34,097.00 "
ACC-479142,Class-A,Debt Consolidation,38.2,0," $41,142.00 "
ACC-709425,Class-A,Home Improvement,12.5,0," $28,845.00 "
ACC-533354,Class-A,Home Improvement,24.8,0," $27,383.00 "
ACC-573457,Class-C,N/A,24.8,0," $36,565.00 "
ACC-603081,UNKNOWN,Debt Consolidation,12.5,0," $30,422.00 "
ACC-166536,Class-C,Home Improvement,24.8,0," $18,704.00 "
ACC-205393,Class-C,Debt Consolidation,12.5,0," $28,242.00 "
ACC-889819,Class-C,Small Business,38.2,0," $38,992.00 "
ACC-574791,Class-B,Small Business,12.5,0," $8,914.00 "
ACC-473883,,Debt Consolidation,,0," $13,245.00 "
ACC-597164,Class-B,N/A,24.8,0," $30,505.00 "
ACC-587915,Class-A,Major Purchase,12.5,0," $6,821.00 "
ACC-553613,Class-B,Debt Consolidation,38.2,0," $10,103.00 "
ACC-247022,UNKNOWN,Debt Consolidation,38.2,0," $14,809.00 "
ACC-698953,Class-B,Debt Consolidation,24.8,0," $14,050.00 "
ACC-408536,Class-B,Debt Consolidation,99.9,0," $40,685.00 "
ACC-814964,Class-A,N/A,12.5,0," $43,725.00 "
ACC-380835,Class-C,Home Improvement,12.5,0," $16,628.00 "
ACC-300145,Class-B,Debt Consolidation,12.5,0," $7,403.00 "
ACC-621301,Class-A,Home Improvement,38.2,0," $12,290.00 "
ACC-780173,Class-A,Debt Consolidation,38.2,0," $35,626.00 "
ACC-984669,Class-A,Major Purchase,24.8,1," $10,191.00 "
ACC-788547,Class-A,Small Business,12.5,0," $20,552.00 "
ACC-383140,Class-B,Major Purchase,55.0,0," $5,884.00 "
ACC-776077,Class-A,Home Improvement,55.0,0," $6,365.00 "
ACC-795025,Class-B,Debt Consolidation,24.8,0," $29,046.00 "
ACC-767205,Class-A,Home Improvement,55.0,0," $33,996.00 "
ACC-687093,Class-B,Debt Consolidation,38.2,0," $39,391.00 "
ACC-959623,Class-B,Debt Consolidation,12.5,0," $38,901.00 "
ACC-246172,Class-A,Debt Consolidation,24.8,0," $20,368.00 "
ACC-924379,Class-A,Debt Consolidation,12.5,0," $33,378.00 "
ACC-506846,Class-B,Debt Consolidation,38.2,0," $29,105.00 "
ACC-604511,Class-A,Home Improvement,38.2,1," $29,525.00 "
ACC-239199,Class-A,Small Business,24.8,0," $36,041.00 "
ACC-706818,Class-B,Debt Consolidation,38.2,0," $27,704.00 "
ACC-984517,Class-B,Home Improvement,99.9,0," $21,332.00 "
ACC-292347,Class-A,Home Improvement,12.5,1," $18,525.00 "
ACC-492791,Class-B,Home Improvement,24.8,1," $40,098.00 "
ACC-163280,Class-C,Debt Consolidation,24.8,0," $19,291.00 "
ACC-773577,Class-C,Debt Consolidation,38.2,0," $17,249.00 "
ACC-758495,Class-B,Debt Consolidation,12.5,0," $33,314.00 "
ACC-508393,Class-B,Debt Consolidation,99.9,0," $35,927.00 "
ACC-718037,,Debt Consolidation,,0," $38,043.00 "
ACC-935645,Class-C,Major Purchase,55.0,0," $5,926.00 "
ACC-984205,Class-A,Debt Consolidation,55.0,0," $38,599.00 "
ACC-179082,UNKNOWN,Home Improvement,55.0,0," $20,036.00 "
ACC-832330,Class-B,Home Improvement,12.5,0," $6,989.00 "
ACC-728456,Class-A,Major Purchase,12.5,0," $43,530.00 "
ACC-983911,,Debt Consolidation,,0," $42,912.00 "
ACC-862888,Class-B,Home Improvement,55.0,0," $25,330.00 "
ACC-847699,Class-B,Small Business,24.8,0," $41,228.00 "
ACC-893145,Class-C,Home Improvement,24.8,0," $30,251.00 "
ACC-754043,Class-B,Debt Consolidation,24.8,0," $6,951.00 "
ACC-679937,Class-C,Small Business,24.8,0," $12,399.00 "
ACC-108049,Class-A,Small Business,38.2,1," $19,386.00 "
ACC-857773,Class-B,Home Improvement,24.8,0," $8,635.00 "
ACC-887437,Class-C,Major Purchase,,0," $9,920.00 "
ACC-836226,Class-C,Debt Consolidation,55.0,0," $12,629.00 "
ACC-817699,Class-A,N/A,38.2,0," $36,020.00 "
ACC-667364,Class-A,Debt Consolidation,12.5,0," $26,151.00 "
ACC-850867,Class-A,Home Improvement,24.8,0," $40,217.00 "
ACC-120489,,Debt Consolidation,,0," $28,251.00 "
ACC-247459,UNKNOWN,Debt Consolidation,24.8,0," $11,617.00 "
ACC-882381,Class-B,Small Business,,0," $18,216.00 "
ACC-558887,Class-C,Home Improvement,24.8,0," $39,597.00 "
ACC-407717,Class-B,N/A,24.8,0," $30,073.00 "
ACC-519404,Class-B,Small Business,,0," $26,245.00 "
ACC-158839,Class-B,Home Improvement,55.0,0," $26,034.00 "
ACC-380108,Class-B,Debt Consolidation,38.2,1," $12,611.00 "
ACC-789146,Class-A,Debt Consolidation,38.2,0," $41,202.00 "
ACC-355999,Class-C,Debt Consolidation,24.8,0," $39,552.00 "
ACC-254288,Class-A,Debt Consolidation,38.2,0," $30,851.00 "
ACC-483113,,Debt Consolidation,,0," $35,039.00 "
ACC-776151,Class-B,Home Improvement,24.8,1," $5,404.00 "
ACC-471069,Class-B,Small Business,24.8,1," $5,645.00 "
ACC-453016,Class-A,Debt Consolidation,12.5,0," $22,569.00 "
ACC-550708,,Debt Consolidation,,0," $38,015.00 "
ACC-151999,Class-C,Home Improvement,24.8,0," $15,967.00 "
ACC-657650,Class-B,Home Improvement,12.5,0," $7,381.00 "
ACC-174634,Class-C,Small Business,38.2,1," $12,840.00 "
ACC-431424,Class-A,Home Improvement,12.5,0," $44,213.00 "
ACC-688856,Class-B,Major Purchase,12.5,0," $25,603.00 "
ACC-557608,Class-A,Debt Consolidation,55.0,0," $17,493.00 "
ACC-387068,Class-B,Debt Consolidation,12.5,0," $31,787.00 "
ACC-892697,Class-C,Debt Consolidation,55.0,0," $29,624.00 "
ACC-248969,Class-B,Debt Consolidation,55.0,0," $11,991.00 "
ACC-309960,Class-B,Home Improvement,38.2,1," $35,995.00 "
ACC-570553,Class-C,Debt Consolidation,38.2,0," $20,444.00 "
ACC-622489,,Debt Consolidation,,0," $27,527.00 "
ACC-339283,Class-A,Home Improvement,12.5,0," $18,450.00 "
ACC-523151,Class-B,N/A,38.2,0," $16,371.00 "
ACC-986563,,Debt Consolidation,,0," $43,382.00 "
ACC-387901,Class-A,Major Purchase,12.5,0," $36,703.00 "
ACC-509184,Class-B,Debt Consolidation,38.2,1," $19,843.00 "
ACC-164349,Class-A,Debt Consolidation,12.5,0," $19,002.00 "
ACC-109947,Class-C,Major Purchase,12.5,0," $28,125.00 "
ACC-180523,Class-B,Debt Consolidation,38.2,0," $42,063.00 "
ACC-235932,Class-C,Small Business,24.8,0," $40,652.00 "
ACC-791361,UNKNOWN,Debt Consolidation,12.5,0," $10,090.00 "
ACC-592551,Class-A,Debt Consolidation,55.0,0," $22,434.00 "
ACC-629264,Class-B,Home Improvement,55.0,0," $7,905.00 "
ACC-631145,Class-C,Debt Consolidation,55.0,0," $43,559.00 "
ACC-954523,Class-A,Small Business,55.0,0," $35,548.00 "
ACC-598477,Class-B,Major Purchase,,1," $29,680.00 "
ACC-405038,Class-B,Home Improvement,12.5,0," $36,657.00 "
ACC-478538,Class-A,Debt Consolidation,12.5,0," $19,495.00 "
ACC-115860,Class-B,Home Improvement,12.5,0," $5,982.00 "
ACC-912209,Class-C,Debt Consolidation,38.2,0," $20,914.00 "
ACC-846886,Class-C,Home Improvement,24.8,0," $19,133.00 "
ACC-538111,UNKNOWN,Debt Consolidation,12.5,1," $16,349.00 "
ACC-839006,Class-A,Small Business,24.8,0," $16,055.00 "
ACC-802457,Class-B,Small Business,38.2,0," $43,604.00 "
ACC-556893,Class-A,Home Improvement,55.0,0," $9,341.00 "
ACC-725601,,Debt Consolidation,,0," $7,761.00 "
ACC-730257,Class-A,Home Improvement,24.8,1," $41,280.00 "
ACC-843742,Class-A,Debt Consolidation,38.2,1," $5,221.00 "
ACC-513120,Class-A,Small Business,24.8,1," $24,295.00 "
ACC-407255,Class-A,Debt Consolidation,,0," $43,780.00 "
ACC-973256,Class-A,Debt Consolidation,24.8,0," $40,833.00 "
ACC-456141,Class-A,Home Improvement,24.8,0," $14,825.00 "
ACC-422116,Class-A,Small Business,24.8,0," $17,509.00 "
ACC-486946,Class-B,Home Improvement,12.5,0," $27,758.00 "
ACC-781701,Class-C,Home Improvement,24.8,0," $10,902.00 "
ACC-314057,,Home Improvement,,0," $11,279.00 "
ACC-797089,UNKNOWN,Debt Consolidation,12.5,1," $23,796.00 "
ACC-240631,Class-B,Home Improvement,24.8,1," $17,322.00 "
ACC-990610,Class-C,Debt Consolidation,24.8,0," $7,552.00 "
ACC-750301,Class-B,Home Improvement,24.8,0," $22,514.00 "
ACC-396205,Class-C,Debt Consolidation,24.8,0," $10,718.00 "
ACC-485478,Class-A,Home Improvement,12.5,1," $30,804.00 "
ACC-524519,Class-B,Home Improvement,38.2,0," $9,306.00 "
ACC-202136,Class-B,Debt Consolidation,38.2,0," $43,294.00 "
ACC-984837,Class-B,Home Improvement,99.9,0," $32,990.00 "
ACC-714399,Class-B,Small Business,12.5,0," $14,929.00 "
ACC-221904,Class-A,Major Purchase,12.5,0," $20,633.00 "
ACC-280059,Class-B,Small Business,55.0,0," $39,608.00 "
ACC-674153,,Major Purchase,,0," $14,010.00 "
ACC-239716,Class-A,N/A,24.8,0," $41,441.00 "
ACC-524801,Class-B,Small Business,24.8,1," $29,507.00 "
ACC-250701,UNKNOWN,Small Business,12.5,0," $32,373.00 "
ACC-740317,,Home Improvement,,0," $19,929.00 "
ACC-246071,Class-B,Debt Consolidation,55.0,0," $32,806.00 "
ACC-164591,Class-A,Home Improvement,24.8,0," $30,712.00 "
ACC-698260,Class-B,Small Business,12.5,0," $44,910.00 "
ACC-560183,Class-A,Debt Consolidation,12.5,0," $30,902.00 "
ACC-217056,Class-C,Home Improvement,99.9,0," $14,171.00 "
ACC-250137,Class-C,Debt Consolidation,55.0,0," $37,220.00 "
ACC-595174,Class-B,Major Purchase,55.0,0," $20,636.00 "
ACC-923387,Class-A,N/A,24.8,1," $12,510.00 "
ACC-218725,Class-A,Debt Consolidation,12.5,0," $21,035.00 "
ACC-659760,Class-B,N/A,24.8,1," $35,327.00 "
ACC-343601,Class-C,Debt Consolidation,12.5,0," $13,368.00 "
ACC-835509,Class-B,Debt Consolidation,-1.5,0," $31,399.00 "
ACC-517752,Class-B,N/A,24.8,0," $29,865.00 "
ACC-802643,Class-A,Debt Consolidation,,0," $16,989.00 "
ACC-137515,Class-B,Home Improvement,12.5,0," $31,050.00 "
ACC-792231,Class-A,Debt Consolidation,38.2,0," $6,040.00 "
ACC-151869,Class-B,Debt Consolidation,,0," $41,999.00 "
ACC-152342,Class-C,Debt Consolidation,24.8,0," $24,162.00 "
ACC-968545,Class-B,Home Improvement,12.5,0," $7,704.00 "
ACC-789778,Class-A,Debt Consolidation,12.5,1," $9,430.00 "
ACC-401842,Class-B,Debt Consolidation,-1.5,0," $26,517.00 "
ACC-613247,Class-A,Small Business,38.2,0," $27,622.00 "
ACC-935480,Class-C,Debt Consolidation,38.2,0," $38,942.00 "
ACC-877443,,Debt Consolidation,,0," $14,742.00 "
ACC-245225,Class-A,Debt Consolidation,12.5,0," $28,713.00 "
ACC-546004,Class-A,Home Improvement,99.9,0," $24,800.00 "
ACC-277688,Class-B,Debt Consolidation,38.2,0," $30,947.00 "
ACC-863574,Class-B,Home Improvement,24.8,0," $39,819.00 "
ACC-813379,Class-B,N/A,24.8,0," $14,132.00 "
ACC-340521,UNKNOWN,Major Purchase,12.5,1," $28,705.00 "
ACC-658884,Class-A,Debt Consolidation,38.2,0," $34,994.00 "
ACC-597336,Class-C,Debt Consolidation,,0," $12,322.00 "
ACC-763447,Class-A,Home Improvement,38.2,0," $41,244.00 "
ACC-432258,,Home Improvement,,0," $14,866.00 "
ACC-192226,Class-A,Home Improvement,12.5,0," $31,952.00 "
ACC-216248,Class-B,Home Improvement,55.0,0," $33,669.00 "
ACC-800153,Class-B,Debt Consolidation,24.8,1," $29,573.00 "
ACC-213614,Class-A,Debt Consolidation,,0," $20,853.00 "
ACC-617088,Class-A,Small Business,,1," $7,582.00 "
ACC-248805,UNKNOWN,Home Improvement,12.5,0," $39,209.00 "
ACC-504423,Class-A,Debt Consolidation,24.8,0," $30,527.00 "
ACC-865720,Class-C,Major Purchase,12.5,0," $25,712.00 "
ACC-759782,Class-C,Home Improvement,55.0,0," $34,145.00 "
ACC-581490,Class-B,Major Purchase,24.8,0," $21,567.00 "
ACC-818907,Class-A,Home Improvement,12.5,0," $11,019.00 "
ACC-727324,UNKNOWN,Debt Consolidation,55.0,0," $25,570.00 "
ACC-766522,Class-A,Debt Consolidation,12.5,0," $29,139.00 "
ACC-723303,Class-B,Debt Consolidation,38.2,1," $19,601.00 "
ACC-340032,Class-B,Debt Consolidation,24.8,0," $43,179.00 "
ACC-939209,Class-B,Home Improvement,24.8,0," $5,524.00 "
ACC-663554,Class-B,Debt Consolidation,,0," $30,742.00 "
ACC-403296,Class-A,Major Purchase,24.8,0," $15,944.00 "
ACC-174497,Class-C,Debt Consolidation,24.8,1," $42,044.00 "
ACC-349603,Class-A,Debt Consolidation,24.8,0," $41,995.00 "
ACC-783109,Class-A,Debt Consolidation,12.5,0," $6,668.00 "
ACC-623111,,Debt Consolidation,,0," $37,628.00 "
ACC-925581,Class-B,Debt Consolidation,12.5,0," $14,103.00 "
ACC-242594,Class-B,Home Improvement,38.2,0," $33,844.00 "
ACC-630203,Class-B,Debt Consolidation,38.2,0," $36,972.00 "
ACC-801306,Class-A,Small Business,24.8,0," $28,926.00 "
ACC-340446,Class-B,Debt Consolidation,24.8,0," $17,772.00 "
ACC-377608,Class-B,Small Business,12.5,0," $32,174.00 "
ACC-778546,Class-A,Debt Consolidation,55.0,0," $29,833.00 "
ACC-546045,Class-A,Home Improvement,55.0,1," $31,324.00 "
ACC-183483,Class-B,Home Improvement,38.2,1," $31,525.00 "
ACC-106306,Class-A,Home Improvement,12.5,0," $27,852.00 "
ACC-120421,Class-B,Debt Consolidation,24.8,0," $9,725.00 "
ACC-827242,Class-A,Major Purchase,12.5,0," $24,075.00 "
ACC-500165,Class-A,Home Improvement,24.8,0," $9,902.00 "
ACC-899548,Class-C,Debt Consolidation,99.9,0," $5,142.00 "
ACC-985516,Class-A,Major Purchase,12.5,0," $32,076.00 "
ACC-861738,Class-A,Debt Consolidation,38.2,1," $12,437.00 "
ACC-566123,Class-A,Debt Consolidation,38.2,0," $34,609.00 "
ACC-530167,Class-B,Home Improvement,12.5,1," $20,734.00 "
ACC-204361,Class-C,Debt Consolidation,38.2,0," $19,433.00 "
ACC-423565,Class-B,Home Improvement,99.9,0," $15,661.00 "
ACC-538531,Class-A,Home Improvement,55.0,0," $7,436.00 "
ACC-683737,Class-A,Major Purchase,24.8,0," $17,678.00 "
ACC-725373,Class-C,Small Business,12.5,0," $6,607.00 "
ACC-642760,Class-A,Debt Consolidation,38.2,0," $34,423.00 "
ACC-977202,Class-C,Small Business,,0," $43,092.00 "
ACC-733737,Class-C,Home Improvement,55.0,1," $27,582.00 "
ACC-864664,Class-A,Home Improvement,24.8,0," $10,508.00 "
ACC-333526,Class-C,Small Business,12.5,0," $38,528.00 "
ACC-749802,UNKNOWN,Major Purchase,12.5,0," $42,123.00 "
ACC-637815,Class-B,Home Improvement,24.8,1," $12,246.00 "
ACC-211937,Class-A,Debt Consolidation,12.5,0," $33,004.00 "
ACC-939459,Class-A,Major Purchase,55.0,0," $43,436.00 "
ACC-325006,Class-B,Small Business,12.5,0," $18,769.00 "
ACC-602194,Class-A,Small Business,38.2,0," $24,513.00 "
ACC-334152,Class-A,Home Improvement,24.8,0," $43,177.00 "
ACC-782086,Class-A,Small Business,99.9,0," $14,968.00 "
ACC-587745,Class-B,Small Business,12.5,0," $11,321.00 "
ACC-206670,Class-C,Home Improvement,55.0,0," $31,043.00 "
ACC-370694,Class-A,Home Improvement,24.8,1," $6,904.00 "
ACC-660478,Class-B,Debt Consolidation,,0," $6,195.00 "
ACC-472189,Class-A,Home Improvement,55.0,1," $17,537.00 "
ACC-962727,Class-A,Home Improvement,12.5,0," $9,078.00 "
ACC-605251,,N/A,,0," $28,217.00 "
ACC-281144,Class-A,Major Purchase,,0," $28,759.00 "
ACC-380959,Class-C,Small Business,24.8,0," $23,546.00 "
ACC-375323,Class-B,Small Business,38.2,0," $13,292.00 "
ACC-934987,Class-B,Debt Consolidation,12.5,1," $32,837.00 "
ACC-764008,Class-A,Debt Consolidation,38.2,0," $5,092.00 "
ACC-905937,Class-A,Small Business,38.2,0," $26,292.00 "
ACC-343592,Class-A,Debt Consolidation,24.8,0," $24,602.00 "
ACC-720617,,Debt Consolidation,,0," $18,816.00 "
ACC-208996,Class-B,Small Business,24.8,0," $13,438.00 "
ACC-151251,Class-A,Debt Consolidation,38.2,0," $17,062.00 "
ACC-664091,Class-C,Home Improvement,12.5,0," $25,315.00 "
ACC-283042,Class-A,Home Improvement,38.2,0," $40,056.00 "
ACC-882109,Class-B,Major Purchase,24.8,1," $28,600.00 "
ACC-854560,Class-A,Home Improvement,24.8,0," $12,250.00 "
ACC-473086,Class-B,Debt Consolidation,,0," $31,040.00 "
ACC-484249,Class-B,N/A,24.8,0," $16,435.00 "
ACC-178442,UNKNOWN,Debt Consolidation,24.8,1," $20,120.00 "
ACC-817362,Class-C,Home Improvement,24.8,0," $32,987.00 "
ACC-648094,Class-C,Home Improvement,,0," $42,525.00 "
ACC-443545,Class-C,Debt Consolidation,24.8,0," $26,769.00 "
ACC-331095,Class-A,Debt Consolidation,12.5,0," $17,555.00 "
ACC-776345,Class-A,Debt Consolidation,24.8,0," $5,506.00 "
ACC-993037,Class-A,Major Purchase,55.0,0," $26,979.00 "
ACC-650391,,Debt Consolidation,,0," $26,167.00 "
ACC-461570,Class-A,Small Business,38.2,0," $40,212.00 "
ACC-202354,Class-A,Debt Consolidation,55.0,0," $27,069.00 "
ACC-912413,Class-A,Debt Consolidation,38.2,0," $32,786.00 "
ACC-538263,Class-A,Debt Consolidation,24.8,1," $31,647.00 "
ACC-408658,Class-B,Small Business,38.2,0," $41,369.00 "
ACC-250236,Class-A,Small Business,38.2,1," $37,601.00 "
ACC-583383,Class-C,Small Business,12.5,0," $33,544.00 "
ACC-199035,Class-B,Debt Consolidation,38.2,0," $44,197.00 "
ACC-128534,Class-A,Debt Consolidation,12.5,0," $27,029.00 "
ACC-201251,Class-B,Home Improvement,38.2,0," $28,743.00 "
ACC-976535,Class-B,Home Improvement,38.2,0," $34,720.00 "
ACC-459698,Class-B,Home Improvement,12.5,0," $28,661.00 "
ACC-290276,Class-C,Debt Consolidation,12.5,0," $29,523.00 "
ACC-894084,Class-B,Home Improvement,55.0,1," $16,149.00 "
ACC-887818,Class-A,Home Improvement,24.8,0," $5,026.00 "
ACC-411806,Class-B,Home Improvement,12.5,0," $31,441.00 "
ACC-272422,Class-A,Major Purchase,55.0,1," $32,999.00 "
ACC-958384,Class-C,Small Business,38.2,0," $41,125.00 "
ACC-818702,Class-B,Small Business,38.2,0," $17,573.00 "
ACC-891412,Class-A,Home Improvement,,0," $18,821.00 "
ACC-388967,Class-A,Home Improvement,12.5,0," $36,413.00 "
ACC-405781,Class-B,Major Purchase,38.2,1," $8,958.00 "
ACC-832927,Class-A,Home Improvement,12.5,1," $43,191.00 "
ACC-295869,Class-A,N/A,55.0,0," $35,206.00 "
ACC-742511,Class-A,Home Improvement,12.5,0," $20,830.00 "
ACC-651758,Class-B,Debt Consolidation,24.8,0," $30,328.00 "
ACC-787797,Class-A,Debt Consolidation,38.2,1," $43,742.00 "
ACC-317590,UNKNOWN,Debt Consolidation,55.0,0," $17,106.00 "
ACC-963220,Class-C,Debt Consolidation,24.8,0," $36,472.00 "
ACC-716152,Class-C,Home Improvement,24.8,0," $31,522.00 "
ACC-693166,Class-A,Debt Consolidation,-1.5,0," $27,231.00 "
ACC-352502,Class-A,Small Business,12.5,1," $27,511.00 "
ACC-106246,Class-B,Major Purchase,24.8,0," $43,354.00 "
ACC-911784,Class-C,Home Improvement,38.2,0," $15,400.00 "
ACC-584839,Class-A,Small Business,38.2,0," $39,746.00 "
ACC-482678,Class-B,Debt Consolidation,12.5,1," $28,477.00 "
ACC-230231,UNKNOWN,Debt Consolidation,24.8,0," $14,497.00 "
ACC-621292,Class-A,Debt Consolidation,24.8,0," $7,294.00 "
ACC-602476,Class-A,Debt Consolidation,38.2,1," $27,187.00 "
ACC-970163,Class-A,Debt Consolidation,55.0,0," $7,964.00 "
ACC-707410,Class-B,Home Improvement,,0," $16,698.00 "
ACC-456206,Class-B,Debt Consolidation,12.5,0," $23,991.00 "
ACC-683164,UNKNOWN,Small Business,38.2,0," $33,107.00 "
ACC-685374,Class-A,N/A,55.0,0," $36,717.00 "
ACC-581042,Class-C,Small Business,24.8,0," $9,844.00 "
ACC-140837,Class-A,Home Improvement,55.0,0," $9,187.00 "
ACC-433270,UNKNOWN,Debt Consolidation,12.5,0," $16,876.00 "
ACC-983344,Class-A,Home Improvement,24.8,1," $44,875.00 "
ACC-317525,Class-B,Home Improvement,24.8,0," $11,942.00 "
ACC-860894,,Debt Consolidation,,0," $39,470.00 "
ACC-471458,Class-C,Debt Consolidation,55.0,0," $27,594.00 "
ACC-191683,Class-B,N/A,24.8,0," $12,216.00 "
ACC-536349,Class-B,Debt Consolidation,12.5,1," $37,802.00 "
ACC-419803,Class-A,Home Improvement,38.2,0," $40,376.00 "
ACC-560994,Class-B,Home Improvement,,0," $19,053.00 "
ACC-175028,Class-A,Small Business,12.5,0," $24,417.00 "
ACC-144782,Class-A,Debt Consolidation,38.2,0," $19,783.00 "
ACC-567680,Class-A,Major Purchase,12.5,0," $40,981.00 "
ACC-701463,Class-A,Small Business,,0," $23,107.00 "
ACC-331891,Class-A,Debt Consolidation,,0," $13,015.00 "
ACC-275854,Class-A,Debt Consolidation,12.5,0," $35,011.00 "
ACC-774410,Class-B,Major Purchase,55.0,0," $41,333.00 "
ACC-800366,Class-A,Small Business,12.5,0," $11,650.00 "
ACC-607741,Class-B,Major Purchase,38.2,0," $35,434.00 "
ACC-510207,Class-A,Debt Consolidation,12.5,0," $28,488.00 "
ACC-199466,Class-C,Debt Consolidation,12.5,0," $21,954.00 "
ACC-217767,Class-B,Home Improvement,12.5,0," $7,159.00 "
ACC-801028,Class-B,Debt Consolidation,,1," $13,805.00 "
ACC-245602,Class-C,Debt Consolidation,38.2,0," $42,399.00 "
ACC-364479,Class-B,Home Improvement,24.8,0," $41,506.00 "
ACC-878881,Class-A,Debt Consolidation,12.5,0," $39,193.00 "
ACC-474818,Class-A,Debt Consolidation,24.8,0," $31,311.00 "
ACC-928889,Class-B,N/A,99.9,1," $35,515.00 "
ACC-114373,Class-A,Major Purchase,12.5,0," $5,989.00 "
ACC-277668,Class-A,Major Purchase,55.0,0," $35,549.00 "
ACC-385798,Class-A,Home Improvement,,0," $40,567.00 "
ACC-446253,Class-A,Major Purchase,12.5,1," $28,961.00 "
ACC-433546,Class-B,Major Purchase,12.5,0," $14,282.00 "
ACC-131574,Class-B,Debt Consolidation,12.5,0," $7,346.00 "
ACC-174620,Class-B,Home Improvement,38.2,0," $7,748.00 "
ACC-950494,Class-A,Home Improvement,-1.5,0," $42,870.00 "
ACC-635327,Class-A,Debt Consolidation,38.2,0," $39,601.00 "
ACC-201237,Class-C,Small Business,12.5,0," $36,872.00 "
ACC-253146,Class-A,Home Improvement,24.8,0," $9,922.00 "
ACC-837003,,Debt Consolidation,,0," $21,497.00 "
ACC-611644,Class-B,Major Purchase,24.8,0," $28,563.00 "
ACC-665687,Class-C,N/A,55.0,0," $38,289.00 "
ACC-696407,Class-A,Home Improvement,12.5,0," $26,227.00 "
ACC-430637,UNKNOWN,N/A,12.5,0," $32,158.00 "
ACC-569753,Class-A,Small Business,99.9,0," $35,494.00 "
ACC-752469,Class-C,Debt Consolidation,55.0,0," $14,556.00 "
ACC-944754,Class-A,Home Improvement,,0," $32,282.00 "
ACC-443873,Class-C,Debt Consolidation,12.5,0," $39,169.00 "
ACC-661132,Class-A,Home Improvement,24.8,0," $24,638.00 "
ACC-265218,UNKNOWN,Home Improvement,38.2,0," $36,104.00 "
ACC-554059,Class-B,Home Improvement,38.2,0," $39,768.00 "
ACC-380685,Class-B,Major Purchase,55.0,0," $44,129.00 "
ACC-993025,Class-B,Home Improvement,24.8,0," $35,296.00 "
ACC-588037,Class-C,Debt Consolidation,12.5,0," $41,487.00 "
ACC-322079,Class-B,Small Business,,0," $42,634.00 "
ACC-890395,Class-C,Debt Consolidation,,1," $18,929.00 "
ACC-770106,Class-A,Debt Consolidation,24.8,0," $27,865.00 "
ACC-568986,Class-B,Small Business,38.2,0," $27,669.00 "
ACC-246074,Class-B,Debt Consolidation,38.2,0," $29,398.00 "
ACC-468303,Class-A,Small Business,38.2,0," $12,334.00 "
ACC-414143,Class-B,Home Improvement,38.2,1," $13,993.00 "
ACC-574836,Class-A,Debt Consolidation,24.8,0," $35,755.00 "
ACC-707831,Class-C,Small Business,24.8,0," $16,150.00 "
ACC-533260,Class-A,Small Business,38.2,0," $39,025.00 "
ACC-572012,Class-C,Home Improvement,12.5,0," $40,037.00 "
ACC-806273,Class-B,N/A,12.5,0," $34,797.00 "
ACC-281390,Class-B,N/A,38.2,1," $12,514.00 "
ACC-271010,Class-A,Debt Consolidation,12.5,0," $25,113.00 "
ACC-190911,Class-B,Debt Consolidation,38.2,0," $44,819.00 "
ACC-850766,Class-A,Home Improvement,55.0,1," $41,330.00 "
ACC-458438,Class-A,Debt Consolidation,38.2,0," $24,168.00 "
ACC-395592,Class-A,Debt Consolidation,,0," $13,050.00 "
ACC-535243,Class-B,Debt Consolidation,24.8,0," $39,279.00 "
ACC-389822,Class-A,Debt Consolidation,24.8,0," $9,005.00 "
ACC-924996,Class-A,Home Improvement,,0," $6,503.00 "
ACC-111662,Class-A,Debt Consolidation,38.2,0," $12,142.00 "
ACC-445598,UNKNOWN,Home Improvement,38.2,0," $36,663.00 "
ACC-481511,Class-B,Home Improvement,55.0,0," $9,751.00 "
ACC-713973,Class-A,Home Improvement,24.8,0," $24,951.00 "
ACC-979663,Class-B,Home Improvement,12.5,0," $16,343.00 "
ACC-978792,Class-C,Debt Consolidation,38.2,0," $34,334.00 "
ACC-449114,Class-B,Debt Consolidation,38.2,0," $41,381.00 "
ACC-463394,Class-B,Home Improvement,24.8,0," $16,332.00 "
ACC-104637,Class-B,Debt Consolidation,24.8,0," $25,480.00 "
ACC-426731,Class-B,Debt Consolidation,12.5,0," $27,975.00 "
ACC-433219,Class-C,N/A,12.5,0," $26,174.00 "
ACC-112740,Class-B,N/A,24.8,1," $12,501.00 "
ACC-974820,Class-A,Home Improvement,,0," $25,549.00 "
ACC-896850,Class-C,Debt Consolidation,12.5,0," $21,105.00 "
ACC-395070,Class-A,Debt Consolidation,24.8,0," $32,628.00 "
ACC-395701,Class-B,Home Improvement,99.9,1," $17,620.00 "
ACC-281128,Class-C,Debt Consolidation,38.2,0," $27,672.00 "
ACC-273669,Class-B,Debt Consolidation,99.9,0," $38,245.00 "
ACC-989866,Class-C,Home Improvement,38.2,0," $32,947.00 "
ACC-726934,Class-B,Small Business,24.8,0," $37,548.00 "
ACC-696931,Class-A,Debt Consolidation,24.8,0," $6,855.00 "
ACC-567513,Class-A,Major Purchase,38.2,0," $39,487.00 "
ACC-212996,Class-B,Small Business,38.2,0," $24,238.00 "
ACC-621053,Class-A,Debt Consolidation,55.0,1," $40,310.00 "
ACC-452290,Class-A,Debt Consolidation,-1.5,0," $44,672.00 "
ACC-686813,Class-B,Major Purchase,24.8,1," $39,101.00 "
ACC-475198,Class-B,Debt Consolidation,38.2,0," $13,474.00 "
ACC-242713,Class-B,Home Improvement,55.0,0," $40,717.00 "
ACC-687054,Class-B,Small Business,38.2,0," $19,246.00 "
ACC-851715,Class-A,Home Improvement,12.5,1," $8,713.00 "
ACC-669381,Class-C,Home Improvement,38.2,0," $14,421.00 "
ACC-320612,Class-B,Debt Consolidation,24.8,1," $10,076.00 "
ACC-742446,,Debt Consolidation,,0," $11,191.00 "
ACC-675320,Class-C,Major Purchase,12.5,0," $29,350.00 "
ACC-637651,Class-B,Home Improvement,38.2,0," $38,073.00 "
ACC-752799,Class-B,Debt Consolidation,38.2,0," $31,820.00 "
ACC-103748,Class-A,Home Improvement,55.0,1," $5,450.00 "
ACC-359816,Class-B,Debt Consolidation,12.5,0," $40,932.00 "
ACC-918409,Class-A,Home Improvement,12.5,0," $8,233.00 "
ACC-527829,Class-C,Small Business,12.5,0," $42,349.00 "
ACC-287152,Class-A,Major Purchase,24.8,0," $16,124.00 "
ACC-598972,Class-C,Debt Consolidation,38.2,1," $29,484.00 "
ACC-927555,UNKNOWN,Home Improvement,99.9,1," $34,323.00 "
ACC-924146,Class-C,Major Purchase,12.5,0," $39,839.00 "
ACC-892220,,Debt Consolidation,,0," $39,662.00 "
ACC-742320,Class-A,Debt Consolidation,12.5,0," $12,160.00 "
ACC-368026,Class-A,Home Improvement,-1.5,0," $8,590.00 "
ACC-805759,Class-B,Debt Consolidation,12.5,0," $30,669.00 "
ACC-472200,UNKNOWN,Small Business,12.5,0," $36,219.00 "
ACC-600190,Class-C,Home Improvement,38.2,0," $35,941.00 "
ACC-107850,Class-B,Small Business,24.8,1," $31,231.00 "
ACC-686869,Class-B,Debt Consolidation,38.2,1," $10,463.00 "
ACC-103695,Class-C,Home Improvement,12.5,0," $14,278.00 "
ACC-603762,Class-B,Debt Consolidation,24.8,0," $20,755.00 "
ACC-987886,Class-A,Debt Consolidation,24.8,0," $9,457.00 "
ACC-527319,,Debt Consolidation,,0," $41,545.00 "
ACC-604496,Class-C,Home Improvement,12.5,0," $14,333.00 "
ACC-237085,Class-C,Debt Consolidation,12.5,0," $40,213.00 "
ACC-648114,Class-B,Major Purchase,12.5,0," $41,341.00 "
ACC-623090,Class-B,Major Purchase,99.9,0," $18,716.00 "
ACC-767798,UNKNOWN,Home Improvement,55.0,0," $14,981.00 "
ACC-479404,Class-B,Major Purchase,38.2,0," $42,357.00 "
ACC-250567,Class-B,Small Business,38.2,0," $9,539.00 "
ACC-120596,Class-C,Major Purchase,38.2,0," $31,330.00 "
ACC-168560,UNKNOWN,Home Improvement,99.9,0," $15,837.00 "
ACC-506623,Class-C,Debt Consolidation,24.8,0," $8,293.00 "
ACC-347543,Class-B,Home Improvement,12.5,0," $33,827.00 "
ACC-702535,Class-B,Debt Consolidation,38.2,0," $19,592.00 "
ACC-710304,Class-B,Debt Consolidation,38.2,0," $32,304.00 "
ACC-826882,Class-B,Small Business,55.0,0," $16,202.00 "
ACC-511312,Class-B,Debt Consolidation,55.0,0," $17,045.00 "
ACC-401758,Class-A,Debt Consolidation,38.2,0," $29,210.00 "
ACC-495240,Class-B,Small Business,,0," $7,277.00 "
ACC-164238,Class-B,Debt Consolidation,38.2,0," $27,145.00 "
ACC-477585,Class-B,Home Improvement,24.8,0," $28,861.00 "
ACC-710017,UNKNOWN,Debt Consolidation,12.5,0," $20,715.00 "
ACC-106933,Class-A,Home Improvement,12.5,0," $10,588.00 "
ACC-844948,Class-B,Debt Consolidation,12.5,0," $37,525.00 "
ACC-606042,Class-A,Debt Consolidation,,1," $30,261.00 "
ACC-762471,Class-A,Debt Consolidation,38.2,0," $8,547.00 "
ACC-259929,Class-B,Debt Consolidation,,0," $41,817.00 "
ACC-613211,Class-B,Small Business,12.5,0," $23,114.00 "
ACC-519840,Class-C,Debt Consolidation,12.5,0," $25,054.00 "
ACC-561046,Class-A,Debt Consolidation,24.8,1," $36,726.00 "
ACC-381881,Class-A,Major Purchase,24.8,0," $38,378.00 "
ACC-858689,Class-B,Home Improvement,24.8,0," $24,206.00 "
ACC-698075,Class-A,Debt Consolidation,38.2,0," $26,966.00 "
ACC-515791,Class-C,Small Business,24.8,0," $19,456.00 "
ACC-522891,Class-B,N/A,55.0,0," $5,748.00 "
ACC-518879,UNKNOWN,Small Business,12.5,0," $42,687.00 "
ACC-971492,Class-B,Debt Consolidation,55.0,0," $42,161.00 "
ACC-149593,Class-A,Small Business,38.2,0," $18,881.00 "
ACC-977678,Class-B,Debt Consolidation,12.5,0," $43,140.00 "
ACC-756856,Class-A,Home Improvement,38.2,1," $39,858.00 "
ACC-757505,Class-B,Small Business,38.2,0," $18,845.00 "
ACC-860814,Class-B,Home Improvement,24.8,0," $15,825.00 "
ACC-786899,Class-B,N/A,-1.5,0," $7,428.00 "
ACC-790458,Class-B,Home Improvement,24.8,0," $40,085.00 "
ACC-877279,Class-A,Debt Consolidation,38.2,0," $36,267.00 "
ACC-552950,UNKNOWN,Debt Consolidation,12.5,0," $42,628.00 "
ACC-863352,,Home Improvement,,0," $42,925.00 "
ACC-402958,Class-B,Debt Consolidation,55.0,0," $23,681.00 "
ACC-461987,Class-B,Major Purchase,24.8,0," $9,213.00 "
ACC-145393,Class-A,Debt Consolidation,12.5,0," $8,572.00 "
ACC-665797,Class-B,N/A,99.9,0," $27,727.00 "
ACC-650085,Class-B,Home Improvement,12.5,0," $34,789.00 "
ACC-595098,Class-B,Debt Consolidation,-1.5,0," $41,103.00 "
ACC-746253,UNKNOWN,Small Business,,0," $17,282.00 "
ACC-689195,Class-A,Small Business,-1.5,0," $12,345.00 "
ACC-603043,Class-A,Home Improvement,12.5,0," $41,323.00 "
ACC-228018,Class-C,Debt Consolidation,38.2,0," $21,897.00 "
ACC-368502,,Small Business,,0," $14,757.00 "
ACC-964985,Class-A,Debt Consolidation,12.5,0," $43,430.00 "
ACC-878544,Class-C,Home Improvement,38.2,0," $12,743.00 "
ACC-607956,Class-C,Home Improvement,12.5,0," $23,076.00 "
ACC-851661,Class-A,Debt Consolidation,55.0,0," $11,448.00 "
ACC-808781,Class-A,Debt Consolidation,55.0,0," $39,568.00 "
ACC-565945,Class-A,Small Business,38.2,0," $35,227.00 "
ACC-608930,Class-A,Debt Consolidation,38.2,0," $38,484.00 "
ACC-541959,Class-B,N/A,12.5,1," $39,983.00 "
ACC-456129,Class-B,Major Purchase,24.8,0," $11,660.00 "
ACC-112973,Class-A,Small Business,38.2,0," $41,280.00 "
ACC-147716,Class-B,Small Business,55.0,0," $24,192.00 "
ACC-715645,Class-B,Major Purchase,24.8,0," $27,170.00 "
ACC-471870,Class-A,Major Purchase,55.0,0," $5,158.00 "
ACC-149842,Class-B,Home Improvement,12.5,0," $5,604.00 "
ACC-130321,Class-C,Debt Consolidation,,0," $13,228.00 "
ACC-900291,Class-A,N/A,,0," $18,849.00 "
ACC-788697,Class-A,Debt Consolidation,,1," $7,386.00 "
ACC-157698,Class-A,Home Improvement,24.8,0," $44,342.00 "
ACC-189182,Class-B,Small Business,12.5,0," $19,858.00 "
ACC-299790,Class-C,Small Business,24.8,0," $21,279.00 "
ACC-998108,,Debt Consolidation,,0," $37,515.00 "
ACC-765404,Class-A,Home Improvement,24.8,0," $9,330.00 "
ACC-445932,UNKNOWN,Debt Consolidation,55.0,0," $8,749.00 "
ACC-198410,Class-B,Debt Consolidation,12.5,0," $38,249.00 "
ACC-613922,Class-A,Debt Consolidation,12.5,0," $20,469.00 "
ACC-560369,Class-A,Debt Consolidation,24.8,1," $24,417.00 "
ACC-463159,Class-A,Home Improvement,12.5,0," $6,114.00 "
ACC-587570,Class-B,Debt Consolidation,38.2,0," $38,606.00 "
ACC-877613,Class-B,Home Improvement,38.2,0," $21,242.00 "
ACC-552881,,Small Business,,0," $29,384.00 "
ACC-560138,Class-A,Debt Consolidation,38.2,0," $6,404.00 "
ACC-924540,Class-A,Debt Consolidation,,0," $14,143.00 "
ACC-316591,Class-A,Small Business,55.0,0," $12,670.00 "
ACC-323764,Class-A,Debt Consolidation,12.5,0," $31,160.00 "
ACC-288706,Class-A,Debt Consolidation,12.5,0," $6,050.00 "
ACC-247726,Class-B,Major Purchase,12.5,0," $10,688.00 "
ACC-314309,Class-A,Home Improvement,12.5,0," $19,270.00 "
ACC-557493,Class-A,Home Improvement,24.8,0," $23,837.00 "
ACC-666884,Class-A,Small Business,38.2,0," $23,544.00 "
ACC-500944,Class-B,Debt Consolidation,12.5,0," $38,425.00 "
ACC-456940,Class-A,Debt Consolidation,38.2,0," $33,566.00 "
ACC-804560,Class-B,Debt Consolidation,24.8,0," $40,844.00 "
ACC-120431,Class-A,Major Purchase,55.0,0," $8,260.00 "
ACC-439939,Class-A,Home Improvement,38.2,0," $29,516.00 "
ACC-995748,Class-A,N/A,,0," $40,002.00 "
ACC-793796,Class-B,Home Improvement,55.0,0," $32,963.00 "
ACC-294587,Class-C,Debt Consolidation,12.5,0," $32,611.00 "
ACC-445051,Class-A,Debt Consolidation,12.5,1," $21,677.00 "
ACC-404550,Class-B,Debt Consolidation,12.5,0," $13,947.00 "
ACC-103569,Class-A,Small Business,38.2,1," $28,604.00 "
ACC-280086,Class-A,Debt Consolidation,38.2,1," $25,098.00 "
ACC-933614,Class-A,Home Improvement,,0," $13,254.00 "
ACC-388001,Class-B,Major Purchase,12.5,0," $30,082.00 "
ACC-274129,Class-C,Debt Consolidation,12.5,0," $39,625.00 "
ACC-544034,Class-A,Home Improvement,24.8,0," $26,915.00 "
ACC-328295,Class-B,Home Improvement,12.5,0," $32,138.00 "
ACC-355866,Class-C,Small Business,99.9,1," $26,281.00 "
ACC-748633,Class-C,Debt Consolidation,24.8,0," $11,697.00 "
ACC-552343,Class-B,Debt Consolidation,12.5,0," $30,955.00 "
ACC-137948,Class-C,Major Purchase,55.0,0," $22,683.00 "
ACC-827137,Class-C,Major Purchase,55.0,0," $26,936.00 "
ACC-641326,Class-A,Home Improvement,,0," $29,652.00 "
ACC-818886,Class-A,Debt Consolidation,24.8,0," $31,784.00 "
ACC-413183,Class-B,Debt Consolidation,55.0,0," $16,055.00 "
ACC-210169,Class-A,Debt Consolidation,24.8,0," $27,532.00 "
ACC-922832,,Major Purchase,,0," $44,516.00 "
ACC-229736,,Debt Consolidation,,0," $22,473.00 "
ACC-890779,Class-B,Debt Consolidation,24.8,0," $9,667.00 "
ACC-891313,Class-A,Debt Consolidation,38.2,0," $7,071.00 "
ACC-383873,Class-B,Major Purchase,55.0,0," $33,395.00 "
ACC-314459,Class-A,Small Business,,0," $33,684.00 "
ACC-451659,Class-B,N/A,12.5,0," $9,331.00 "
ACC-121151,Class-A,Home Improvement,99.9,0," $8,641.00 "
ACC-738141,Class-B,Home Improvement,12.5,0," $8,171.00 "
ACC-111984,UNKNOWN,Home Improvement,12.5,0," $19,739.00 "
ACC-540136,Class-A,Debt Consolidation,12.5,0," $17,141.00 "
ACC-404195,Class-C,Debt Consolidation,12.5,0," $41,043.00 "
ACC-648171,Class-B,Debt Consolidation,24.8,0," $31,485.00 "
ACC-985279,Class-A,Debt Consolidation,38.2,1," $24,306.00 "
ACC-866339,Class-C,Small Business,12.5,0," $22,898.00 "
ACC-289406,Class-A,Debt Consolidation,,0," $28,659.00 "
ACC-783702,Class-C,Home Improvement,12.5,0," $9,928.00 "
ACC-770662,Class-A,Home Improvement,38.2,1," $21,470.00 "
ACC-890457,Class-A,Small Business,12.5,0," $26,472.00 "
ACC-933167,Class-A,Small Business,,1," $44,590.00 "
ACC-302191,Class-B,Small Business,12.5,0," $24,388.00 "
ACC-832946,Class-C,Debt Consolidation,,1," $19,175.00 "
ACC-313718,Class-C,Debt Consolidation,-1.5,0," $25,360.00 "
ACC-830287,Class-A,Debt Consolidation,38.2,0," $35,122.00 "
ACC-765261,Class-B,Debt Consolidation,38.2,0," $32,408.00 "
ACC-937160,Class-B,Small Business,24.8,0," $34,513.00 "
ACC-199068,Class-A,Debt Consolidation,55.0,1," $29,397.00 "
ACC-763904,,Small Business,,0," $32,644.00 "
ACC-791242,Class-B,Home Improvement,,0," $8,016.00 "
ACC-263492,,Debt Consolidation,,0," $7,635.00 "
ACC-627275,Class-C,Small Business,12.5,0," $8,933.00 "
ACC-165320,Class-B,Home Improvement,24.8,0," $23,630.00 "
ACC-780772,Class-B,Debt Consolidation,12.5,0," $34,239.00 "
ACC-973976,Class-B,Debt Consolidation,12.5,0," $11,240.00 "
ACC-635219,Class-B,Debt Consolidation,24.8,0," $33,209.00 "
ACC-573562,Class-C,Home Improvement,,0," $11,469.00 "
ACC-562828,Class-B,Debt Consolidation,24.8,0," $16,042.00 "
ACC-164047,Class-A,Debt Consolidation,24.8,0," $38,022.00 "
ACC-816356,Class-A,Debt Consolidation,24.8,0," $41,179.00 "
ACC-557856,Class-A,Home Improvement,38.2,0," $22,582.00 "
ACC-359427,Class-C,Major Purchase,38.2,0," $9,003.00 "
ACC-434984,Class-A,Home Improvement,38.2,0," $28,116.00 "
ACC-585731,Class-B,Small Business,55.0,0," $17,070.00 "
ACC-701587,Class-B,Home Improvement,24.8,0," $40,337.00 "
ACC-324221,Class-A,Home Improvement,38.2,1," $13,810.00 "
ACC-224426,Class-B,Debt Consolidation,24.8,0," $6,801.00 "
ACC-113502,Class-C,N/A,38.2,0," $19,161.00 "
ACC-465081,Class-B,Home Improvement,99.9,0," $11,080.00 "
ACC-474525,Class-C,Debt Consolidation,55.0,0," $19,968.00 "
ACC-215601,Class-A,Home Improvement,24.8,0," $34,862.00 "
ACC-880419,Class-A,Debt Consolidation,,0," $36,559.00 "
ACC-282264,Class-A,Debt Consolidation,,0," $38,612.00 "
ACC-962667,Class-A,Major Purchase,38.2,0," $24,303.00 "
ACC-936362,Class-A,Debt Consolidation,12.5,0," $23,357.00 "
ACC-122412,Class-B,Debt Consolidation,12.5,0," $40,178.00 "
ACC-415174,Class-C,Major Purchase,38.2,0," $9,489.00 "
ACC-117719,Class-B,Debt Consolidation,55.0,1," $42,169.00 "
ACC-772856,Class-A,Debt Consolidation,12.5,0," $5,267.00 "
ACC-359380,Class-C,Debt Consolidation,12.5,0," $30,262.00 "
ACC-384903,Class-C,Debt Consolidation,55.0,0," $33,135.00 "
ACC-302134,Class-B,Debt Consolidation,12.5,0," $35,899.00 "
ACC-623109,UNKNOWN,Home Improvement,24.8,0," $28,517.00 "
ACC-357729,Class-B,Home Improvement,24.8,0," $9,469.00 "
ACC-202120,Class-C,Debt Consolidation,12.5,0," $29,111.00 "
ACC-976123,Class-B,Debt Consolidation,24.8,0," $44,152.00 "
ACC-392771,Class-B,Debt Consolidation,24.8,1," $13,352.00 "
ACC-765686,Class-A,Debt Consolidation,24.8,0," $12,807.00 "
ACC-254127,Class-A,Home Improvement,12.5,0," $13,417.00 "
ACC-920436,Class-C,Home Improvement,55.0,0," $26,692.00 "
ACC-443876,Class-A,Small Business,12.5,0," $25,322.00 "
ACC-319101,Class-B,Major Purchase,24.8,0," $36,834.00 "
ACC-860068,Class-A,Debt Consolidation,55.0,0," $18,923.00 "
ACC-107783,Class-A,Debt Consolidation,12.5,0," $7,402.00 "
ACC-198974,Class-B,Home Improvement,12.5,0," $10,911.00 "
ACC-921456,Class-B,Home Improvement,,0," $5,707.00 "
ACC-196156,Class-A,Home Improvement,24.8,0," $32,175.00 "
ACC-627358,Class-A,Home Improvement,24.8,0," $29,568.00 "
ACC-542137,Class-A,Debt Consolidation,55.0,0," $13,224.00 "
ACC-373382,Class-A,Small Business,38.2,0," $19,549.00 "
ACC-355959,Class-A,Home Improvement,24.8,0," $30,785.00 "
ACC-411838,Class-A,Home Improvement,38.2,0," $40,550.00 "
ACC-987321,Class-B,Debt Consolidation,24.8,0," $31,825.00 "
ACC-313862,Class-A,Debt Consolidation,38.2,0," $29,142.00 "
ACC-889710,Class-B,Home Improvement,24.8,0," $17,083.00 "
ACC-546496,Class-B,Home Improvement,12.5,0," $25,642.00 "
ACC-344957,Class-A,Debt Consolidation,12.5,0," $37,057.00 "
ACC-438745,Class-A,Debt Consolidation,38.2,0," $23,339.00 "
ACC-833222,Class-B,Small Business,12.5,0," $36,086.00 "
ACC-180328,Class-C,Debt Consolidation,12.5,0," $41,371.00 "
ACC-756881,Class-A,Home Improvement,24.8,0," $29,467.00 "
ACC-331037,Class-B,Home Improvement,24.8,0," $40,902.00 "
ACC-202263,Class-B,Debt Consolidation,12.5,1," $21,212.00 "
ACC-799272,,Major Purchase,,0," $30,640.00 "
ACC-370045,Class-A,Small Business,12.5,0," $36,022.00 "
ACC-615217,UNKNOWN,Debt Consolidation,12.5,0," $12,588.00 "
ACC-821691,Class-B,Debt Consolidation,38.2,0," $26,395.00 "
ACC-676391,Class-A,Home Improvement,,0," $26,523.00 "
ACC-394022,Class-C,Home Improvement,12.5,0," $38,221.00 "
ACC-614738,Class-B,Debt Consolidation,24.8,0," $6,793.00 "
ACC-196389,Class-B,Debt Consolidation,,0," $7,102.00 "
ACC-617894,Class-B,Home Improvement,38.2,0," $44,006.00 "
ACC-130335,Class-B,N/A,12.5,0," $5,254.00 "
ACC-162374,Class-B,Home Improvement,12.5,0," $41,800.00 "
ACC-616319,Class-C,Small Business,24.8,0," $24,274.00 "
ACC-510651,Class-A,Debt Consolidation,24.8,0," $13,328.00 "
ACC-122020,Class-B,Debt Consolidation,12.5,0," $5,598.00 "
ACC-788425,Class-B,Home Improvement,24.8,0," $8,957.00 "
ACC-235882,UNKNOWN,Home Improvement,12.5,0," $17,139.00 "
ACC-365255,Class-B,Home Improvement,12.5,0," $30,305.00 "
ACC-317898,Class-B,Small Business,38.2,0," $34,515.00 "
ACC-513707,Class-A,Small Business,24.8,1," $34,584.00 "
ACC-831895,Class-A,Debt Consolidation,38.2,0," $7,980.00 "
ACC-172694,Class-A,Debt Consolidation,24.8,0," $6,917.00 "
ACC-430137,UNKNOWN,Debt Consolidation,24.8,0," $25,576.00 "
ACC-793185,Class-A,Debt Consolidation,38.2,0," $28,465.00 "
ACC-812474,Class-A,Major Purchase,38.2,0," $33,479.00 "
ACC-369776,Class-C,N/A,12.5,0," $26,167.00 "
ACC-709145,Class-B,Small Business,38.2,0," $40,504.00 "
ACC-748961,Class-B,Debt Consolidation,55.0,0," $7,663.00 "
ACC-971980,Class-A,Small Business,24.8,0," $33,993.00 "
ACC-898622,Class-B,Small Business,-1.5,0," $25,205.00 "
ACC-379749,Class-A,Debt Consolidation,24.8,0," $25,762.00 "
ACC-254126,Class-A,Home Improvement,24.8,0," $15,896.00 "
ACC-975899,Class-A,Home Improvement,12.5,0," $27,683.00 "
ACC-987305,Class-B,Home Improvement,12.5,0," $24,308.00 "
ACC-730965,UNKNOWN,Home Improvement,12.5,0," $5,866.00 "
ACC-800248,Class-A,Debt Consolidation,55.0,0," $17,011.00 "
ACC-273890,,Small Business,,0," $31,620.00 "
ACC-257463,Class-C,Major Purchase,38.2,0," $10,883.00 "
ACC-769357,Class-A,Home Improvement,24.8,0," $6,869.00 "
ACC-505273,Class-A,Debt Consolidation,12.5,0," $42,330.00 "
ACC-656543,Class-A,Debt Consolidation,12.5,0," $40,621.00 "
ACC-219815,UNKNOWN,Debt Consolidation,24.8,0," $13,091.00 "
ACC-443568,Class-B,Debt Consolidation,12.5,1," $16,795.00 "
ACC-269384,Class-C,Major Purchase,12.5,0," $41,218.00 "
ACC-680938,Class-B,Debt Consolidation,24.8,0," $7,510.00 "
ACC-738625,,Major Purchase,,0," $14,249.00 "
ACC-722363,Class-B,Home Improvement,12.5,0," $20,407.00 "
ACC-506323,Class-B,Debt Consolidation,,0," $8,243.00 "
ACC-857415,Class-A,Small Business,12.5,0," $29,467.00 "
ACC-482724,Class-A,Small Business,12.5,0," $41,540.00 "
ACC-326562,,Debt Consolidation,,0," $39,946.00 "
ACC-673656,Class-B,Home Improvement,24.8,0," $36,139.00 "
ACC-922062,Class-B,Home Improvement,24.8,0," $18,168.00 "
ACC-976078,Class-C,Debt Consolidation,12.5,0," $36,542.00 "
ACC-811414,Class-A,Debt Consolidation,12.5,0," $13,390.00 "
ACC-678585,Class-A,Small Business,38.2,0," $7,154.00 "
ACC-515783,Class-A,Debt Consolidation,55.0,0," $42,951.00 "
ACC-955241,Class-A,Debt Consolidation,12.5,0," $13,033.00 "
ACC-327893,,Home Improvement,,0," $35,574.00 "
ACC-721017,Class-A,Debt Consolidation,99.9,0," $9,234.00 "
ACC-244045,Class-A,Major Purchase,38.2,0," $21,754.00 "
ACC-391969,Class-C,Debt Consolidation,12.5,0," $6,926.00 "
ACC-394656,Class-A,Major Purchase,12.5,1," $41,353.00 "
ACC-270666,Class-A,Debt Consolidation,55.0,0," $25,751.00 "
ACC-916458,Class-B,Debt Consolidation,55.0,0," $41,385.00 "
ACC-946355,Class-B,Major Purchase,24.8,0," $39,101.00 "
ACC-704307,Class-B,Home Improvement,55.0,1," $35,482.00 "
ACC-928183,Class-A,Home Improvement,55.0,0," $24,713.00 "
ACC-847158,Class-B,Small Business,24.8,0," $29,349.00 "
ACC-815031,Class-B,Debt Consolidation,24.8,0," $8,220.00 "
ACC-138219,Class-B,Major Purchase,12.5,0," $25,908.00 "
ACC-687177,Class-A,Home Improvement,12.5,0," $13,038.00 "
ACC-841071,Class-B,Small Business,12.5,0," $31,306.00 "
ACC-867895,UNKNOWN,Small Business,12.5,0," $24,037.00 "
ACC-816210,Class-A,Debt Consolidation,38.2,0," $23,740.00 "
ACC-280641,Class-A,Home Improvement,24.8,0," $13,206.00 "
ACC-769513,Class-B,N/A,12.5,0," $33,624.00 "
ACC-360809,Class-A,Home Improvement,55.0,0," $34,509.00 "
ACC-165812,Class-C,Small Business,38.2,0," $9,210.00 "
ACC-270875,Class-B,Home Improvement,24.8,0," $15,949.00 "
ACC-984320,Class-A,Home Improvement,24.8,1," $13,755.00 "
ACC-643670,,Major Purchase,,0," $32,825.00 "
ACC-330148,Class-A,Home Improvement,,0," $9,533.00 "
ACC-821940,Class-C,Debt Consolidation,12.5,0," $9,096.00 "
ACC-171309,Class-A,Debt Consolidation,38.2,0," $37,089.00 "
ACC-267870,Class-A,Home Improvement,55.0,0," $14,747.00 "
ACC-158404,Class-A,Debt Consolidation,12.5,0," $30,163.00 "
ACC-926528,Class-A,Home Improvement,12.5,0," $8,646.00 "
ACC-309357,Class-A,N/A,12.5,0," $34,227.00 "
ACC-333584,Class-B,Small Business,38.2,0," $34,870.00 "
ACC-356913,Class-B,Major Purchase,12.5,0," $32,784.00 "
ACC-651595,Class-A,Home Improvement,12.5,1," $24,472.00 "
ACC-256179,Class-C,Debt Consolidation,24.8,0," $29,538.00 "
ACC-916358,Class-A,Small Business,-1.5,0," $43,382.00 "
ACC-749835,Class-B,Major Purchase,12.5,0," $42,846.00 "
ACC-528199,Class-A,Debt Consolidation,38.2,0," $19,814.00 "
ACC-968297,Class-B,Small Business,38.2,0," $15,341.00 "
ACC-378959,Class-A,Debt Consolidation,12.5,0," $21,282.00 "
ACC-462016,Class-A,Home Improvement,24.8,0," $17,050.00 "
ACC-678575,Class-B,Home Improvement,12.5,0," $42,227.00 "
ACC-973112,Class-B,Small Business,,0," $15,599.00 "
ACC-591388,Class-B,Small Business,24.8,0," $40,842.00 "
ACC-119839,Class-C,Debt Consolidation,24.8,0," $26,161.00 "
ACC-789536,Class-A,Debt Consolidation,12.5,0," $24,166.00 "
ACC-785780,Class-A,Small Business,,1," $36,194.00 "
ACC-797297,Class-A,Major Purchase,,0," $26,651.00 "
ACC-908797,Class-A,Debt Consolidation,12.5,1," $39,232.00 "
ACC-155275,Class-C,Major Purchase,38.2,0," $26,171.00 "
ACC-210186,Class-B,Debt Consolidation,55.0,0," $18,346.00 "
ACC-753216,Class-B,Debt Consolidation,24.8,0," $44,734.00 "
ACC-552221,Class-A,Debt Consolidation,12.5,0," $6,241.00 "
ACC-799248,Class-A,Debt Consolidation,55.0,0," $14,556.00 "
ACC-607585,Class-B,N/A,38.2,1," $20,694.00 "
ACC-629736,Class-B,Major Purchase,24.8,0," $5,786.00 "
ACC-942158,Class-C,Debt Consolidation,55.0,1," $41,142.00 "
ACC-195922,UNKNOWN,Small Business,-1.5,0," $11,256.00 "
ACC-390137,UNKNOWN,Home Improvement,12.5,1," $31,093.00 "
ACC-530219,Class-A,Debt Consolidation,38.2,0," $5,669.00 "
ACC-348705,Class-C,Debt Consolidation,12.5,1," $42,752.00 "
ACC-450169,Class-A,Debt Consolidation,24.8,1," $34,305.00 "
ACC-387848,Class-A,Debt Consolidation,55.0,0," $43,271.00 "
ACC-144102,Class-A,Major Purchase,,0," $18,950.00 "
ACC-497031,Class-B,Debt Consolidation,38.2,0," $15,790.00 "
ACC-177201,Class-C,Debt Consolidation,24.8,0," $36,026.00 "
ACC-361174,Class-A,Debt Consolidation,55.0,0," $20,999.00 "
ACC-235536,Class-A,Home Improvement,38.2,0," $39,825.00 "
ACC-126240,Class-A,Debt Consolidation,55.0,0," $39,856.00 "
ACC-569981,Class-C,Home Improvement,12.5,0," $40,798.00 "
ACC-620512,Class-A,Major Purchase,38.2,0," $5,177.00 "
ACC-368100,Class-A,Home Improvement,12.5,0," $8,903.00 "
ACC-706661,Class-B,Home Improvement,12.5,0," $13,442.00 "
ACC-884063,Class-B,Debt Consolidation,55.0,1," $34,368.00 "
ACC-152625,,Major Purchase,,0," $39,556.00 "
ACC-826428,Class-A,Major Purchase,55.0,0," $35,123.00 "
ACC-213608,Class-B,Home Improvement,38.2,0," $23,712.00 "
ACC-745479,Class-B,Debt Consolidation,24.8,1," $40,053.00 "
ACC-546652,Class-B,N/A,,0," $8,763.00 "
ACC-912507,Class-B,Debt Consolidation,24.8,0," $38,869.00 "
ACC-930776,Class-A,Debt Consolidation,12.5,1," $14,384.00 "
ACC-775598,Class-A,Debt Consolidation,12.5,0," $32,105.00 "
ACC-305856,Class-A,Major Purchase,24.8,0," $38,926.00 "
ACC-602629,Class-A,Debt Consolidation,38.2,0," $26,312.00 "
ACC-193771,Class-B,Debt Consolidation,12.5,0," $22,880.00 "
ACC-347077,Class-A,Home Improvement,12.5,0," $39,424.00 "
ACC-942433,Class-C,Debt Consolidation,24.8,0," $11,719.00 "
ACC-624561,Class-A,Major Purchase,12.5,0," $28,598.00 "
ACC-169134,Class-C,Major Purchase,12.5,0," $42,259.00 "
ACC-747117,Class-A,Small Business,55.0,0," $20,164.00 "
ACC-192699,Class-B,Home Improvement,12.5,0," $15,907.00 "
ACC-678768,Class-A,Debt Consolidation,24.8,1," $16,766.00 "
ACC-256774,Class-A,Debt Consolidation,24.8,0," $19,887.00 "
ACC-738434,Class-A,Major Purchase,24.8,0," $37,346.00 "
ACC-870768,Class-A,Small Business,99.9,0," $44,221.00 "
ACC-881511,Class-C,Debt Consolidation,55.0,0," $33,493.00 "
ACC-918781,Class-A,Debt Consolidation,55.0,0," $5,170.00 "
ACC-758729,Class-B,Major Purchase,38.2,0," $26,846.00 "
ACC-757234,Class-A,Debt Consolidation,24.8,0," $37,252.00 "
ACC-229408,Class-B,Debt Consolidation,24.8,0," $28,284.00 "
ACC-348396,Class-A,Small Business,,0," $30,353.00 "
ACC-746248,Class-C,Small Business,55.0,0," $27,412.00 "
ACC-190627,Class-B,Major Purchase,12.5,0," $35,383.00 "
ACC-131149,Class-A,Debt Consolidation,55.0,0," $40,767.00 "
ACC-682227,Class-B,Debt Consolidation,38.2,1," $38,772.00 "
ACC-480935,Class-A,Debt Consolidation,12.5,0," $29,276.00 "
ACC-962996,Class-C,N/A,12.5,1," $14,445.00 "
ACC-450485,Class-B,Home Improvement,12.5,0," $37,211.00 "
ACC-977869,Class-A,Home Improvement,99.9,0," $38,560.00 "
ACC-469547,Class-B,Debt Consolidation,38.2,0," $34,087.00 "
ACC-926830,Class-B,Small Business,,1," $39,025.00 "
ACC-282423,Class-B,Debt Consolidation,12.5,0," $43,830.00 "
ACC-201426,Class-B,Home Improvement,12.5,0," $30,818.00 "
ACC-818292,Class-B,Debt Consolidation,24.8,0," $11,402.00 "
ACC-273074,Class-B,N/A,55.0,0," $17,380.00 "
ACC-141126,Class-B,Major Purchase,24.8,0," $31,611.00 "
ACC-639525,Class-B,Debt Consolidation,24.8,0," $31,987.00 "
ACC-696423,Class-A,Debt Consolidation,24.8,0," $16,575.00 "
ACC-803831,Class-C,Debt Consolidation,12.5,1," $31,930.00 "
ACC-960258,Class-B,Debt Consolidation,12.5,0," $21,052.00 "
ACC-431237,Class-A,Debt Consolidation,12.5,0," $38,408.00 "
ACC-820576,Class-A,Major Purchase,12.5,0," $39,758.00 "
ACC-726248,Class-B,Home Improvement,24.8,0," $42,285.00 "
ACC-752739,Class-A,Debt Consolidation,12.5,0," $14,266.00 "
ACC-451939,Class-B,Major Purchase,12.5,0," $26,344.00 "
ACC-154964,Class-A,Major Purchase,24.8,0," $16,983.00 "
ACC-273802,Class-A,Debt Consolidation,,0," $10,398.00 "
ACC-138791,Class-B,Debt Consolidation,55.0,0," $33,964.00 "
ACC-387555,Class-A,Debt Consolidation,99.9,0," $39,956.00 "
ACC-626355,UNKNOWN,Debt Consolidation,38.2,0," $33,735.00 "
ACC-513569,Class-A,Home Improvement,38.2,0," $11,987.00 "
ACC-395163,Class-C,Small Business,,1," $17,930.00 "
ACC-604433,Class-B,Home Improvement,-1.5,0," $25,162.00 "
ACC-977694,Class-B,Major Purchase,55.0,0," $15,150.00 "
ACC-943930,Class-A,Debt Consolidation,38.2,0," $43,882.00 "
ACC-558219,Class-B,Small Business,24.8,0," $17,045.00 "
ACC-886911,Class-A,Major Purchase,55.0,0," $15,591.00 "
ACC-396319,Class-C,N/A,24.8,0," $33,487.00 "
ACC-350750,Class-B,N/A,24.8,0," $17,590.00 "
ACC-834074,Class-A,Home Improvement,38.2,0," $17,400.00 "
ACC-573294,Class-A,Home Improvement,12.5,0," $25,747.00 "
ACC-234373,Class-B,Debt Consolidation,38.2,0," $38,864.00 "
ACC-600505,Class-A,Debt Consolidation,12.5,0," $7,084.00 "
ACC-627581,Class-A,Debt Consolidation,38.2,0," $7,539.00 "
ACC-253247,Class-B,Small Business,38.2,0," $7,407.00 "
ACC-705688,Class-B,Debt Consolidation,38.2,0," $42,483.00 "
ACC-556136,Class-A,Home Improvement,12.5,0," $27,643.00 "
ACC-790099,Class-B,Home Improvement,38.2,0," $43,887.00 "
ACC-865445,Class-B,Debt Consolidation,38.2,0," $10,650.00 "
ACC-533375,Class-C,Small Business,12.5,1," $41,936.00 "
ACC-780029,Class-A,Small Business,12.5,0," $16,360.00 "
ACC-889668,Class-A,Home Improvement,55.0,0," $11,093.00 "
ACC-293009,Class-C,Small Business,38.2,1," $29,491.00 "
ACC-177580,Class-A,Small Business,38.2,0," $43,791.00 "
ACC-509554,Class-C,Home Improvement,-1.5,0," $27,741.00 "
ACC-130817,Class-A,Home Improvement,12.5,0," $31,562.00 "
ACC-741016,Class-B,Debt Consolidation,24.8,0," $7,631.00 "
ACC-512396,Class-A,Debt Consolidation,12.5,1," $9,727.00 "
ACC-286685,Class-C,Small Business,38.2,0," $6,717.00 "
ACC-546199,Class-A,Debt Consolidation,38.2,0," $22,874.00 "
ACC-833067,Class-B,Debt Consolidation,12.5,0," $12,841.00 "
ACC-963792,Class-B,Major Purchase,24.8,0," $28,387.00 "
ACC-115505,Class-A,Debt Consolidation,,1," $8,836.00 "
ACC-545307,Class-B,Debt Consolidation,24.8,0," $20,465.00 "
ACC-842024,Class-B,Debt Consolidation,12.5,0," $9,271.00 "
ACC-357215,Class-C,Home Improvement,38.2,0," $6,650.00 "
ACC-557447,Class-B,Debt Consolidation,12.5,0," $6,264.00 "
ACC-545856,Class-A,Debt Consolidation,24.8,0," $18,829.00 "
ACC-902191,Class-A,Home Improvement,38.2,0," $26,040.00 "
ACC-136729,Class-B,Debt Consolidation,38.2,0," $44,441.00 "
ACC-870641,Class-A,Debt Consolidation,55.0,0," $7,963.00 "
ACC-421106,Class-B,Home Improvement,24.8,0," $12,254.00 "
ACC-195622,Class-C,Debt Consolidation,55.0,0," $24,433.00 "
ACC-846851,Class-A,Major Purchase,38.2,0," $36,453.00 "
ACC-275030,Class-B,Small Business,12.5,0," $21,454.00 "
ACC-595549,Class-C,Home Improvement,12.5,0," $26,901.00 "
ACC-730614,Class-B,Debt Consolidation,12.5,0," $40,164.00 "
ACC-998461,Class-A,Major Purchase,38.2,0," $7,472.00 "
ACC-288159,Class-A,Major Purchase,38.2,0," $18,741.00 "
ACC-287221,Class-C,Small Business,55.0,0," $40,135.00 "
ACC-685293,Class-B,Debt Consolidation,,0," $18,742.00 "
ACC-127015,Class-A,N/A,-1.5,0," $10,161.00 "
ACC-202265,Class-B,Small Business,24.8,1," $9,087.00 "
ACC-519618,Class-A,Home Improvement,38.2,0," $25,811.00 "
ACC-233885,Class-B,Debt Consolidation,55.0,1," $21,588.00 "
ACC-389582,Class-B,Small Business,38.2,0," $33,100.00 "
ACC-439551,Class-B,Debt Consolidation,24.8,0," $28,970.00 "
ACC-377124,Class-B,Home Improvement,38.2,0," $25,374.00 "
ACC-669234,Class-B,Home Improvement,12.5,0," $38,943.00 "
ACC-762047,UNKNOWN,Major Purchase,38.2,0," $12,700.00 "
ACC-829004,,Debt Consolidation,,0," $38,503.00 "
ACC-855371,Class-A,Debt Consolidation,12.5,1," $31,381.00 "
ACC-298548,Class-A,Home Improvement,24.8,0," $5,570.00 "
ACC-865359,Class-A,Home Improvement,24.8,0," $5,800.00 "
ACC-794823,Class-A,Debt Consolidation,12.5,0," $21,512.00 "
ACC-154234,Class-B,Small Business,55.0,0," $36,947.00 "
ACC-159920,Class-A,Major Purchase,12.5,0," $34,888.00 "
ACC-276297,Class-C,Home Improvement,38.2,0," $38,901.00 "
ACC-476837,,N/A,,0," $10,378.00 "
ACC-722031,Class-C,Debt Consolidation,38.2,0," $38,203.00 "
ACC-295389,Class-A,Home Improvement,38.2,0," $35,601.00 "
ACC-979355,Class-A,Debt Consolidation,38.2,0," $44,575.00 "
ACC-959064,Class-B,Debt Consolidation,,0," $29,971.00 "
ACC-435592,Class-C,Debt Consolidation,55.0,0," $41,111.00 "
ACC-621755,Class-B,Small Business,24.8,0," $38,713.00 "
ACC-536339,Class-A,Major Purchase,38.2,0," $7,357.00 "
ACC-564009,UNKNOWN,Home Improvement,38.2,0," $16,274.00 "
ACC-463001,Class-B,Home Improvement,12.5,1," $35,944.00 "
ACC-766932,Class-A,Small Business,38.2,0," $33,735.00 "
ACC-470626,Class-C,Home Improvement,55.0,0," $43,802.00 "
ACC-819732,Class-B,Debt Consolidation,12.5,0," $17,514.00 "
ACC-356633,Class-A,Debt Consolidation,55.0,0," $23,017.00 "
ACC-603678,Class-C,Debt Consolidation,24.8,0," $28,050.00 "
ACC-983105,Class-B,Debt Consolidation,24.8,1," $32,443.00 "
ACC-707950,Class-B,Debt Consolidation,38.2,1," $25,843.00 "
ACC-744077,Class-A,Small Business,24.8,1," $31,978.00 "
ACC-219436,UNKNOWN,Major Purchase,38.2,0," $5,255.00 "
ACC-521159,Class-A,Debt Consolidation,12.5,0," $15,603.00 "
ACC-420367,Class-A,Debt Consolidation,12.5,0," $30,142.00 "
ACC-480010,Class-A,Small Business,24.8,0," $33,057.00 "
ACC-851302,Class-A,Debt Consolidation,12.5,0," $28,898.00 "
ACC-415401,Class-B,Major Purchase,12.5,0," $32,780.00 "
ACC-845810,Class-B,Debt Consolidation,-1.5,0," $19,378.00 "
ACC-320497,Class-C,Debt Consolidation,55.0,0," $15,472.00 "
ACC-265797,Class-B,Home Improvement,12.5,0," $7,881.00 "
ACC-245634,UNKNOWN,Major Purchase,24.8,0," $11,242.00 "
ACC-670987,Class-A,Small Business,55.0,0," $35,793.00 "
ACC-998511,Class-B,Debt Consolidation,12.5,0," $23,198.00 "
ACC-222019,Class-A,Debt Consolidation,12.5,0," $35,162.00 "
ACC-783389,Class-B,N/A,24.8,0," $42,995.00 "
ACC-685898,Class-B,Small Business,55.0,0," $21,376.00 "
ACC-369077,Class-A,Home Improvement,55.0,0," $28,823.00 "
ACC-191847,Class-C,N/A,38.2,0," $44,653.00 "
ACC-302030,Class-A,Major Purchase,12.5,0," $29,036.00 "
ACC-943263,Class-A,Home Improvement,12.5,0," $25,441.00 "
ACC-331153,Class-C,Major Purchase,24.8,1," $28,955.00 "
ACC-972312,Class-A,Home Improvement,12.5,1," $14,863.00 "
ACC-792874,Class-A,N/A,12.5,0," $6,540.00 "
ACC-352290,,Debt Consolidation,,0," $7,903.00 "
ACC-960363,Class-A,Debt Consolidation,24.8,0," $17,226.00 "
ACC-438179,,Major Purchase,,0," $43,049.00 "
ACC-916506,Class-B,Home Improvement,55.0,0," $34,370.00 "
ACC-887073,Class-A,Small Business,12.5,0," $8,457.00 "
ACC-178555,UNKNOWN,Home Improvement,12.5,0," $33,806.00 "
ACC-608166,Class-C,Debt Consolidation,55.0,1," $27,217.00 "
ACC-451562,Class-A,Home Improvement,24.8,0," $23,666.00 "
ACC-964159,Class-A,Small Business,24.8,0," $32,664.00 "
ACC-370698,Class-A,Small Business,38.2,0," $37,887.00 "
ACC-640645,Class-A,Home Improvement,55.0,0," $25,258.00 "
ACC-531012,Class-C,Debt Consolidation,24.8,0," $41,322.00 "
ACC-835943,,Home Improvement,,0," $40,655.00 "
ACC-166453,,Debt Consolidation,,0," $44,275.00 "
ACC-785353,Class-C,Home Improvement,12.5,0," $13,874.00 "
ACC-904341,Class-C,Debt Consolidation,24.8,0," $12,619.00 "
ACC-566891,Class-A,Small Business,55.0,0," $10,081.00 "
ACC-299461,Class-C,Home Improvement,24.8,0," $11,794.00 "
ACC-167370,Class-B,Debt Consolidation,24.8,0," $38,670.00 "
ACC-715766,Class-B,Small Business,,0," $16,292.00 "
ACC-619716,Class-C,Debt Consolidation,24.8,0," $28,883.00 "
ACC-303983,Class-A,Home Improvement,12.5,0," $38,805.00 "
ACC-275821,Class-A,Small Business,12.5,0," $9,276.00 "
ACC-130278,Class-B,Home Improvement,12.5,0," $5,222.00 "
ACC-519247,Class-A,Home Improvement,,0," $12,057.00 "
ACC-350570,Class-A,Small Business,12.5,0," $17,350.00 "
ACC-774904,Class-B,Home Improvement,24.8,0," $12,541.00 "
ACC-453952,Class-C,Debt Consolidation,24.8,0," $28,859.00 "
ACC-341180,Class-B,Debt Consolidation,,0," $10,058.00 "
ACC-280415,Class-B,Debt Consolidation,38.2,0," $14,458.00 "
ACC-761248,Class-B,Home Improvement,24.8,0," $30,636.00 "
ACC-530648,Class-A,Debt Consolidation,12.5,0," $35,230.00 "
ACC-409715,Class-A,Debt Consolidation,12.5,0," $28,682.00 "
ACC-186572,Class-C,Small Business,12.5,0," $14,877.00 "
ACC-751406,Class-A,Home Improvement,24.8,0," $40,646.00 "
ACC-824340,Class-A,Home Improvement,24.8,1," $21,241.00 "
ACC-367305,Class-B,Debt Consolidation,12.5,0," $35,632.00 "
ACC-337051,Class-B,N/A,38.2,0," $38,860.00 "
ACC-407033,Class-B,Major Purchase,24.8,0," $14,823.00 "
ACC-390529,Class-B,Small Business,12.5,0," $11,911.00 "
ACC-451341,Class-B,Debt Consolidation,12.5,0," $39,684.00 "
ACC-959598,Class-C,Small Business,,0," $5,591.00 "
ACC-821211,Class-B,Major Purchase,12.5,0," $34,053.00 "
ACC-258852,Class-C,Home Improvement,55.0,0," $20,987.00 "
ACC-605455,Class-A,Home Improvement,38.2,0," $19,915.00 "
ACC-655807,Class-A,Small Business,38.2,0," $30,490.00 "
ACC-503418,Class-A,Major Purchase,24.8,0," $22,153.00 "
ACC-916591,Class-A,Debt Consolidation,12.5,0," $28,297.00 "
ACC-652091,Class-A,Home Improvement,38.2,0," $5,224.00 "
ACC-919161,Class-A,Debt Consolidation,24.8,0," $22,670.00 "
ACC-663003,Class-B,Debt Consolidation,12.5,0," $30,580.00 "
ACC-831523,Class-B,Home Improvement,24.8,0," $25,204.00 "
ACC-210559,Class-A,Debt Consolidation,24.8,0," $43,641.00 "
ACC-678555,UNKNOWN,Debt Consolidation,12.5,0," $32,938.00 "
ACC-815482,Class-A,Small Business,12.5,0," $31,093.00 "
ACC-463509,Class-B,Debt Consolidation,24.8,0," $25,579.00 "
ACC-287983,,Home Improvement,,0," $44,972.00 "
ACC-883336,Class-A,Debt Consolidation,24.8,0," $12,675.00 "
ACC-364287,Class-A,Home Improvement,12.5,0," $42,555.00 "
ACC-832028,Class-A,Debt Consolidation,12.5,0," $44,199.00 "
ACC-935806,Class-B,Small Business,38.2,0," $39,048.00 "
ACC-526532,Class-B,Debt Consolidation,12.5,1," $9,756.00 "
ACC-315969,Class-A,Home Improvement,55.0,0," $20,662.00 "
ACC-299710,Class-A,Debt Consolidation,55.0,0," $8,889.00 "
ACC-434558,Class-C,Home Improvement,24.8,0," $10,262.00 "
ACC-952856,Class-C,Home Improvement,55.0,0," $19,925.00 "
ACC-527600,Class-B,Major Purchase,99.9,0," $39,332.00 "
ACC-500085,Class-B,Debt Consolidation,12.5,0," $32,317.00 "
ACC-306045,Class-A,Small Business,38.2,0," $31,974.00 "
ACC-318586,Class-A,Small Business,12.5,0," $43,374.00 "
ACC-771313,Class-A,Home Improvement,99.9,0," $14,178.00 "
ACC-456258,Class-A,Debt Consolidation,24.8,0," $27,578.00 "
ACC-562294,Class-B,Debt Consolidation,55.0,0," $13,317.00 "
ACC-653921,Class-A,Debt Consolidation,24.8,0," $34,985.00 "
ACC-759995,Class-A,Major Purchase,55.0,0," $15,036.00 "
ACC-192697,Class-A,Debt Consolidation,55.0,1," $20,623.00 "
ACC-862577,Class-C,Debt Consolidation,24.8,0," $31,209.00 "
ACC-589457,Class-B,Small Business,99.9,0," $23,561.00 "
ACC-681711,Class-A,Home Improvement,24.8,0," $34,907.00 "
ACC-712006,Class-B,Home Improvement,38.2,0," $38,060.00 "
ACC-774985,Class-A,Small Business,,1," $24,050.00 "
ACC-868024,Class-C,Home Improvement,55.0,0," $19,301.00 "
ACC-396485,Class-A,Debt Consolidation,12.5,0," $25,993.00 "
ACC-767123,Class-A,Small Business,38.2,1," $31,117.00 "
ACC-390299,Class-A,Home Improvement,38.2,0," $17,995.00 "
ACC-711106,,Small Business,,1," $44,102.00 "
ACC-928139,Class-A,Major Purchase,24.8,0," $28,372.00 "
ACC-882854,Class-A,Home Improvement,12.5,0," $5,064.00 "
ACC-128158,Class-A,Debt Consolidation,24.8,0," $9,703.00 "
ACC-821542,Class-A,N/A,12.5,0," $12,076.00 "
ACC-528707,,Major Purchase,,0," $42,477.00 "
ACC-788817,Class-A,Debt Consolidation,38.2,0," $37,718.00 "
ACC-852853,Class-B,Home Improvement,55.0,0," $44,866.00 "
ACC-735388,Class-B,Debt Consolidation,12.5,0," $30,004.00 "
ACC-810233,Class-B,Debt Consolidation,,0," $9,528.00 "
ACC-769757,Class-A,Home Improvement,55.0,0," $39,292.00 "
ACC-644574,Class-A,Debt Consolidation,24.8,1," $8,551.00 "
ACC-651689,Class-B,Small Business,12.5,0," $29,744.00 "
ACC-889509,Class-B,Home Improvement,38.2,0," $24,120.00 "
ACC-232176,Class-A,Debt Consolidation,24.8,0," $19,551.00 "
ACC-849563,Class-A,Debt Consolidation,12.5,0," $40,841.00 "
ACC-235307,Class-A,Home Improvement,24.8,0," $5,280.00 "
ACC-898517,Class-A,Debt Consolidation,-1.5,0," $37,539.00 "
ACC-940358,Class-B,Small Business,24.8,0," $36,565.00 "
ACC-203664,Class-B,Small Business,38.2,0," $9,124.00 "
ACC-524959,Class-B,Debt Consolidation,12.5,0," $7,516.00 "
ACC-167776,Class-A,Home Improvement,24.8,0," $19,716.00 "
ACC-170873,Class-A,Home Improvement,38.2,0," $22,467.00 "
ACC-283476,,Debt Consolidation,,0," $5,507.00 "
ACC-210627,Class-B,Debt Consolidation,24.8,0," $41,632.00 "
ACC-127609,UNKNOWN,Debt Consolidation,55.0,0," $44,568.00 "
ACC-418516,Class-B,Debt Consolidation,24.8,0," $13,922.00 "
ACC-242602,Class-C,Debt Consolidation,12.5,0," $31,280.00 "
ACC-539725,Class-B,Home Improvement,12.5,0," $42,249.00 "
ACC-847504,Class-A,Debt Consolidation,12.5,0," $9,435.00 "
ACC-197902,Class-B,Debt Consolidation,38.2,0," $22,060.00 "
ACC-370373,Class-B,Home Improvement,24.8,1," $19,553.00 "
ACC-606547,Class-A,Small Business,12.5,0," $44,754.00 "
ACC-258276,Class-A,Debt Consolidation,12.5,0," $42,697.00 "
ACC-176963,Class-A,Home Improvement,38.2,0," $44,501.00 "
ACC-950639,Class-A,Home Improvement,12.5,0," $15,686.00 "
ACC-718818,Class-A,N/A,24.8,0," $44,337.00 "
ACC-534529,Class-A,Small Business,55.0,0," $19,009.00 "
ACC-187159,Class-B,Home Improvement,12.5,0," $37,918.00 "
ACC-197022,Class-A,N/A,,1," $20,980.00 "
ACC-758306,Class-B,N/A,99.9,0," $9,859.00 "
ACC-391711,Class-C,Debt Consolidation,38.2,0," $11,807.00 "
ACC-243729,Class-B,Home Improvement,12.5,0," $24,836.00 "
ACC-169245,Class-B,Home Improvement,38.2,0," $31,919.00 "
ACC-404679,Class-B,Home Improvement,12.5,0," $36,720.00 "
ACC-335044,Class-B,Debt Consolidation,12.5,0," $44,867.00 "
ACC-519858,Class-B,Small Business,24.8,0," $5,754.00 "
ACC-370875,Class-A,Debt Consolidation,38.2,0," $8,956.00 "
ACC-579674,,Home Improvement,,0," $7,369.00 "
ACC-525924,Class-A,Small Business,24.8,0," $40,281.00 "
ACC-415397,Class-A,Small Business,99.9,0," $14,541.00 "
ACC-274249,UNKNOWN,Debt Consolidation,24.8,0," $22,853.00 "
ACC-696416,Class-B,Home Improvement,24.8,0," $44,789.00 "
ACC-431554,Class-A,Home Improvement,12.5,0," $11,530.00 "
ACC-174653,Class-A,Debt Consolidation,38.2,0," $40,739.00 "
ACC-270841,Class-B,Debt Consolidation,24.8,0," $8,797.00 "
ACC-304851,Class-B,Major Purchase,38.2,0," $38,770.00 "
ACC-228373,Class-C,Home Improvement,38.2,0," $15,086.00 "
ACC-421100,Class-A,Small Business,12.5,0," $22,039.00 "
ACC-325782,Class-B,Home Improvement,12.5,0," $40,233.00 "
ACC-461820,Class-A,Home Improvement,12.5,0," $7,013.00 "
ACC-569584,Class-A,Major Purchase,24.8,0," $17,363.00 "
ACC-236662,Class-A,Home Improvement,12.5,1," $43,221.00 "
ACC-599440,Class-A,Small Business,24.8,0," $10,149.00 "
ACC-851235,Class-B,Debt Consolidation,38.2,1," $17,818.00 "
ACC-222478,Class-A,Major Purchase,12.5,1," $27,633.00 "
ACC-947508,Class-C,Debt Consolidation,38.2,1," $34,554.00 "
ACC-729817,Class-B,Debt Consolidation,24.8,0," $38,519.00 "
ACC-573334,Class-C,Debt Consolidation,12.5,0," $15,269.00 "
ACC-580286,Class-C,N/A,24.8,1," $37,110.00 "
ACC-114683,Class-B,Debt Consolidation,12.5,0," $7,965.00 "
ACC-479755,Class-B,Small Business,38.2,0," $33,253.00 "
ACC-316677,Class-A,Major Purchase,24.8,0," $39,928.00 "
ACC-817685,Class-A,Small Business,12.5,0," $10,980.00 "
ACC-546682,Class-A,Debt Consolidation,24.8,0," $30,285.00 "
ACC-526352,Class-B,N/A,12.5,1," $17,699.00 "
ACC-494763,Class-C,Debt Consolidation,24.8,1," $11,571.00 "
ACC-143503,Class-A,N/A,24.8,0," $16,102.00 "
ACC-365110,Class-B,Debt Consolidation,38.2,0," $42,843.00 "
ACC-933584,Class-A,Debt Consolidation,12.5,1," $9,735.00 "
ACC-870682,Class-C,Debt Consolidation,12.5,0," $14,279.00 "
ACC-423141,Class-B,N/A,24.8,0," $44,657.00 "
ACC-698107,Class-B,Major Purchase,12.5,0," $28,344.00 "
ACC-577176,Class-B,Major Purchase,38.2,0," $38,006.00 "
ACC-552928,Class-A,Debt Consolidation,12.5,0," $15,783.00 "
ACC-551375,Class-B,Debt Consolidation,24.8,1," $5,087.00 "
ACC-339293,Class-B,Home Improvement,12.5,0," $12,571.00 "
ACC-411370,Class-C,Major Purchase,38.2,0," $7,237.00 "
ACC-606543,Class-A,Debt Consolidation,12.5,0," $15,696.00 "
ACC-157644,Class-A,Debt Consolidation,,0," $39,310.00 "
ACC-637611,UNKNOWN,Small Business,,0," $12,349.00 "
ACC-850809,Class-A,Major Purchase,24.8,0," $35,235.00 "
ACC-800908,Class-C,Small Business,38.2,0," $36,683.00 "
ACC-103231,Class-A,Debt Consolidation,55.0,0," $9,927.00 "
ACC-420574,Class-C,Major Purchase,38.2,0," $34,268.00 "
ACC-393532,UNKNOWN,Small Business,55.0,0," $33,753.00 "
ACC-499071,Class-A,Home Improvement,12.5,1," $21,252.00 "
ACC-454142,Class-A,N/A,,0," $15,462.00 "
ACC-566026,Class-A,Small Business,38.2,0," $42,036.00 "
ACC-458081,Class-C,Small Business,24.8,1," $6,820.00 "
ACC-274148,Class-A,Home Improvement,12.5,0," $12,794.00 "
ACC-233999,Class-C,Debt Consolidation,,0," $29,154.00 "
ACC-378614,Class-A,Home Improvement,55.0,0," $36,903.00 "
ACC-887496,Class-A,Home Improvement,24.8,0," $10,244.00 "
ACC-425779,Class-A,Debt Consolidation,-1.5,0," $14,293.00 "
ACC-971822,Class-A,Debt Consolidation,38.2,0," $12,580.00 "
ACC-489526,Class-C,Small Business,12.5,0," $26,292.00 "
ACC-898631,Class-A,Debt Consolidation,24.8,0," $36,114.00 "
ACC-191221,Class-A,Debt Consolidation,12.5,0," $44,884.00 "
ACC-245892,Class-B,Debt Consolidation,38.2,0," $40,006.00 "
ACC-459388,Class-A,Debt Consolidation,12.5,0," $23,385.00 "
ACC-562510,,Debt Consolidation,,1," $39,307.00 "
ACC-949951,Class-A,Home Improvement,12.5,0," $41,639.00 "
ACC-230735,Class-B,Debt Consolidation,12.5,0," $22,065.00 "
ACC-924453,Class-C,Home Improvement,-1.5,0," $11,737.00 "
ACC-945553,Class-C,Major Purchase,38.2,1," $6,471.00 "
ACC-409820,Class-A,Debt Consolidation,12.5,0," $27,584.00 "
ACC-649234,Class-A,Home Improvement,12.5,0," $37,578.00 "
ACC-505261,Class-B,Debt Consolidation,55.0,0," $18,682.00 "
ACC-961890,Class-B,Debt Consolidation,12.5,0," $39,890.00 "
ACC-836670,Class-C,Debt Consolidation,,0," $19,108.00 "
ACC-694576,Class-B,Debt Consolidation,,0," $34,327.00 "
ACC-419335,Class-B,Debt Consolidation,,1," $31,127.00 "
ACC-244618,Class-A,Home Improvement,12.5,0," $38,539.00 "
ACC-397314,Class-A,Debt Consolidation,55.0,0," $27,881.00 "
ACC-176691,Class-A,Home Improvement,12.5,0," $5,815.00 "
ACC-292131,Class-A,Major Purchase,24.8,0," $12,332.00 "
ACC-874081,Class-A,Debt Consolidation,24.8,0," $35,854.00 "
ACC-428082,Class-A,Debt Consolidation,12.5,0," $30,388.00 "
ACC-578545,Class-A,Debt Consolidation,24.8,0," $25,713.00 "
ACC-401541,Class-C,Home Improvement,38.2,0," $39,779.00 "
ACC-101773,Class-A,Debt Consolidation,24.8,0," $16,003.00 "
ACC-653066,Class-B,Debt Consolidation,24.8,0," $28,278.00 "
ACC-616643,Class-B,N/A,12.5,0," $10,877.00 "
ACC-457767,UNKNOWN,Home Improvement,38.2,0," $25,592.00 "
ACC-194310,Class-A,Debt Consolidation,55.0,1," $25,253.00 "
ACC-898999,Class-A,Debt Consolidation,12.5,1," $40,964.00 "
ACC-978256,Class-A,Major Purchase,38.2,0," $6,701.00 "
ACC-503546,,Debt Consolidation,,1," $7,052.00 "
ACC-702491,Class-B,Debt Consolidation,24.8,0," $42,605.00 "
ACC-869436,Class-B,Debt Consolidation,38.2,0," $22,994.00 "
ACC-354354,Class-C,Debt Consolidation,24.8,0," $42,776.00 "
ACC-838201,Class-C,Debt Consolidation,24.8,0," $29,761.00 "
ACC-362473,Class-B,Home Improvement,38.2,0," $9,966.00 "
ACC-839195,Class-A,Major Purchase,55.0,0," $38,620.00 "
ACC-915265,Class-B,Debt Consolidation,24.8,0," $15,770.00 "
ACC-564991,Class-A,Debt Consolidation,12.5,1," $41,640.00 "
ACC-494625,Class-B,Home Improvement,38.2,0," $44,136.00 "
ACC-579245,Class-B,Debt Consolidation,12.5,0," $30,642.00 "
ACC-853005,Class-A,N/A,24.8,0," $16,063.00 "
ACC-503498,Class-A,Debt Consolidation,99.9,0," $7,806.00 "
ACC-313676,UNKNOWN,Major Purchase,12.5,0," $28,175.00 "
ACC-197231,Class-C,Debt Consolidation,12.5,0," $10,102.00 "
ACC-153730,Class-B,Home Improvement,12.5,0," $10,602.00 "
ACC-868329,Class-C,Debt Consolidation,,1," $42,277.00 "
ACC-645260,Class-B,N/A,12.5,0," $26,422.00 "
ACC-700467,Class-B,Major Purchase,24.8,0," $43,863.00 "
ACC-830038,Class-B,N/A,38.2,0," $38,539.00 "
ACC-939758,UNKNOWN,Home Improvement,55.0,0," $35,434.00 "
ACC-223063,Class-A,Debt Consolidation,38.2,0," $44,392.00 "
ACC-145152,Class-B,Home Improvement,12.5,0," $28,968.00 "
ACC-731007,Class-C,Debt Consolidation,24.8,0," $21,317.00 "
ACC-875740,Class-A,Small Business,12.5,1," $21,841.00 "
ACC-959480,Class-A,Debt Consolidation,55.0,1," $22,048.00 "
ACC-188778,UNKNOWN,Home Improvement,24.8,0," $38,135.00 "
ACC-350483,,Major Purchase,,0," $14,877.00 "
ACC-747497,Class-B,Debt Consolidation,55.0,0," $12,256.00 "
ACC-949386,Class-C,Home Improvement,12.5,0," $43,404.00 "
ACC-733732,Class-B,Debt Consolidation,12.5,1," $44,157.00 "
ACC-805329,Class-A,Debt Consolidation,55.0,0," $41,628.00 "
ACC-725833,Class-A,Debt Consolidation,12.5,0," $22,093.00 "
ACC-802811,Class-A,Debt Consolidation,24.8,0," $31,901.00 "
ACC-484999,Class-A,Debt Consolidation,24.8,0," $25,880.00 "
ACC-664665,Class-B,Home Improvement,12.5,0," $22,369.00 "
ACC-365804,Class-B,Debt Consolidation,38.2,0," $33,967.00 "
ACC-927041,Class-B,Major Purchase,24.8,0," $31,658.00 "
ACC-428943,Class-A,Debt Consolidation,38.2,0," $26,929.00 "
ACC-466740,Class-A,Debt Consolidation,38.2,0," $11,541.00 "
ACC-487422,Class-B,Home Improvement,12.5,0," $20,503.00 "
ACC-957148,Class-A,Home Improvement,,0," $33,502.00 "
ACC-529602,Class-B,Small Business,24.8,0," $21,429.00 "
ACC-893990,Class-B,Small Business,38.2,0," $33,430.00 "
ACC-166112,Class-B,Debt Consolidation,24.8,0," $37,528.00 "
ACC-163562,Class-A,Debt Consolidation,24.8,0," $28,379.00 "
ACC-809424,Class-B,Debt Consolidation,55.0,1," $8,165.00 "
ACC-109745,Class-A,N/A,12.5,1," $30,830.00 "
ACC-763620,Class-A,Small Business,38.2,0," $21,281.00 "
ACC-180080,UNKNOWN,Home Improvement,,0," $38,940.00 "
ACC-693596,Class-A,Debt Consolidation,38.2,0," $17,044.00 "
ACC-987781,Class-A,Debt Consolidation,12.5,0," $42,187.00 "
ACC-860615,Class-C,Major Purchase,38.2,0," $5,630.00 "
ACC-362272,Class-B,Home Improvement,12.5,0," $12,258.00 "
ACC-690551,Class-C,Debt Consolidation,24.8,0," $35,559.00 "
ACC-496484,Class-B,Small Business,12.5,1," $13,816.00 "
ACC-632779,Class-B,Major Purchase,38.2,0," $38,598.00 "
ACC-875730,Class-A,Home Improvement,55.0,0," $38,159.00 "
ACC-407293,Class-A,Debt Consolidation,12.5,0," $10,463.00 "
ACC-485569,Class-C,Home Improvement,12.5,0," $27,346.00 "
ACC-458879,Class-A,Debt Consolidation,38.2,0," $42,517.00 "
ACC-364741,Class-A,Debt Consolidation,55.0,0," $40,729.00 "
ACC-621169,Class-A,Small Business,38.2,0," $31,956.00 "
ACC-989947,Class-A,Major Purchase,24.8,0," $35,881.00 "
ACC-222109,Class-A,Debt Consolidation,,0," $23,722.00 "
ACC-705694,Class-A,Home Improvement,24.8,0," $9,805.00 "
ACC-656074,Class-B,Debt Consolidation,12.5,1," $31,799.00 "
ACC-800990,Class-B,Debt Consolidation,55.0,0," $9,943.00 "
ACC-859227,Class-C,Home Improvement,12.5,0," $18,891.00 "
ACC-180513,Class-B,Home Improvement,38.2,0," $23,676.00 "
ACC-687937,Class-B,Debt Consolidation,-1.5,0," $16,018.00 "
ACC-677423,Class-B,Small Business,38.2,0," $42,311.00 "
ACC-782209,Class-C,Home Improvement,38.2,0," $14,546.00 "
ACC-862219,Class-B,Home Improvement,24.8,0," $14,719.00 "
ACC-592514,Class-B,Major Purchase,24.8,0," $36,264.00 "
ACC-254963,Class-A,Small Business,12.5,0," $11,217.00 "
ACC-770532,Class-A,Debt Consolidation,24.8,1," $6,524.00 "
ACC-225583,Class-C,Debt Consolidation,38.2,0," $32,536.00 "
ACC-733999,Class-B,Debt Consolidation,24.8,0," $13,133.00 "
ACC-987106,Class-A,Debt Consolidation,12.5,0," $17,753.00 "
ACC-158480,Class-C,Small Business,12.5,0," $35,133.00 "
ACC-321645,Class-A,Major Purchase,24.8,1," $42,907.00 "
ACC-678273,UNKNOWN,Small Business,24.8,0," $37,566.00 "
ACC-686923,Class-B,Small Business,12.5,0," $13,078.00 "
ACC-561148,Class-A,Debt Consolidation,12.5,0," $40,680.00 "
ACC-481057,Class-A,Debt Consolidation,12.5,0," $6,781.00 "
ACC-150386,Class-B,Small Business,38.2,0," $10,755.00 "
ACC-724787,Class-A,Debt Consolidation,12.5,1," $17,268.00 "
ACC-644908,Class-A,Home Improvement,55.0,0," $19,591.00 "
ACC-516557,Class-B,Debt Consolidation,-1.5,0," $12,725.00 "
ACC-840604,Class-B,Debt Consolidation,12.5,0," $23,923.00 "
ACC-933677,Class-B,Debt Consolidation,55.0,0," $5,255.00 "
ACC-557572,UNKNOWN,Major Purchase,12.5,0," $41,958.00 "
ACC-298932,Class-B,Debt Consolidation,55.0,0," $15,000.00 "
ACC-333833,Class-B,Home Improvement,12.5,0," $15,324.00 "
ACC-991972,Class-B,Small Business,38.2,0," $21,764.00 "
ACC-302938,Class-B,Debt Consolidation,12.5,0," $16,731.00 "
ACC-964440,Class-B,Debt Consolidation,24.8,0," $11,561.00 "
ACC-519367,UNKNOWN,N/A,12.5,0," $41,060.00 "
ACC-512316,Class-A,Home Improvement,12.5,1," $22,818.00 "
ACC-489383,Class-C,N/A,24.8,0," $17,594.00 "
ACC-220850,Class-A,Debt Consolidation,38.2,0," $8,771.00 "
ACC-912844,Class-A,N/A,38.2,1," $17,169.00 "
ACC-154819,Class-B,Small Business,-1.5,0," $11,783.00 "
ACC-233482,Class-B,Home Improvement,38.2,0," $14,016.00 "
ACC-736955,Class-B,Home Improvement,12.5,1," $34,947.00 "
ACC-673227,Class-C,Major Purchase,12.5,1," $21,900.00 "
ACC-715032,Class-B,Home Improvement,24.8,0," $31,771.00 "
ACC-941852,Class-C,Home Improvement,-1.5,0," $32,572.00 "
ACC-923764,Class-B,Major Purchase,24.8,1," $20,046.00 "
ACC-635208,Class-B,Home Improvement,24.8,0," $21,982.00 "
ACC-340127,Class-A,Small Business,12.5,0," $12,891.00 "
ACC-955094,Class-A,Debt Consolidation,55.0,0," $11,142.00 "
ACC-985695,Class-B,Debt Consolidation,24.8,0," $29,132.00 "
ACC-476108,Class-A,Small Business,12.5,0," $41,315.00 "
ACC-866974,Class-A,Debt Consolidation,24.8,0," $35,379.00 "
ACC-780159,Class-B,Major Purchase,24.8,0," $23,584.00 "
ACC-715536,Class-B,Debt Consolidation,12.5,1," $28,649.00 "
ACC-536809,Class-A,Small Business,12.5,0," $18,143.00 "
ACC-467338,UNKNOWN,Home Improvement,12.5,0," $23,209.00 "
ACC-877006,UNKNOWN,Debt Consolidation,,1," $20,453.00 "
ACC-133181,,Home Improvement,,0," $34,774.00 "
ACC-532655,Class-C,Home Improvement,38.2,0," $8,597.00 "
ACC-645677,Class-B,Debt Consolidation,24.8,0," $9,981.00 "
ACC-473048,Class-B,Debt Consolidation,55.0,0," $22,528.00 "
ACC-419626,Class-B,Debt Consolidation,12.5,0," $10,976.00 "
ACC-599373,Class-A,Debt Consolidation,55.0,0," $29,914.00 "
ACC-730616,Class-B,Home Improvement,38.2,0," $8,227.00 "
ACC-539641,Class-C,Debt Consolidation,12.5,0," $11,398.00 "
ACC-214337,Class-A,Small Business,24.8,1," $39,761.00 "
ACC-493045,Class-B,Debt Consolidation,12.5,0," $37,640.00 "
ACC-117045,Class-A,Debt Consolidation,38.2,0," $34,616.00 "
ACC-344037,Class-A,Home Improvement,12.5,0," $24,682.00 "
ACC-568990,Class-A,Major Purchase,12.5,0," $32,393.00 "
ACC-138370,Class-C,Small Business,55.0,0," $6,225.00 "
ACC-608987,Class-C,Home Improvement,24.8,0," $11,501.00 "
ACC-832758,Class-C,Debt Consolidation,99.9,0," $14,320.00 "
ACC-608686,Class-A,Debt Consolidation,99.9,0," $40,881.00 "
ACC-247007,Class-A,Home Improvement,24.8,0," $24,923.00 "
ACC-469418,Class-A,Debt Consolidation,55.0,0," $12,410.00 "
ACC-330787,Class-B,Home Improvement,12.5,0," $19,568.00 "
ACC-284255,Class-A,Home Improvement,,0," $43,063.00 "
ACC-891872,Class-C,Debt Consolidation,38.2,0," $9,851.00 "
ACC-567072,Class-C,Debt Consolidation,24.8,0," $43,290.00 "
ACC-642045,Class-B,Home Improvement,12.5,0," $7,816.00 "
ACC-448164,Class-C,Debt Consolidation,24.8,0," $18,726.00 "
ACC-683398,Class-B,Debt Consolidation,12.5,0," $7,256.00 "
ACC-438326,Class-A,Debt Consolidation,12.5,0," $14,653.00 "
ACC-182639,Class-C,Debt Consolidation,24.8,0," $24,796.00 "
ACC-263812,UNKNOWN,Debt Consolidation,24.8,0," $39,108.00 "
ACC-191385,Class-B,Home Improvement,38.2,0," $33,144.00 "
ACC-936846,,Small Business,,0," $30,723.00 "
ACC-460864,Class-A,Debt Consolidation,38.2,0," $16,112.00 "
ACC-579456,Class-B,Debt Consolidation,38.2,0," $24,177.00 "
ACC-769209,Class-A,N/A,55.0,0," $20,730.00 "
ACC-241948,Class-B,Debt Consolidation,12.5,0," $27,977.00 "
ACC-470843,Class-A,Debt Consolidation,,0," $22,572.00 "
ACC-130252,Class-B,Small Business,12.5,1," $27,631.00 "
ACC-738371,Class-B,Home Improvement,38.2,0," $7,383.00 "
ACC-111677,Class-B,Debt Consolidation,55.0,0," $30,268.00 "
ACC-970273,Class-B,Debt Consolidation,55.0,0," $11,407.00 "
ACC-541787,Class-C,Home Improvement,24.8,0," $36,125.00 "
ACC-177660,Class-B,Small Business,24.8,1," $25,148.00 "
ACC-715017,Class-A,Small Business,24.8,0," $14,530.00 "
ACC-814836,Class-A,Debt Consolidation,12.5,0," $42,386.00 "
ACC-925546,Class-A,Major Purchase,24.8,0," $37,026.00 "
ACC-285496,Class-B,Small Business,12.5,0," $30,648.00 "
ACC-200114,Class-B,Debt Consolidation,55.0,0," $9,251.00 "
ACC-487880,Class-C,Small Business,12.5,0," $44,118.00 "
ACC-683917,Class-A,Home Improvement,38.2,0," $32,833.00 "
ACC-234376,Class-B,Major Purchase,24.8,0," $14,322.00 "
ACC-338498,Class-B,Debt Consolidation,24.8,1," $33,550.00 "
ACC-822237,Class-B,N/A,24.8,0," $27,635.00 "
ACC-785929,Class-A,Debt Consolidation,99.9,0," $40,873.00 "
ACC-996784,Class-A,Small Business,12.5,0," $34,905.00 "
ACC-165133,Class-B,Debt Consolidation,24.8,0," $27,765.00 "
ACC-825250,Class-C,Debt Consolidation,24.8,0," $34,044.00 "
ACC-231294,Class-C,Debt Consolidation,24.8,0," $42,872.00 "
ACC-634119,Class-A,Small Business,24.8,0," $18,204.00 "
ACC-923880,Class-B,Major Purchase,12.5,0," $24,928.00 "
ACC-529677,Class-C,Debt Consolidation,12.5,0," $42,404.00 "
ACC-397930,Class-C,Home Improvement,,0," $24,529.00 "
ACC-687475,Class-A,N/A,24.8,0," $30,594.00 "
ACC-914132,Class-B,Major Purchase,,0," $28,338.00 "
ACC-737851,Class-A,Small Business,38.2,0," $27,494.00 "
ACC-957472,Class-C,N/A,24.8,0," $31,127.00 "
ACC-551185,Class-A,Debt Consolidation,,0," $7,500.00 "
ACC-649827,Class-B,Home Improvement,12.5,0," $28,293.00 "
ACC-483850,Class-A,Debt Consolidation,24.8,0," $26,763.00 "
ACC-805498,Class-B,Debt Consolidation,,0," $14,106.00 "
ACC-395209,Class-A,Home Improvement,99.9,0," $29,319.00 "
ACC-821936,Class-A,Major Purchase,38.2,0," $37,491.00 "
ACC-662827,Class-B,Debt Consolidation,12.5,0," $20,487.00 "
ACC-388731,Class-A,Debt Consolidation,,0," $17,954.00 "
ACC-205623,Class-B,Home Improvement,38.2,0," $39,387.00 "
ACC-524408,Class-A,Home Improvement,24.8,0," $9,502.00 "
ACC-529201,Class-C,Home Improvement,38.2,0," $17,666.00 "
ACC-373385,Class-B,Debt Consolidation,38.2,0," $10,561.00 "
ACC-897011,Class-B,Home Improvement,24.8,0," $38,783.00 "
ACC-691536,Class-B,Small Business,12.5,0," $17,102.00 "
ACC-130498,Class-A,Debt Consolidation,55.0,0," $27,133.00 "
ACC-591721,Class-B,Debt Consolidation,24.8,0," $15,867.00 "
ACC-729429,Class-A,Major Purchase,12.5,0," $24,412.00 "
ACC-258359,Class-C,Major Purchase,24.8,0," $32,339.00 "
ACC-606865,Class-B,Debt Consolidation,55.0,1," $23,382.00 "
ACC-699410,Class-A,Debt Consolidation,24.8,0," $42,006.00 "
ACC-423031,Class-C,Debt Consolidation,24.8,1," $17,004.00 "
ACC-268233,Class-A,Debt Consolidation,-1.5,0," $27,656.00 "
ACC-952950,Class-B,Small Business,24.8,0," $28,522.00 "
ACC-804147,Class-A,Debt Consolidation,38.2,0," $15,492.00 "
ACC-386124,,Home Improvement,,0," $17,105.00 "
ACC-733623,Class-A,Debt Consolidation,24.8,0," $6,440.00 "
ACC-408746,Class-C,Small Business,12.5,1," $25,607.00 "
ACC-717667,Class-A,Home Improvement,24.8,0," $40,645.00 "
ACC-796529,Class-A,N/A,12.5,0," $22,965.00 "
ACC-880297,Class-B,N/A,12.5,0," $30,442.00 "
ACC-871938,Class-B,Home Improvement,24.8,0," $35,865.00 "
ACC-535822,Class-A,N/A,12.5,0," $22,705.00 "
ACC-982396,Class-B,Small Business,38.2,0," $24,760.00 "
ACC-563820,Class-B,Major Purchase,12.5,1," $10,038.00 "
ACC-305015,Class-A,Debt Consolidation,12.5,0," $12,756.00 "
ACC-800263,Class-B,Debt Consolidation,38.2,0," $14,131.00 "
ACC-790382,Class-B,Home Improvement,12.5,1," $9,187.00 "
ACC-996549,Class-A,Small Business,24.8,0," $10,827.00 "
ACC-186627,Class-B,Debt Consolidation,24.8,0," $10,438.00 "
ACC-328932,Class-A,Major Purchase,38.2,0," $29,312.00 "
ACC-401931,Class-A,N/A,,1," $39,613.00 "
ACC-346562,Class-C,Debt Consolidation,12.5,0," $35,321.00 "
ACC-209333,,Debt Consolidation,,1," $22,288.00 "
ACC-928666,Class-C,Debt Consolidation,55.0,0," $9,172.00 "
ACC-949891,Class-A,Debt Consolidation,24.8,0," $17,981.00 "
ACC-168725,Class-B,Debt Consolidation,12.5,0," $34,935.00 "
ACC-645726,Class-A,Major Purchase,12.5,0," $44,449.00 "
ACC-188109,Class-C,Debt Consolidation,12.5,0," $5,558.00 "
ACC-958732,Class-C,Debt Consolidation,12.5,0," $24,213.00 "
ACC-760852,UNKNOWN,Debt Consolidation,38.2,0," $10,747.00 "
ACC-647595,Class-A,Debt Consolidation,24.8,0," $5,147.00 "
ACC-838839,Class-A,Debt Consolidation,12.5,1," $35,200.00 "
ACC-901973,Class-B,Small Business,55.0,0," $24,781.00 "
ACC-581671,Class-B,Home Improvement,24.8,0," $24,568.00 "
ACC-564476,Class-A,Debt Consolidation,55.0,0," $21,853.00 "
ACC-191397,Class-C,Home Improvement,12.5,0," $19,101.00 "
ACC-577439,Class-A,Home Improvement,24.8,0," $17,289.00 "
ACC-532550,Class-A,Debt Consolidation,,0," $26,148.00 "
ACC-810910,,Debt Consolidation,,0," $5,480.00 "
ACC-839275,Class-A,N/A,12.5,1," $12,746.00 "
ACC-575123,Class-A,Debt Consolidation,,0," $42,401.00 "
ACC-715753,Class-A,Small Business,12.5,0," $12,134.00 "
ACC-947544,,Major Purchase,,0," $10,396.00 "
ACC-911312,Class-A,Small Business,12.5,0," $26,524.00 "
ACC-391232,Class-B,Major Purchase,12.5,0," $23,930.00 "
ACC-183183,Class-A,Debt Consolidation,12.5,0," $36,564.00 "
ACC-442661,Class-A,Debt Consolidation,38.2,0," $23,428.00 "
ACC-787807,Class-C,Small Business,55.0,1," $5,728.00 "
ACC-745691,Class-A,Major Purchase,38.2,0," $18,979.00 "
ACC-421160,Class-B,Debt Consolidation,12.5,0," $11,395.00 "
ACC-185019,Class-A,Debt Consolidation,12.5,0," $21,303.00 "
ACC-163485,Class-B,Major Purchase,55.0,0," $15,869.00 "
ACC-470892,,Small Business,,1," $32,197.00 "
ACC-603652,Class-B,Home Improvement,55.0,0," $15,161.00 "
ACC-875294,Class-B,Major Purchase,55.0,0," $30,298.00 "
ACC-756885,Class-C,Home Improvement,,1," $31,857.00 "
ACC-392548,Class-C,Debt Consolidation,12.5,1," $22,745.00 "
ACC-825563,Class-A,Debt Consolidation,,1," $7,942.00 "
ACC-498672,Class-B,Small Business,24.8,0," $9,564.00 "
ACC-407789,UNKNOWN,Debt Consolidation,24.8,0," $37,899.00 "
ACC-598964,Class-B,Debt Consolidation,,0," $41,283.00 "
ACC-247878,Class-A,Debt Consolidation,38.2,0," $29,606.00 "
ACC-475181,Class-C,Home Improvement,24.8,0," $7,557.00 "
ACC-574197,Class-C,Debt Consolidation,99.9,0," $15,993.00 "
ACC-493989,Class-A,Debt Consolidation,12.5,1," $26,331.00 "
ACC-973774,Class-A,Debt Consolidation,55.0,0," $24,703.00 "
ACC-919754,UNKNOWN,Major Purchase,24.8,0," $17,170.00 "
ACC-163273,Class-A,Home Improvement,24.8,0," $5,679.00 "
ACC-929307,Class-B,Debt Consolidation,12.5,0," $26,060.00 "
ACC-539096,Class-B,Debt Consolidation,12.5,0," $43,811.00 "
ACC-354021,Class-A,Small Business,12.5,0," $42,253.00 "
ACC-223925,,Small Business,,1," $37,381.00 "
ACC-208402,Class-A,Debt Consolidation,24.8,0," $32,699.00 "
ACC-840968,Class-B,Debt Consolidation,38.2,1," $11,309.00 "
ACC-452831,Class-C,Small Business,,0," $24,086.00 "
ACC-696228,,Major Purchase,,0," $11,797.00 "
ACC-352891,Class-B,Debt Consolidation,,0," $25,003.00 "
ACC-469700,UNKNOWN,Home Improvement,,0," $23,741.00 "
ACC-288574,Class-A,Small Business,55.0,0," $5,474.00 "
ACC-365523,Class-B,Debt Consolidation,24.8,0," $43,101.00 "
ACC-517120,Class-A,Debt Consolidation,99.9,0," $27,863.00 "
ACC-847967,Class-A,Home Improvement,12.5,0," $14,437.00 "
ACC-700327,Class-A,Home Improvement,38.2,0," $34,363.00 "
ACC-919750,Class-C,N/A,,0," $40,743.00 "
ACC-497465,Class-B,Debt Consolidation,12.5,0," $18,350.00 "
ACC-522769,Class-B,Home Improvement,12.5,0," $13,879.00 "
ACC-957893,Class-A,Debt Consolidation,24.8,0," $26,871.00 "
ACC-425655,Class-B,Debt Consolidation,12.5,0," $9,750.00 "
ACC-657896,Class-B,Small Business,12.5,0," $17,378.00 "
ACC-142776,UNKNOWN,Debt Consolidation,55.0,1," $34,382.00 "
ACC-296436,Class-A,Major Purchase,55.0,0," $39,758.00 "
ACC-488833,Class-A,Debt Consolidation,24.8,0," $34,304.00 "
ACC-143605,Class-B,Debt Consolidation,99.9,0," $40,597.00 "
ACC-449377,Class-B,Major Purchase,12.5,0," $31,426.00 "
ACC-978359,Class-C,Small Business,,0," $40,297.00 "
ACC-472747,Class-A,Home Improvement,24.8,0," $31,829.00 "
ACC-344864,Class-A,Home Improvement,24.8,0," $43,688.00 "
ACC-342362,Class-B,Small Business,38.2,0," $34,211.00 "
ACC-350653,Class-A,Small Business,12.5,0," $21,844.00 "
ACC-114986,UNKNOWN,Debt Consolidation,24.8,0," $12,128.00 "
ACC-243282,Class-A,Debt Consolidation,55.0,0," $20,930.00 "
ACC-187289,Class-A,Home Improvement,55.0,0," $28,775.00 "
ACC-390661,Class-B,Debt Consolidation,38.2,0," $35,349.00 "
ACC-931648,Class-A,Debt Consolidation,38.2,0," $24,463.00 "
ACC-957244,Class-B,Debt Consolidation,38.2,0," $13,576.00 "
ACC-984002,Class-B,Small Business,38.2,0," $8,966.00 "
ACC-125118,Class-C,Home Improvement,12.5,0," $34,474.00 "
ACC-395995,Class-B,Small Business,12.5,0," $8,014.00 "
ACC-758183,,Home Improvement,,0," $16,472.00 "
ACC-494957,Class-A,Home Improvement,38.2,0," $26,767.00 "
ACC-616478,Class-A,Debt Consolidation,,0," $38,849.00 "
ACC-422510,Class-C,Debt Consolidation,38.2,1," $8,353.00 "
ACC-271659,Class-A,Debt Consolidation,-1.5,0," $17,211.00 "
ACC-132413,Class-C,Debt Consolidation,24.8,0," $41,223.00 "
ACC-122739,Class-B,Debt Consolidation,24.8,0," $32,898.00 "
ACC-854602,Class-B,Debt Consolidation,12.5,0," $37,053.00 "
ACC-632732,Class-C,Debt Consolidation,12.5,0," $15,066.00 "
ACC-502004,Class-A,Small Business,12.5,0," $35,986.00 "
ACC-863458,Class-C,Home Improvement,24.8,0," $18,531.00 "
ACC-106232,Class-A,Debt Consolidation,12.5,0," $44,517.00 "
ACC-732770,Class-B,Debt Consolidation,24.8,0," $21,909.00 "
ACC-459635,Class-B,Debt Consolidation,38.2,1," $10,943.00 "
ACC-925607,Class-B,Home Improvement,24.8,0," $15,138.00 "
ACC-192751,,Debt Consolidation,,0," $9,820.00 "
ACC-391039,Class-A,Home Improvement,38.2,0," $44,718.00 "
ACC-103366,UNKNOWN,Major Purchase,55.0,0," $8,217.00 "
ACC-297492,Class-B,Major Purchase,12.5,0," $11,690.00 "
ACC-877613,,Debt Consolidation,,0," $8,814.00 "
ACC-946043,Class-A,Debt Consolidation,,0," $21,840.00 "
ACC-347236,Class-B,Debt Consolidation,,0," $13,565.00 "
ACC-785617,Class-B,Debt Consolidation,12.5,0," $11,623.00 "
ACC-959615,Class-A,Debt Consolidation,12.5,0," $30,018.00 "
ACC-863325,Class-A,Debt Consolidation,55.0,0," $19,291.00 "
ACC-456513,Class-C,Debt Consolidation,24.8,1," $26,227.00 "
ACC-394369,Class-A,Home Improvement,55.0,0," $34,905.00 "
ACC-589423,Class-A,Small Business,24.8,0," $9,326.00 "
ACC-443688,Class-A,Debt Consolidation,38.2,0," $34,666.00 "
ACC-726076,Class-A,Home Improvement,24.8,0," $12,155.00 "
ACC-222723,Class-A,Small Business,55.0,0," $7,481.00 "
ACC-765200,Class-A,Home Improvement,55.0,0," $9,122.00 "
ACC-404159,Class-C,Home Improvement,-1.5,0," $27,015.00 "
ACC-972066,,Debt Consolidation,,0," $21,181.00 "
ACC-540670,Class-B,Debt Consolidation,99.9,1," $36,617.00 "
ACC-907986,Class-B,Small Business,,0," $30,157.00 "
ACC-264249,Class-B,Small Business,,0," $8,927.00 "
ACC-292907,Class-A,Debt Consolidation,38.2,0," $13,142.00 "
ACC-540309,UNKNOWN,Small Business,12.5,0," $7,010.00 "
ACC-433840,Class-B,Debt Consolidation,12.5,0," $6,274.00 "
ACC-628694,Class-A,N/A,12.5,1," $17,603.00 "
ACC-883567,Class-A,Debt Consolidation,99.9,0," $7,609.00 "
ACC-906966,Class-B,Home Improvement,12.5,0," $38,570.00 "
ACC-877807,Class-C,Major Purchase,,0," $20,213.00 "
ACC-498660,Class-A,Debt Consolidation,38.2,0," $10,725.00 "
ACC-204255,Class-B,Debt Consolidation,38.2,1," $9,874.00 "
ACC-982871,,Debt Consolidation,,0," $5,978.00 "
ACC-945485,Class-B,Debt Consolidation,12.5,0," $35,831.00 "
ACC-180484,,Major Purchase,,1," $19,348.00 "
ACC-296038,Class-A,N/A,24.8,0," $42,316.00 "
ACC-201571,Class-B,Debt Consolidation,12.5,0," $23,430.00 "
ACC-722080,Class-C,Debt Consolidation,12.5,0," $14,827.00 "
ACC-514610,Class-A,Home Improvement,24.8,0," $5,832.00 "
ACC-798793,Class-B,Small Business,38.2,0," $39,782.00 "
ACC-506554,,Small Business,,0," $24,598.00 "
ACC-835368,Class-A,Major Purchase,24.8,0," $33,252.00 "
ACC-764138,Class-A,Debt Consolidation,24.8,0," $37,873.00 "
ACC-630822,Class-A,Debt Consolidation,38.2,0," $23,940.00 "
ACC-323797,Class-A,Debt Consolidation,38.2,0," $7,415.00 "
ACC-654974,Class-A,Small Business,12.5,0," $22,787.00 "
ACC-375963,Class-B,Major Purchase,55.0,0," $30,165.00 "
ACC-615813,Class-A,Debt Consolidation,38.2,0," $34,921.00 "
ACC-284712,Class-C,Major Purchase,12.5,0," $38,152.00 "
ACC-954330,UNKNOWN,Debt Consolidation,24.8,0," $17,788.00 "
ACC-486917,Class-A,Debt Consolidation,38.2,0," $13,148.00 "
ACC-530635,Class-B,Debt Consolidation,24.8,0," $15,702.00 "
ACC-410833,Class-B,Debt Consolidation,12.5,0," $20,592.00 "
ACC-680196,Class-B,Debt Consolidation,24.8,0," $11,387.00 "
ACC-116033,Class-C,Debt Consolidation,24.8,0," $11,735.00 "
ACC-897808,Class-A,Home Improvement,,0," $42,670.00 "
ACC-385487,Class-A,Debt Consolidation,38.2,0," $7,153.00 "
ACC-206315,Class-B,Home Improvement,24.8,0," $25,097.00 "
ACC-731924,Class-A,Home Improvement,24.8,0," $18,075.00 "
ACC-109098,Class-B,Debt Consolidation,-1.5,0," $44,002.00 "
ACC-403502,Class-A,Debt Consolidation,24.8,0," $17,435.00 "
ACC-342417,Class-C,Small Business,12.5,0," $25,534.00 "
ACC-471344,Class-B,Home Improvement,24.8,0," $39,612.00 "
ACC-607600,Class-A,Debt Consolidation,38.2,0," $12,220.00 "
ACC-635774,Class-A,Debt Consolidation,24.8,1," $23,269.00 "
ACC-271045,Class-A,Small Business,55.0,0," $37,297.00 "
ACC-664462,Class-A,Debt Consolidation,,0," $18,675.00 "
ACC-230663,Class-A,Debt Consolidation,12.5,0," $18,493.00 "
ACC-767454,Class-C,Debt Consolidation,24.8,0," $7,078.00 "
ACC-294588,Class-C,Debt Consolidation,12.5,0," $17,921.00 "
ACC-994506,Class-A,Home Improvement,12.5,0," $27,065.00 "
ACC-287625,Class-A,Small Business,38.2,0," $33,699.00 "
ACC-999584,Class-B,Small Business,38.2,0," $29,639.00 "
ACC-703110,Class-A,Debt Consolidation,55.0,0," $28,064.00 "
ACC-717085,Class-B,Debt Consolidation,38.2,0," $44,223.00 "
ACC-877695,Class-B,Small Business,24.8,0," $17,403.00 "
ACC-529920,Class-C,Small Business,38.2,0," $26,676.00 "
ACC-699121,Class-B,Home Improvement,12.5,0," $14,186.00 "
ACC-170243,Class-B,Small Business,,0," $42,166.00 "
ACC-744204,Class-A,Home Improvement,12.5,1," $36,623.00 "
ACC-222123,Class-C,Small Business,12.5,0," $13,341.00 "
ACC-456050,Class-A,N/A,,0," $42,073.00 "
ACC-274768,Class-A,Debt Consolidation,12.5,1," $24,881.00 "
ACC-519710,Class-B,Debt Consolidation,12.5,0," $13,694.00 "
ACC-550241,Class-A,Home Improvement,55.0,0," $41,405.00 "
ACC-153178,Class-C,Debt Consolidation,55.0,0," $23,090.00 "
ACC-341670,Class-A,Major Purchase,38.2,0," $35,963.00 "
ACC-765764,Class-B,Home Improvement,24.8,0," $26,892.00 "
ACC-947883,Class-A,Small Business,12.5,0," $12,491.00 "
ACC-458720,Class-A,Debt Consolidation,12.5,0," $20,572.00 "
ACC-281332,Class-C,Home Improvement,,0," $31,044.00 "
ACC-263293,,Debt Consolidation,,0," $14,352.00 "
ACC-608979,Class-C,N/A,24.8,1," $19,880.00 "
ACC-280379,Class-C,Debt Consolidation,12.5,0," $37,144.00 "
ACC-317237,Class-B,Debt Consolidation,38.2,0," $42,432.00 "
ACC-720611,,Small Business,,0," $38,440.00 "
ACC-164221,Class-A,Debt Consolidation,55.0,0," $37,464.00 "
ACC-894035,Class-A,Debt Consolidation,-1.5,1," $19,155.00 "
ACC-368092,Class-B,Home Improvement,24.8,0," $32,066.00 "
ACC-515299,Class-C,Small Business,,0," $30,447.00 "
ACC-780432,Class-A,Debt Consolidation,12.5,0," $25,861.00 "
ACC-296059,UNKNOWN,Debt Consolidation,24.8,0," $35,513.00 "
ACC-606595,UNKNOWN,Debt Consolidation,38.2,0," $5,043.00 "
ACC-939482,Class-C,Small Business,38.2,0," $40,668.00 "
ACC-917443,Class-A,Debt Consolidation,12.5,1," $17,072.00 "
ACC-644469,Class-B,Debt Consolidation,24.8,0," $37,644.00 "
ACC-122102,Class-A,Debt Consolidation,99.9,0," $15,619.00 "
ACC-379051,Class-B,Debt Consolidation,38.2,0," $42,499.00 "
ACC-531905,Class-B,Home Improvement,38.2,1," $39,139.00 "
ACC-333608,Class-B,Home Improvement,38.2,0," $5,258.00 "
ACC-436819,Class-A,Debt Consolidation,55.0,0," $5,644.00 "
ACC-925134,Class-B,Major Purchase,,0," $10,794.00 "
ACC-191844,Class-A,Debt Consolidation,55.0,0," $12,240.00 "
ACC-439700,Class-A,Home Improvement,38.2,0," $8,676.00 "
ACC-276941,Class-A,Home Improvement,12.5,0," $33,786.00 "
ACC-280972,Class-B,Small Business,99.9,0," $26,588.00 "
ACC-210387,Class-A,Home Improvement,55.0,0," $26,941.00 "
ACC-139090,Class-B,N/A,12.5,1," $31,715.00 "
ACC-998986,Class-A,Major Purchase,24.8,0," $16,470.00 "
ACC-762653,Class-A,N/A,38.2,0," $25,576.00 "
ACC-728722,Class-B,Home Improvement,38.2,0," $10,279.00 "
ACC-685118,Class-A,Debt Consolidation,12.5,0," $15,743.00 "
ACC-593710,Class-A,Home Improvement,55.0,0," $36,092.00 "
ACC-749504,Class-B,Small Business,12.5,0," $33,748.00 "
ACC-401518,Class-A,Major Purchase,55.0,0," $34,161.00 "
ACC-732741,Class-B,Major Purchase,12.5,0," $38,311.00 "
ACC-548397,Class-B,Small Business,12.5,0," $10,118.00 "
ACC-498438,Class-C,Major Purchase,24.8,1," $37,087.00 "
ACC-865578,Class-B,Home Improvement,38.2,0," $14,329.00 "
ACC-176333,Class-A,Home Improvement,24.8,0," $17,591.00 "
ACC-134879,Class-A,Home Improvement,12.5,0," $27,333.00 "
ACC-510077,Class-B,Home Improvement,12.5,0," $31,597.00 "
ACC-989751,Class-A,Debt Consolidation,55.0,0," $28,979.00 "
ACC-185519,Class-A,Small Business,38.2,1," $40,029.00 "
ACC-923130,Class-A,Home Improvement,38.2,0," $14,255.00 "
ACC-281412,Class-C,Small Business,12.5,0," $36,258.00 "
ACC-775724,Class-A,Debt Consolidation,12.5,1," $16,370.00 "
ACC-304575,Class-A,Home Improvement,12.5,0," $9,213.00 "
ACC-117267,Class-C,Small Business,55.0,1," $32,533.00 "
ACC-212823,Class-B,Debt Consolidation,38.2,0," $33,344.00 "
ACC-966205,Class-C,Debt Consolidation,38.2,0," $39,742.00 "
ACC-103449,Class-A,Debt Consolidation,12.5,1," $34,106.00 "
ACC-537304,Class-A,Debt Consolidation,55.0,0," $36,060.00 "
ACC-702291,Class-B,Home Improvement,24.8,0," $24,221.00 "
ACC-603764,Class-A,Debt Consolidation,24.8,0," $26,316.00 "
ACC-305549,Class-A,Debt Consolidation,12.5,0," $21,608.00 "
ACC-649940,Class-A,Home Improvement,12.5,0," $34,260.00 "
ACC-882998,Class-C,Debt Consolidation,24.8,0," $32,237.00 "
ACC-433942,Class-B,Debt Consolidation,38.2,0," $21,399.00 "
ACC-302311,Class-B,Debt Consolidation,55.0,0," $22,911.00 "
ACC-552784,Class-A,Debt Consolidation,24.8,0," $23,833.00 "
ACC-789383,Class-A,Debt Consolidation,24.8,0," $19,352.00 "
ACC-531609,Class-A,Major Purchase,24.8,0," $34,027.00 "
ACC-980061,Class-C,Small Business,-1.5,1," $16,686.00 "
ACC-749365,Class-A,Major Purchase,12.5,0," $12,336.00 "
ACC-199962,Class-A,N/A,55.0,0," $15,157.00 "
ACC-985733,Class-C,Debt Consolidation,12.5,1," $23,457.00 "
ACC-477623,UNKNOWN,Home Improvement,38.2,0," $40,389.00 "
ACC-807199,Class-B,Home Improvement,12.5,0," $31,815.00 "
ACC-767795,Class-A,Debt Consolidation,24.8,0," $21,878.00 "
ACC-180654,Class-A,Debt Consolidation,38.2,0," $35,307.00 "
ACC-256545,Class-A,Home Improvement,24.8,0," $19,738.00 "
ACC-685801,Class-A,N/A,12.5,0," $15,596.00 "
ACC-247557,Class-A,Debt Consolidation,55.0,1," $37,295.00 "
ACC-228042,Class-A,Home Improvement,99.9,0," $29,311.00 "
ACC-736315,Class-C,Debt Consolidation,24.8,0," $21,791.00 "
ACC-814297,Class-A,Home Improvement,55.0,0," $30,073.00 "
ACC-670782,Class-A,Home Improvement,38.2,1," $9,179.00 "
ACC-664975,Class-A,Home Improvement,38.2,0," $36,913.00 "
ACC-105408,Class-B,Debt Consolidation,38.2,0," $14,605.00 "
ACC-120488,Class-B,Small Business,55.0,0," $36,428.00 "
ACC-226886,Class-C,Debt Consolidation,12.5,0," $37,633.00 "
ACC-702726,Class-B,Home Improvement,24.8,1," $41,013.00 "
ACC-450226,Class-A,Debt Consolidation,24.8,0," $22,190.00 "
ACC-626845,Class-B,Debt Consolidation,12.5,0," $28,712.00 "
ACC-733308,Class-B,Home Improvement,38.2,0," $36,631.00 "
ACC-635793,Class-B,Debt Consolidation,38.2,0," $43,117.00 "
ACC-464610,Class-B,Major Purchase,38.2,0," $19,718.00 "
ACC-838895,Class-C,Home Improvement,24.8,0," $17,279.00 "
ACC-213640,Class-B,Major Purchase,38.2,0," $17,334.00 "
ACC-663901,Class-C,Debt Consolidation,38.2,0," $30,314.00 "
ACC-774004,Class-B,Debt Consolidation,,0," $29,564.00 "
ACC-909266,UNKNOWN,Home Improvement,24.8,0," $29,632.00 "
ACC-244150,Class-B,Home Improvement,38.2,0," $44,469.00 "
ACC-927634,UNKNOWN,Home Improvement,12.5,0," $10,261.00 "
ACC-982708,Class-A,Home Improvement,38.2,0," $37,260.00 "
ACC-988517,UNKNOWN,Home Improvement,99.9,0," $38,341.00 "
ACC-211220,Class-C,Debt Consolidation,38.2,0," $21,516.00 "
ACC-553845,Class-B,Home Improvement,12.5,0," $33,903.00 "
ACC-739647,Class-B,Home Improvement,38.2,0," $19,619.00 "
ACC-376501,Class-A,Debt Consolidation,24.8,0," $14,504.00 "
ACC-924539,UNKNOWN,Small Business,38.2,0," $28,335.00 "
ACC-405692,Class-B,Debt Consolidation,24.8,0," $32,713.00 "
ACC-596446,Class-C,Major Purchase,,0," $25,942.00 "
ACC-429222,Class-B,Small Business,38.2,0," $11,778.00 "
ACC-494469,Class-A,Home Improvement,12.5,0," $21,526.00 "
ACC-112261,Class-A,Debt Consolidation,12.5,0," $31,323.00 "
ACC-589809,Class-C,Home Improvement,38.2,0," $13,622.00 "
ACC-630626,Class-C,Home Improvement,24.8,0," $25,550.00 "
ACC-578373,Class-B,Small Business,55.0,0," $37,930.00 "
ACC-568373,Class-C,Debt Consolidation,55.0,0," $15,082.00 "
ACC-128260,Class-C,Major Purchase,55.0,0," $14,775.00 "
ACC-816724,Class-B,Debt Consolidation,,1," $33,619.00 "
ACC-912527,Class-A,Debt Consolidation,-1.5,0," $9,692.00 "
ACC-716744,,Small Business,,0," $10,584.00 "
ACC-202895,Class-A,Home Improvement,12.5,0," $40,917.00 "
ACC-342419,Class-B,Small Business,38.2,0," $21,493.00 "
ACC-925050,UNKNOWN,Small Business,12.5,0," $14,681.00 "
ACC-619146,Class-A,N/A,,1," $36,015.00 "
ACC-598485,Class-B,Debt Consolidation,38.2,0," $43,061.00 "
ACC-119944,Class-B,Small Business,24.8,0," $42,194.00 "
ACC-739159,UNKNOWN,Debt Consolidation,24.8,0," $44,023.00 "
ACC-975584,Class-B,Major Purchase,38.2,0," $35,186.00 "
ACC-628902,Class-B,Small Business,24.8,0," $12,576.00 "
ACC-782869,Class-C,Debt Consolidation,38.2,0," $44,859.00 "
ACC-815071,UNKNOWN,Debt Consolidation,55.0,0," $19,861.00 "
ACC-253703,Class-A,Debt Consolidation,12.5,1," $12,297.00 "
ACC-754713,Class-A,Major Purchase,55.0,0," $21,384.00 "
ACC-485026,Class-A,Small Business,38.2,0," $17,859.00 "
ACC-459510,Class-B,Major Purchase,24.8,0," $10,964.00 "
ACC-437137,Class-B,Debt Consolidation,12.5,0," $44,713.00 "
ACC-608001,UNKNOWN,Debt Consolidation,55.0,0," $16,411.00 "
ACC-617792,Class-C,N/A,55.0,0," $44,143.00 "
ACC-120307,Class-A,Home Improvement,12.5,0," $15,632.00 "
ACC-612539,Class-A,Major Purchase,24.8,1," $29,582.00 "
ACC-930572,Class-A,Debt Consolidation,24.8,1," $43,541.00 "
ACC-291963,Class-A,Home Improvement,55.0,0," $35,977.00 "
ACC-345301,Class-A,Debt Consolidation,12.5,1," $34,354.00 "
ACC-519588,Class-B,Debt Consolidation,24.8,0," $42,168.00 "
ACC-589050,Class-B,N/A,,1," $28,739.00 "
ACC-341461,Class-A,Debt Consolidation,24.8,0," $34,313.00 "
ACC-789419,Class-C,Small Business,24.8,0," $5,891.00 "
ACC-794890,UNKNOWN,Debt Consolidation,24.8,1," $38,022.00 "
ACC-458421,Class-B,Debt Consolidation,55.0,0," $13,398.00 "
ACC-694531,Class-B,Debt Consolidation,38.2,0," $23,449.00 "
ACC-987152,Class-B,Debt Consolidation,12.5,0," $39,334.00 "
ACC-268777,Class-C,Small Business,38.2,0," $22,859.00 "
ACC-698554,Class-B,Home Improvement,38.2,0," $10,333.00 "
ACC-320111,Class-A,Small Business,38.2,0," $15,628.00 "
ACC-349737,Class-B,Home Improvement,12.5,0," $37,989.00 "
ACC-665604,Class-C,Small Business,38.2,1," $43,733.00 "
ACC-457527,Class-C,Small Business,12.5,0," $6,774.00 "
ACC-224298,Class-B,Debt Consolidation,12.5,0," $28,102.00 "
ACC-498609,UNKNOWN,Debt Consolidation,38.2,0," $42,789.00 "
ACC-932127,Class-B,Debt Consolidation,38.2,0," $24,003.00 "
ACC-703857,Class-B,Debt Consolidation,24.8,0," $20,462.00 "
ACC-647792,Class-A,Debt Consolidation,99.9,0," $29,915.00 "
ACC-777562,Class-B,Major Purchase,12.5,0," $37,081.00 "
ACC-901671,Class-A,Home Improvement,-1.5,0," $15,593.00 "
ACC-261004,Class-A,Debt Consolidation,55.0,0," $34,924.00 "
ACC-822715,Class-B,Small Business,24.8,0," $34,574.00 "
ACC-292826,,Small Business,,0," $38,836.00 "
ACC-495010,Class-A,N/A,24.8,0," $5,737.00 "
ACC-474286,Class-A,Home Improvement,55.0,0," $25,015.00 "
ACC-573414,Class-C,Home Improvement,,0," $17,632.00 "
ACC-373058,Class-A,N/A,-1.5,0," $19,455.00 "
ACC-121390,Class-B,Home Improvement,,0," $38,055.00 "
ACC-250387,Class-A,Debt Consolidation,12.5,0," $14,988.00 "
ACC-478448,Class-A,Debt Consolidation,55.0,0," $7,106.00 "
ACC-132283,Class-B,Debt Consolidation,24.8,0," $13,402.00 "
ACC-419652,Class-A,Home Improvement,12.5,0," $7,360.00 "
ACC-240668,Class-B,Home Improvement,38.2,0," $13,416.00 "
ACC-150149,Class-A,Debt Consolidation,38.2,0," $29,189.00 "
ACC-510878,Class-A,Major Purchase,38.2,0," $22,870.00 "
ACC-250586,Class-C,Debt Consolidation,12.5,0," $38,413.00 "
ACC-888084,Class-B,N/A,55.0,1," $15,933.00 "
ACC-899697,Class-C,Home Improvement,38.2,0," $24,164.00 "
ACC-755512,Class-A,Debt Consolidation,24.8,1," $18,228.00 "
ACC-829453,Class-B,Small Business,55.0,0," $10,246.00 "
ACC-804639,Class-B,N/A,38.2,1," $14,562.00 "
ACC-970351,Class-C,Small Business,55.0,0," $29,332.00 "
ACC-525842,,Home Improvement,,0," $43,725.00 "
ACC-606709,Class-A,Home Improvement,12.5,0," $36,249.00 "
ACC-982588,Class-A,Debt Consolidation,24.8,0," $21,185.00 "
ACC-190131,,Home Improvement,,0," $39,249.00 "
ACC-833841,Class-B,Debt Consolidation,12.5,0," $35,110.00 "
ACC-204780,Class-B,Debt Consolidation,38.2,0," $20,593.00 "
ACC-927403,Class-A,Debt Consolidation,12.5,0," $15,759.00 "
ACC-173454,Class-B,Home Improvement,55.0,1," $31,372.00 "
ACC-822326,Class-A,Major Purchase,55.0,0," $41,840.00 "
ACC-734581,Class-C,Major Purchase,38.2,0," $14,003.00 "
ACC-389629,Class-A,Home Improvement,55.0,0," $21,660.00 "
ACC-159733,Class-C,Debt Consolidation,,0," $24,104.00 "
ACC-693967,Class-A,N/A,24.8,0," $34,562.00 "
ACC-729409,Class-B,Debt Consolidation,12.5,0," $35,404.00 "
ACC-104667,Class-A,Debt Consolidation,55.0,0," $23,935.00 "
ACC-389669,Class-A,Debt Consolidation,12.5,0," $22,492.00 "
ACC-822588,Class-A,Home Improvement,55.0,0," $40,778.00 "
ACC-535205,Class-C,Debt Consolidation,12.5,0," $17,476.00 "
ACC-332980,Class-B,Debt Consolidation,38.2,0," $8,500.00 "
ACC-641355,Class-A,Small Business,,0," $7,440.00 "
ACC-617506,Class-C,Debt Consolidation,12.5,0," $18,622.00 "
ACC-734827,Class-A,Home Improvement,38.2,0," $5,030.00 "
ACC-277980,Class-B,Small Business,12.5,0," $16,997.00 "
ACC-311297,Class-A,Debt Consolidation,,1," $26,867.00 "
ACC-409931,Class-A,Debt Consolidation,24.8,0," $20,855.00 "
ACC-244464,Class-B,Debt Consolidation,24.8,0," $20,027.00 "
ACC-232032,Class-A,Debt Consolidation,,0," $40,059.00 "
ACC-315548,Class-B,Debt Consolidation,38.2,0," $5,079.00 "
ACC-475419,Class-C,Debt Consolidation,38.2,0," $24,372.00 "
ACC-681708,Class-B,Home Improvement,24.8,0," $20,162.00 "
ACC-740651,Class-A,N/A,24.8,0," $6,899.00 "
ACC-681107,Class-B,Debt Consolidation,55.0,0," $35,726.00 "
ACC-217310,Class-C,Debt Consolidation,38.2,0," $15,404.00 "
ACC-639426,Class-A,Debt Consolidation,12.5,0," $8,074.00 "
ACC-483058,Class-B,Major Purchase,12.5,0," $6,356.00 "
ACC-179859,Class-B,N/A,55.0,0," $8,287.00 "
ACC-466775,Class-B,Small Business,12.5,0," $42,114.00 "
ACC-719033,Class-B,Small Business,12.5,0," $40,047.00 "
ACC-800352,Class-A,Major Purchase,38.2,0," $19,678.00 "
ACC-297047,Class-C,Debt Consolidation,24.8,1," $7,001.00 "
ACC-748972,Class-A,Debt Consolidation,24.8,0," $14,146.00 "
ACC-627743,Class-C,Small Business,55.0,1," $44,438.00 "
ACC-587800,Class-B,Small Business,24.8,0," $28,830.00 "
ACC-864295,Class-C,Home Improvement,24.8,0," $16,023.00 "
ACC-232708,Class-A,Home Improvement,12.5,0," $42,896.00 "
ACC-435679,Class-B,Home Improvement,12.5,0," $8,632.00 "
ACC-666530,Class-B,Small Business,38.2,0," $30,340.00 "
ACC-644075,Class-A,Home Improvement,38.2,0," $44,002.00 "
ACC-349973,Class-C,Home Improvement,38.2,0," $24,805.00 "
ACC-652051,Class-B,Home Improvement,55.0,0," $19,063.00 "
ACC-304949,Class-B,N/A,-1.5,0," $9,220.00 "
ACC-432087,Class-A,Debt Consolidation,12.5,0," $24,529.00 "
ACC-823085,Class-A,Debt Consolidation,55.0,0," $28,049.00 "
ACC-830775,Class-A,Debt Consolidation,55.0,0," $27,442.00 "
ACC-661355,Class-B,Small Business,24.8,1," $35,863.00 "
ACC-210497,Class-C,Debt Consolidation,12.5,0," $10,502.00 "
ACC-905692,Class-B,Debt Consolidation,55.0,0," $13,824.00 "
ACC-999561,Class-A,Home Improvement,38.2,1," $35,196.00 "
ACC-771124,,Home Improvement,,0," $18,308.00 "
ACC-235512,Class-A,Debt Consolidation,12.5,0," $33,030.00 "
ACC-124487,Class-B,Debt Consolidation,38.2,0," $19,760.00 "
ACC-895177,Class-B,Debt Consolidation,24.8,0," $7,978.00 "
ACC-119323,Class-C,Small Business,38.2,0," $35,191.00 "
ACC-127385,Class-A,Home Improvement,38.2,0," $5,939.00 "
ACC-544446,Class-B,Major Purchase,12.5,1," $37,622.00 "
ACC-339411,Class-B,Debt Consolidation,38.2,0," $10,842.00 "
ACC-393775,Class-A,Home Improvement,55.0,1," $40,910.00 "
ACC-529952,Class-C,Debt Consolidation,,1," $5,144.00 "
ACC-491050,Class-B,Small Business,55.0,0," $7,557.00 "
ACC-953156,Class-B,Debt Consolidation,38.2,0," $12,163.00 "
ACC-749454,Class-A,Major Purchase,24.8,0," $12,022.00 "
ACC-578187,Class-A,Home Improvement,12.5,0," $16,433.00 "
ACC-580271,Class-A,Debt Consolidation,24.8,0," $22,712.00 "
ACC-711527,Class-A,Major Purchase,38.2,0," $22,955.00 "
ACC-113924,,Debt Consolidation,,1," $32,707.00 "
ACC-555452,Class-B,Debt Consolidation,,1," $29,321.00 "
ACC-180986,Class-B,Debt Consolidation,24.8,0," $24,675.00 "
ACC-616093,Class-A,Small Business,,0," $42,059.00 "
ACC-727715,Class-A,Small Business,12.5,0," $33,698.00 "
ACC-930142,Class-B,Debt Consolidation,55.0,0," $36,144.00 "
ACC-738904,Class-C,Small Business,12.5,0," $24,114.00 "
ACC-546062,Class-A,Debt Consolidation,,0," $33,225.00 "
ACC-417257,Class-C,Debt Consolidation,,0," $13,468.00 "
ACC-104939,Class-A,Home Improvement,24.8,0," $40,528.00 "
ACC-530478,Class-C,Home Improvement,24.8,0," $22,620.00 "
ACC-584737,Class-A,Small Business,,0," $17,147.00 "
ACC-867728,Class-B,Home Improvement,,0," $35,399.00 "
ACC-243458,Class-B,Debt Consolidation,12.5,0," $32,530.00 "
ACC-813909,Class-A,Debt Consolidation,12.5,0," $39,845.00 "
ACC-642289,Class-C,N/A,24.8,0," $11,560.00 "
ACC-472895,Class-B,Debt Consolidation,38.2,0," $34,480.00 "
ACC-729471,,Debt Consolidation,,0," $27,531.00 "
ACC-781312,Class-B,Debt Consolidation,55.0,0," $26,277.00 "
ACC-399237,Class-C,Debt Consolidation,24.8,0," $27,811.00 "
ACC-659888,Class-A,Major Purchase,38.2,0," $23,332.00 "
ACC-710065,Class-B,Home Improvement,38.2,0," $13,047.00 "
ACC-447184,Class-A,Small Business,12.5,0," $37,415.00 "
ACC-808024,Class-B,Debt Consolidation,-1.5,0," $34,057.00 "
ACC-194067,Class-A,Home Improvement,12.5,0," $9,006.00 "
ACC-432836,Class-B,N/A,55.0,0," $21,847.00 "
ACC-947596,,Debt Consolidation,,0," $13,355.00 "
ACC-278423,Class-A,Home Improvement,24.8,0," $33,899.00 "
ACC-955785,Class-B,Home Improvement,24.8,0," $40,616.00 "
ACC-164754,Class-A,Debt Consolidation,38.2,0," $42,979.00 "
ACC-567113,Class-B,Home Improvement,24.8,0," $33,043.00 "
ACC-731261,Class-B,Debt Consolidation,12.5,0," $34,389.00 "
ACC-357373,Class-A,Debt Consolidation,12.5,0," $42,382.00 "
ACC-838007,Class-C,Small Business,55.0,0," $44,865.00 "
ACC-946649,Class-C,Major Purchase,38.2,0," $12,639.00 "
ACC-358311,Class-A,N/A,24.8,0," $17,929.00 "
ACC-449397,Class-C,Debt Consolidation,12.5,0," $10,240.00 "
ACC-984868,Class-A,Home Improvement,,1," $29,124.00 "
ACC-573692,Class-A,Small Business,12.5,0," $6,799.00 "
ACC-234451,Class-B,Small Business,24.8,0," $21,409.00 "
ACC-582997,Class-A,Home Improvement,12.5,0," $21,588.00 "
ACC-187357,Class-A,Debt Consolidation,55.0,0," $16,259.00 "
ACC-216213,Class-A,Debt Consolidation,12.5,0," $22,053.00 "
ACC-117576,Class-A,Small Business,12.5,0," $33,316.00 "
ACC-690145,Class-A,Home Improvement,12.5,0," $25,211.00 "
ACC-601588,Class-A,Debt Consolidation,24.8,0," $30,182.00 "
ACC-477023,Class-A,Debt Consolidation,38.2,0," $19,973.00 "
ACC-752886,Class-B,Debt Consolidation,38.2,0," $12,634.00 "
ACC-670120,Class-B,Home Improvement,12.5,0," $16,276.00 "
ACC-178800,Class-B,Major Purchase,12.5,0," $7,294.00 "
ACC-154139,Class-B,Small Business,24.8,0," $25,402.00 "
ACC-550908,Class-A,Debt Consolidation,12.5,0," $41,200.00 "
ACC-781718,Class-A,Debt Consolidation,,0," $33,768.00 "
ACC-594120,Class-B,Debt Consolidation,24.8,0," $6,679.00 "
ACC-324395,Class-B,Home Improvement,55.0,0," $23,711.00 "
ACC-267048,Class-A,Home Improvement,24.8,0," $26,223.00 "
ACC-755726,Class-C,Home Improvement,12.5,0," $22,562.00 "
ACC-882082,UNKNOWN,Small Business,55.0,0," $36,282.00 "
ACC-928759,Class-B,Home Improvement,12.5,0," $42,012.00 "
ACC-188132,Class-C,Home Improvement,12.5,0," $13,917.00 "
ACC-709485,Class-B,Small Business,24.8,0," $21,114.00 "
ACC-480185,Class-B,Debt Consolidation,55.0,0," $13,492.00 "
ACC-277660,Class-A,Debt Consolidation,24.8,1," $27,601.00 "
ACC-540780,Class-B,Small Business,24.8,0," $14,981.00 "
ACC-830431,Class-B,Small Business,38.2,1," $7,994.00 "
ACC-398773,Class-A,N/A,38.2,0," $23,527.00 "
ACC-723427,Class-A,Small Business,38.2,0," $29,321.00 "
ACC-813543,Class-C,Small Business,38.2,0," $34,687.00 "
ACC-811557,Class-C,Debt Consolidation,38.2,0," $10,081.00 "
ACC-817159,Class-A,Debt Consolidation,55.0,0," $26,251.00 "
ACC-217754,Class-B,Debt Consolidation,,1," $42,904.00 "
ACC-647523,Class-C,Home Improvement,,0," $16,818.00 "
ACC-913759,Class-B,N/A,12.5,0," $6,209.00 "
ACC-408125,Class-A,Major Purchase,38.2,0," $40,708.00 "
ACC-623126,Class-B,Debt Consolidation,38.2,0," $39,769.00 "
ACC-492620,Class-B,Major Purchase,55.0,0," $31,787.00 "
ACC-784187,Class-A,Debt Consolidation,24.8,0," $19,083.00 "
ACC-144007,,Home Improvement,,1," $35,834.00 "
ACC-216843,Class-B,Debt Consolidation,55.0,0," $7,991.00 "
ACC-224825,Class-A,Major Purchase,24.8,0," $44,683.00 "
ACC-339599,Class-B,Small Business,24.8,0," $11,177.00 "
ACC-838139,Class-B,Home Improvement,24.8,0," $20,244.00 "
ACC-183371,,Debt Consolidation,,0," $41,761.00 "
ACC-392653,Class-B,Major Purchase,,0," $41,889.00 "
ACC-482260,Class-C,Debt Consolidation,24.8,1," $44,518.00 "
ACC-465111,Class-B,Small Business,38.2,0," $42,875.00 "
ACC-289021,Class-A,Debt Consolidation,24.8,0," $30,702.00 "
ACC-670900,Class-B,Small Business,12.5,0," $23,742.00 "
ACC-140209,,Major Purchase,,0," $44,358.00 "
ACC-400531,Class-B,Small Business,12.5,0," $7,915.00 "
ACC-745614,Class-A,N/A,24.8,0," $29,489.00 "
ACC-820638,Class-C,Home Improvement,38.2,0," $14,759.00 "
ACC-624858,Class-A,Home Improvement,24.8,0," $35,934.00 "
ACC-578376,Class-A,Debt Consolidation,38.2,0," $32,762.00 "
ACC-719947,Class-B,Debt Consolidation,12.5,0," $29,801.00 "
ACC-941207,Class-B,Debt Consolidation,,0," $23,022.00 "
ACC-901750,Class-A,Small Business,38.2,0," $40,777.00 "
ACC-882539,Class-B,Home Improvement,55.0,0," $42,045.00 "
ACC-247270,Class-A,Debt Consolidation,38.2,0," $32,615.00 "
ACC-982734,,Home Improvement,,0," $10,501.00 "
ACC-839154,Class-A,Home Improvement,55.0,0," $38,344.00 "
ACC-267674,Class-C,Debt Consolidation,38.2,0," $36,705.00 "
ACC-824837,Class-A,Major Purchase,,0," $35,862.00 "
ACC-193717,Class-A,Home Improvement,55.0,1," $29,791.00 "
ACC-484821,Class-B,Debt Consolidation,12.5,0," $8,735.00 "
ACC-145514,Class-A,Debt Consolidation,,0," $40,093.00 "
ACC-865468,Class-A,Home Improvement,55.0,0," $14,464.00 "
ACC-698473,Class-A,Small Business,24.8,0," $13,535.00 "
ACC-882907,Class-B,Debt Consolidation,12.5,0," $13,129.00 "
ACC-158389,Class-A,Major Purchase,,0," $30,509.00 "
ACC-877683,Class-A,Major Purchase,12.5,0," $27,098.00 "
ACC-882254,Class-B,Debt Consolidation,38.2,0," $9,635.00 "
ACC-760309,Class-C,Debt Consolidation,55.0,0," $20,961.00 "
ACC-126253,Class-A,Major Purchase,38.2,0," $22,157.00 "
ACC-667287,Class-B,Major Purchase,,0," $23,151.00 "
ACC-338655,Class-C,Major Purchase,55.0,0," $11,946.00 "
ACC-947807,UNKNOWN,Debt Consolidation,24.8,0," $25,877.00 "
ACC-892030,Class-A,Home Improvement,24.8,0," $37,356.00 "
ACC-540719,Class-A,Small Business,55.0,0," $39,748.00 "
ACC-710936,UNKNOWN,Debt Consolidation,12.5,1," $21,330.00 "
ACC-172758,Class-A,Debt Consolidation,55.0,1," $41,545.00 "
ACC-841358,Class-B,Debt Consolidation,38.2,0," $15,610.00 "
ACC-691022,Class-B,Debt Consolidation,24.8,1," $20,661.00 "
ACC-691728,Class-C,Debt Consolidation,38.2,0," $14,988.00 "
ACC-527916,Class-B,Debt Consolidation,38.2,0," $12,414.00 "
ACC-483266,Class-A,Debt Consolidation,12.5,0," $25,469.00 "
ACC-175657,Class-B,Major Purchase,12.5,0," $8,158.00 "
ACC-826364,Class-A,Debt Consolidation,24.8,1," $12,727.00 "
ACC-630286,Class-B,Small Business,24.8,0," $34,894.00 "
ACC-825050,Class-B,Home Improvement,38.2,0," $19,019.00 "
ACC-868407,Class-B,Major Purchase,,0," $40,025.00 "
ACC-229098,Class-C,Debt Consolidation,,1," $38,161.00 "
ACC-756302,Class-A,Home Improvement,12.5,0," $11,595.00 "
ACC-262739,Class-A,Debt Consolidation,24.8,0," $38,300.00 "
ACC-268749,,Home Improvement,,0," $41,315.00 "
ACC-673082,Class-B,Debt Consolidation,,0," $41,715.00 "
ACC-799005,,Debt Consolidation,,0," $33,933.00 "
ACC-907391,Class-B,Major Purchase,12.5,0," $39,107.00 "
ACC-313287,Class-B,Home Improvement,,0," $7,181.00 "
ACC-583352,Class-A,Debt Consolidation,24.8,0," $23,739.00 "
ACC-863202,Class-A,Major Purchase,12.5,0," $16,043.00 "
ACC-176578,Class-A,Debt Consolidation,,0," $28,403.00 "
ACC-186507,Class-B,Home Improvement,24.8,0," $31,445.00 "
ACC-688892,,Small Business,,0," $43,546.00 "
ACC-313153,Class-A,Debt Consolidation,12.5,0," $41,583.00 "
ACC-364347,Class-B,Debt Consolidation,55.0,1," $36,531.00 "
ACC-775545,Class-A,Home Improvement,12.5,0," $29,812.00 "
ACC-423926,Class-B,Home Improvement,12.5,0," $44,629.00 "
ACC-768165,Class-B,Debt Consolidation,12.5,0," $16,944.00 "
ACC-846453,Class-A,Home Improvement,12.5,0," $36,297.00 "
ACC-487915,Class-B,Major Purchase,12.5,0," $12,006.00 "
ACC-675311,Class-A,Small Business,12.5,0," $31,248.00 "
ACC-139983,Class-B,Debt Consolidation,,0," $26,246.00 "
ACC-813502,Class-C,Debt Consolidation,24.8,0," $39,070.00 "
ACC-976527,Class-C,Home Improvement,12.5,0," $26,566.00 "
ACC-340278,Class-B,Major Purchase,12.5,0," $32,900.00 "
ACC-546070,UNKNOWN,Home Improvement,38.2,0," $15,771.00 "
ACC-649994,Class-A,Home Improvement,38.2,0," $32,747.00 "
ACC-484958,Class-A,Home Improvement,12.5,0," $8,261.00 "
ACC-149673,UNKNOWN,Home Improvement,12.5,0," $42,839.00 "
ACC-537960,Class-B,Small Business,12.5,1," $20,125.00 "
ACC-631706,,Major Purchase,,0," $41,845.00 "
ACC-822911,Class-B,Home Improvement,12.5,0," $30,387.00 "
ACC-607357,Class-A,Debt Consolidation,24.8,0," $19,912.00 "
ACC-678677,Class-A,Debt Consolidation,12.5,0," $23,485.00 "
ACC-777051,Class-C,Debt Consolidation,55.0,0," $19,495.00 "
ACC-805877,Class-A,Major Purchase,24.8,1," $38,888.00 "
ACC-125501,UNKNOWN,Debt Consolidation,,0," $7,440.00 "
ACC-661350,Class-A,Major Purchase,,0," $6,766.00 "
ACC-497948,,Debt Consolidation,,0," $12,317.00 "
ACC-527207,Class-C,Home Improvement,24.8,0," $18,320.00 "
ACC-787612,Class-B,Debt Consolidation,12.5,0," $5,132.00 "
ACC-333678,Class-A,Small Business,38.2,0," $22,327.00 "
ACC-553850,,Debt Consolidation,,0," $43,619.00 "
ACC-626590,,Home Improvement,,0," $13,313.00 "
ACC-720883,Class-A,Debt Consolidation,12.5,0," $14,613.00 "
ACC-448043,Class-A,Debt Consolidation,12.5,0," $19,020.00 "
ACC-370534,,Home Improvement,,0," $39,049.00 "
ACC-291037,Class-B,Home Improvement,12.5,0," $28,796.00 "
ACC-466374,Class-A,N/A,55.0,0," $39,732.00 "
ACC-334742,Class-A,Home Improvement,38.2,1," $8,130.00 "
ACC-171192,Class-B,Debt Consolidation,99.9,1," $32,328.00 "
ACC-921524,Class-A,Debt Consolidation,12.5,0," $28,486.00 "
ACC-771342,Class-A,Debt Consolidation,24.8,0," $41,182.00 "
ACC-429317,Class-C,Debt Consolidation,24.8,0," $26,005.00 "
ACC-628107,Class-B,Home Improvement,38.2,0," $17,632.00 "
ACC-731862,Class-B,Debt Consolidation,38.2,0," $17,650.00 "
ACC-627426,Class-B,Debt Consolidation,38.2,0," $37,668.00 "
ACC-432213,Class-A,Debt Consolidation,12.5,0," $43,945.00 "
ACC-388763,,Home Improvement,,1," $40,364.00 "
ACC-897069,Class-A,Major Purchase,38.2,0," $23,527.00 "
ACC-900555,Class-A,Small Business,38.2,0," $22,604.00 "
ACC-526051,Class-A,Home Improvement,99.9,1," $17,323.00 "
ACC-966794,Class-C,Debt Consolidation,12.5,0," $41,621.00 "
ACC-921405,Class-A,Home Improvement,55.0,0," $27,418.00 "
ACC-366028,Class-A,Major Purchase,12.5,0," $7,135.00 "
ACC-854287,Class-A,N/A,38.2,0," $15,741.00 "
ACC-180074,Class-B,Debt Consolidation,-1.5,1," $31,324.00 "
ACC-878959,Class-B,Home Improvement,55.0,0," $26,019.00 "
ACC-772853,Class-A,Debt Consolidation,,0," $12,750.00 "
ACC-975181,Class-C,Debt Consolidation,55.0,0," $24,208.00 "
ACC-617729,UNKNOWN,Home Improvement,12.5,0," $16,160.00 "
ACC-526927,,Debt Consolidation,,1," $23,431.00 "
ACC-785472,Class-B,Small Business,12.5,0," $32,630.00 "
ACC-267290,,N/A,,0," $42,416.00 "
ACC-151739,Class-B,Small Business,55.0,0," $5,859.00 "
ACC-860262,Class-A,Debt Consolidation,99.9,0," $5,095.00 "
ACC-767215,Class-A,Debt Consolidation,38.2,0," $7,686.00 "
ACC-392292,,Debt Consolidation,,0," $18,003.00 "
ACC-614736,,Debt Consolidation,,1," $39,606.00 "
ACC-402215,UNKNOWN,Debt Consolidation,38.2,0," $33,163.00 "
ACC-473023,Class-A,Small Business,24.8,0," $17,759.00 "
ACC-748943,Class-B,Major Purchase,,0," $42,161.00 "
ACC-542149,Class-B,Debt Consolidation,12.5,0," $38,815.00 "
ACC-955378,,Small Business,,0," $28,743.00 "
ACC-157067,Class-B,Small Business,24.8,0," $23,769.00 "
ACC-380314,Class-A,N/A,,0," $26,056.00 "
ACC-145902,Class-B,Small Business,24.8,1," $43,029.00 "
ACC-640257,Class-B,Home Improvement,24.8,1," $44,036.00 "
ACC-502868,Class-C,Major Purchase,24.8,0," $10,181.00 "
ACC-923941,Class-A,Debt Consolidation,55.0,0," $17,718.00 "
ACC-311734,Class-A,Debt Consolidation,38.2,0," $32,157.00 "
ACC-689592,Class-A,Debt Consolidation,24.8,0," $21,741.00 "
ACC-355052,Class-B,Home Improvement,,1," $35,826.00 "
ACC-230115,,N/A,,0," $5,871.00 "
ACC-886062,Class-A,Debt Consolidation,24.8,0," $24,402.00 "
ACC-183104,Class-A,N/A,38.2,0," $12,017.00 "
ACC-917550,Class-A,Small Business,38.2,0," $15,153.00 "
ACC-728110,Class-B,Debt Consolidation,55.0,0," $24,198.00 "
ACC-825950,,Debt Consolidation,,0," $16,733.00 "
ACC-939513,Class-A,Debt Consolidation,24.8,0," $22,767.00 "
ACC-591321,Class-B,Debt Consolidation,24.8,0," $15,075.00 "
ACC-869497,Class-C,Debt Consolidation,12.5,0," $42,407.00 "
ACC-766955,Class-B,Debt Consolidation,24.8,0," $21,304.00 "
ACC-531570,Class-A,Major Purchase,12.5,1," $26,600.00 "
ACC-753373,Class-A,Debt Consolidation,55.0,1," $12,399.00 "
ACC-756038,Class-A,Small Business,12.5,1," $17,798.00 "
ACC-450783,Class-A,Debt Consolidation,24.8,0," $17,838.00 "
ACC-727629,Class-A,Debt Consolidation,12.5,0," $39,778.00 "
ACC-512695,Class-B,Debt Consolidation,55.0,0," $21,767.00 "
ACC-795572,Class-B,Major Purchase,38.2,0," $31,707.00 "
ACC-932786,Class-A,Debt Consolidation,-1.5,0," $38,018.00 "
ACC-216267,Class-A,Small Business,38.2,1," $37,237.00 "
ACC-531111,Class-B,Debt Consolidation,12.5,0," $21,792.00 "
ACC-412381,Class-B,Major Purchase,24.8,1," $15,987.00 "
ACC-861370,Class-B,Debt Consolidation,12.5,0," $9,828.00 "
ACC-826098,Class-A,Home Improvement,24.8,0," $39,391.00 "
ACC-612594,Class-A,Home Improvement,24.8,0," $35,229.00 "
ACC-789812,Class-B,Home Improvement,24.8,0," $16,920.00 "
ACC-598424,Class-B,Home Improvement,38.2,0," $24,860.00 "
ACC-650802,Class-B,Major Purchase,55.0,0," $40,255.00 "
ACC-403233,Class-A,Debt Consolidation,55.0,0," $28,159.00 "
ACC-756303,Class-A,Debt Consolidation,12.5,1," $25,163.00 "
ACC-675466,Class-B,Debt Consolidation,12.5,0," $10,192.00 "
ACC-661700,Class-B,Major Purchase,24.8,0," $44,058.00 "
ACC-408347,Class-A,Home Improvement,38.2,0," $9,365.00 "
ACC-203281,Class-A,Debt Consolidation,12.5,0," $26,366.00 "
ACC-456907,Class-B,Debt Consolidation,12.5,0," $24,182.00 "
ACC-982353,Class-A,Home Improvement,12.5,0," $8,547.00 "
ACC-688589,Class-B,N/A,24.8,0," $37,009.00 "
ACC-881815,Class-A,Debt Consolidation,12.5,1," $41,660.00 "
ACC-274808,Class-A,Debt Consolidation,12.5,0," $12,721.00 "
ACC-135563,Class-A,Home Improvement,24.8,0," $19,683.00 "
ACC-519358,Class-C,Home Improvement,55.0,1," $10,979.00 "
ACC-324620,Class-A,Debt Consolidation,55.0,1," $43,054.00 "
ACC-250773,Class-B,Small Business,12.5,1," $11,796.00 "
ACC-422366,Class-A,Home Improvement,24.8,0," $8,398.00 "
ACC-982573,Class-A,Small Business,55.0,1," $34,133.00 "
ACC-680573,Class-A,Small Business,55.0,0," $42,246.00 "
ACC-794956,Class-A,N/A,99.9,0," $6,523.00 "
ACC-974058,Class-B,Home Improvement,38.2,0," $22,930.00 "
ACC-971621,Class-B,Debt Consolidation,38.2,0," $25,547.00 "
ACC-270074,Class-A,Debt Consolidation,12.5,0," $21,755.00 "
ACC-581561,Class-A,Debt Consolidation,38.2,0," $6,524.00 "
ACC-731131,Class-C,Debt Consolidation,,0," $41,710.00 "
ACC-510144,Class-A,Debt Consolidation,12.5,0," $16,558.00 "
ACC-655525,Class-B,Small Business,12.5,0," $33,723.00 "
ACC-366407,Class-B,Debt Consolidation,24.8,0," $31,284.00 "
ACC-685991,Class-B,Debt Consolidation,,0," $33,274.00 "
ACC-741142,Class-B,Small Business,24.8,0," $25,163.00 "
ACC-204276,Class-B,Home Improvement,38.2,0," $39,757.00 "
ACC-422904,Class-A,Debt Consolidation,12.5,0," $13,862.00 "
ACC-309372,Class-A,Home Improvement,12.5,0," $31,177.00 "
ACC-323986,Class-A,Debt Consolidation,24.8,0," $28,224.00 "
ACC-861502,Class-C,Small Business,12.5,0," $23,086.00 "
ACC-950709,Class-A,Debt Consolidation,12.5,0," $6,551.00 "
ACC-717049,Class-A,Debt Consolidation,38.2,0," $15,939.00 "
ACC-748512,Class-A,Debt Consolidation,24.8,0," $6,514.00 "
ACC-778890,Class-A,Small Business,38.2,0," $9,474.00 "
ACC-501576,Class-A,Major Purchase,55.0,0," $43,176.00 "
ACC-794896,Class-A,Home Improvement,12.5,0," $43,302.00 "
ACC-556165,Class-B,Home Improvement,,0," $18,408.00 "
ACC-333307,Class-C,Debt Consolidation,12.5,0," $39,906.00 "
ACC-657457,,Home Improvement,,0," $36,121.00 "
ACC-930409,Class-A,Debt Consolidation,24.8,0," $40,446.00 "
ACC-707918,Class-C,Small Business,24.8,0," $25,586.00 "
ACC-828026,UNKNOWN,Small Business,12.5,0," $15,517.00 "
ACC-747372,Class-B,Debt Consolidation,24.8,0," $29,682.00 "
ACC-905952,Class-A,Debt Consolidation,55.0,0," $30,243.00 "
ACC-386190,Class-A,Home Improvement,12.5,0," $18,654.00 "
ACC-536934,Class-B,Debt Consolidation,24.8,0," $22,077.00 "
ACC-355056,Class-B,Debt Consolidation,12.5,0," $11,030.00 "
ACC-116525,Class-B,Debt Consolidation,38.2,0," $23,038.00 "
ACC-246281,Class-A,Debt Consolidation,12.5,1," $15,622.00 "
ACC-126190,Class-B,Home Improvement,12.5,1," $13,102.00 "
ACC-455349,Class-B,Major Purchase,24.8,0," $14,278.00 "
ACC-445976,Class-B,Debt Consolidation,55.0,0," $42,495.00 "
ACC-847522,Class-B,Small Business,12.5,0," $19,708.00 "
ACC-333213,Class-A,Home Improvement,12.5,0," $39,325.00 "
ACC-270078,Class-A,Home Improvement,38.2,0," $25,958.00 "
ACC-143389,,Debt Consolidation,,0," $23,596.00 "
ACC-429860,Class-A,Debt Consolidation,55.0,0," $7,622.00 "
ACC-540492,Class-C,Major Purchase,24.8,1," $38,043.00 "
ACC-942375,Class-B,Debt Consolidation,38.2,0," $34,338.00 "
ACC-913125,Class-B,Debt Consolidation,12.5,0," $36,418.00 "
ACC-367260,Class-B,Home Improvement,12.5,0," $19,829.00 "
ACC-132616,Class-A,Debt Consolidation,12.5,0," $33,829.00 "
ACC-404696,Class-A,Home Improvement,55.0,0," $32,743.00 "
ACC-630460,Class-C,Major Purchase,38.2,0," $40,350.00 "
ACC-251679,Class-A,Debt Consolidation,24.8,0," $39,915.00 "
ACC-523532,Class-B,Home Improvement,-1.5,0," $21,938.00 "
ACC-926417,Class-B,Debt Consolidation,55.0,0," $20,693.00 "
ACC-804194,Class-C,Debt Consolidation,12.5,1," $38,233.00 "
ACC-216227,Class-A,Debt Consolidation,24.8,1," $11,211.00 "
ACC-890323,Class-A,Small Business,12.5,1," $32,903.00 "
ACC-925101,Class-C,Debt Consolidation,12.5,1," $9,778.00 "
ACC-989630,Class-B,Small Business,12.5,0," $16,936.00 "
ACC-625200,Class-C,Home Improvement,12.5,0," $16,557.00 "
ACC-625039,Class-B,Debt Consolidation,55.0,0," $22,108.00 "
ACC-768768,Class-A,Home Improvement,55.0,0," $37,700.00 "
ACC-672912,Class-A,Small Business,24.8,0," $33,104.00 "
ACC-977760,Class-A,Major Purchase,55.0,0," $23,633.00 "
ACC-651713,Class-A,N/A,38.2,0," $29,657.00 "
ACC-226624,Class-A,Home Improvement,38.2,0," $23,758.00 "
ACC-425407,Class-C,Small Business,24.8,0," $19,985.00 "
ACC-993180,Class-C,Home Improvement,12.5,0," $10,267.00 "
ACC-459842,Class-A,Home Improvement,12.5,0," $32,694.00 "
ACC-749982,Class-C,Debt Consolidation,38.2,0," $29,444.00 "
ACC-711116,Class-A,Debt Consolidation,38.2,0," $35,248.00 "
ACC-634041,Class-A,N/A,38.2,0," $41,181.00 "
ACC-367502,Class-B,Home Improvement,24.8,0," $11,818.00 "
ACC-962878,Class-C,Debt Consolidation,12.5,0," $23,825.00 "
ACC-282545,Class-B,Debt Consolidation,55.0,0," $21,576.00 "
ACC-307025,Class-B,Home Improvement,12.5,0," $7,519.00 "
ACC-180921,Class-C,Debt Consolidation,38.2,1," $14,146.00 "
ACC-276198,Class-A,Small Business,24.8,1," $40,013.00 "
ACC-303942,Class-B,Debt Consolidation,12.5,0," $31,355.00 "
ACC-608541,,Major Purchase,,0," $7,052.00 "
ACC-372831,Class-A,Small Business,55.0,0," $26,925.00 "
ACC-177807,Class-C,N/A,24.8,0," $22,219.00 "
ACC-576856,Class-B,N/A,12.5,0," $24,119.00 "
ACC-903887,Class-B,N/A,24.8,0," $15,816.00 "
ACC-276550,,Debt Consolidation,,0," $37,308.00 "
ACC-406365,Class-A,Small Business,,0," $38,815.00 "
ACC-814654,Class-A,Home Improvement,-1.5,0," $34,015.00 "
ACC-278365,,N/A,,0," $28,218.00 "
ACC-263477,Class-A,Debt Consolidation,55.0,0," $13,787.00 "
ACC-274050,Class-A,Small Business,12.5,0," $39,115.00 "
ACC-909183,Class-A,Debt Consolidation,24.8,0," $21,185.00 "
ACC-607760,Class-B,Major Purchase,12.5,0," $10,866.00 "
ACC-116194,Class-B,Small Business,38.2,0," $36,513.00 "
ACC-479526,Class-C,Small Business,12.5,0," $12,667.00 "
ACC-705956,Class-B,Small Business,24.8,0," $38,079.00 "
ACC-733604,Class-B,Debt Consolidation,38.2,0," $35,526.00 "
ACC-809960,Class-B,Major Purchase,12.5,0," $32,175.00 "
ACC-871639,Class-A,Debt Consolidation,12.5,0," $17,823.00 "
ACC-480142,Class-B,Debt Consolidation,12.5,0," $14,485.00 "
ACC-268242,Class-C,Home Improvement,24.8,0," $26,022.00 "
ACC-245447,Class-A,Debt Consolidation,38.2,0," $40,610.00 "
ACC-922385,Class-A,Small Business,24.8,0," $14,824.00 "
ACC-509987,,Debt Consolidation,,1," $29,734.00 "
ACC-736425,Class-A,Debt Consolidation,12.5,0," $44,889.00 "
ACC-430477,Class-A,Debt Consolidation,24.8,0," $12,341.00 "
ACC-784467,Class-C,Debt Consolidation,55.0,0," $10,627.00 "
ACC-816182,Class-A,Major Purchase,12.5,0," $27,355.00 "
ACC-139994,,Home Improvement,,0," $14,019.00 "
ACC-743648,Class-A,Debt Consolidation,55.0,1," $44,257.00 "
ACC-514932,Class-A,Debt Consolidation,24.8,0," $26,061.00 "
ACC-673198,Class-A,Debt Consolidation,55.0,0," $38,235.00 "
ACC-824790,Class-A,Small Business,12.5,0," $15,566.00 "
ACC-312232,Class-B,Small Business,38.2,0," $26,384.00 "
ACC-466779,Class-C,Home Improvement,24.8,0," $18,314.00 "
ACC-155877,Class-A,Major Purchase,12.5,1," $22,832.00 "
ACC-795221,Class-B,Home Improvement,55.0,1," $39,685.00 "
ACC-424779,Class-A,Debt Consolidation,,0," $9,436.00 "
ACC-553934,Class-A,Home Improvement,12.5,0," $17,454.00 "
ACC-470469,Class-A,Debt Consolidation,12.5,0," $8,739.00 "
ACC-694958,Class-A,Small Business,38.2,0," $14,246.00 "
ACC-566066,,Home Improvement,,0," $20,749.00 "
ACC-730545,Class-B,Small Business,38.2,0," $9,004.00 "
ACC-155188,Class-B,Home Improvement,,0," $44,399.00 "
ACC-759969,Class-B,Debt Consolidation,12.5,0," $24,266.00 "
ACC-349398,Class-B,Home Improvement,12.5,0," $42,813.00 "
ACC-927175,Class-A,Debt Consolidation,,0," $24,609.00 "
ACC-151582,Class-A,Debt Consolidation,24.8,0," $29,899.00 "
ACC-500561,Class-A,Home Improvement,38.2,0," $15,700.00 "
ACC-346068,Class-C,Debt Consolidation,55.0,0," $27,426.00 "
ACC-238484,Class-B,Debt Consolidation,24.8,0," $18,762.00 "
ACC-420369,Class-A,Debt Consolidation,12.5,0," $7,106.00 "
ACC-993099,Class-A,Home Improvement,12.5,0," $12,162.00 "
ACC-418790,Class-A,Debt Consolidation,24.8,0," $40,849.00 "
ACC-842379,Class-A,Debt Consolidation,24.8,0," $44,937.00 "
ACC-432657,Class-B,Major Purchase,12.5,0," $22,437.00 "
ACC-171157,Class-B,Debt Consolidation,38.2,0," $31,941.00 "
ACC-537565,Class-A,Debt Consolidation,24.8,0," $20,946.00 "
ACC-372463,UNKNOWN,Debt Consolidation,24.8,0," $37,924.00 "
ACC-768017,Class-B,Debt Consolidation,12.5,0," $44,752.00 "
ACC-858773,Class-C,Small Business,55.0,0," $31,187.00 "
ACC-327446,Class-B,Home Improvement,,0," $39,045.00 "
ACC-492357,Class-B,Debt Consolidation,12.5,0," $25,557.00 "
ACC-443135,Class-A,Debt Consolidation,24.8,0," $40,136.00 "
ACC-391182,Class-C,Home Improvement,-1.5,0," $35,708.00 "
ACC-499249,Class-C,Debt Consolidation,24.8,0," $19,864.00 "
ACC-265157,Class-A,Small Business,38.2,0," $37,941.00 "
ACC-496651,Class-B,Small Business,24.8,0," $17,562.00 "
ACC-292535,Class-A,Small Business,55.0,1," $44,171.00 "
ACC-370381,Class-B,Debt Consolidation,,0," $20,493.00 "
ACC-259364,Class-A,Debt Consolidation,38.2,0," $30,412.00 "
ACC-338615,UNKNOWN,Home Improvement,38.2,0," $9,433.00 "
ACC-270601,Class-B,Home Improvement,24.8,0," $5,502.00 "
ACC-408305,Class-B,Home Improvement,12.5,0," $5,396.00 "
ACC-338061,Class-A,Small Business,99.9,0," $12,496.00 "
ACC-214799,Class-B,Home Improvement,12.5,0," $34,035.00 "
ACC-741529,Class-B,Home Improvement,12.5,0," $10,822.00 "
ACC-124256,Class-B,Major Purchase,24.8,0," $44,920.00 "
ACC-974885,,Debt Consolidation,,0," $14,756.00 "
ACC-368091,Class-C,Major Purchase,38.2,0," $18,449.00 "
ACC-976573,Class-A,Debt Consolidation,55.0,0," $9,291.00 "
ACC-312993,Class-A,Small Business,55.0,0," $39,805.00 "
ACC-503921,Class-A,Home Improvement,24.8,0," $39,938.00 "
ACC-590637,Class-C,Debt Consolidation,24.8,0," $24,990.00 "
ACC-721697,Class-C,Debt Consolidation,55.0,0," $13,707.00 "
ACC-649373,,Debt Consolidation,,0," $23,677.00 "
ACC-522669,Class-B,Debt Consolidation,12.5,0," $24,871.00 "
ACC-138862,Class-A,Home Improvement,12.5,0," $14,350.00 "
ACC-834803,Class-A,Debt Consolidation,24.8,0," $13,160.00 "
ACC-526203,Class-A,Debt Consolidation,38.2,0," $6,971.00 "
ACC-547694,Class-A,Major Purchase,24.8,1," $29,908.00 "
ACC-355136,Class-A,Home Improvement,24.8,0," $23,220.00 "
ACC-329237,Class-A,N/A,12.5,0," $38,854.00 "
ACC-225647,Class-A,Home Improvement,12.5,1," $37,628.00 "
ACC-476752,Class-A,Home Improvement,12.5,0," $7,213.00 "
ACC-113224,Class-A,Home Improvement,24.8,0," $11,579.00 "
ACC-928458,Class-B,Small Business,12.5,0," $19,659.00 "
ACC-111157,Class-C,Debt Consolidation,24.8,0," $5,636.00 "
ACC-453653,Class-A,Debt Consolidation,38.2,0," $19,574.00 "
ACC-612351,Class-B,Debt Consolidation,24.8,0," $6,393.00 "
ACC-790871,UNKNOWN,Major Purchase,55.0,0," $12,047.00 "
ACC-542236,Class-B,Home Improvement,55.0,0," $22,322.00 "
ACC-348966,Class-A,Debt Consolidation,38.2,0," $11,416.00 "
ACC-822451,Class-A,Home Improvement,24.8,1," $35,025.00 "
ACC-121847,Class-B,Home Improvement,12.5,0," $29,030.00 "
ACC-927433,UNKNOWN,Debt Consolidation,24.8,0," $22,981.00 "
ACC-824218,Class-A,Debt Consolidation,38.2,0," $38,500.00 "
ACC-283468,Class-A,Home Improvement,12.5,0," $16,114.00 "
ACC-668489,Class-B,Debt Consolidation,12.5,0," $37,814.00 "
ACC-274103,,Debt Consolidation,,0," $21,838.00 "
ACC-509413,Class-A,Home Improvement,12.5,0," $34,331.00 "
ACC-492809,Class-A,Major Purchase,-1.5,0," $34,789.00 "
ACC-531617,Class-C,Major Purchase,,1," $7,409.00 "
ACC-602488,Class-B,Home Improvement,38.2,0," $22,306.00 "
ACC-850444,Class-B,Debt Consolidation,12.5,0," $23,442.00 "
ACC-269055,Class-B,N/A,24.8,1," $40,095.00 "
ACC-915681,Class-A,Home Improvement,99.9,0," $40,140.00 "
ACC-835244,Class-B,Home Improvement,12.5,0," $21,264.00 "
ACC-664424,Class-A,Home Improvement,,0," $13,152.00 "
ACC-442579,Class-B,Small Business,24.8,0," $13,042.00 "
ACC-912219,Class-B,Debt Consolidation,55.0,0," $28,993.00 "
ACC-883933,Class-C,Debt Consolidation,24.8,0," $44,847.00 "
ACC-167656,,Debt Consolidation,,0," $20,297.00 "
ACC-802037,Class-B,Debt Consolidation,12.5,1," $31,422.00 "
ACC-507731,Class-A,Home Improvement,12.5,0," $44,060.00 "
ACC-707629,Class-A,Debt Consolidation,55.0,0," $39,753.00 "
ACC-772816,Class-C,Debt Consolidation,38.2,1," $16,572.00 "
ACC-716332,Class-A,Small Business,12.5,0," $26,179.00 "
ACC-152488,Class-B,Debt Consolidation,55.0,0," $44,133.00 "
ACC-435986,Class-A,Home Improvement,12.5,1," $16,192.00 "
ACC-606327,Class-B,Debt Consolidation,38.2,1," $35,001.00 "
ACC-447188,Class-C,Debt Consolidation,12.5,0," $7,541.00 "
ACC-506769,Class-A,Home Improvement,38.2,1," $18,482.00 "
ACC-131329,Class-A,Home Improvement,24.8,0," $37,966.00 "
ACC-876973,Class-A,Home Improvement,38.2,0," $28,339.00 "
ACC-531806,UNKNOWN,Home Improvement,,0," $38,750.00 "
ACC-668659,Class-A,Debt Consolidation,55.0,0," $17,169.00 "
ACC-738424,Class-C,Home Improvement,12.5,0," $26,358.00 "
ACC-696568,Class-A,Major Purchase,12.5,0," $19,092.00 "
ACC-332407,Class-A,Debt Consolidation,24.8,0," $16,064.00 "
ACC-203386,Class-A,Small Business,,0," $42,798.00 "
ACC-653980,Class-A,Debt Consolidation,24.8,0," $18,790.00 "
ACC-660361,UNKNOWN,Home Improvement,38.2,0," $40,288.00 "
ACC-333344,Class-A,Small Business,24.8,1," $27,832.00 "
ACC-716593,Class-B,Home Improvement,38.2,0," $14,471.00 "
ACC-807870,Class-C,Debt Consolidation,38.2,0," $7,065.00 "
ACC-321567,Class-A,Small Business,24.8,0," $35,094.00 "
ACC-734609,Class-B,Small Business,24.8,0," $23,469.00 "
ACC-617170,Class-A,Debt Consolidation,24.8,1," $35,648.00 "
ACC-868343,Class-A,Home Improvement,24.8,0," $19,808.00 "
ACC-497357,Class-B,Small Business,38.2,0," $11,776.00 "
ACC-903876,Class-B,Debt Consolidation,,0," $6,809.00 "
ACC-758484,Class-B,Home Improvement,38.2,0," $22,224.00 "
ACC-616604,Class-A,Debt Consolidation,,0," $38,424.00 "
ACC-582173,Class-C,Home Improvement,24.8,1," $33,880.00 "
ACC-225524,Class-A,Major Purchase,12.5,0," $5,292.00 "
ACC-323257,Class-B,Major Purchase,24.8,0," $34,618.00 "
ACC-854135,Class-A,N/A,12.5,0," $13,012.00 "
ACC-403425,Class-B,Major Purchase,38.2,0," $19,719.00 "
ACC-125731,Class-B,Home Improvement,99.9,0," $34,149.00 "
ACC-244572,Class-A,Debt Consolidation,,0," $19,512.00 "
ACC-725379,Class-B,Debt Consolidation,12.5,1," $13,864.00 "
ACC-201444,Class-C,Debt Consolidation,12.5,0," $21,230.00 "
ACC-335107,Class-A,Home Improvement,12.5,0," $7,642.00 "
ACC-978229,Class-C,Debt Consolidation,38.2,0," $26,157.00 "
ACC-616829,,Debt Consolidation,,0," $26,011.00 "
ACC-172724,Class-B,Home Improvement,24.8,0," $9,003.00 "
ACC-384271,Class-A,Debt Consolidation,,1," $31,690.00 "
ACC-736612,Class-A,Debt Consolidation,24.8,0," $11,848.00 "
ACC-815410,Class-C,Major Purchase,38.2,0," $29,105.00 "
ACC-210509,Class-A,Debt Consolidation,12.5,0," $36,414.00 "
ACC-222221,Class-B,Home Improvement,24.8,0," $20,236.00 "
ACC-367520,Class-B,Debt Consolidation,12.5,0," $43,099.00 "
ACC-636713,Class-C,Debt Consolidation,24.8,0," $28,117.00 "
ACC-932058,Class-A,Home Improvement,12.5,0," $34,631.00 "
ACC-362205,Class-B,Debt Consolidation,12.5,0," $43,502.00 "
ACC-391021,,Debt Consolidation,,0," $12,145.00 "
ACC-384194,Class-A,Debt Consolidation,24.8,1," $31,523.00 "
ACC-961354,Class-A,Home Improvement,99.9,0," $28,652.00 "
ACC-647830,Class-B,Home Improvement,12.5,0," $16,882.00 "
ACC-458482,Class-A,Debt Consolidation,12.5,1," $44,051.00 "
ACC-105450,Class-B,Small Business,,0," $12,102.00 "
ACC-938269,Class-A,Small Business,24.8,0," $43,684.00 "
ACC-473297,Class-B,Debt Consolidation,55.0,0," $38,118.00 "
ACC-573981,Class-B,Home Improvement,12.5,0," $29,589.00 "
ACC-892997,Class-B,Debt Consolidation,24.8,0," $36,169.00 "
ACC-924800,Class-B,Major Purchase,99.9,0," $8,329.00 "
ACC-254447,Class-B,Small Business,12.5,0," $13,631.00 "
ACC-257144,Class-B,Debt Consolidation,24.8,0," $34,779.00 "
ACC-673875,Class-B,Debt Consolidation,,0," $14,805.00 "
ACC-889554,Class-B,Home Improvement,55.0,0," $6,639.00 "
ACC-758472,Class-B,N/A,12.5,0," $19,016.00 "
ACC-367905,Class-B,Debt Consolidation,24.8,0," $26,833.00 "
ACC-182530,Class-C,Debt Consolidation,12.5,0," $39,585.00 "
ACC-975012,Class-B,N/A,12.5,1," $41,101.00 "
ACC-791353,Class-C,N/A,24.8,0," $40,256.00 "
ACC-719533,Class-A,Home Improvement,12.5,0," $13,451.00 "
ACC-166907,Class-A,Debt Consolidation,38.2,0," $35,275.00 "
ACC-555452,Class-B,Debt Consolidation,38.2,0," $6,055.00 "
ACC-609866,Class-A,Debt Consolidation,55.0,0," $9,410.00 "
ACC-908265,,Debt Consolidation,,0," $22,130.00 "
ACC-958089,Class-C,Debt Consolidation,12.5,0," $25,743.00 "
ACC-885145,Class-C,Home Improvement,38.2,1," $42,860.00 "
ACC-489098,,Home Improvement,,0," $20,214.00 "
ACC-588039,Class-C,N/A,,0," $20,495.00 "
ACC-991830,Class-B,Debt Consolidation,38.2,0," $8,019.00 "
ACC-293454,Class-C,Home Improvement,55.0,0," $11,136.00 "
ACC-802489,,Home Improvement,,0," $20,018.00 "
ACC-929041,Class-B,Debt Consolidation,38.2,0," $41,847.00 "
ACC-489131,Class-A,Home Improvement,12.5,0," $8,042.00 "
ACC-679916,Class-B,Debt Consolidation,38.2,0," $13,926.00 "
ACC-884765,,Debt Consolidation,,0," $32,446.00 "
ACC-475936,Class-A,Small Business,12.5,0," $12,905.00 "
ACC-735384,Class-C,Debt Consolidation,24.8,0," $9,950.00 "
ACC-911963,Class-B,Major Purchase,24.8,0," $15,861.00 "
ACC-416774,Class-B,Small Business,55.0,0," $13,895.00 "
ACC-351174,Class-A,Major Purchase,38.2,0," $32,006.00 "
ACC-140838,Class-A,Small Business,,0," $16,600.00 "
ACC-284723,Class-B,Debt Consolidation,,0," $24,770.00 "
ACC-961410,Class-C,Home Improvement,24.8,0," $36,131.00 "
ACC-260891,Class-B,Major Purchase,38.2,0," $11,550.00 "
ACC-333591,Class-A,Debt Consolidation,12.5,1," $43,416.00 "
ACC-653823,Class-B,Debt Consolidation,38.2,0," $27,655.00 "
ACC-566725,Class-A,Debt Consolidation,24.8,1," $26,011.00 "
ACC-838521,Class-B,Debt Consolidation,24.8,1," $31,466.00 "
ACC-752684,Class-B,N/A,-1.5,0," $6,581.00 "
ACC-105523,Class-B,Home Improvement,24.8,0," $12,992.00 "
ACC-818437,Class-A,Small Business,24.8,0," $26,870.00 "
ACC-246205,Class-A,Home Improvement,24.8,0," $8,891.00 "
ACC-864419,Class-C,Small Business,12.5,0," $35,114.00 "
ACC-403869,Class-B,Home Improvement,55.0,0," $40,102.00 "
ACC-910585,Class-C,Home Improvement,12.5,0," $21,870.00 "
ACC-989382,Class-C,Small Business,38.2,0," $23,245.00 "
ACC-594436,UNKNOWN,Debt Consolidation,38.2,0," $9,120.00 "
ACC-894590,Class-C,Debt Consolidation,,0," $16,103.00 "
ACC-313339,Class-B,Debt Consolidation,55.0,0," $37,407.00 "
ACC-425290,,Small Business,,0," $23,140.00 "
ACC-909575,Class-B,Debt Consolidation,99.9,0," $5,637.00 "
ACC-175637,Class-B,Small Business,55.0,0," $12,767.00 "
ACC-137057,Class-B,Home Improvement,38.2,0," $27,713.00 "
ACC-328560,Class-B,Major Purchase,55.0,1," $22,466.00 "
ACC-680936,Class-A,Debt Consolidation,99.9,0," $24,687.00 "
ACC-847299,Class-A,Home Improvement,24.8,0," $25,516.00 "
ACC-537459,Class-A,Home Improvement,,0," $10,616.00 "
ACC-416600,Class-B,Home Improvement,38.2,0," $8,917.00 "
ACC-200789,Class-C,Debt Consolidation,55.0,0," $23,156.00 "
ACC-831191,Class-A,Debt Consolidation,38.2,0," $33,340.00 "
ACC-954872,Class-B,Home Improvement,24.8,0," $13,435.00 "
ACC-217073,Class-A,Debt Consolidation,55.0,0," $21,277.00 "
ACC-234374,Class-B,Debt Consolidation,12.5,0," $40,504.00 "
ACC-541493,Class-A,N/A,24.8,0," $5,704.00 "
ACC-242927,Class-A,Small Business,12.5,0," $28,557.00 "
ACC-847509,Class-A,Home Improvement,12.5,0," $10,240.00 "
ACC-181765,,N/A,,0," $33,903.00 "
ACC-644626,Class-A,Debt Consolidation,24.8,0," $36,571.00 "
ACC-904945,Class-C,Small Business,12.5,0," $24,965.00 "
ACC-985568,Class-B,Small Business,12.5,0," $36,789.00 "
ACC-759941,Class-A,N/A,38.2,0," $29,454.00 "
ACC-479958,Class-C,Home Improvement,,0," $31,664.00 "
ACC-236659,UNKNOWN,Small Business,12.5,0," $6,899.00 "
ACC-850985,Class-A,Debt Consolidation,12.5,0," $12,582.00 "
ACC-725349,Class-A,Home Improvement,12.5,0," $30,561.00 "
ACC-528537,Class-B,Debt Consolidation,55.0,0," $38,836.00 "
ACC-529734,Class-A,Debt Consolidation,99.9,0," $39,420.00 "
ACC-730859,Class-A,Debt Consolidation,24.8,0," $39,118.00 "
ACC-772533,Class-B,Small Business,38.2,0," $40,096.00 "
ACC-965995,Class-C,Debt Consolidation,12.5,0," $14,003.00 "
ACC-583077,Class-B,Debt Consolidation,12.5,0," $10,069.00 "
ACC-408740,Class-C,Debt Consolidation,38.2,0," $34,188.00 "
ACC-858796,Class-B,Major Purchase,38.2,0," $38,709.00 "
ACC-921178,UNKNOWN,Major Purchase,12.5,0," $25,722.00 "
ACC-974631,Class-B,Debt Consolidation,38.2,0," $27,691.00 "
ACC-633655,Class-C,Small Business,24.8,0," $16,164.00 "
ACC-245946,Class-B,Small Business,12.5,0," $10,652.00 "
ACC-131789,UNKNOWN,Debt Consolidation,12.5,0," $41,330.00 "
ACC-925792,Class-C,Home Improvement,12.5,0," $41,914.00 "
ACC-575161,Class-A,Home Improvement,12.5,0," $28,660.00 "
ACC-537867,Class-A,Home Improvement,55.0,0," $6,531.00 "
ACC-477581,Class-A,Home Improvement,55.0,0," $20,868.00 "
ACC-146115,Class-A,Debt Consolidation,38.2,0," $22,919.00 "
ACC-147202,Class-A,Small Business,12.5,0," $19,456.00 "
ACC-792603,Class-A,Home Improvement,55.0,0," $23,051.00 "
ACC-924566,Class-B,Home Improvement,55.0,1," $29,661.00 "
ACC-763593,Class-C,Debt Consolidation,38.2,0," $26,068.00 "
ACC-820040,Class-B,Major Purchase,38.2,0," $17,106.00 "
ACC-996238,Class-B,Home Improvement,24.8,0," $7,724.00 "
ACC-301488,Class-A,Debt Consolidation,55.0,0," $11,950.00 "
ACC-490606,Class-B,Debt Consolidation,,0," $44,544.00 "
ACC-561835,Class-B,Home Improvement,24.8,0," $6,388.00 "
ACC-589667,Class-A,Home Improvement,38.2,0," $16,874.00 "
ACC-705642,Class-B,Debt Consolidation,,0," $13,483.00 "
ACC-795773,Class-C,Home Improvement,,1," $22,833.00 "
ACC-703855,,Major Purchase,,0," $37,012.00 "
ACC-966394,UNKNOWN,Home Improvement,24.8,0," $5,858.00 "
ACC-517385,Class-C,Debt Consolidation,38.2,0," $37,555.00 "
ACC-163796,Class-B,N/A,12.5,0," $27,811.00 "
ACC-942121,Class-A,Debt Consolidation,12.5,0," $33,082.00 "
ACC-820870,Class-B,Debt Consolidation,12.5,0," $30,439.00 "
ACC-582039,UNKNOWN,Home Improvement,24.8,0," $34,854.00 "
ACC-692320,Class-A,Home Improvement,12.5,0," $22,470.00 "
ACC-621519,UNKNOWN,Debt Consolidation,24.8,0," $15,468.00 "
ACC-249240,Class-A,Home Improvement,99.9,0," $26,968.00 "
ACC-198552,Class-A,N/A,38.2,1," $21,476.00 "
ACC-709667,Class-B,Home Improvement,24.8,0," $39,953.00 "
ACC-451184,,Home Improvement,,1," $43,370.00 "
ACC-319141,Class-A,Debt Consolidation,24.8,1," $30,478.00 "
ACC-104778,Class-A,Major Purchase,12.5,0," $16,549.00 "
ACC-693233,Class-B,Home Improvement,12.5,0," $25,160.00 "
ACC-227697,UNKNOWN,Home Improvement,24.8,0," $37,520.00 "
ACC-918717,Class-A,Home Improvement,12.5,0," $40,591.00 "
ACC-168919,Class-A,Debt Consolidation,24.8,0," $40,573.00 "
ACC-610102,Class-B,Major Purchase,24.8,0," $5,445.00 "
ACC-199394,Class-B,Home Improvement,12.5,0," $35,471.00 "
ACC-739477,Class-A,Debt Consolidation,12.5,0," $18,924.00 "
ACC-147997,Class-A,Debt Consolidation,55.0,0," $27,949.00 "
ACC-207036,Class-B,Debt Consolidation,12.5,0," $27,894.00 "
ACC-443865,Class-B,Small Business,,0," $22,928.00 "
ACC-624866,Class-B,Debt Consolidation,38.2,0," $36,249.00 "
ACC-881226,UNKNOWN,N/A,12.5,0," $6,801.00 "
ACC-175602,Class-A,Debt Consolidation,12.5,0," $8,190.00 "
ACC-891928,Class-A,Debt Consolidation,38.2,0," $35,314.00 "
ACC-933978,Class-A,Small Business,38.2,0," $30,642.00 "
ACC-245115,Class-B,Debt Consolidation,12.5,1," $14,507.00 "
ACC-499750,Class-C,Small Business,12.5,0," $26,738.00 "
ACC-896674,Class-A,Debt Consolidation,12.5,0," $6,891.00 "
ACC-135799,Class-B,Home Improvement,38.2,0," $19,920.00 "
ACC-164286,Class-A,Debt Consolidation,38.2,0," $14,283.00 "
ACC-514886,Class-A,Debt Consolidation,12.5,0," $8,558.00 "
ACC-209778,Class-B,Home Improvement,55.0,0," $39,185.00 "
ACC-687547,Class-B,Home Improvement,24.8,0," $11,234.00 "
ACC-764439,Class-B,Debt Consolidation,12.5,0," $26,446.00 "
ACC-751816,Class-A,Debt Consolidation,12.5,0," $35,925.00 "
ACC-522759,Class-B,Debt Consolidation,12.5,0," $33,931.00 "
ACC-650271,Class-A,Home Improvement,12.5,0," $9,047.00 "
ACC-101845,Class-C,Small Business,12.5,0," $35,269.00 "
ACC-335191,Class-A,Debt Consolidation,12.5,0," $39,358.00 "
ACC-259862,Class-B,Small Business,55.0,0," $16,538.00 "
ACC-911784,Class-A,Home Improvement,38.2,0," $37,396.00 "
ACC-111814,Class-A,Small Business,,0," $27,058.00 "
ACC-683013,Class-A,Major Purchase,38.2,0," $31,256.00 "
ACC-938756,Class-B,Debt Consolidation,55.0,0," $35,422.00 "
ACC-732778,Class-A,Small Business,24.8,0," $18,883.00 "
ACC-515681,Class-A,Debt Consolidation,38.2,0," $42,849.00 "
ACC-838365,Class-B,Debt Consolidation,24.8,0," $41,746.00 "
ACC-964644,Class-B,Debt Consolidation,38.2,0," $18,000.00 "
ACC-836753,Class-A,Debt Consolidation,,0," $9,350.00 "
ACC-896599,Class-A,N/A,12.5,0," $38,677.00 "
ACC-644231,Class-A,Debt Consolidation,24.8,0," $34,010.00 "
ACC-256239,Class-A,Small Business,55.0,0," $44,328.00 "
ACC-156517,Class-B,Debt Consolidation,,0," $36,804.00 "
ACC-137703,Class-B,Home Improvement,24.8,0," $44,079.00 "
ACC-211203,,Debt Consolidation,,1," $25,984.00 "
ACC-708882,Class-C,Debt Consolidation,12.5,0," $20,579.00 "
ACC-168856,Class-B,Debt Consolidation,24.8,0," $8,836.00 "
ACC-478414,Class-A,Home Improvement,55.0,0," $21,202.00 "
ACC-393425,,N/A,,0," $13,688.00 "
ACC-183945,Class-A,Small Business,38.2,0," $10,648.00 "
ACC-601729,Class-A,Home Improvement,38.2,0," $24,402.00 "
ACC-809350,Class-A,Debt Consolidation,12.5,0," $43,823.00 "
ACC-992103,,Debt Consolidation,,0," $14,566.00 "
ACC-241160,Class-B,Debt Consolidation,12.5,0," $40,830.00 "
ACC-459044,Class-B,Home Improvement,24.8,0," $22,506.00 "
ACC-118739,Class-A,Home Improvement,55.0,0," $10,108.00 "
ACC-317008,Class-B,N/A,24.8,0," $30,269.00 "
ACC-949676,Class-A,Debt Consolidation,38.2,1," $40,908.00 "
ACC-521997,Class-C,Debt Consolidation,55.0,0," $19,447.00 "
ACC-391649,Class-A,Small Business,-1.5,0," $6,481.00 "
ACC-942590,Class-A,Small Business,,0," $25,408.00 "
ACC-487842,Class-A,Home Improvement,24.8,1," $31,538.00 "
ACC-546537,Class-B,Debt Consolidation,24.8,1," $43,347.00 "
ACC-463137,Class-B,N/A,12.5,0," $42,625.00 "
ACC-786327,Class-A,Small Business,,0," $13,258.00 "
ACC-609021,Class-B,Small Business,12.5,1," $25,425.00 "
ACC-567165,Class-A,Home Improvement,24.8,0," $40,705.00 "
ACC-570461,Class-A,Small Business,12.5,0," $5,837.00 "
ACC-533918,Class-A,Debt Consolidation,55.0,0," $20,558.00 "
ACC-308803,Class-A,Home Improvement,55.0,0," $26,558.00 "
ACC-290322,Class-B,Home Improvement,55.0,0," $14,668.00 "
ACC-114244,Class-A,Debt Consolidation,12.5,0," $29,785.00 "
ACC-309659,Class-B,Debt Consolidation,38.2,1," $30,772.00 "
ACC-493271,Class-A,Small Business,12.5,0," $35,333.00 "
ACC-783693,Class-C,Debt Consolidation,12.5,0," $7,740.00 "
ACC-806912,Class-B,Debt Consolidation,12.5,0," $12,589.00 "
ACC-429652,Class-B,N/A,,0," $18,917.00 "
ACC-252229,Class-A,Home Improvement,24.8,0," $27,726.00 "
ACC-518774,Class-B,Home Improvement,38.2,0," $8,853.00 "
ACC-247517,Class-A,Debt Consolidation,38.2,0," $24,978.00 "
ACC-369118,Class-C,Home Improvement,55.0,0," $33,676.00 "
ACC-453419,Class-B,Home Improvement,12.5,1," $40,693.00 "
ACC-522917,Class-C,Debt Consolidation,12.5,0," $6,613.00 "
ACC-345288,Class-B,Home Improvement,24.8,0," $19,965.00 "
ACC-936216,Class-A,Home Improvement,24.8,0," $14,055.00 "
ACC-987148,,Major Purchase,,0," $31,796.00 "
ACC-719650,Class-B,N/A,24.8,0," $6,452.00 "
ACC-102210,Class-B,Home Improvement,38.2,0," $7,436.00 "
ACC-886620,Class-A,Small Business,55.0,0," $40,768.00 "
ACC-340543,Class-C,Home Improvement,24.8,0," $12,174.00 "
ACC-872785,Class-C,N/A,12.5,0," $15,734.00 "
ACC-509189,Class-C,Debt Consolidation,55.0,0," $28,435.00 "
ACC-221471,UNKNOWN,Small Business,12.5,0," $17,500.00 "
ACC-120477,Class-B,Home Improvement,24.8,0," $38,657.00 "
ACC-765018,Class-B,Major Purchase,12.5,0," $41,102.00 "
ACC-111281,Class-B,Small Business,24.8,0," $28,395.00 "
ACC-164214,Class-B,Home Improvement,55.0,1," $43,604.00 "
ACC-343924,Class-A,Debt Consolidation,12.5,1," $12,078.00 "
ACC-152124,Class-B,Home Improvement,24.8,0," $11,067.00 "
ACC-104729,Class-A,Debt Consolidation,12.5,0," $28,332.00 "
ACC-233672,Class-B,Major Purchase,24.8,0," $8,996.00 "
ACC-467236,Class-B,Debt Consolidation,38.2,0," $30,164.00 "
ACC-226563,Class-B,N/A,12.5,0," $12,993.00 "
ACC-902076,Class-C,Small Business,24.8,0," $6,811.00 "
ACC-881005,Class-B,Small Business,,0," $31,163.00 "
ACC-466904,Class-B,Debt Consolidation,12.5,0," $5,628.00 "
ACC-681739,Class-A,Major Purchase,,0," $22,069.00 "
ACC-281545,Class-A,Debt Consolidation,55.0,0," $35,098.00 "
ACC-811485,Class-C,Home Improvement,,0," $12,526.00 "
ACC-795771,Class-B,Home Improvement,38.2,0," $29,316.00 "
ACC-269366,,Debt Consolidation,,0," $21,820.00 "
ACC-423079,Class-C,Home Improvement,24.8,0," $19,928.00 "
ACC-766206,Class-B,Major Purchase,,0," $12,727.00 "
ACC-273041,Class-A,Debt Consolidation,38.2,0," $38,963.00 "
ACC-902428,Class-A,Debt Consolidation,38.2,0," $39,870.00 "
ACC-524576,Class-A,Small Business,24.8,0," $24,733.00 "
ACC-921628,Class-B,Home Improvement,38.2,0," $5,049.00 "
ACC-139630,Class-B,Home Improvement,38.2,0," $31,657.00 "
ACC-664965,Class-B,Major Purchase,,0," $35,602.00 "
ACC-713899,Class-C,Home Improvement,,0," $30,627.00 "
ACC-430846,Class-A,Debt Consolidation,38.2,0," $44,106.00 "
ACC-617955,UNKNOWN,Small Business,24.8,0," $27,449.00 "
ACC-890348,Class-B,Small Business,,0," $25,488.00 "
ACC-278125,Class-C,Debt Consolidation,55.0,0," $35,825.00 "
ACC-924317,,Small Business,,0," $36,115.00 "
ACC-590333,Class-B,Small Business,24.8,0," $36,930.00 "
ACC-645290,Class-B,Home Improvement,24.8,0," $26,185.00 "
ACC-860155,Class-B,Home Improvement,38.2,0," $10,558.00 "
ACC-600318,Class-A,Small Business,12.5,0," $8,664.00 "
ACC-926829,Class-A,Small Business,99.9,0," $23,666.00 "
ACC-546142,Class-C,Debt Consolidation,55.0,0," $19,743.00 "
ACC-200801,Class-A,N/A,38.2,0," $26,358.00 "
ACC-997901,Class-B,Debt Consolidation,38.2,0," $28,174.00 "
ACC-107860,Class-C,Debt Consolidation,55.0,0," $19,896.00 "
ACC-442253,Class-B,Small Business,24.8,0," $29,783.00 "
ACC-143019,,Debt Consolidation,,0," $16,677.00 "
ACC-651844,Class-B,Home Improvement,,0," $7,156.00 "
ACC-587310,Class-B,N/A,24.8,0," $35,629.00 "
ACC-961128,Class-B,Debt Consolidation,55.0,1," $22,703.00 "
ACC-333661,Class-A,Debt Consolidation,12.5,0," $34,964.00 "
ACC-240190,Class-C,Small Business,12.5,1," $39,389.00 "
ACC-125139,Class-A,Home Improvement,12.5,0," $36,632.00 "
ACC-932579,Class-A,Debt Consolidation,-1.5,0," $33,110.00 "
ACC-372134,Class-A,Debt Consolidation,55.0,0," $33,812.00 "
ACC-260827,,Debt Consolidation,,1," $38,793.00 "
ACC-649294,Class-B,Small Business,,0," $13,304.00 "
ACC-677631,Class-A,Debt Consolidation,55.0,1," $40,755.00 "
ACC-975165,Class-A,Small Business,55.0,1," $38,880.00 "
ACC-251213,Class-B,Debt Consolidation,,0," $8,682.00 "
ACC-405441,Class-C,Small Business,12.5,0," $26,347.00 "
ACC-568239,Class-A,Debt Consolidation,55.0,0," $31,567.00 "
ACC-388457,Class-B,Debt Consolidation,,0," $41,439.00 "
ACC-869084,Class-C,Debt Consolidation,24.8,0," $6,411.00 "
ACC-323856,Class-B,Home Improvement,12.5,0," $6,732.00 "
ACC-977706,Class-B,Debt Consolidation,24.8,0," $25,796.00 "
ACC-297798,Class-B,Debt Consolidation,24.8,0," $19,331.00 "
ACC-414148,Class-C,Debt Consolidation,24.8,0," $14,640.00 "
ACC-342622,Class-A,Debt Consolidation,24.8,0," $10,533.00 "
ACC-364701,Class-B,Home Improvement,38.2,0," $38,611.00 "
ACC-816754,Class-A,Small Business,24.8,0," $8,194.00 "
ACC-750348,Class-B,Small Business,38.2,0," $24,227.00 "
ACC-821337,Class-B,Small Business,12.5,0," $15,931.00 "
ACC-670820,Class-A,Debt Consolidation,55.0,0," $14,343.00 "
ACC-664651,Class-C,Debt Consolidation,,1," $33,049.00 "
ACC-910460,Class-B,Small Business,55.0,0," $33,597.00 "
ACC-519322,Class-B,Small Business,12.5,0," $42,767.00 "
ACC-537983,Class-B,Debt Consolidation,55.0,0," $24,736.00 "
ACC-262252,Class-C,Home Improvement,24.8,0," $8,596.00 "
ACC-817363,Class-B,Small Business,12.5,0," $41,873.00 "
ACC-869999,Class-A,Home Improvement,24.8,0," $7,955.00 "
ACC-956563,,Debt Consolidation,,0," $26,002.00 "
ACC-421976,UNKNOWN,Home Improvement,99.9,0," $20,371.00 "
ACC-598179,Class-A,Debt Consolidation,12.5,0," $12,468.00 "
ACC-513127,,Small Business,,0," $8,780.00 "
ACC-546020,Class-B,Debt Consolidation,38.2,0," $23,774.00 "
ACC-790526,Class-A,Debt Consolidation,12.5,0," $42,040.00 "
ACC-122449,Class-A,Small Business,12.5,0," $42,387.00 "
ACC-430228,Class-C,Home Improvement,12.5,0," $19,202.00 "
ACC-307028,Class-B,Major Purchase,12.5,0," $43,662.00 "
ACC-821313,Class-B,Small Business,38.2,0," $43,851.00 "
ACC-545393,Class-B,Home Improvement,12.5,0," $16,198.00 "
ACC-598046,Class-B,Home Improvement,24.8,0," $16,597.00 "
ACC-530525,Class-B,Debt Consolidation,12.5,1," $21,314.00 "
ACC-180194,Class-A,Debt Consolidation,12.5,0," $33,170.00 "
ACC-514212,Class-A,Debt Consolidation,24.8,0," $11,778.00 "
ACC-891436,Class-A,Debt Consolidation,55.0,0," $34,594.00 "
ACC-407324,Class-B,Debt Consolidation,12.5,0," $30,184.00 "
ACC-565110,Class-A,Debt Consolidation,38.2,0," $9,168.00 "
ACC-400663,Class-B,Home Improvement,38.2,0," $43,622.00 "
ACC-520212,Class-B,Home Improvement,24.8,0," $38,525.00 "
ACC-469075,Class-A,Small Business,12.5,0," $35,316.00 "
ACC-792603,Class-C,Small Business,12.5,0," $24,946.00 "
ACC-200215,Class-C,Debt Consolidation,24.8,0," $42,249.00 "
ACC-486895,Class-A,Major Purchase,-1.5,0," $15,084.00 "
ACC-290131,Class-A,Home Improvement,38.2,0," $22,488.00 "
ACC-240154,Class-C,Major Purchase,12.5,0," $15,830.00 "
ACC-765553,Class-A,Debt Consolidation,24.8,0," $15,057.00 "
ACC-174964,Class-B,Debt Consolidation,12.5,0," $5,230.00 "
ACC-184290,Class-C,Debt Consolidation,,0," $43,584.00 "
ACC-426940,Class-C,Major Purchase,,0," $39,071.00 "
ACC-108466,Class-A,Small Business,,0," $44,324.00 "
ACC-282106,Class-C,Debt Consolidation,24.8,0," $33,994.00 "
ACC-420202,Class-A,Small Business,38.2,0," $43,081.00 "
ACC-822412,Class-C,Small Business,24.8,0," $27,595.00 "
ACC-276722,Class-B,Home Improvement,24.8,0," $42,453.00 "
ACC-941136,Class-B,Debt Consolidation,55.0,0," $15,543.00 "
ACC-304376,,Debt Consolidation,,0," $24,392.00 "
ACC-130836,Class-B,Major Purchase,55.0,1," $30,709.00 "
ACC-341595,Class-A,Debt Consolidation,55.0,0," $23,165.00 "
ACC-768792,Class-B,Debt Consolidation,24.8,0," $15,582.00 "
ACC-104207,Class-B,Major Purchase,12.5,0," $38,962.00 "
ACC-859301,Class-B,Debt Consolidation,55.0,1," $15,331.00 "
ACC-949414,Class-A,Debt Consolidation,24.8,1," $42,622.00 "
ACC-981686,Class-C,Home Improvement,24.8,0," $34,162.00 "
ACC-368334,Class-A,Home Improvement,12.5,0," $26,584.00 "
ACC-926830,UNKNOWN,Home Improvement,24.8,0," $29,091.00 "
ACC-170950,Class-A,Home Improvement,24.8,1," $23,536.00 "
ACC-895897,Class-B,Debt Consolidation,24.8,0," $13,487.00 "
ACC-452447,Class-A,Small Business,12.5,0," $20,348.00 "
ACC-434083,UNKNOWN,Debt Consolidation,55.0,0," $18,820.00 "
ACC-713890,Class-B,Major Purchase,38.2,1," $30,382.00 "
ACC-594805,Class-A,Debt Consolidation,12.5,1," $26,403.00 "
ACC-724402,,Debt Consolidation,,0," $29,255.00 "
ACC-703705,Class-A,Debt Consolidation,12.5,0," $18,147.00 "
ACC-770179,Class-B,Debt Consolidation,38.2,0," $20,264.00 "
ACC-824309,Class-B,Debt Consolidation,24.8,0," $21,277.00 "
ACC-164948,UNKNOWN,Home Improvement,24.8,0," $35,540.00 "
ACC-161594,Class-A,Home Improvement,38.2,0," $17,687.00 "
ACC-298280,Class-C,Major Purchase,24.8,0," $37,862.00 "
ACC-250588,Class-A,Debt Consolidation,38.2,0," $23,139.00 "
ACC-582868,Class-B,Major Purchase,24.8,0," $13,121.00 "
ACC-574734,Class-A,Home Improvement,12.5,0," $33,463.00 "
ACC-294032,Class-B,Home Improvement,55.0,0," $5,234.00 "
ACC-829646,Class-C,Debt Consolidation,12.5,0," $30,956.00 "
ACC-204300,Class-A,Home Improvement,55.0,0," $10,061.00 "
ACC-794942,Class-A,Debt Consolidation,55.0,0," $12,204.00 "
ACC-657477,Class-A,Debt Consolidation,24.8,0," $9,508.00 "
ACC-263926,Class-B,Debt Consolidation,55.0,0," $21,839.00 "
ACC-445876,Class-B,Home Improvement,12.5,0," $19,389.00 "
ACC-434041,UNKNOWN,Debt Consolidation,12.5,0," $42,806.00 "
ACC-552647,Class-A,Debt Consolidation,55.0,0," $7,453.00 "
ACC-431501,Class-B,Debt Consolidation,12.5,0," $39,040.00 "
ACC-800869,UNKNOWN,Major Purchase,55.0,0," $12,400.00 "
ACC-776376,Class-B,Debt Consolidation,12.5,0," $18,653.00 "
ACC-223947,Class-C,Home Improvement,38.2,0," $33,310.00 "
ACC-379936,Class-A,Home Improvement,38.2,0," $42,726.00 "
ACC-413824,Class-B,Small Business,24.8,0," $24,705.00 "
ACC-542483,Class-B,Debt Consolidation,24.8,0," $20,257.00 "
ACC-487930,UNKNOWN,Major Purchase,24.8,0," $14,056.00 "
ACC-505613,Class-C,Home Improvement,24.8,0," $36,067.00 "
ACC-434008,Class-B,Debt Consolidation,38.2,0," $22,513.00 "
ACC-962376,Class-B,Home Improvement,12.5,0," $10,303.00 "
ACC-344008,Class-A,Home Improvement,,0," $37,042.00 "
ACC-303079,,Home Improvement,,0," $28,288.00 "
ACC-780834,Class-B,N/A,55.0,0," $34,849.00 "
ACC-288047,Class-B,Debt Consolidation,24.8,0," $5,419.00 "
ACC-126000,Class-B,Home Improvement,24.8,0," $43,663.00 "
ACC-992914,,Debt Consolidation,,0," $24,724.00 "
ACC-966169,Class-A,Home Improvement,38.2,0," $28,049.00 "
ACC-448033,UNKNOWN,Debt Consolidation,12.5,0," $41,906.00 "
ACC-777466,Class-B,Small Business,12.5,0," $32,546.00 "
ACC-357619,Class-A,Home Improvement,12.5,0," $15,399.00 "
ACC-911380,Class-A,Debt Consolidation,12.5,0," $38,793.00 "
ACC-164107,Class-B,N/A,24.8,1," $6,238.00 "
ACC-468412,Class-A,Small Business,12.5,0," $21,827.00 "
ACC-995050,Class-A,Home Improvement,12.5,1," $9,424.00 "
ACC-654632,Class-A,Major Purchase,12.5,0," $13,492.00 "
ACC-283368,Class-C,Home Improvement,,1," $24,088.00 "
ACC-665167,Class-A,Debt Consolidation,12.5,0," $15,708.00 "
ACC-120091,UNKNOWN,Debt Consolidation,38.2,0," $7,852.00 "
ACC-629426,Class-B,Major Purchase,55.0,0," $32,141.00 "
ACC-697624,Class-A,Debt Consolidation,,0," $9,102.00 "
ACC-820513,Class-B,Debt Consolidation,24.8,0," $25,455.00 "
ACC-371968,Class-B,Home Improvement,12.5,0," $9,411.00 "
ACC-129308,Class-B,Debt Consolidation,12.5,0," $35,158.00 "
ACC-383192,Class-B,Home Improvement,55.0,0," $13,543.00 "
ACC-408853,Class-B,Small Business,12.5,0," $41,110.00 "
ACC-641154,Class-B,Home Improvement,12.5,0," $23,563.00 "
ACC-863112,Class-A,Home Improvement,24.8,1," $7,085.00 "
ACC-931725,Class-C,Debt Consolidation,24.8,0," $13,646.00 "
ACC-873791,Class-B,Debt Consolidation,24.8,0," $6,633.00 "
ACC-470348,Class-A,Home Improvement,38.2,0," $29,301.00 "
ACC-739000,Class-A,Major Purchase,55.0,0," $41,158.00 "
ACC-608658,Class-B,Debt Consolidation,55.0,0," $41,453.00 "
ACC-179385,Class-B,Small Business,12.5,0," $11,359.00 "
ACC-594573,,Home Improvement,,0," $25,137.00 "
ACC-331231,Class-A,Debt Consolidation,38.2,1," $44,571.00 "
ACC-625991,Class-A,Debt Consolidation,12.5,0," $26,646.00 "
ACC-334213,Class-B,Home Improvement,24.8,0," $19,403.00 "
ACC-734788,Class-C,Major Purchase,12.5,0," $26,272.00 "
ACC-576453,Class-A,Debt Consolidation,38.2,0," $37,783.00 "
ACC-860261,Class-A,Debt Consolidation,24.8,0," $18,936.00 "
ACC-589838,Class-C,Debt Consolidation,55.0,1," $9,181.00 "
ACC-581300,Class-A,Small Business,38.2,1," $32,456.00 "
ACC-637452,Class-A,Small Business,24.8,0," $12,790.00 "
ACC-615222,Class-A,Debt Consolidation,38.2,0," $17,974.00 "
ACC-389536,Class-B,Debt Consolidation,12.5,0," $7,006.00 "
ACC-552037,Class-B,Small Business,55.0,1," $13,906.00 "
ACC-423867,Class-A,Debt Consolidation,55.0,0," $33,741.00 "
ACC-286382,Class-A,N/A,38.2,0," $37,300.00 "
ACC-330039,Class-A,Home Improvement,24.8,0," $12,951.00 "
ACC-190310,Class-B,Debt Consolidation,24.8,0," $44,222.00 "
ACC-703065,Class-B,Debt Consolidation,24.8,0," $37,662.00 "
ACC-995910,Class-A,Debt Consolidation,38.2,0," $32,677.00 "
ACC-425053,Class-B,Debt Consolidation,24.8,0," $17,624.00 "
ACC-434209,Class-B,Small Business,24.8,0," $43,362.00 "
ACC-506224,Class-B,Debt Consolidation,12.5,0," $30,245.00 "
ACC-695677,Class-A,Debt Consolidation,12.5,0," $14,492.00 "
ACC-870193,Class-A,Home Improvement,99.9,0," $17,878.00 "
ACC-330653,Class-A,Debt Consolidation,38.2,1," $17,821.00 "
ACC-491091,Class-A,Small Business,38.2,0," $16,440.00 "
ACC-309461,Class-A,Major Purchase,,0," $21,671.00 "
ACC-823999,Class-C,Debt Consolidation,12.5,0," $11,100.00 "
ACC-925856,UNKNOWN,Small Business,24.8,0," $14,767.00 "
ACC-446853,Class-C,Debt Consolidation,24.8,0," $20,667.00 "
ACC-278785,Class-A,Small Business,,1," $13,635.00 "
ACC-520406,Class-C,Small Business,12.5,0," $39,387.00 "
ACC-151701,Class-B,Debt Consolidation,12.5,0," $7,436.00 "
ACC-429629,Class-A,Small Business,55.0,0," $19,279.00 "
ACC-869753,Class-A,Debt Consolidation,12.5,0," $19,601.00 "
ACC-531542,Class-A,Debt Consolidation,55.0,0," $40,568.00 "
ACC-900889,Class-C,Major Purchase,,0," $14,430.00 "
ACC-604623,Class-B,Small Business,38.2,0," $34,694.00 "
ACC-186026,Class-C,Home Improvement,,0," $30,679.00 "
ACC-222623,Class-B,Debt Consolidation,12.5,0," $8,578.00 "
ACC-400407,Class-A,Small Business,,0," $39,174.00 "
ACC-708229,UNKNOWN,Debt Consolidation,55.0,0," $8,180.00 "
ACC-973543,Class-B,Debt Consolidation,12.5,1," $15,039.00 "
ACC-312492,Class-A,Debt Consolidation,,0," $14,454.00 "
ACC-785622,Class-A,Small Business,24.8,1," $44,431.00 "
ACC-102653,Class-B,Small Business,-1.5,0," $36,260.00 "
ACC-299774,Class-B,Debt Consolidation,55.0,0," $42,630.00 "
ACC-793573,Class-A,Major Purchase,12.5,1," $30,170.00 "
ACC-226141,Class-B,Debt Consolidation,12.5,0," $19,809.00 "
ACC-107179,Class-B,Major Purchase,38.2,0," $36,656.00 "
ACC-340366,Class-B,Major Purchase,55.0,0," $36,357.00 "
ACC-980077,Class-B,Debt Consolidation,12.5,1," $38,660.00 "
ACC-207458,Class-A,Debt Consolidation,24.8,0," $13,725.00 "
ACC-383506,Class-A,N/A,55.0,0," $39,417.00 "
ACC-125339,Class-A,Debt Consolidation,12.5,0," $44,704.00 "
ACC-915697,Class-C,Debt Consolidation,38.2,0," $16,076.00 "
ACC-262652,Class-B,Home Improvement,38.2,0," $38,832.00 "
ACC-118267,Class-B,Home Improvement,24.8,0," $12,647.00 "
ACC-692519,Class-B,N/A,38.2,0," $29,786.00 "
ACC-801647,Class-C,Debt Consolidation,,0," $41,803.00 "
ACC-411019,UNKNOWN,Small Business,24.8,0," $23,782.00 "
ACC-431489,Class-B,Home Improvement,12.5,1," $15,261.00 "
ACC-652787,Class-A,Debt Consolidation,38.2,0," $31,241.00 "
ACC-784725,Class-B,Debt Consolidation,12.5,0," $7,869.00 "
ACC-214126,Class-C,Home Improvement,38.2,0," $44,035.00 "
ACC-623041,Class-C,Major Purchase,38.2,0," $18,577.00 "
ACC-308493,Class-A,Small Business,38.2,0," $20,410.00 "
ACC-562137,Class-C,Debt Consolidation,24.8,0," $36,229.00 "
ACC-443483,Class-C,N/A,12.5,0," $7,604.00 "
ACC-732174,Class-B,Debt Consolidation,55.0,0," $35,307.00 "
ACC-894704,Class-A,Small Business,55.0,0," $34,812.00 "
ACC-786148,Class-B,Home Improvement,12.5,0," $29,655.00 "
ACC-954916,,Home Improvement,,1," $44,214.00 "
ACC-501669,UNKNOWN,Small Business,99.9,0," $5,524.00 "
ACC-634745,Class-A,Major Purchase,,0," $30,676.00 "
ACC-542538,Class-A,Home Improvement,12.5,0," $23,473.00 "
ACC-778001,Class-B,Debt Consolidation,,0," $19,503.00 "
ACC-683102,Class-B,Debt Consolidation,55.0,0," $21,946.00 "
ACC-837332,Class-A,Small Business,12.5,0," $7,031.00 "
ACC-742106,Class-B,Debt Consolidation,38.2,0," $17,226.00 "
ACC-690680,Class-B,Major Purchase,12.5,0," $39,115.00 "
ACC-134828,UNKNOWN,Major Purchase,55.0,0," $22,018.00 "
ACC-722247,Class-A,N/A,12.5,0," $40,986.00 "
ACC-595259,Class-C,Debt Consolidation,38.2,1," $36,499.00 "
ACC-572796,Class-A,Debt Consolidation,12.5,0," $21,119.00 "
ACC-885667,UNKNOWN,Major Purchase,38.2,0," $43,075.00 "
ACC-526410,Class-A,Debt Consolidation,24.8,0," $12,305.00 "
ACC-600469,Class-B,Debt Consolidation,24.8,1," $21,542.00 "
ACC-655335,,Home Improvement,,0," $10,331.00 "
ACC-965906,UNKNOWN,Small Business,,0," $17,436.00 "
ACC-955564,Class-A,Home Improvement,-1.5,0," $28,618.00 "
ACC-445483,Class-A,Home Improvement,24.8,0," $9,526.00 "
ACC-327408,Class-A,Debt Consolidation,24.8,0," $8,123.00 "
ACC-636289,Class-A,Home Improvement,55.0,0," $31,910.00 "
ACC-287546,Class-A,Home Improvement,24.8,0," $43,321.00 "
ACC-909311,Class-C,Major Purchase,,0," $23,082.00 "
ACC-662359,UNKNOWN,Debt Consolidation,,0," $39,186.00 "
ACC-664901,Class-A,Small Business,24.8,0," $35,468.00 "
ACC-213032,Class-A,Home Improvement,38.2,0," $30,654.00 "
ACC-799294,Class-C,Home Improvement,24.8,0," $39,913.00 "
ACC-946907,,N/A,,0," $41,744.00 "
ACC-372890,,Debt Consolidation,,0," $41,172.00 "
ACC-371207,Class-A,Debt Consolidation,12.5,0," $11,334.00 "
ACC-512082,,Debt Consolidation,,0," $35,030.00 "
ACC-580246,Class-B,Debt Consolidation,55.0,0," $13,363.00 "
ACC-772231,Class-A,N/A,12.5,0," $41,929.00 "
ACC-722904,Class-B,Small Business,12.5,0," $31,756.00 "
ACC-254374,,Debt Consolidation,,0," $38,487.00 "
ACC-349808,Class-A,N/A,24.8,0," $40,084.00 "
ACC-824863,Class-C,Home Improvement,24.8,0," $12,980.00 "
ACC-317981,Class-A,Debt Consolidation,24.8,0," $5,492.00 "
ACC-542124,Class-A,Debt Consolidation,12.5,0," $35,690.00 "
ACC-485778,Class-B,Debt Consolidation,55.0,0," $12,186.00 "
ACC-918227,UNKNOWN,Debt Consolidation,,0," $28,091.00 "
ACC-126774,Class-A,Debt Consolidation,38.2,1," $11,418.00 "
ACC-548083,Class-A,Debt Consolidation,12.5,0," $35,529.00 "
ACC-369143,Class-B,Home Improvement,38.2,0," $13,942.00 "
ACC-454313,Class-A,Home Improvement,24.8,0," $11,910.00 "
ACC-770631,Class-B,Major Purchase,38.2,0," $24,762.00 "
ACC-501987,Class-C,N/A,24.8,0," $9,249.00 "
ACC-939600,Class-C,Home Improvement,24.8,0," $19,027.00 "
ACC-470895,Class-B,Debt Consolidation,12.5,0," $23,993.00 "
ACC-371444,Class-A,Debt Consolidation,12.5,0," $17,346.00 "
ACC-421973,Class-B,Major Purchase,24.8,0," $19,128.00 "
ACC-396819,Class-B,Debt Consolidation,,0," $16,930.00 "
ACC-919815,Class-A,Debt Consolidation,12.5,0," $18,816.00 "
ACC-451267,Class-C,Home Improvement,24.8,0," $44,368.00 "
ACC-463232,Class-A,Debt Consolidation,55.0,0," $42,109.00 "
ACC-778799,Class-A,Small Business,,0," $42,614.00 "
ACC-819862,,Debt Consolidation,,0," $38,457.00 "
ACC-144688,Class-B,Home Improvement,12.5,0," $9,502.00 "
ACC-967234,Class-A,Debt Consolidation,12.5,0," $7,336.00 "
ACC-181775,UNKNOWN,Debt Consolidation,24.8,0," $43,849.00 "
ACC-551195,Class-A,Home Improvement,,1," $31,658.00 "
ACC-623522,Class-B,Debt Consolidation,38.2,0," $39,453.00 "
ACC-259674,Class-C,Debt Consolidation,24.8,0," $21,604.00 "
ACC-755155,Class-B,Small Business,12.5,0," $43,537.00 "
ACC-745077,Class-B,Debt Consolidation,24.8,1," $17,522.00 "
ACC-925533,Class-B,Home Improvement,,0," $40,189.00 "
ACC-762947,Class-A,Small Business,12.5,0," $41,933.00 "
ACC-641869,Class-A,Home Improvement,24.8,0," $18,774.00 "
ACC-548286,UNKNOWN,Home Improvement,55.0,0," $27,766.00 "
ACC-922121,Class-A,Debt Consolidation,38.2,0," $24,430.00 "
ACC-197014,,Debt Consolidation,,0," $25,197.00 "
ACC-998443,Class-B,Debt Consolidation,24.8,0," $40,724.00 "
ACC-969872,Class-B,Debt Consolidation,38.2,0," $32,794.00 "
ACC-339360,Class-B,Small Business,24.8,0," $32,845.00 "
ACC-718793,Class-B,Debt Consolidation,24.8,0," $40,138.00 "
ACC-659154,Class-B,Home Improvement,,1," $22,848.00 "
ACC-460022,UNKNOWN,Home Improvement,12.5,0," $22,474.00 "
ACC-518576,Class-A,Home Improvement,38.2,1," $13,683.00 "
ACC-624478,Class-B,Debt Consolidation,55.0,0," $19,012.00 "
ACC-321613,Class-A,Debt Consolidation,24.8,0," $25,434.00 "
ACC-118638,Class-B,Small Business,24.8,1," $28,139.00 "
ACC-845412,Class-A,Debt Consolidation,55.0,0," $31,694.00 "
ACC-894346,Class-C,Small Business,55.0,0," $9,492.00 "
ACC-422014,Class-B,Home Improvement,12.5,0," $17,953.00 "
ACC-616249,Class-A,Debt Consolidation,,0," $40,334.00 "
ACC-415733,Class-B,Debt Consolidation,,0," $30,496.00 "
ACC-338432,Class-A,Debt Consolidation,24.8,0," $26,862.00 "
ACC-542534,UNKNOWN,Small Business,12.5,0," $19,071.00 "
ACC-508542,Class-C,Debt Consolidation,12.5,0," $33,438.00 "
ACC-185192,Class-B,Major Purchase,55.0,0," $33,189.00 "
ACC-130093,Class-A,Debt Consolidation,38.2,0," $7,319.00 "
ACC-201336,Class-B,Major Purchase,,1," $44,709.00 "
ACC-253224,Class-A,Debt Consolidation,38.2,0," $29,879.00 "
ACC-743291,Class-B,Debt Consolidation,38.2,1," $42,289.00 "
ACC-852447,Class-A,Debt Consolidation,55.0,1," $12,205.00 "
ACC-621673,Class-C,Home Improvement,38.2,0," $17,901.00 "
ACC-660580,Class-B,Small Business,99.9,0," $16,735.00 "
ACC-870994,Class-A,Debt Consolidation,12.5,0," $15,257.00 "
ACC-278019,Class-B,Debt Consolidation,55.0,0," $26,822.00 "
ACC-184675,,Debt Consolidation,,0," $32,242.00 "
ACC-769857,Class-B,Small Business,24.8,1," $20,733.00 "
ACC-642947,Class-A,Debt Consolidation,24.8,0," $34,163.00 "
ACC-879492,Class-A,Small Business,12.5,0," $32,258.00 "
ACC-965918,Class-B,Small Business,24.8,0," $24,436.00 "
ACC-178237,Class-B,Debt Consolidation,,0," $10,332.00 "
ACC-696102,Class-A,Debt Consolidation,24.8,1," $30,380.00 "
ACC-945253,Class-A,Home Improvement,55.0,0," $8,732.00 "
ACC-303375,Class-B,Debt Consolidation,12.5,0," $35,383.00 "
ACC-403849,Class-A,Small Business,38.2,0," $41,146.00 "
ACC-347052,Class-A,Home Improvement,55.0,0," $15,640.00 "
ACC-632456,Class-A,Small Business,24.8,0," $10,939.00 "
ACC-543145,Class-A,Debt Consolidation,55.0,0," $11,237.00 "
ACC-159616,Class-C,Debt Consolidation,24.8,0," $19,819.00 "
ACC-670178,Class-B,Home Improvement,24.8,0," $8,471.00 "
ACC-561922,Class-A,Small Business,55.0,0," $33,133.00 "
ACC-862311,Class-A,Debt Consolidation,12.5,0," $12,330.00 "
ACC-143241,Class-C,Home Improvement,12.5,0," $12,067.00 "
ACC-159348,Class-A,Home Improvement,24.8,0," $22,543.00 "
ACC-952067,Class-C,Debt Consolidation,,1," $16,418.00 "
ACC-185337,Class-B,Debt Consolidation,24.8,0," $44,345.00 "
ACC-396173,Class-A,Debt Consolidation,24.8,0," $29,582.00 "
ACC-432754,Class-A,Home Improvement,12.5,0," $13,692.00 "
ACC-514339,Class-A,Home Improvement,,0," $42,672.00 "
ACC-946680,Class-A,Debt Consolidation,24.8,0," $17,198.00 "
ACC-836117,Class-C,Debt Consolidation,24.8,0," $34,012.00 "
ACC-305833,Class-A,Home Improvement,38.2,1," $39,459.00 "
ACC-394744,Class-A,Home Improvement,12.5,0," $41,059.00 "
ACC-976030,Class-A,Debt Consolidation,,0," $31,744.00 "
ACC-417416,Class-B,Home Improvement,12.5,0," $23,241.00 "
ACC-944808,Class-A,Debt Consolidation,12.5,0," $6,705.00 "
ACC-826680,UNKNOWN,Home Improvement,24.8,0," $12,120.00 "
ACC-789492,Class-B,Debt Consolidation,38.2,0," $31,509.00 "
ACC-462075,Class-A,Debt Consolidation,38.2,0," $15,777.00 "
ACC-110276,Class-A,Small Business,12.5,0," $31,806.00 "
ACC-508504,Class-A,Debt Consolidation,24.8,0," $21,861.00 "
ACC-678275,Class-B,Debt Consolidation,38.2,0," $40,764.00 "
ACC-369272,Class-A,Small Business,55.0,1," $36,088.00 "
ACC-511736,Class-A,Home Improvement,24.8,0," $42,672.00 "
ACC-279276,Class-B,Small Business,12.5,0," $38,543.00 "
ACC-903681,Class-A,Home Improvement,38.2,0," $37,821.00 "
ACC-967466,UNKNOWN,Home Improvement,12.5,0," $13,747.00 "
ACC-234504,Class-B,Major Purchase,12.5,1," $44,495.00 "
ACC-412101,Class-B,Home Improvement,12.5,0," $7,471.00 "
ACC-351779,Class-A,Debt Consolidation,38.2,0," $25,719.00 "
ACC-950810,Class-A,Home Improvement,12.5,0," $39,593.00 "
ACC-382142,Class-B,Major Purchase,55.0,1," $32,203.00 "
ACC-106991,Class-B,Home Improvement,-1.5,1," $17,169.00 "
ACC-300274,Class-A,Debt Consolidation,99.9,0," $9,685.00 "
ACC-916895,Class-C,Home Improvement,,0," $5,694.00 "
ACC-608205,Class-C,Small Business,12.5,0," $6,381.00 "
ACC-660661,Class-B,Major Purchase,-1.5,0," $24,327.00 "
ACC-737136,Class-A,Small Business,12.5,0," $12,349.00 "
ACC-538910,Class-B,Home Improvement,55.0,0," $26,376.00 "
ACC-910452,Class-A,Home Improvement,38.2,0," $37,837.00 "
ACC-802949,Class-A,Debt Consolidation,12.5,0," $37,018.00 "
ACC-657367,Class-A,Debt Consolidation,24.8,0," $30,472.00 "
ACC-824780,UNKNOWN,Debt Consolidation,12.5,0," $44,523.00 "
ACC-582764,Class-B,Home Improvement,55.0,0," $11,427.00 "
ACC-912570,Class-B,Debt Consolidation,38.2,0," $29,305.00 "
ACC-179191,Class-B,Small Business,12.5,0," $37,074.00 "
ACC-823598,Class-B,Debt Consolidation,,0," $30,428.00 "
ACC-280974,Class-A,Debt Consolidation,38.2,0," $41,664.00 "
ACC-354199,Class-A,Major Purchase,24.8,0," $32,206.00 "
ACC-795472,Class-B,Small Business,12.5,0," $44,978.00 "
ACC-664778,Class-A,Debt Consolidation,12.5,1," $32,299.00 "
ACC-808283,Class-A,Major Purchase,24.8,0," $11,700.00 "
ACC-795669,Class-B,Small Business,38.2,0," $9,116.00 "
ACC-407416,Class-A,Small Business,12.5,0," $38,484.00 "
ACC-178255,Class-B,N/A,38.2,0," $44,120.00 "
ACC-839831,Class-B,Home Improvement,12.5,0," $38,132.00 "
ACC-514358,,Small Business,,0," $44,809.00 "
ACC-988210,Class-C,Major Purchase,12.5,0," $6,772.00 "
ACC-116457,UNKNOWN,Small Business,55.0,0," $15,262.00 "
ACC-530079,Class-A,Home Improvement,12.5,1," $22,834.00 "
ACC-141289,Class-A,Major Purchase,55.0,0," $39,098.00 "
ACC-542294,Class-B,Debt Consolidation,12.5,1," $9,940.00 "
ACC-710476,Class-A,Small Business,24.8,0," $41,638.00 "
ACC-301917,Class-B,Small Business,,0," $28,691.00 "
ACC-211340,Class-A,Small Business,12.5,0," $20,563.00 "
ACC-668653,Class-C,N/A,38.2,0," $31,111.00 "
ACC-342535,Class-C,Small Business,12.5,0," $24,544.00 "
ACC-883563,Class-A,Debt Consolidation,24.8,0," $26,270.00 "
ACC-416562,Class-A,Debt Consolidation,24.8,0," $39,241.00 "
ACC-308025,Class-B,Debt Consolidation,24.8,1," $40,064.00 "
ACC-231434,Class-A,Home Improvement,24.8,0," $28,007.00 "
ACC-303859,Class-B,Home Improvement,,0," $22,763.00 "
ACC-240584,Class-A,Home Improvement,38.2,0," $15,868.00 "
ACC-577490,Class-B,N/A,55.0,0," $22,348.00 "
ACC-670073,Class-A,Debt Consolidation,24.8,0," $14,151.00 "
ACC-503559,Class-B,Small Business,38.2,0," $37,362.00 "
ACC-960093,Class-B,Home Improvement,24.8,0," $41,575.00 "
ACC-806339,Class-B,Debt Consolidation,38.2,0," $20,096.00 "
ACC-956267,Class-C,Small Business,12.5,0," $34,800.00 "
ACC-824527,Class-C,Debt Consolidation,55.0,0," $43,495.00 "
ACC-802219,Class-B,Debt Consolidation,55.0,0," $39,894.00 "
ACC-239104,Class-B,Debt Consolidation,38.2,0," $37,269.00 "
ACC-199814,Class-C,Home Improvement,,0," $27,259.00 "
ACC-615184,Class-C,Home Improvement,38.2,0," $42,207.00 "
ACC-691043,Class-B,Debt Consolidation,12.5,0," $6,931.00 "
ACC-746102,Class-C,Debt Consolidation,99.9,0," $41,279.00 "
ACC-565244,Class-A,Major Purchase,24.8,0," $16,885.00 "
ACC-397815,Class-A,Debt Consolidation,24.8,0," $19,137.00 "
ACC-835040,Class-B,Debt Consolidation,12.5,0," $39,361.00 "
ACC-144556,Class-A,Debt Consolidation,12.5,0," $44,511.00 "
ACC-523605,Class-C,Debt Consolidation,-1.5,0," $12,498.00 "
ACC-916140,Class-A,Debt Consolidation,24.8,0," $36,609.00 "
ACC-620234,Class-A,Debt Consolidation,12.5,1," $33,231.00 "
ACC-700206,Class-B,Home Improvement,38.2,0," $17,735.00 "
ACC-219100,Class-B,Debt Consolidation,38.2,0," $7,812.00 "
ACC-317533,Class-A,Debt Consolidation,38.2,1," $32,154.00 "
ACC-680410,,Small Business,,0," $15,812.00 "
ACC-707867,Class-A,Major Purchase,12.5,0," $24,639.00 "
ACC-252405,UNKNOWN,Small Business,12.5,0," $7,338.00 "
ACC-963017,Class-B,Debt Consolidation,99.9,0," $17,180.00 "
ACC-653974,Class-C,Home Improvement,,0," $22,499.00 "
ACC-406104,Class-C,Major Purchase,24.8,0," $34,686.00 "
ACC-800216,Class-C,Small Business,12.5,0," $21,514.00 "
ACC-606526,Class-B,Small Business,12.5,1," $8,904.00 "
ACC-511494,Class-C,Small Business,38.2,0," $41,055.00 "
ACC-131475,Class-A,Debt Consolidation,38.2,0," $11,180.00 "
ACC-262131,Class-A,Debt Consolidation,12.5,0," $35,572.00 "
ACC-506804,Class-B,N/A,24.8,0," $22,747.00 "
ACC-242356,Class-A,N/A,24.8,0," $18,073.00 "
ACC-654616,Class-A,Small Business,12.5,0," $36,408.00 "
ACC-824001,Class-B,Debt Consolidation,99.9,0," $14,655.00 "
ACC-108063,,Small Business,,0," $9,112.00 "
ACC-606931,Class-A,Home Improvement,38.2,0," $26,589.00 "
ACC-778942,Class-A,Small Business,12.5,0," $38,880.00 "
ACC-354616,Class-C,Debt Consolidation,24.8,1," $32,675.00 "
ACC-797599,Class-B,Debt Consolidation,24.8,1," $37,724.00 "
ACC-576668,Class-A,Home Improvement,12.5,1," $36,379.00 "
ACC-429333,,Home Improvement,,0," $23,266.00 "
ACC-555561,Class-C,N/A,38.2,0," $29,215.00 "
ACC-823819,Class-B,Debt Consolidation,12.5,0," $38,559.00 "
ACC-684290,Class-A,Home Improvement,12.5,0," $34,987.00 "
ACC-751725,Class-A,Small Business,24.8,0," $13,522.00 "
ACC-441443,Class-A,Debt Consolidation,24.8,0," $5,724.00 "
ACC-434830,Class-A,Debt Consolidation,24.8,1," $41,419.00 "
ACC-428409,Class-B,Debt Consolidation,55.0,0," $35,943.00 "
ACC-607091,Class-C,Debt Consolidation,12.5,0," $40,322.00 "
ACC-749103,Class-C,Small Business,24.8,1," $29,788.00 "
ACC-730784,Class-C,Major Purchase,38.2,0," $20,388.00 "
ACC-796500,Class-A,Major Purchase,24.8,0," $23,247.00 "
ACC-496080,UNKNOWN,Debt Consolidation,38.2,0," $38,549.00 "
ACC-379363,Class-B,Debt Consolidation,55.0,0," $40,585.00 "
ACC-538819,Class-B,Major Purchase,38.2,0," $34,706.00 "
ACC-132359,Class-A,Home Improvement,12.5,0," $11,082.00 "
ACC-261745,Class-B,Debt Consolidation,38.2,1," $18,901.00 "
ACC-461954,Class-A,Debt Consolidation,24.8,1," $24,939.00 "
ACC-125122,Class-B,Debt Consolidation,38.2,0," $15,306.00 "
ACC-217058,Class-C,N/A,38.2,0," $20,587.00 "
ACC-947330,,Debt Consolidation,,0," $12,299.00 "
ACC-576305,Class-C,Debt Consolidation,24.8,0," $40,518.00 "
ACC-527076,,Home Improvement,,0," $24,564.00 "
ACC-239984,Class-C,Debt Consolidation,38.2,0," $22,846.00 "
ACC-539964,Class-A,Debt Consolidation,24.8,0," $27,610.00 "
ACC-841817,Class-A,Debt Consolidation,38.2,0," $35,869.00 "
ACC-429547,Class-C,Home Improvement,12.5,0," $35,652.00 "
ACC-789149,Class-C,Debt Consolidation,55.0,0," $36,422.00 "
ACC-609153,Class-A,Debt Consolidation,55.0,0," $43,085.00 "
ACC-623504,Class-B,Home Improvement,,1," $44,470.00 "
ACC-221235,Class-C,N/A,24.8,1," $22,077.00 "
ACC-570841,Class-B,Home Improvement,12.5,0," $19,483.00 "
ACC-634540,Class-B,Major Purchase,12.5,0," $16,568.00 "
ACC-832129,Class-B,Debt Consolidation,55.0,0," $13,236.00 "
ACC-821247,Class-B,Debt Consolidation,38.2,0," $25,306.00 "
ACC-247653,Class-C,Debt Consolidation,24.8,0," $22,373.00 "
ACC-444605,Class-A,Debt Consolidation,,0," $27,606.00 "
ACC-591964,Class-B,Debt Consolidation,24.8,0," $5,542.00 "
ACC-559851,Class-C,Small Business,,0," $14,652.00 "
ACC-231309,Class-B,Home Improvement,12.5,0," $42,054.00 "
ACC-243965,,Home Improvement,,0," $12,047.00 "
ACC-773992,Class-A,Debt Consolidation,38.2,0," $24,282.00 "
ACC-464291,Class-A,Major Purchase,24.8,1," $16,630.00 "
ACC-887497,Class-A,Home Improvement,,0," $27,142.00 "
ACC-410201,Class-A,Debt Consolidation,55.0,0," $30,553.00 "
ACC-808936,Class-A,Debt Consolidation,38.2,0," $12,428.00 "
ACC-177917,Class-C,Debt Consolidation,38.2,0," $8,023.00 "
ACC-361531,Class-B,Home Improvement,55.0,1," $19,156.00 "
ACC-393890,,Home Improvement,,0," $29,541.00 "
ACC-270040,Class-A,Home Improvement,24.8,1," $34,879.00 "
ACC-715067,,Small Business,,0," $7,562.00 "
ACC-270616,Class-B,Small Business,24.8,1," $39,066.00 "
ACC-438313,Class-C,Debt Consolidation,55.0,1," $42,527.00 "
ACC-361255,Class-A,Small Business,24.8,0," $36,812.00 "
ACC-172641,Class-B,Home Improvement,12.5,0," $22,040.00 "
ACC-738769,UNKNOWN,N/A,12.5,0," $41,744.00 "
ACC-381262,Class-A,Home Improvement,12.5,0," $33,034.00 "
ACC-135707,Class-B,Home Improvement,55.0,0," $36,955.00 "
ACC-749818,Class-B,Home Improvement,24.8,0," $23,678.00 "
ACC-127349,Class-C,Home Improvement,24.8,0," $23,591.00 "
ACC-718772,Class-B,Small Business,24.8,0," $30,508.00 "
ACC-395224,Class-A,Debt Consolidation,55.0,0," $38,416.00 "
ACC-213440,Class-A,Debt Consolidation,24.8,1," $39,824.00 "
ACC-960923,Class-A,Home Improvement,24.8,0," $41,499.00 "
ACC-222333,Class-A,Debt Consolidation,38.2,0," $44,721.00 "
ACC-548130,Class-C,Small Business,12.5,0," $35,623.00 "
ACC-622090,Class-A,Home Improvement,38.2,0," $12,678.00 "
ACC-449799,Class-A,Small Business,24.8,0," $26,742.00 "
ACC-231825,Class-C,Home Improvement,12.5,0," $32,849.00 "
ACC-131363,Class-B,Debt Consolidation,38.2,0," $9,768.00 "
ACC-183808,Class-A,Debt Consolidation,12.5,0," $38,532.00 "
ACC-988977,Class-B,Debt Consolidation,12.5,0," $21,772.00 "
ACC-193991,Class-A,Debt Consolidation,24.8,0," $27,118.00 "
ACC-787525,Class-A,Major Purchase,55.0,0," $24,766.00 "
ACC-930201,Class-A,Small Business,99.9,0," $34,816.00 "
ACC-870099,Class-B,Small Business,12.5,0," $21,305.00 "
ACC-810021,UNKNOWN,Home Improvement,38.2,1," $40,953.00 "
ACC-738773,Class-A,Debt Consolidation,12.5,0," $44,079.00 "
ACC-863238,Class-B,Home Improvement,24.8,0," $44,597.00 "
ACC-347491,UNKNOWN,Small Business,12.5,0," $39,775.00 "
ACC-802931,Class-A,Home Improvement,24.8,0," $30,236.00 "
ACC-235706,,N/A,,0," $44,358.00 "
ACC-294693,Class-A,Home Improvement,,0," $43,148.00 "
ACC-867156,Class-B,N/A,-1.5,0," $39,519.00 "
ACC-921367,Class-C,Home Improvement,12.5,0," $14,912.00 "
ACC-686082,Class-B,Debt Consolidation,12.5,0," $9,925.00 "
ACC-419786,Class-B,Debt Consolidation,38.2,0," $9,760.00 "
ACC-408840,Class-A,Home Improvement,24.8,0," $33,184.00 "
ACC-593868,Class-A,Debt Consolidation,,0," $31,564.00 "
ACC-785299,Class-A,Small Business,55.0,0," $6,557.00 "
ACC-925325,Class-B,N/A,,0," $5,601.00 "
ACC-917637,Class-A,Major Purchase,24.8,1," $7,763.00 "
ACC-793601,Class-B,Debt Consolidation,55.0,0," $27,970.00 "
ACC-428257,Class-A,Debt Consolidation,99.9,0," $21,623.00 "
ACC-404451,Class-A,Debt Consolidation,24.8,0," $29,147.00 "
ACC-569084,Class-A,Debt Consolidation,24.8,0," $43,879.00 "
ACC-142266,Class-A,Small Business,38.2,0," $6,768.00 "
ACC-975066,Class-B,Debt Consolidation,12.5,0," $21,210.00 "
ACC-813927,UNKNOWN,Debt Consolidation,12.5,0," $19,565.00 "
ACC-494220,Class-A,N/A,38.2,0," $18,292.00 "
ACC-129516,Class-B,Home Improvement,38.2,0," $44,071.00 "
ACC-517904,Class-A,Debt Consolidation,24.8,0," $32,098.00 "
ACC-296844,Class-A,Debt Consolidation,24.8,0," $29,392.00 "
ACC-259603,Class-B,Home Improvement,38.2,0," $24,620.00 "
ACC-985672,,Debt Consolidation,,1," $32,219.00 "
ACC-878319,Class-A,Major Purchase,24.8,0," $24,660.00 "
ACC-287822,Class-C,Debt Consolidation,38.2,0," $12,298.00 "
ACC-154461,UNKNOWN,Debt Consolidation,,0," $22,683.00 "
ACC-205839,Class-B,Debt Consolidation,38.2,1," $42,333.00 "
ACC-535826,UNKNOWN,Small Business,24.8,0," $36,127.00 "
ACC-615607,Class-B,Small Business,,0," $15,660.00 "
ACC-326759,Class-B,Debt Consolidation,24.8,0," $16,659.00 "
ACC-747019,UNKNOWN,Home Improvement,12.5,0," $44,517.00 "
ACC-309545,UNKNOWN,Debt Consolidation,12.5,0," $29,702.00 "
ACC-992783,Class-A,Home Improvement,55.0,0," $38,637.00 "
ACC-478919,Class-C,Small Business,24.8,0," $20,437.00 "
ACC-568888,Class-A,Debt Consolidation,,0," $24,744.00 "
ACC-198245,,Small Business,,0," $42,925.00 "
ACC-631192,Class-C,Debt Consolidation,12.5,0," $38,817.00 "
ACC-195241,Class-A,Small Business,12.5,1," $43,731.00 "
ACC-627939,Class-A,Small Business,38.2,0," $15,801.00 "
ACC-353382,Class-B,Small Business,12.5,0," $38,561.00 "
ACC-795522,Class-C,Small Business,24.8,0," $28,792.00 "
ACC-345069,Class-C,Home Improvement,38.2,0," $29,806.00 "
ACC-489617,Class-A,Home Improvement,12.5,0," $20,962.00 "
ACC-181148,Class-B,N/A,55.0,1," $19,052.00 "
ACC-650041,Class-A,Debt Consolidation,12.5,0," $29,377.00 "
