Log_ID,Tower_Region,Network_Generation,Download_Speed_Mbps,Server_Crash_Flag
LOG-221958 ,Rourkela_Sector-5,4G,173.57966178872377,False
LOG-771155 ,Bhubaneswar_DLF,4G,173.57966178872377,False
LOG-231932 ,Rourkela_Sector-5,4G,173.57966178872377,False
LOG-465838 ,Rourkela_Sector-5,4G,173.57966178872377,False
LOG-359178 ,Cuttack_LinkRoad,4G,173.57966178872377,False
LOG-744167 ,Rourkela_Sector-5,5G,173.57966178872377,False
LOG-210268 ,Bhubaneswar_DLF,5G,173.57966178872377,False
LOG-832180 ,Rourkela_Sector-5,5G,173.57966178872377,False
LOG-154886 ,Sambalpur_Town,5G,173.57966178872377,False
LOG-237337 ,Sambalpur_Town,5G,173.57966178872377,False
LOG-621430 ,Sambalpur_Town,5G,173.57966178872377,False
LOG-187498 ,Rourkela_Sector-5,4G,173.57966178872377,False
LOG-999159 ,Rourkela_Sector-5,5G,173.57966178872377,False
LOG-275203 ,Bhubaneswar_DLF,5G,173.57966178872377,False
LOG-291335 ,Rourkela_Sector-5,5G,173.57966178872377,False
LOG-378167 ,Rourkela_Sector-5,4G,173.57966178872377,False
LOG-141090 ,Bhubaneswar_DLF,5G,173.57966178872377,False
LOG-429365 ,Bhubaneswar_DLF,5G,173.57966178872377,False
LOG-164820 ,Sambalpur_Town,5G,173.57966178872377,False
LOG-887201 ,Rourkela_Sector-5,4G,173.57966178872377,False
LOG-421879 ,Rourkela_Sector-5,3G,173.57966178872377,False
LOG-818315 ,Rourkela_Sector-5,3G,173.57966178872377,True
LOG-427069 ,Sambalpur_Town,5G,173.57966178872377,False
LOG-876997 ,Cuttack_LinkRoad,4G,173.57966178872377,True
LOG-299041 ,Cuttack_LinkRoad,5G,173.57966178872377,False
LOG-891743 ,Sambalpur_Town,5G,173.57966178872377,False
LOG-203355 ,Bhubaneswar_DLF,5G,173.57966178872377,False
LOG-335796 ,Bhubaneswar_DLF,5G,173.57966178872377,False
LOG-314176 ,Rourkela_Sector-5,4G,173.57966178872377,False
LOG-284779 ,Bhubaneswar_DLF,5G,173.57966178872377,False
LOG-447449 ,Bhubaneswar_DLF,5G,173.57966178872377,False
LOG-521909 ,Bhubaneswar_DLF,5G,173.57966178872377,False
LOG-358795 ,Sambalpur_Town,5G,173.57966178872377,False
LOG-586232 ,Sambalpur_Town,4G,173.57966178872377,False
LOG-600186 ,Cuttack_LinkRoad,4G,173.57966178872377,False
LOG-256730 ,Cuttack_LinkRoad,4G,173.57966178872377,False
LOG-970910 ,Bhubaneswar_DLF,5G,173.57966178872377,False
LOG-484681 ,Rourkela_Sector-5,5G,173.57966178872377,False
LOG-249503 ,Rourkela_Sector-5,5G,173.57966178872377,False
LOG-754811 ,Bhubaneswar_DLF,3G,173.57966178872377,False
LOG-627035 ,Cuttack_LinkRoad,3G,173.57966178872377,False
LOG-748143 ,Rourkela_Sector-5,4G,173.57966178872377,False
LOG-552366 ,Sambalpur_Town,5G,173.57966178872377,False
LOG-165725 ,Rourkela_Sector-5,5G,173.57966178872377,False
LOG-229981 ,Rourkela_Sector-5,5G,173.57966178872377,False
LOG-184654 ,Bhubaneswar_DLF,4G,173.57966178872377,False
LOG-691723 ,Rourkela_Sector-5,4G,173.57966178872377,False
LOG-419030 ,Rourkela_Sector-5,4G,173.57966178872377,False
LOG-428947 ,Rourkela_Sector-5,4G,173.57966178872377,False
LOG-655839 ,Cuttack_LinkRoad,5G,173.57966178872377,False
LOG-373538 ,Bhubaneswar_DLF,5G,173.57966178872377,False
LOG-431236 ,Bhubaneswar_DLF,5G,173.57966178872377,False
LOG-628178 ,Bhubaneswar_DLF,5G,173.57966178872377,False
LOG-665894 ,Rourkela_Sector-5,5G,173.57966178872377,False
LOG-589492 ,Sambalpur_Town,4G,173.57966178872377,False
LOG-356840 ,Rourkela_Sector-5,4G,173.57966178872377,False
LOG-573254 ,Sambalpur_Town,5G,173.57966178872377,False
LOG-449457 ,Bhubaneswar_DLF,5G,173.57966178872377,False
LOG-765987 ,Sambalpur_Town,5G,173.57966178872377,False
LOG-370936 ,Rourkela_Sector-5,4G,173.57966178872377,False
LOG-339931 ,Bhubaneswar_DLF,5G,173.57966178872377,False
LOG-339629 ,Rourkela_Sector-5,5G,9999.0,False
LOG-305041 ,Rourkela_Sector-5,4G,173.57966178872377,False
LOG-798361 ,Bhubaneswar_DLF,5G,173.57966178872377,False
LOG-831912 ,Rourkela_Sector-5,5G,173.57966178872377,False
LOG-517113 ,Bhubaneswar_DLF,4G,173.57966178872377,True
LOG-168148 ,Rourkela_Sector-5,4G,173.57966178872377,False
LOG-877089 ,Rourkela_Sector-5,4G,173.57966178872377,False
LOG-748531 ,Cuttack_LinkRoad,5G,173.57966178872377,False
LOG-351995 ,Bhubaneswar_DLF,5G,173.57966178872377,False
LOG-778843 ,Bhubaneswar_DLF,4G,173.57966178872377,False
LOG-672843 ,Bhubaneswar_DLF,5G,173.57966178872377,False
LOG-356508 ,Cuttack_LinkRoad,4G,173.57966178872377,False
LOG-903591 ,Rourkela_Sector-5,4G,173.57966178872377,False
LOG-996942 ,Bhubaneswar_DLF,4G,173.57966178872377,False
LOG-206530 ,Sambalpur_Town,5G,173.57966178872377,False
LOG-704365 ,Cuttack_LinkRoad,5G,173.57966178872377,False
LOG-922352 ,Bhubaneswar_DLF,5G,173.57966178872377,False
LOG-560337 ,Bhubaneswar_DLF,4G,173.57966178872377,False
LOG-824839 ,Cuttack_LinkRoad,5G,173.57966178872377,False
LOG-905889 ,Bhubaneswar_DLF,5G,173.57966178872377,False
LOG-559773 ,Rourkela_Sector-5,5G,173.57966178872377,False
LOG-308261 ,Rourkela_Sector-5,5G,173.57966178872377,False
LOG-864469 ,Cuttack_LinkRoad,5G,173.57966178872377,False
LOG-441097 ,Rourkela_Sector-5,5G,173.57966178872377,False
LOG-415139 ,Cuttack_LinkRoad,4G,173.57966178872377,False
LOG-271829 ,Rourkela_Sector-5,5G,173.57966178872377,False
LOG-371836 ,Bhubaneswar_DLF,5G,-50.0,False
LOG-538974 ,Rourkela_Sector-5,4G,173.57966178872377,False
LOG-302283 ,Rourkela_Sector-5,4G,173.57966178872377,False
LOG-296769 ,Sambalpur_Town,5G,173.57966178872377,False
LOG-661353 ,Sambalpur_Town,5G,173.57966178872377,False
LOG-323165 ,Bhubaneswar_DLF,4G,173.57966178872377,False
LOG-723587 ,Bhubaneswar_DLF,5G,173.57966178872377,False
LOG-635822 ,Bhubaneswar_DLF,5G,173.57966178872377,False
LOG-587879 ,Bhubaneswar_DLF,5G,173.57966178872377,False
LOG-664685 ,Bhubaneswar_DLF,5G,173.57966178872377,False
LOG-882038 ,Rourkela_Sector-5,5G,173.57966178872377,False
LOG-453531 ,Bhubaneswar_DLF,4G,173.57966178872377,False
LOG-363160 ,Cuttack_LinkRoad,4G,173.57966178872377,False
LOG-679879 ,Sambalpur_Town,5G,173.57966178872377,False
LOG-320884 ,Rourkela_Sector-5,5G,173.57966178872377,False
LOG-123247 ,Cuttack_LinkRoad,4G,173.57966178872377,False
LOG-124300 ,Bhubaneswar_DLF,5G,173.57966178872377,False
LOG-567281 ,Bhubaneswar_DLF,5G,173.57966178872377,True
LOG-707086 ,Rourkela_Sector-5,4G,173.57966178872377,False
LOG-633556 ,Bhubaneswar_DLF,4G,173.57966178872377,False
LOG-448951 ,Rourkela_Sector-5,5G,173.57966178872377,False
LOG-374329 ,Rourkela_Sector-5,4G,173.57966178872377,False
LOG-819064 ,Cuttack_LinkRoad,5G,173.57966178872377,False
LOG-842139 ,Cuttack_LinkRoad,5G,173.57966178872377,False
LOG-532315 ,Bhubaneswar_DLF,5G,173.57966178872377,False
LOG-616588 ,Sambalpur_Town,4G,173.57966178872377,True
LOG-336584 ,Rourkela_Sector-5,4G,9999.0,False
LOG-662332 ,Rourkela_Sector-5,4G,173.57966178872377,True
LOG-937646 ,Bhubaneswar_DLF,5G,173.57966178872377,False
LOG-476896 ,Rourkela_Sector-5,5G,173.57966178872377,False
LOG-148984 ,Rourkela_Sector-5,5G,173.57966178872377,False
LOG-402918 ,Rourkela_Sector-5,5G,173.57966178872377,False
LOG-364712 ,Rourkela_Sector-5,5G,173.57966178872377,False
LOG-220151 ,Cuttack_LinkRoad,3G,173.57966178872377,False
LOG-555808 ,Rourkela_Sector-5,4G,173.57966178872377,False
LOG-233767 ,Bhubaneswar_DLF,5G,173.57966178872377,False
LOG-748663 ,Rourkela_Sector-5,5G,173.57966178872377,False
LOG-803550 ,Bhubaneswar_DLF,5G,173.57966178872377,False
LOG-236330 ,Rourkela_Sector-5,4G,173.57966178872377,False
LOG-580754 ,Cuttack_LinkRoad,4G,173.57966178872377,False
LOG-401648 ,Bhubaneswar_DLF,4G,173.57966178872377,False
LOG-788519 ,Rourkela_Sector-5,5G,173.57966178872377,True
LOG-113986 ,Bhubaneswar_DLF,5G,173.57966178872377,False
LOG-686146 ,Rourkela_Sector-5,3G,9999.0,False
LOG-229312 ,Bhubaneswar_DLF,3G,173.57966178872377,False
LOG-112666 ,Rourkela_Sector-5,5G,173.57966178872377,False
LOG-400804 ,Sambalpur_Town,5G,173.57966178872377,False
LOG-234633 ,Rourkela_Sector-5,5G,173.57966178872377,False
LOG-388998 ,Bhubaneswar_DLF,4G,173.57966178872377,False
LOG-950937 ,Rourkela_Sector-5,4G,173.57966178872377,False
LOG-728776 ,Rourkela_Sector-5,4G,173.57966178872377,False
LOG-807611 ,Bhubaneswar_DLF,5G,173.57966178872377,False
LOG-384806 ,Sambalpur_Town,5G,173.57966178872377,False
LOG-894824 ,Rourkela_Sector-5,5G,173.57966178872377,True
LOG-130535 ,Rourkela_Sector-5,4G,173.57966178872377,False
LOG-475713 ,Rourkela_Sector-5,5G,173.57966178872377,False
LOG-938688 ,Rourkela_Sector-5,4G,173.57966178872377,False
LOG-451279 ,Rourkela_Sector-5,5G,173.57966178872377,False
LOG-921654 ,Bhubaneswar_DLF,4G,173.57966178872377,False
LOG-701661 ,Rourkela_Sector-5,4G,173.57966178872377,False
LOG-747972 ,Rourkela_Sector-5,5G,173.57966178872377,False
LOG-589570 ,Cuttack_LinkRoad,4G,173.57966178872377,False
LOG-556551 ,Rourkela_Sector-5,5G,173.57966178872377,False
LOG-373109 ,Rourkela_Sector-5,5G,173.57966178872377,False
LOG-124538 ,Rourkela_Sector-5,5G,173.57966178872377,False
LOG-994498 ,Bhubaneswar_DLF,4G,173.57966178872377,False
LOG-301664 ,Rourkela_Sector-5,4G,173.57966178872377,False
LOG-591234 ,Bhubaneswar_DLF,5G,173.57966178872377,True
LOG-999684 ,Rourkela_Sector-5,4G,173.57966178872377,False
LOG-239182 ,Bhubaneswar_DLF,4G,173.57966178872377,False
LOG-572525 ,Rourkela_Sector-5,4G,173.57966178872377,False
LOG-258338 ,Bhubaneswar_DLF,5G,173.57966178872377,False
LOG-284064 ,Cuttack_LinkRoad,5G,173.57966178872377,False
LOG-314020 ,Bhubaneswar_DLF,4G,173.57966178872377,False
LOG-723094 ,Rourkela_Sector-5,5G,173.57966178872377,False
LOG-997421 ,Rourkela_Sector-5,5G,173.57966178872377,False
LOG-715270 ,Rourkela_Sector-5,4G,9999.0,False
LOG-745914 ,Rourkela_Sector-5,5G,173.57966178872377,False
LOG-219176 ,Rourkela_Sector-5,3G,173.57966178872377,False
LOG-318126 ,Cuttack_LinkRoad,5G,173.57966178872377,False
LOG-318969 ,Rourkela_Sector-5,3G,173.57966178872377,False
LOG-222409 ,Bhubaneswar_DLF,5G,173.57966178872377,False
LOG-647707 ,Bhubaneswar_DLF,5G,173.57966178872377,False
LOG-353618 ,Bhubaneswar_DLF,5G,173.57966178872377,False
LOG-869598 ,Rourkela_Sector-5,4G,173.57966178872377,True
LOG-150015 ,Cuttack_LinkRoad,4G,173.57966178872377,False
LOG-872838 ,Rourkela_Sector-5,5G,173.57966178872377,False
LOG-222096 ,Cuttack_LinkRoad,5G,173.57966178872377,False
LOG-731347 ,Cuttack_LinkRoad,4G,173.57966178872377,True
LOG-285340 ,Cuttack_LinkRoad,5G,173.57966178872377,False
LOG-210687 ,Bhubaneswar_DLF,4G,173.57966178872377,False
LOG-974371 ,Rourkela_Sector-5,5G,173.57966178872377,False
LOG-511357 ,Rourkela_Sector-5,4G,173.57966178872377,False
LOG-835716 ,Bhubaneswar_DLF,4G,173.57966178872377,False
LOG-205878 ,Rourkela_Sector-5,3G,173.57966178872377,False
LOG-827270 ,Sambalpur_Town,4G,173.57966178872377,False
LOG-298286 ,Rourkela_Sector-5,5G,173.57966178872377,False
LOG-873290 ,Rourkela_Sector-5,5G,173.57966178872377,False
LOG-874684 ,Rourkela_Sector-5,4G,173.57966178872377,False
LOG-264899 ,Rourkela_Sector-5,5G,173.57966178872377,False
LOG-424767 ,Bhubaneswar_DLF,4G,173.57966178872377,False
LOG-961882 ,Cuttack_LinkRoad,4G,-50.0,False
LOG-979858 ,Bhubaneswar_DLF,5G,173.57966178872377,False
LOG-479989 ,Cuttack_LinkRoad,5G,173.57966178872377,False
LOG-515515 ,Sambalpur_Town,5G,173.57966178872377,False
LOG-143585 ,Cuttack_LinkRoad,5G,173.57966178872377,False
LOG-471369 ,Rourkela_Sector-5,5G,173.57966178872377,False
LOG-164044 ,Cuttack_LinkRoad,5G,173.57966178872377,False
LOG-542296 ,Rourkela_Sector-5,5G,173.57966178872377,False
LOG-209556 ,Rourkela_Sector-5,5G,173.57966178872377,True
LOG-626981 ,Bhubaneswar_DLF,5G,173.57966178872377,False
LOG-981691 ,Rourkela_Sector-5,5G,173.57966178872377,False
LOG-867595 ,Rourkela_Sector-5,5G,173.57966178872377,False
LOG-300235 ,Rourkela_Sector-5,4G,173.57966178872377,False
LOG-125939 ,Rourkela_Sector-5,5G,173.57966178872377,False
LOG-252906 ,Sambalpur_Town,5G,173.57966178872377,False
LOG-642335 ,Rourkela_Sector-5,4G,173.57966178872377,False
LOG-388249 ,Rourkela_Sector-5,3G,173.57966178872377,False
LOG-175766 ,Bhubaneswar_DLF,5G,173.57966178872377,False
LOG-508923 ,Rourkela_Sector-5,5G,173.57966178872377,False
LOG-515192 ,Sambalpur_Town,5G,173.57966178872377,False
LOG-668550 ,Rourkela_Sector-5,5G,173.57966178872377,False
LOG-487261 ,Bhubaneswar_DLF,4G,173.57966178872377,False
LOG-910208 ,Bhubaneswar_DLF,4G,173.57966178872377,False
LOG-785440 ,Sambalpur_Town,4G,173.57966178872377,False
LOG-752664 ,Bhubaneswar_DLF,5G,173.57966178872377,False
LOG-554589 ,Cuttack_LinkRoad,4G,173.57966178872377,False
LOG-237848 ,Rourkela_Sector-5,5G,173.57966178872377,False
LOG-717075 ,Rourkela_Sector-5,5G,173.57966178872377,False
LOG-227948 ,Rourkela_Sector-5,5G,173.57966178872377,False
LOG-679304 ,Sambalpur_Town,5G,173.57966178872377,False
LOG-502690 ,Rourkela_Sector-5,5G,173.57966178872377,False
LOG-599046 ,Rourkela_Sector-5,4G,173.57966178872377,False
LOG-551269 ,Rourkela_Sector-5,5G,173.57966178872377,False
LOG-121959 ,Rourkela_Sector-5,5G,173.57966178872377,False
LOG-760890 ,Rourkela_Sector-5,5G,173.57966178872377,False
LOG-850216 ,Sambalpur_Town,5G,173.57966178872377,False
LOG-890180 ,Bhubaneswar_DLF,4G,173.57966178872377,False
LOG-328576 ,Bhubaneswar_DLF,4G,173.57966178872377,True
LOG-637833 ,Cuttack_LinkRoad,4G,173.57966178872377,False
LOG-265838 ,Rourkela_Sector-5,5G,173.57966178872377,False
LOG-435674 ,Rourkela_Sector-5,4G,173.57966178872377,False
LOG-979989 ,Rourkela_Sector-5,4G,173.57966178872377,False
LOG-161087 ,Rourkela_Sector-5,5G,173.57966178872377,False
LOG-693128 ,Bhubaneswar_DLF,5G,173.57966178872377,False
LOG-218451 ,Rourkela_Sector-5,4G,173.57966178872377,False
LOG-547600 ,Rourkela_Sector-5,5G,173.57966178872377,True
LOG-937437 ,Bhubaneswar_DLF,5G,173.57966178872377,False
LOG-539792 ,Sambalpur_Town,5G,173.57966178872377,False
LOG-139353 ,Cuttack_LinkRoad,5G,173.57966178872377,False
LOG-293075 ,Cuttack_LinkRoad,5G,-50.0,False
LOG-314283 ,Cuttack_LinkRoad,5G,173.57966178872377,False
LOG-414877 ,Rourkela_Sector-5,4G,173.57966178872377,False
LOG-165318 ,Cuttack_LinkRoad,5G,173.57966178872377,False
LOG-865313 ,Rourkela_Sector-5,4G,173.57966178872377,False
LOG-582690 ,Bhubaneswar_DLF,5G,173.57966178872377,False
LOG-516880 ,Bhubaneswar_DLF,3G,173.57966178872377,False
LOG-691460 ,Rourkela_Sector-5,3G,173.57966178872377,False
LOG-840976 ,Cuttack_LinkRoad,4G,173.57966178872377,False
LOG-881239 ,Sambalpur_Town,4G,173.57966178872377,False
LOG-193264 ,Rourkela_Sector-5,4G,173.57966178872377,False
LOG-870746 ,Cuttack_LinkRoad,4G,173.57966178872377,False
LOG-913168 ,Rourkela_Sector-5,5G,173.57966178872377,True
LOG-325281 ,Bhubaneswar_DLF,5G,173.57966178872377,False
LOG-737147 ,Bhubaneswar_DLF,4G,173.57966178872377,False
LOG-998613 ,Bhubaneswar_DLF,5G,173.57966178872377,False
LOG-494070 ,Sambalpur_Town,4G,173.57966178872377,False
LOG-452228 ,Sambalpur_Town,4G,173.57966178872377,False
LOG-531839 ,Cuttack_LinkRoad,5G,173.57966178872377,False
LOG-369536 ,Rourkela_Sector-5,4G,173.57966178872377,False
LOG-417824 ,Sambalpur_Town,5G,173.57966178872377,False
LOG-357426 ,Rourkela_Sector-5,5G,173.57966178872377,False
LOG-277789 ,Sambalpur_Town,5G,173.57966178872377,False
LOG-613153 ,Rourkela_Sector-5,5G,173.57966178872377,False
LOG-842452 ,Rourkela_Sector-5,5G,173.57966178872377,False
LOG-937291 ,Bhubaneswar_DLF,5G,9999.0,False
LOG-225657 ,Rourkela_Sector-5,5G,173.57966178872377,False
LOG-335167 ,Rourkela_Sector-5,4G,173.57966178872377,False
LOG-781669 ,Rourkela_Sector-5,4G,173.57966178872377,False
LOG-580671 ,Rourkela_Sector-5,5G,173.57966178872377,False
LOG-819094 ,Rourkela_Sector-5,5G,173.57966178872377,False
LOG-170467 ,Rourkela_Sector-5,4G,-50.0,False
LOG-283734 ,Bhubaneswar_DLF,4G,173.57966178872377,False
LOG-722794 ,Rourkela_Sector-5,5G,173.57966178872377,False
LOG-209751 ,Bhubaneswar_DLF,5G,173.57966178872377,False
LOG-481050 ,Rourkela_Sector-5,4G,173.57966178872377,False
LOG-911774 ,Sambalpur_Town,4G,173.57966178872377,False
LOG-792517 ,Sambalpur_Town,5G,173.57966178872377,False
LOG-561079 ,Rourkela_Sector-5,5G,173.57966178872377,False
LOG-468452 ,Cuttack_LinkRoad,5G,173.57966178872377,False
LOG-206081 ,Cuttack_LinkRoad,4G,173.57966178872377,False
LOG-713333 ,Sambalpur_Town,5G,173.57966178872377,False
LOG-658986 ,Bhubaneswar_DLF,5G,173.57966178872377,False
LOG-210078 ,Rourkela_Sector-5,5G,173.57966178872377,False
LOG-967055 ,Bhubaneswar_DLF,3G,173.57966178872377,False
LOG-122671 ,Bhubaneswar_DLF,4G,173.57966178872377,False
LOG-518400 ,Bhubaneswar_DLF,4G,9999.0,False
LOG-455528 ,Rourkela_Sector-5,4G,173.57966178872377,False
LOG-710490 ,Sambalpur_Town,5G,173.57966178872377,False
LOG-151663 ,Sambalpur_Town,4G,173.57966178872377,False
LOG-115708 ,Rourkela_Sector-5,5G,173.57966178872377,False
LOG-978338 ,Rourkela_Sector-5,4G,173.57966178872377,False
LOG-411955 ,Rourkela_Sector-5,5G,173.57966178872377,False
LOG-233883 ,Cuttack_LinkRoad,5G,173.57966178872377,False
LOG-418394 ,Bhubaneswar_DLF,5G,173.57966178872377,False
LOG-212547 ,Bhubaneswar_DLF,4G,173.57966178872377,False
LOG-659042 ,Bhubaneswar_DLF,4G,173.57966178872377,False
LOG-851102 ,Bhubaneswar_DLF,5G,173.57966178872377,False
LOG-862002 ,Rourkela_Sector-5,5G,173.57966178872377,False
LOG-242483 ,Bhubaneswar_DLF,4G,173.57966178872377,False
LOG-758271 ,Cuttack_LinkRoad,5G,173.57966178872377,False
LOG-314835 ,Sambalpur_Town,4G,173.57966178872377,False
LOG-501896 ,Sambalpur_Town,4G,173.57966178872377,False
LOG-184896 ,Sambalpur_Town,5G,173.57966178872377,True
LOG-577095 ,Bhubaneswar_DLF,5G,173.57966178872377,False
LOG-171295 ,Bhubaneswar_DLF,5G,173.57966178872377,False
LOG-843974 ,Cuttack_LinkRoad,5G,173.57966178872377,False
LOG-987121 ,Sambalpur_Town,5G,173.57966178872377,False
LOG-373255 ,Rourkela_Sector-5,5G,173.57966178872377,False
LOG-399648 ,Rourkela_Sector-5,5G,173.57966178872377,False
LOG-757162 ,Rourkela_Sector-5,4G,173.57966178872377,False
LOG-108155 ,Bhubaneswar_DLF,4G,173.57966178872377,False
LOG-566872 ,Rourkela_Sector-5,5G,173.57966178872377,False
LOG-925816 ,Rourkela_Sector-5,5G,173.57966178872377,False
LOG-474705 ,Rourkela_Sector-5,5G,173.57966178872377,False
LOG-671542 ,Rourkela_Sector-5,5G,173.57966178872377,False
LOG-908350 ,Sambalpur_Town,4G,173.57966178872377,False
LOG-710269 ,Rourkela_Sector-5,5G,173.57966178872377,False
LOG-654594 ,Bhubaneswar_DLF,4G,173.57966178872377,False
LOG-247718 ,Bhubaneswar_DLF,5G,173.57966178872377,False
LOG-408987 ,Sambalpur_Town,4G,173.57966178872377,False
LOG-745263 ,Rourkela_Sector-5,5G,173.57966178872377,False
LOG-458745 ,Sambalpur_Town,4G,173.57966178872377,False
LOG-207512 ,Bhubaneswar_DLF,4G,-50.0,False
LOG-247443 ,Sambalpur_Town,4G,173.57966178872377,False
LOG-570587 ,Sambalpur_Town,4G,173.57966178872377,False
LOG-473616 ,Rourkela_Sector-5,5G,-50.0,False
LOG-757409 ,Rourkela_Sector-5,4G,173.57966178872377,False
LOG-786976 ,Rourkela_Sector-5,5G,173.57966178872377,False
LOG-465871 ,Bhubaneswar_DLF,5G,-50.0,False
LOG-475037 ,Rourkela_Sector-5,5G,173.57966178872377,False
LOG-907364 ,Rourkela_Sector-5,3G,173.57966178872377,False
LOG-217796 ,Bhubaneswar_DLF,4G,173.57966178872377,False
LOG-391999 ,Rourkela_Sector-5,4G,173.57966178872377,False
LOG-292506 ,Rourkela_Sector-5,4G,173.57966178872377,False
LOG-798376 ,Bhubaneswar_DLF,5G,173.57966178872377,False
LOG-369544 ,Rourkela_Sector-5,4G,173.57966178872377,False
LOG-480002 ,Rourkela_Sector-5,3G,173.57966178872377,False
LOG-798002 ,Bhubaneswar_DLF,5G,173.57966178872377,False
LOG-639439 ,Bhubaneswar_DLF,5G,173.57966178872377,False
LOG-690978 ,Sambalpur_Town,4G,173.57966178872377,False
LOG-628787 ,Bhubaneswar_DLF,3G,173.57966178872377,False
LOG-630583 ,Bhubaneswar_DLF,4G,173.57966178872377,False
LOG-488215 ,Bhubaneswar_DLF,4G,173.57966178872377,False
LOG-421184 ,Cuttack_LinkRoad,4G,173.57966178872377,False
LOG-898615 ,Sambalpur_Town,4G,173.57966178872377,False
LOG-522515 ,Sambalpur_Town,4G,173.57966178872377,False
LOG-768234 ,Bhubaneswar_DLF,4G,9999.0,False
LOG-478480 ,Rourkela_Sector-5,5G,173.57966178872377,False
LOG-132711 ,Rourkela_Sector-5,4G,173.57966178872377,False
LOG-891971 ,Rourkela_Sector-5,5G,173.57966178872377,False
LOG-601157 ,Sambalpur_Town,4G,173.57966178872377,True
LOG-284423 ,Bhubaneswar_DLF,5G,173.57966178872377,False
LOG-616349 ,Cuttack_LinkRoad,5G,173.57966178872377,True
LOG-803714 ,Rourkela_Sector-5,5G,173.57966178872377,False
LOG-757917 ,Cuttack_LinkRoad,4G,173.57966178872377,False
LOG-924792 ,Rourkela_Sector-5,5G,173.57966178872377,False
LOG-837378 ,Rourkela_Sector-5,5G,173.57966178872377,False
LOG-233272 ,Rourkela_Sector-5,5G,173.57966178872377,False
LOG-867836 ,Bhubaneswar_DLF,5G,173.57966178872377,False
LOG-802335 ,Bhubaneswar_DLF,5G,173.57966178872377,False
LOG-907789 ,Sambalpur_Town,5G,173.57966178872377,False
LOG-743409 ,Rourkela_Sector-5,5G,173.57966178872377,False
LOG-177505 ,Bhubaneswar_DLF,5G,173.57966178872377,False
LOG-102869 ,Bhubaneswar_DLF,5G,173.57966178872377,False
LOG-881474 ,Rourkela_Sector-5,5G,173.57966178872377,False
LOG-554351 ,Cuttack_LinkRoad,4G,173.57966178872377,False
LOG-412252 ,Cuttack_LinkRoad,5G,173.57966178872377,False
LOG-736584 ,Cuttack_LinkRoad,5G,173.57966178872377,False
LOG-718467 ,Sambalpur_Town,5G,173.57966178872377,False
LOG-190272 ,Cuttack_LinkRoad,5G,173.57966178872377,False
LOG-138467 ,Rourkela_Sector-5,5G,173.57966178872377,False
LOG-909760 ,Cuttack_LinkRoad,5G,173.57966178872377,False
LOG-977844 ,Rourkela_Sector-5,4G,173.57966178872377,False
LOG-580047 ,Rourkela_Sector-5,4G,173.57966178872377,False
LOG-759347 ,Rourkela_Sector-5,5G,173.57966178872377,False
LOG-158871 ,Cuttack_LinkRoad,4G,173.57966178872377,False
LOG-228391 ,Cuttack_LinkRoad,5G,173.57966178872377,False
LOG-539430 ,Rourkela_Sector-5,4G,173.57966178872377,False
LOG-710704 ,Cuttack_LinkRoad,5G,173.57966178872377,False
LOG-956703 ,Sambalpur_Town,4G,173.57966178872377,False
LOG-930496 ,Rourkela_Sector-5,5G,173.57966178872377,False
LOG-356687 ,Rourkela_Sector-5,4G,173.57966178872377,False
LOG-825451 ,Cuttack_LinkRoad,5G,-50.0,False
LOG-207450 ,Rourkela_Sector-5,5G,173.57966178872377,False
LOG-271890 ,Bhubaneswar_DLF,4G,173.57966178872377,False
LOG-538741 ,Rourkela_Sector-5,5G,173.57966178872377,False
LOG-381974 ,Bhubaneswar_DLF,4G,173.57966178872377,False
LOG-500109 ,Cuttack_LinkRoad,4G,173.57966178872377,False
LOG-216381 ,Bhubaneswar_DLF,5G,173.57966178872377,False
LOG-573125 ,Cuttack_LinkRoad,5G,173.57966178872377,False
LOG-671621 ,Sambalpur_Town,5G,173.57966178872377,False
LOG-234508 ,Cuttack_LinkRoad,4G,173.57966178872377,False
LOG-829650 ,Bhubaneswar_DLF,5G,173.57966178872377,False
LOG-962645 ,Rourkela_Sector-5,5G,173.57966178872377,False
LOG-499111 ,Bhubaneswar_DLF,3G,173.57966178872377,False
LOG-250810 ,Rourkela_Sector-5,5G,173.57966178872377,False
LOG-392890 ,Cuttack_LinkRoad,3G,173.57966178872377,False
LOG-673665 ,Rourkela_Sector-5,4G,173.57966178872377,False
LOG-940477 ,Bhubaneswar_DLF,5G,173.57966178872377,False
LOG-460032 ,Rourkela_Sector-5,5G,173.57966178872377,False
LOG-469599 ,Cuttack_LinkRoad,4G,173.57966178872377,False
LOG-760960 ,Sambalpur_Town,5G,173.57966178872377,False
LOG-850020 ,Rourkela_Sector-5,5G,173.57966178872377,False
LOG-979611 ,Sambalpur_Town,5G,173.57966178872377,False
LOG-271836 ,Rourkela_Sector-5,4G,173.57966178872377,False
LOG-829903 ,Bhubaneswar_DLF,4G,173.57966178872377,False
LOG-145714 ,Sambalpur_Town,5G,173.57966178872377,False
LOG-727234 ,Rourkela_Sector-5,5G,173.57966178872377,False
LOG-996048 ,Sambalpur_Town,4G,173.57966178872377,False
LOG-730271 ,Rourkela_Sector-5,3G,173.57966178872377,False
LOG-566960 ,Rourkela_Sector-5,5G,173.57966178872377,False
LOG-811851 ,Sambalpur_Town,5G,173.57966178872377,False
LOG-224123 ,Rourkela_Sector-5,4G,173.57966178872377,False
LOG-405628 ,Sambalpur_Town,4G,173.57966178872377,True
LOG-182989 ,Sambalpur_Town,4G,173.57966178872377,True
LOG-398356 ,Rourkela_Sector-5,4G,173.57966178872377,False
LOG-929957 ,Bhubaneswar_DLF,4G,173.57966178872377,False
LOG-278274 ,Rourkela_Sector-5,5G,173.57966178872377,False
LOG-787995 ,Bhubaneswar_DLF,4G,173.57966178872377,False
LOG-425352 ,Rourkela_Sector-5,4G,173.57966178872377,False
LOG-920260 ,Rourkela_Sector-5,3G,173.57966178872377,False
LOG-511927 ,Rourkela_Sector-5,5G,173.57966178872377,False
LOG-889852 ,Bhubaneswar_DLF,5G,173.57966178872377,False
LOG-983184 ,Sambalpur_Town,4G,173.57966178872377,False
LOG-231373 ,Cuttack_LinkRoad,5G,173.57966178872377,False
LOG-538452 ,Cuttack_LinkRoad,5G,173.57966178872377,False
LOG-215294 ,Bhubaneswar_DLF,4G,173.57966178872377,False
LOG-559451 ,Cuttack_LinkRoad,5G,173.57966178872377,False
LOG-748307 ,Rourkela_Sector-5,4G,173.57966178872377,False
LOG-165726 ,Cuttack_LinkRoad,4G,173.57966178872377,False
LOG-241564 ,Sambalpur_Town,5G,173.57966178872377,False
LOG-477812 ,Rourkela_Sector-5,3G,173.57966178872377,True
LOG-368246 ,Bhubaneswar_DLF,4G,173.57966178872377,False
LOG-805696 ,Cuttack_LinkRoad,5G,173.57966178872377,False
LOG-218015 ,Sambalpur_Town,5G,173.57966178872377,False
LOG-840674 ,Cuttack_LinkRoad,3G,173.57966178872377,False
LOG-354079 ,Rourkela_Sector-5,5G,173.57966178872377,False
LOG-650929 ,Rourkela_Sector-5,5G,173.57966178872377,False
LOG-789944 ,Rourkela_Sector-5,5G,173.57966178872377,False
LOG-788105 ,Cuttack_LinkRoad,5G,173.57966178872377,False
LOG-613758 ,Rourkela_Sector-5,5G,173.57966178872377,False
LOG-465890 ,Sambalpur_Town,3G,173.57966178872377,False
LOG-545101 ,Rourkela_Sector-5,4G,9999.0,False
LOG-136631 ,Rourkela_Sector-5,5G,173.57966178872377,False
LOG-866577 ,Bhubaneswar_DLF,5G,173.57966178872377,False
LOG-172991 ,Cuttack_LinkRoad,4G,173.57966178872377,False
LOG-104014 ,Rourkela_Sector-5,5G,173.57966178872377,False
LOG-373237 ,Bhubaneswar_DLF,4G,173.57966178872377,False
LOG-118070 ,Bhubaneswar_DLF,4G,173.57966178872377,False
LOG-922209 ,Rourkela_Sector-5,4G,173.57966178872377,False
LOG-156958 ,Rourkela_Sector-5,5G,173.57966178872377,False
LOG-182074 ,Cuttack_LinkRoad,5G,173.57966178872377,False
LOG-635017 ,Bhubaneswar_DLF,5G,173.57966178872377,False
LOG-855073 ,Rourkela_Sector-5,5G,173.57966178872377,True
LOG-276089 ,Cuttack_LinkRoad,5G,173.57966178872377,True
LOG-297392 ,Sambalpur_Town,4G,173.57966178872377,False
LOG-258823 ,Bhubaneswar_DLF,4G,173.57966178872377,True
LOG-730152 ,Bhubaneswar_DLF,3G,173.57966178872377,False
LOG-493002 ,Sambalpur_Town,4G,173.57966178872377,True
LOG-833429 ,Sambalpur_Town,5G,173.57966178872377,False
LOG-598863 ,Cuttack_LinkRoad,4G,173.57966178872377,False
LOG-467654 ,Bhubaneswar_DLF,5G,173.57966178872377,False
LOG-679036 ,Bhubaneswar_DLF,5G,173.57966178872377,True
LOG-630089 ,Cuttack_LinkRoad,5G,173.57966178872377,False
LOG-250262 ,Rourkela_Sector-5,4G,173.57966178872377,False
LOG-542905 ,Bhubaneswar_DLF,4G,173.57966178872377,True
LOG-335362 ,Cuttack_LinkRoad,5G,173.57966178872377,False
LOG-544209 ,Bhubaneswar_DLF,5G,173.57966178872377,False
LOG-653880 ,Bhubaneswar_DLF,5G,173.57966178872377,False
LOG-897079 ,Bhubaneswar_DLF,5G,173.57966178872377,False
LOG-764076 ,Rourkela_Sector-5,5G,173.57966178872377,True
LOG-319963 ,Bhubaneswar_DLF,4G,173.57966178872377,True
LOG-580761 ,Cuttack_LinkRoad,4G,173.57966178872377,False
LOG-348710 ,Rourkela_Sector-5,5G,173.57966178872377,False
LOG-320984 ,Rourkela_Sector-5,4G,173.57966178872377,False
LOG-997059 ,Sambalpur_Town,5G,173.57966178872377,False
LOG-956748 ,Rourkela_Sector-5,3G,173.57966178872377,False
LOG-882355 ,Rourkela_Sector-5,5G,173.57966178872377,False
LOG-364512 ,Sambalpur_Town,4G,173.57966178872377,False
LOG-701863 ,Cuttack_LinkRoad,4G,173.57966178872377,False
LOG-368799 ,Bhubaneswar_DLF,4G,173.57966178872377,False
LOG-337549 ,Sambalpur_Town,5G,173.57966178872377,False
LOG-694319 ,Rourkela_Sector-5,4G,173.57966178872377,False
LOG-584299 ,Cuttack_LinkRoad,5G,173.57966178872377,False
LOG-712210 ,Bhubaneswar_DLF,5G,173.57966178872377,False
LOG-548982 ,Cuttack_LinkRoad,5G,173.57966178872377,False
LOG-224046 ,Bhubaneswar_DLF,4G,173.57966178872377,True
LOG-506619 ,Bhubaneswar_DLF,4G,173.57966178872377,False
LOG-132097 ,Bhubaneswar_DLF,5G,173.57966178872377,False
LOG-766326 ,Bhubaneswar_DLF,5G,173.57966178872377,False
LOG-749150 ,Cuttack_LinkRoad,3G,173.57966178872377,False
LOG-330229 ,Bhubaneswar_DLF,5G,173.57966178872377,False
LOG-218834 ,Bhubaneswar_DLF,5G,173.57966178872377,False
LOG-193848 ,Bhubaneswar_DLF,5G,173.57966178872377,False
LOG-152921 ,Bhubaneswar_DLF,4G,173.57966178872377,False
LOG-805086 ,Cuttack_LinkRoad,5G,173.57966178872377,False
LOG-750429 ,Cuttack_LinkRoad,4G,173.57966178872377,False
LOG-805660 ,Bhubaneswar_DLF,5G,173.57966178872377,False
LOG-384821 ,Sambalpur_Town,5G,173.57966178872377,False
LOG-155609 ,Cuttack_LinkRoad,5G,173.57966178872377,False
LOG-327897 ,Bhubaneswar_DLF,5G,173.57966178872377,False
LOG-131024 ,Bhubaneswar_DLF,5G,173.57966178872377,False
LOG-170313 ,Sambalpur_Town,5G,173.57966178872377,False
LOG-489957 ,Bhubaneswar_DLF,4G,173.57966178872377,False
LOG-284078 ,Cuttack_LinkRoad,5G,173.57966178872377,False
LOG-457429 ,Bhubaneswar_DLF,4G,173.57966178872377,False
LOG-561243 ,Bhubaneswar_DLF,3G,173.57966178872377,False
LOG-213632 ,Rourkela_Sector-5,4G,173.57966178872377,False
LOG-351451 ,Bhubaneswar_DLF,3G,173.57966178872377,False
LOG-103051 ,Sambalpur_Town,5G,173.57966178872377,False
LOG-804107 ,Bhubaneswar_DLF,5G,173.57966178872377,False
LOG-476836 ,Bhubaneswar_DLF,4G,173.57966178872377,False
LOG-711523 ,Sambalpur_Town,4G,173.57966178872377,False
LOG-821772 ,Bhubaneswar_DLF,4G,173.57966178872377,False
LOG-289407 ,Bhubaneswar_DLF,4G,173.57966178872377,True
LOG-549395 ,Cuttack_LinkRoad,4G,173.57966178872377,False
LOG-562894 ,Cuttack_LinkRoad,5G,173.57966178872377,False
LOG-311810 ,Rourkela_Sector-5,4G,173.57966178872377,False
LOG-827975 ,Bhubaneswar_DLF,5G,173.57966178872377,False
LOG-173523 ,Bhubaneswar_DLF,5G,173.57966178872377,False
LOG-860463 ,Rourkela_Sector-5,5G,173.57966178872377,True
LOG-194476 ,Bhubaneswar_DLF,5G,173.57966178872377,False
LOG-333841 ,Bhubaneswar_DLF,5G,173.57966178872377,False
LOG-903451 ,Rourkela_Sector-5,4G,173.57966178872377,False
LOG-970045 ,Bhubaneswar_DLF,4G,173.57966178872377,False
LOG-322866 ,Rourkela_Sector-5,4G,173.57966178872377,False
LOG-186672 ,Bhubaneswar_DLF,5G,173.57966178872377,False
LOG-698135 ,Sambalpur_Town,3G,173.57966178872377,False
LOG-444894 ,Cuttack_LinkRoad,5G,173.57966178872377,False
LOG-834994 ,Rourkela_Sector-5,4G,173.57966178872377,False
LOG-128251 ,Rourkela_Sector-5,5G,173.57966178872377,False
LOG-727769 ,Rourkela_Sector-5,5G,173.57966178872377,False
LOG-474710 ,Bhubaneswar_DLF,5G,173.57966178872377,False
LOG-650233 ,Rourkela_Sector-5,4G,173.57966178872377,False
LOG-977284 ,Bhubaneswar_DLF,5G,173.57966178872377,False
LOG-132217 ,Rourkela_Sector-5,5G,173.57966178872377,False
LOG-108308 ,Cuttack_LinkRoad,5G,173.57966178872377,False
LOG-368093 ,Rourkela_Sector-5,5G,173.57966178872377,False
LOG-283062 ,Rourkela_Sector-5,4G,173.57966178872377,False
LOG-494366 ,Cuttack_LinkRoad,5G,173.57966178872377,False
LOG-844840 ,Rourkela_Sector-5,5G,173.57966178872377,False
LOG-200235 ,Rourkela_Sector-5,5G,173.57966178872377,False
LOG-174740 ,Bhubaneswar_DLF,5G,173.57966178872377,True
LOG-478496 ,Bhubaneswar_DLF,5G,-50.0,False
LOG-953049 ,Cuttack_LinkRoad,4G,173.57966178872377,False
LOG-850201 ,Rourkela_Sector-5,5G,173.57966178872377,False
LOG-903328 ,Bhubaneswar_DLF,5G,173.57966178872377,False
LOG-277247 ,Rourkela_Sector-5,5G,173.57966178872377,False
LOG-763165 ,Rourkela_Sector-5,5G,173.57966178872377,False
LOG-629525 ,Sambalpur_Town,5G,173.57966178872377,False
LOG-120056 ,Cuttack_LinkRoad,5G,173.57966178872377,False
LOG-276615 ,Rourkela_Sector-5,5G,173.57966178872377,False
LOG-287628 ,Bhubaneswar_DLF,5G,173.57966178872377,False
LOG-738836 ,Rourkela_Sector-5,4G,173.57966178872377,False
LOG-473632 ,Sambalpur_Town,4G,173.57966178872377,False
LOG-234415 ,Rourkela_Sector-5,4G,173.57966178872377,False
LOG-506716 ,Rourkela_Sector-5,5G,173.57966178872377,False
LOG-546438 ,Bhubaneswar_DLF,4G,173.57966178872377,False
LOG-653663 ,Bhubaneswar_DLF,4G,173.57966178872377,False
LOG-765022 ,Bhubaneswar_DLF,4G,173.57966178872377,False
LOG-641252 ,Rourkela_Sector-5,5G,173.57966178872377,False
LOG-737717 ,Rourkela_Sector-5,5G,173.57966178872377,False
LOG-352764 ,Bhubaneswar_DLF,5G,173.57966178872377,False
LOG-814998 ,Rourkela_Sector-5,5G,173.57966178872377,False
LOG-566882 ,Sambalpur_Town,5G,173.57966178872377,False
LOG-840427 ,Rourkela_Sector-5,4G,173.57966178872377,False
LOG-612153 ,Bhubaneswar_DLF,4G,173.57966178872377,False
LOG-167215 ,Bhubaneswar_DLF,5G,173.57966178872377,False
LOG-955474 ,Rourkela_Sector-5,5G,173.57966178872377,False
LOG-244356 ,Bhubaneswar_DLF,5G,173.57966178872377,False
LOG-303861 ,Cuttack_LinkRoad,5G,173.57966178872377,False
LOG-455612 ,Rourkela_Sector-5,5G,173.57966178872377,False
LOG-554605 ,Sambalpur_Town,5G,173.57966178872377,True
LOG-109435 ,Bhubaneswar_DLF,5G,173.57966178872377,False
LOG-547556 ,Rourkela_Sector-5,3G,9999.0,False
LOG-799438 ,Bhubaneswar_DLF,5G,173.57966178872377,True
LOG-965264 ,Rourkela_Sector-5,5G,173.57966178872377,False
LOG-675581 ,Cuttack_LinkRoad,5G,173.57966178872377,False
LOG-178781 ,Cuttack_LinkRoad,5G,173.57966178872377,False
LOG-291475 ,Cuttack_LinkRoad,5G,173.57966178872377,False
LOG-260196 ,Sambalpur_Town,4G,173.57966178872377,True
LOG-326507 ,Cuttack_LinkRoad,5G,173.57966178872377,True
LOG-406063 ,Bhubaneswar_DLF,5G,173.57966178872377,False
LOG-864121 ,Rourkela_Sector-5,4G,173.57966178872377,True
LOG-876665 ,Bhubaneswar_DLF,5G,173.57966178872377,False
LOG-790607 ,Rourkela_Sector-5,5G,173.57966178872377,False
LOG-221172 ,Cuttack_LinkRoad,5G,173.57966178872377,False
LOG-456902 ,Bhubaneswar_DLF,4G,173.57966178872377,False
LOG-584963 ,Rourkela_Sector-5,5G,173.57966178872377,False
LOG-555968 ,Rourkela_Sector-5,5G,173.57966178872377,False
LOG-418717 ,Rourkela_Sector-5,4G,173.57966178872377,True
LOG-159101 ,Bhubaneswar_DLF,5G,9999.0,False
LOG-595972 ,Bhubaneswar_DLF,5G,173.57966178872377,False
LOG-388790 ,Bhubaneswar_DLF,5G,173.57966178872377,False
LOG-990617 ,Bhubaneswar_DLF,4G,173.57966178872377,False
LOG-647337 ,Bhubaneswar_DLF,4G,173.57966178872377,False
LOG-834965 ,Rourkela_Sector-5,3G,173.57966178872377,False
LOG-460260 ,Rourkela_Sector-5,4G,-50.0,False
LOG-983811 ,Bhubaneswar_DLF,4G,173.57966178872377,False
LOG-692673 ,Bhubaneswar_DLF,4G,173.57966178872377,False
LOG-750419 ,Rourkela_Sector-5,4G,173.57966178872377,False
LOG-533374 ,Rourkela_Sector-5,5G,173.57966178872377,False
LOG-820777 ,Rourkela_Sector-5,5G,173.57966178872377,False
LOG-647577 ,Bhubaneswar_DLF,5G,173.57966178872377,False
LOG-472370 ,Rourkela_Sector-5,5G,173.57966178872377,True
LOG-987225 ,Bhubaneswar_DLF,4G,173.57966178872377,False
LOG-371967 ,Cuttack_LinkRoad,5G,173.57966178872377,False
LOG-291232 ,Rourkela_Sector-5,5G,173.57966178872377,False
LOG-404119 ,Sambalpur_Town,5G,173.57966178872377,True
LOG-109540 ,Bhubaneswar_DLF,4G,173.57966178872377,False
LOG-640652 ,Bhubaneswar_DLF,4G,173.57966178872377,False
LOG-497827 ,Bhubaneswar_DLF,5G,173.57966178872377,False
LOG-651951 ,Bhubaneswar_DLF,5G,173.57966178872377,False
LOG-151991 ,Bhubaneswar_DLF,5G,173.57966178872377,False
LOG-288751 ,Bhubaneswar_DLF,5G,173.57966178872377,False
LOG-466326 ,Rourkela_Sector-5,5G,173.57966178872377,False
LOG-786337 ,Rourkela_Sector-5,4G,173.57966178872377,False
LOG-718992 ,Rourkela_Sector-5,5G,173.57966178872377,False
LOG-149115 ,Rourkela_Sector-5,5G,173.57966178872377,False
LOG-453151 ,Rourkela_Sector-5,5G,173.57966178872377,False
LOG-843583 ,Rourkela_Sector-5,5G,173.57966178872377,False
LOG-291962 ,Cuttack_LinkRoad,5G,173.57966178872377,False
LOG-821747 ,Sambalpur_Town,5G,173.57966178872377,False
LOG-249143 ,Sambalpur_Town,5G,173.57966178872377,False
LOG-814635 ,Bhubaneswar_DLF,4G,173.57966178872377,False
LOG-636226 ,Cuttack_LinkRoad,5G,173.57966178872377,False
LOG-453824 ,Sambalpur_Town,5G,173.57966178872377,False
LOG-104000 ,Bhubaneswar_DLF,5G,173.57966178872377,False
LOG-825948 ,Rourkela_Sector-5,4G,173.57966178872377,False
LOG-987474 ,Sambalpur_Town,5G,-50.0,False
LOG-455754 ,Bhubaneswar_DLF,4G,173.57966178872377,False
LOG-351492 ,Bhubaneswar_DLF,4G,173.57966178872377,False
LOG-990123 ,Rourkela_Sector-5,5G,9999.0,False
LOG-599522 ,Rourkela_Sector-5,4G,173.57966178872377,False
LOG-591072 ,Cuttack_LinkRoad,4G,173.57966178872377,False
LOG-138304 ,Bhubaneswar_DLF,5G,173.57966178872377,False
LOG-604999 ,Rourkela_Sector-5,4G,173.57966178872377,False
LOG-431593 ,Rourkela_Sector-5,5G,173.57966178872377,True
LOG-707274 ,Bhubaneswar_DLF,5G,173.57966178872377,False
LOG-251836 ,Bhubaneswar_DLF,4G,173.57966178872377,False
LOG-208940 ,Rourkela_Sector-5,4G,173.57966178872377,False
LOG-924926 ,Sambalpur_Town,4G,173.57966178872377,False
LOG-365517 ,Rourkela_Sector-5,5G,173.57966178872377,False
LOG-767521 ,Rourkela_Sector-5,5G,173.57966178872377,False
LOG-721820 ,Bhubaneswar_DLF,5G,173.57966178872377,False
LOG-979090 ,Rourkela_Sector-5,5G,173.57966178872377,False
LOG-485777 ,Cuttack_LinkRoad,5G,173.57966178872377,False
LOG-724674 ,Cuttack_LinkRoad,5G,173.57966178872377,False
LOG-651638 ,Cuttack_LinkRoad,5G,173.57966178872377,False
LOG-717296 ,Rourkela_Sector-5,5G,173.57966178872377,False
LOG-980729 ,Rourkela_Sector-5,5G,173.57966178872377,False
LOG-649639 ,Rourkela_Sector-5,3G,173.57966178872377,False
LOG-712956 ,Bhubaneswar_DLF,4G,173.57966178872377,False
LOG-738873 ,Cuttack_LinkRoad,5G,173.57966178872377,False
LOG-437497 ,Cuttack_LinkRoad,4G,173.57966178872377,False
LOG-307869 ,Cuttack_LinkRoad,4G,173.57966178872377,False
LOG-165953 ,Sambalpur_Town,4G,173.57966178872377,False
LOG-943890 ,Cuttack_LinkRoad,5G,173.57966178872377,True
LOG-600328 ,Rourkela_Sector-5,5G,173.57966178872377,False
LOG-906790 ,Rourkela_Sector-5,4G,173.57966178872377,False
LOG-103267 ,Bhubaneswar_DLF,5G,173.57966178872377,False
LOG-182745 ,Rourkela_Sector-5,4G,173.57966178872377,False
LOG-976020 ,Rourkela_Sector-5,4G,173.57966178872377,False
LOG-924945 ,Bhubaneswar_DLF,3G,173.57966178872377,False
LOG-257164 ,Cuttack_LinkRoad,5G,173.57966178872377,False
LOG-635626 ,Rourkela_Sector-5,5G,173.57966178872377,False
LOG-231484 ,Cuttack_LinkRoad,5G,173.57966178872377,False
LOG-631831 ,Cuttack_LinkRoad,3G,173.57966178872377,False
LOG-992323 ,Bhubaneswar_DLF,5G,173.57966178872377,False
LOG-160692 ,Rourkela_Sector-5,5G,173.57966178872377,False
LOG-320156 ,Rourkela_Sector-5,5G,173.57966178872377,False
LOG-323992 ,Cuttack_LinkRoad,5G,173.57966178872377,False
LOG-616771 ,Cuttack_LinkRoad,5G,173.57966178872377,False
LOG-930857 ,Sambalpur_Town,5G,173.57966178872377,False
LOG-663044 ,Bhubaneswar_DLF,4G,9999.0,False
LOG-643176 ,Rourkela_Sector-5,5G,173.57966178872377,False
LOG-791095 ,Rourkela_Sector-5,4G,173.57966178872377,False
LOG-933727 ,Cuttack_LinkRoad,4G,173.57966178872377,False
LOG-214352 ,Rourkela_Sector-5,4G,173.57966178872377,False
LOG-969474 ,Rourkela_Sector-5,4G,173.57966178872377,False
LOG-185999 ,Bhubaneswar_DLF,5G,173.57966178872377,False
LOG-117955 ,Rourkela_Sector-5,5G,173.57966178872377,False
LOG-924273 ,Rourkela_Sector-5,4G,173.57966178872377,True
LOG-170640 ,Bhubaneswar_DLF,5G,173.57966178872377,False
LOG-296582 ,Rourkela_Sector-5,5G,173.57966178872377,False
LOG-844086 ,Rourkela_Sector-5,5G,9999.0,False
LOG-500573 ,Cuttack_LinkRoad,4G,173.57966178872377,False
LOG-525695 ,Cuttack_LinkRoad,5G,173.57966178872377,False
LOG-161476 ,Rourkela_Sector-5,5G,173.57966178872377,False
LOG-406955 ,Cuttack_LinkRoad,5G,173.57966178872377,False
LOG-267280 ,Rourkela_Sector-5,3G,-50.0,False
LOG-775510 ,Bhubaneswar_DLF,5G,173.57966178872377,False
LOG-695468 ,Sambalpur_Town,4G,173.57966178872377,False
LOG-798646 ,Cuttack_LinkRoad,5G,173.57966178872377,False
LOG-737144 ,Cuttack_LinkRoad,4G,173.57966178872377,False
LOG-954882 ,Rourkela_Sector-5,5G,173.57966178872377,False
LOG-514568 ,Rourkela_Sector-5,4G,173.57966178872377,False
LOG-286141 ,Sambalpur_Town,5G,173.57966178872377,False
LOG-998320 ,Rourkela_Sector-5,5G,173.57966178872377,True
LOG-734736 ,Rourkela_Sector-5,4G,173.57966178872377,False
LOG-638685 ,Cuttack_LinkRoad,4G,173.57966178872377,False
LOG-278031 ,Cuttack_LinkRoad,4G,173.57966178872377,False
LOG-219180 ,Sambalpur_Town,4G,173.57966178872377,False
LOG-166234 ,Rourkela_Sector-5,5G,173.57966178872377,False
LOG-664242 ,Sambalpur_Town,4G,173.57966178872377,False
LOG-278352 ,Rourkela_Sector-5,5G,173.57966178872377,False
LOG-179459 ,Rourkela_Sector-5,4G,173.57966178872377,False
LOG-509995 ,Bhubaneswar_DLF,5G,173.57966178872377,False
LOG-295004 ,Rourkela_Sector-5,5G,173.57966178872377,False
LOG-566152 ,Rourkela_Sector-5,5G,173.57966178872377,False
LOG-825256 ,Bhubaneswar_DLF,5G,173.57966178872377,False
LOG-159163 ,Rourkela_Sector-5,5G,173.57966178872377,False
LOG-575853 ,Rourkela_Sector-5,5G,173.57966178872377,False
LOG-151934 ,Rourkela_Sector-5,5G,173.57966178872377,False
LOG-820255 ,Bhubaneswar_DLF,5G,173.57966178872377,True
LOG-525523 ,Bhubaneswar_DLF,5G,173.57966178872377,False
LOG-940530 ,Cuttack_LinkRoad,5G,173.57966178872377,False
LOG-554137 ,Cuttack_LinkRoad,5G,173.57966178872377,False
LOG-105486 ,Bhubaneswar_DLF,5G,173.57966178872377,True
LOG-239407 ,Cuttack_LinkRoad,4G,173.57966178872377,False
LOG-973332 ,Rourkela_Sector-5,4G,173.57966178872377,False
LOG-750308 ,Rourkela_Sector-5,5G,173.57966178872377,False
LOG-727083 ,Cuttack_LinkRoad,4G,173.57966178872377,False
LOG-320184 ,Rourkela_Sector-5,4G,173.57966178872377,False
LOG-766490 ,Sambalpur_Town,5G,173.57966178872377,False
LOG-449652 ,Bhubaneswar_DLF,4G,173.57966178872377,False
LOG-861315 ,Cuttack_LinkRoad,5G,173.57966178872377,False
LOG-742612 ,Bhubaneswar_DLF,5G,173.57966178872377,False
LOG-422710 ,Bhubaneswar_DLF,5G,173.57966178872377,False
LOG-297775 ,Rourkela_Sector-5,5G,173.57966178872377,False
LOG-389336 ,Cuttack_LinkRoad,4G,173.57966178872377,False
LOG-887494 ,Bhubaneswar_DLF,5G,173.57966178872377,True
LOG-708364 ,Sambalpur_Town,5G,173.57966178872377,False
LOG-189780 ,Rourkela_Sector-5,5G,173.57966178872377,False
LOG-252617 ,Rourkela_Sector-5,4G,173.57966178872377,False
LOG-645977 ,Rourkela_Sector-5,4G,173.57966178872377,False
LOG-897606 ,Bhubaneswar_DLF,4G,173.57966178872377,False
LOG-450605 ,Sambalpur_Town,5G,173.57966178872377,False
LOG-989465 ,Rourkela_Sector-5,5G,173.57966178872377,False
LOG-633636 ,Bhubaneswar_DLF,5G,173.57966178872377,False
LOG-138102 ,Rourkela_Sector-5,5G,173.57966178872377,False
LOG-174460 ,Bhubaneswar_DLF,5G,173.57966178872377,False
LOG-464778 ,Sambalpur_Town,5G,9999.0,False
LOG-189930 ,Rourkela_Sector-5,5G,173.57966178872377,False
LOG-631089 ,Bhubaneswar_DLF,4G,173.57966178872377,False
LOG-727438 ,Sambalpur_Town,4G,173.57966178872377,False
LOG-827627 ,Sambalpur_Town,5G,-50.0,False
LOG-279208 ,Bhubaneswar_DLF,5G,173.57966178872377,False
LOG-254697 ,Bhubaneswar_DLF,5G,173.57966178872377,False
LOG-313945 ,Rourkela_Sector-5,4G,173.57966178872377,False
LOG-331915 ,Bhubaneswar_DLF,4G,173.57966178872377,False
LOG-827952 ,Cuttack_LinkRoad,3G,173.57966178872377,False
LOG-308124 ,Bhubaneswar_DLF,5G,173.57966178872377,False
LOG-537477 ,Rourkela_Sector-5,4G,173.57966178872377,False
LOG-625830 ,Rourkela_Sector-5,5G,173.57966178872377,False
LOG-383821 ,Rourkela_Sector-5,4G,173.57966178872377,False
LOG-277804 ,Rourkela_Sector-5,4G,173.57966178872377,False
LOG-805703 ,Rourkela_Sector-5,4G,173.57966178872377,False
LOG-139081 ,Bhubaneswar_DLF,5G,173.57966178872377,False
LOG-818216 ,Rourkela_Sector-5,4G,173.57966178872377,False
LOG-455249 ,Rourkela_Sector-5,5G,173.57966178872377,False
LOG-319930 ,Bhubaneswar_DLF,5G,173.57966178872377,False
LOG-905497 ,Rourkela_Sector-5,5G,173.57966178872377,False
LOG-617313 ,Rourkela_Sector-5,5G,173.57966178872377,False
LOG-314532 ,Rourkela_Sector-5,5G,173.57966178872377,False
LOG-712380 ,Rourkela_Sector-5,5G,173.57966178872377,False
LOG-619332 ,Bhubaneswar_DLF,5G,173.57966178872377,False
LOG-416837 ,Rourkela_Sector-5,5G,173.57966178872377,False
LOG-389106 ,Cuttack_LinkRoad,5G,173.57966178872377,False
LOG-128295 ,Sambalpur_Town,5G,-50.0,False
LOG-113807 ,Cuttack_LinkRoad,5G,-50.0,True
LOG-535564 ,Bhubaneswar_DLF,5G,173.57966178872377,False
LOG-257504 ,Sambalpur_Town,5G,173.57966178872377,False
LOG-338067 ,Bhubaneswar_DLF,4G,9999.0,False
LOG-585008 ,Rourkela_Sector-5,5G,173.57966178872377,False
LOG-792440 ,Rourkela_Sector-5,4G,173.57966178872377,False
LOG-494540 ,Sambalpur_Town,5G,173.57966178872377,False
LOG-977699 ,Rourkela_Sector-5,3G,173.57966178872377,False
LOG-617923 ,Rourkela_Sector-5,5G,173.57966178872377,False
LOG-266981 ,Cuttack_LinkRoad,5G,173.57966178872377,False
LOG-844699 ,Cuttack_LinkRoad,5G,173.57966178872377,False
LOG-119870 ,Rourkela_Sector-5,5G,173.57966178872377,False
LOG-303196 ,Bhubaneswar_DLF,4G,173.57966178872377,False
LOG-348683 ,Rourkela_Sector-5,5G,173.57966178872377,False
LOG-334677 ,Cuttack_LinkRoad,5G,173.57966178872377,False
LOG-126790 ,Rourkela_Sector-5,4G,-50.0,False
LOG-743162 ,Rourkela_Sector-5,5G,173.57966178872377,False
LOG-911721 ,Cuttack_LinkRoad,5G,173.57966178872377,False
LOG-548345 ,Bhubaneswar_DLF,5G,-50.0,False
LOG-849074 ,Bhubaneswar_DLF,5G,173.57966178872377,False
LOG-587462 ,Bhubaneswar_DLF,4G,173.57966178872377,False
LOG-639773 ,Rourkela_Sector-5,4G,173.57966178872377,True
LOG-930914 ,Bhubaneswar_DLF,4G,173.57966178872377,False
LOG-186188 ,Rourkela_Sector-5,4G,173.57966178872377,False
LOG-629036 ,Rourkela_Sector-5,5G,173.57966178872377,False
LOG-842129 ,Rourkela_Sector-5,5G,173.57966178872377,False
LOG-764795 ,Bhubaneswar_DLF,5G,173.57966178872377,False
LOG-890141 ,Sambalpur_Town,4G,173.57966178872377,False
LOG-748249 ,Sambalpur_Town,4G,173.57966178872377,False
LOG-130355 ,Bhubaneswar_DLF,5G,173.57966178872377,False
LOG-811131 ,Rourkela_Sector-5,5G,173.57966178872377,False
LOG-551015 ,Bhubaneswar_DLF,4G,173.57966178872377,False
LOG-506332 ,Cuttack_LinkRoad,5G,173.57966178872377,False
LOG-256542 ,Rourkela_Sector-5,4G,173.57966178872377,False
LOG-273416 ,Sambalpur_Town,5G,173.57966178872377,False
LOG-405062 ,Rourkela_Sector-5,5G,-50.0,False
LOG-938656 ,Sambalpur_Town,5G,173.57966178872377,False
LOG-663586 ,Cuttack_LinkRoad,4G,173.57966178872377,False
LOG-601708 ,Cuttack_LinkRoad,5G,173.57966178872377,False
LOG-966651 ,Rourkela_Sector-5,5G,173.57966178872377,False
LOG-161629 ,Rourkela_Sector-5,4G,173.57966178872377,False
LOG-428184 ,Rourkela_Sector-5,4G,173.57966178872377,False
LOG-592734 ,Rourkela_Sector-5,4G,173.57966178872377,False
LOG-855195 ,Rourkela_Sector-5,5G,173.57966178872377,False
LOG-390160 ,Bhubaneswar_DLF,4G,173.57966178872377,False
LOG-648248 ,Bhubaneswar_DLF,5G,173.57966178872377,False
LOG-920023 ,Bhubaneswar_DLF,5G,173.57966178872377,False
LOG-313920 ,Bhubaneswar_DLF,5G,173.57966178872377,False
LOG-989765 ,Rourkela_Sector-5,5G,173.57966178872377,False
LOG-342804 ,Sambalpur_Town,4G,173.57966178872377,False
LOG-476965 ,Rourkela_Sector-5,5G,173.57966178872377,False
LOG-560857 ,Bhubaneswar_DLF,5G,173.57966178872377,False
LOG-922827 ,Bhubaneswar_DLF,4G,173.57966178872377,False
LOG-604492 ,Cuttack_LinkRoad,4G,173.57966178872377,False
LOG-753983 ,Rourkela_Sector-5,4G,173.57966178872377,False
LOG-515916 ,Bhubaneswar_DLF,5G,173.57966178872377,False
LOG-921052 ,Bhubaneswar_DLF,4G,173.57966178872377,False
LOG-858574 ,Rourkela_Sector-5,5G,173.57966178872377,False
LOG-228148 ,Bhubaneswar_DLF,3G,173.57966178872377,False
LOG-906991 ,Sambalpur_Town,5G,173.57966178872377,False
LOG-586261 ,Sambalpur_Town,4G,173.57966178872377,False
LOG-455540 ,Rourkela_Sector-5,5G,-50.0,False
LOG-292714 ,Rourkela_Sector-5,5G,173.57966178872377,False
LOG-831899 ,Rourkela_Sector-5,5G,173.57966178872377,False
LOG-383876 ,Rourkela_Sector-5,5G,173.57966178872377,False
LOG-359747 ,Rourkela_Sector-5,5G,173.57966178872377,False
LOG-715650 ,Rourkela_Sector-5,4G,173.57966178872377,False
LOG-523570 ,Sambalpur_Town,5G,173.57966178872377,False
LOG-375987 ,Sambalpur_Town,4G,173.57966178872377,False
LOG-738353 ,Rourkela_Sector-5,5G,173.57966178872377,False
LOG-958158 ,Rourkela_Sector-5,5G,173.57966178872377,False
LOG-117640 ,Bhubaneswar_DLF,4G,173.57966178872377,False
LOG-152528 ,Rourkela_Sector-5,4G,173.57966178872377,True
LOG-924845 ,Bhubaneswar_DLF,5G,173.57966178872377,False
LOG-359214 ,Bhubaneswar_DLF,5G,173.57966178872377,False
LOG-939070 ,Sambalpur_Town,4G,173.57966178872377,True
LOG-601108 ,Cuttack_LinkRoad,5G,173.57966178872377,False
LOG-734421 ,Bhubaneswar_DLF,5G,173.57966178872377,False
LOG-468501 ,Bhubaneswar_DLF,4G,173.57966178872377,False
LOG-824226 ,Rourkela_Sector-5,5G,173.57966178872377,False
LOG-250159 ,Bhubaneswar_DLF,5G,173.57966178872377,False
LOG-272502 ,Bhubaneswar_DLF,4G,173.57966178872377,False
LOG-255576 ,Rourkela_Sector-5,4G,173.57966178872377,True
LOG-965291 ,Rourkela_Sector-5,5G,173.57966178872377,False
LOG-986089 ,Rourkela_Sector-5,5G,173.57966178872377,False
LOG-111023 ,Sambalpur_Town,5G,173.57966178872377,False
LOG-645735 ,Rourkela_Sector-5,4G,173.57966178872377,False
LOG-488043 ,Rourkela_Sector-5,4G,173.57966178872377,False
LOG-386103 ,Rourkela_Sector-5,5G,173.57966178872377,False
LOG-166203 ,Bhubaneswar_DLF,5G,173.57966178872377,False
LOG-260775 ,Rourkela_Sector-5,5G,173.57966178872377,False
LOG-109337 ,Sambalpur_Town,5G,173.57966178872377,False
LOG-670715 ,Sambalpur_Town,4G,173.57966178872377,False
LOG-614723 ,Bhubaneswar_DLF,5G,173.57966178872377,False
LOG-423673 ,Bhubaneswar_DLF,5G,173.57966178872377,False
LOG-464167 ,Rourkela_Sector-5,5G,173.57966178872377,False
LOG-446809 ,Rourkela_Sector-5,5G,173.57966178872377,False
LOG-730075 ,Cuttack_LinkRoad,5G,173.57966178872377,False
LOG-787281 ,Rourkela_Sector-5,5G,173.57966178872377,False
LOG-395451 ,Rourkela_Sector-5,4G,173.57966178872377,False
LOG-520571 ,Bhubaneswar_DLF,3G,173.57966178872377,False
LOG-227016 ,Rourkela_Sector-5,4G,173.57966178872377,False
LOG-891267 ,Sambalpur_Town,5G,173.57966178872377,False
LOG-644447 ,Rourkela_Sector-5,4G,173.57966178872377,False
LOG-597562 ,Cuttack_LinkRoad,3G,173.57966178872377,False
LOG-802965 ,Bhubaneswar_DLF,5G,173.57966178872377,False
LOG-483934 ,Cuttack_LinkRoad,5G,173.57966178872377,False
LOG-992048 ,Rourkela_Sector-5,5G,173.57966178872377,False
LOG-965184 ,Bhubaneswar_DLF,5G,173.57966178872377,False
LOG-417428 ,Sambalpur_Town,4G,173.57966178872377,False
LOG-419187 ,Bhubaneswar_DLF,5G,173.57966178872377,False
LOG-790907 ,Rourkela_Sector-5,5G,173.57966178872377,False
LOG-983439 ,Bhubaneswar_DLF,5G,173.57966178872377,False
LOG-182844 ,Cuttack_LinkRoad,5G,173.57966178872377,False
LOG-651820 ,Bhubaneswar_DLF,5G,173.57966178872377,False
LOG-265421 ,Sambalpur_Town,5G,173.57966178872377,False
LOG-222402 ,Rourkela_Sector-5,5G,173.57966178872377,False
LOG-218012 ,Bhubaneswar_DLF,4G,173.57966178872377,False
LOG-538661 ,Cuttack_LinkRoad,4G,173.57966178872377,False
LOG-498929 ,Bhubaneswar_DLF,4G,173.57966178872377,False
LOG-680466 ,Sambalpur_Town,4G,173.57966178872377,False
LOG-673695 ,Sambalpur_Town,4G,173.57966178872377,False
LOG-563556 ,Bhubaneswar_DLF,4G,173.57966178872377,False
LOG-675278 ,Rourkela_Sector-5,4G,173.57966178872377,False
LOG-229473 ,Rourkela_Sector-5,4G,173.57966178872377,False
LOG-578007 ,Cuttack_LinkRoad,5G,173.57966178872377,True
LOG-944573 ,Sambalpur_Town,5G,173.57966178872377,False
LOG-517009 ,Rourkela_Sector-5,4G,173.57966178872377,False
LOG-418714 ,Rourkela_Sector-5,5G,173.57966178872377,False
LOG-326156 ,Rourkela_Sector-5,5G,173.57966178872377,False
LOG-268964 ,Cuttack_LinkRoad,5G,173.57966178872377,True
LOG-625303 ,Rourkela_Sector-5,5G,173.57966178872377,False
LOG-161813 ,Bhubaneswar_DLF,3G,173.57966178872377,False
LOG-127712 ,Bhubaneswar_DLF,5G,173.57966178872377,False
LOG-724785 ,Cuttack_LinkRoad,5G,173.57966178872377,True
LOG-867214 ,Bhubaneswar_DLF,5G,173.57966178872377,False
LOG-212816 ,Bhubaneswar_DLF,4G,173.57966178872377,False
LOG-228778 ,Rourkela_Sector-5,5G,173.57966178872377,False
LOG-686580 ,Bhubaneswar_DLF,4G,173.57966178872377,False
LOG-385977 ,Cuttack_LinkRoad,4G,173.57966178872377,False
LOG-235230 ,Sambalpur_Town,5G,173.57966178872377,False
LOG-818040 ,Rourkela_Sector-5,5G,173.57966178872377,False
LOG-906741 ,Rourkela_Sector-5,5G,173.57966178872377,False
LOG-369114 ,Rourkela_Sector-5,4G,173.57966178872377,False
LOG-434618 ,Rourkela_Sector-5,4G,173.57966178872377,False
LOG-932972 ,Cuttack_LinkRoad,5G,173.57966178872377,False
LOG-251456 ,Rourkela_Sector-5,5G,173.57966178872377,False
LOG-904449 ,Bhubaneswar_DLF,5G,173.57966178872377,False
LOG-962312 ,Rourkela_Sector-5,4G,173.57966178872377,False
LOG-205570 ,Rourkela_Sector-5,5G,173.57966178872377,True
LOG-370846 ,Bhubaneswar_DLF,5G,173.57966178872377,False
LOG-100404 ,Rourkela_Sector-5,5G,173.57966178872377,False
LOG-803286 ,Rourkela_Sector-5,4G,173.57966178872377,False
LOG-374907 ,Cuttack_LinkRoad,4G,173.57966178872377,False
LOG-773744 ,Bhubaneswar_DLF,5G,173.57966178872377,False
LOG-815460 ,Rourkela_Sector-5,4G,173.57966178872377,False
LOG-984574 ,Sambalpur_Town,5G,173.57966178872377,False
LOG-765220 ,Bhubaneswar_DLF,3G,173.57966178872377,False
LOG-335365 ,Cuttack_LinkRoad,5G,173.57966178872377,False
LOG-442786 ,Rourkela_Sector-5,4G,173.57966178872377,False
LOG-150612 ,Rourkela_Sector-5,5G,173.57966178872377,False
LOG-910006 ,Rourkela_Sector-5,5G,173.57966178872377,False
LOG-909956 ,Rourkela_Sector-5,4G,173.57966178872377,False
LOG-300244 ,Bhubaneswar_DLF,5G,173.57966178872377,False
LOG-897348 ,Sambalpur_Town,5G,9999.0,False
LOG-104809 ,Bhubaneswar_DLF,5G,173.57966178872377,False
LOG-263273 ,Rourkela_Sector-5,5G,173.57966178872377,False
LOG-808690 ,Bhubaneswar_DLF,5G,173.57966178872377,False
LOG-244528 ,Rourkela_Sector-5,5G,173.57966178872377,True
LOG-606964 ,Bhubaneswar_DLF,4G,9999.0,False
LOG-549613 ,Bhubaneswar_DLF,4G,173.57966178872377,False
LOG-138765 ,Cuttack_LinkRoad,5G,173.57966178872377,False
LOG-931538 ,Sambalpur_Town,5G,173.57966178872377,False
LOG-416076 ,Rourkela_Sector-5,4G,173.57966178872377,False
LOG-943523 ,Bhubaneswar_DLF,5G,173.57966178872377,False
LOG-646237 ,Sambalpur_Town,5G,173.57966178872377,False
LOG-301152 ,Cuttack_LinkRoad,4G,173.57966178872377,False
LOG-399888 ,Bhubaneswar_DLF,4G,173.57966178872377,False
LOG-800903 ,Sambalpur_Town,5G,173.57966178872377,False
LOG-994751 ,Rourkela_Sector-5,5G,173.57966178872377,False
LOG-192193 ,Sambalpur_Town,5G,173.57966178872377,False
LOG-136187 ,Rourkela_Sector-5,3G,173.57966178872377,False
LOG-605950 ,Bhubaneswar_DLF,5G,173.57966178872377,False
LOG-238311 ,Sambalpur_Town,3G,173.57966178872377,False
LOG-900921 ,Rourkela_Sector-5,5G,173.57966178872377,False
LOG-608153 ,Bhubaneswar_DLF,5G,173.57966178872377,False
LOG-289089 ,Rourkela_Sector-5,5G,173.57966178872377,False
LOG-686165 ,Sambalpur_Town,4G,173.57966178872377,False
LOG-536341 ,Cuttack_LinkRoad,5G,173.57966178872377,False
LOG-412066 ,Cuttack_LinkRoad,5G,173.57966178872377,False
LOG-718362 ,Bhubaneswar_DLF,4G,173.57966178872377,False
LOG-787409 ,Cuttack_LinkRoad,3G,173.57966178872377,False
LOG-661419 ,Rourkela_Sector-5,5G,173.57966178872377,False
LOG-740053 ,Bhubaneswar_DLF,5G,173.57966178872377,False
LOG-960395 ,Cuttack_LinkRoad,4G,173.57966178872377,False
LOG-731172 ,Rourkela_Sector-5,4G,173.57966178872377,False
LOG-225917 ,Rourkela_Sector-5,5G,173.57966178872377,False
LOG-910717 ,Rourkela_Sector-5,4G,173.57966178872377,False
LOG-399770 ,Rourkela_Sector-5,5G,173.57966178872377,False
LOG-798168 ,Sambalpur_Town,4G,173.57966178872377,False
LOG-581680 ,Bhubaneswar_DLF,5G,173.57966178872377,True
LOG-381342 ,Cuttack_LinkRoad,5G,173.57966178872377,False
LOG-639542 ,Rourkela_Sector-5,5G,173.57966178872377,False
LOG-144238 ,Rourkela_Sector-5,4G,173.57966178872377,False
LOG-101252 ,Rourkela_Sector-5,3G,173.57966178872377,False
LOG-926196 ,Cuttack_LinkRoad,5G,173.57966178872377,False
LOG-964141 ,Bhubaneswar_DLF,5G,173.57966178872377,False
LOG-585450 ,Sambalpur_Town,5G,173.57966178872377,True
LOG-415826 ,Bhubaneswar_DLF,4G,173.57966178872377,False
LOG-421638 ,Bhubaneswar_DLF,3G,173.57966178872377,False
LOG-705605 ,Bhubaneswar_DLF,4G,173.57966178872377,False
LOG-427359 ,Sambalpur_Town,5G,173.57966178872377,False
LOG-702875 ,Cuttack_LinkRoad,3G,173.57966178872377,False
LOG-106949 ,Rourkela_Sector-5,5G,173.57966178872377,False
LOG-863185 ,Bhubaneswar_DLF,5G,173.57966178872377,False
LOG-417537 ,Bhubaneswar_DLF,5G,173.57966178872377,False
LOG-828913 ,Cuttack_LinkRoad,5G,173.57966178872377,False
LOG-762301 ,Rourkela_Sector-5,4G,173.57966178872377,False
LOG-650222 ,Sambalpur_Town,4G,173.57966178872377,False
LOG-880722 ,Sambalpur_Town,5G,173.57966178872377,False
LOG-555102 ,Rourkela_Sector-5,5G,173.57966178872377,False
LOG-437889 ,Sambalpur_Town,5G,173.57966178872377,False
LOG-576467 ,Rourkela_Sector-5,5G,173.57966178872377,False
LOG-456600 ,Rourkela_Sector-5,5G,173.57966178872377,False
LOG-415557 ,Rourkela_Sector-5,5G,173.57966178872377,True
LOG-983671 ,Rourkela_Sector-5,4G,173.57966178872377,True
LOG-404462 ,Cuttack_LinkRoad,4G,173.57966178872377,True
LOG-350875 ,Rourkela_Sector-5,4G,173.57966178872377,False
LOG-563389 ,Rourkela_Sector-5,3G,173.57966178872377,False
LOG-170390 ,Rourkela_Sector-5,4G,173.57966178872377,False
LOG-807689 ,Rourkela_Sector-5,5G,173.57966178872377,False
LOG-353490 ,Rourkela_Sector-5,4G,173.57966178872377,False
LOG-667376 ,Bhubaneswar_DLF,5G,173.57966178872377,False
LOG-347940 ,Rourkela_Sector-5,4G,173.57966178872377,False
LOG-465340 ,Sambalpur_Town,5G,173.57966178872377,False
LOG-533027 ,Cuttack_LinkRoad,4G,173.57966178872377,False
LOG-608041 ,Rourkela_Sector-5,5G,173.57966178872377,False
LOG-417623 ,Sambalpur_Town,5G,173.57966178872377,False
LOG-316464 ,Rourkela_Sector-5,5G,173.57966178872377,False
LOG-842729 ,Rourkela_Sector-5,5G,173.57966178872377,False
LOG-610736 ,Rourkela_Sector-5,3G,173.57966178872377,True
LOG-906395 ,Rourkela_Sector-5,5G,173.57966178872377,True
LOG-417267 ,Bhubaneswar_DLF,5G,173.57966178872377,False
LOG-750199 ,Cuttack_LinkRoad,4G,173.57966178872377,True
LOG-988900 ,Rourkela_Sector-5,4G,173.57966178872377,False
LOG-323777 ,Cuttack_LinkRoad,5G,173.57966178872377,False
LOG-959909 ,Rourkela_Sector-5,5G,173.57966178872377,False
LOG-900820 ,Cuttack_LinkRoad,5G,173.57966178872377,False
LOG-105569 ,Rourkela_Sector-5,4G,173.57966178872377,False
LOG-694124 ,Rourkela_Sector-5,4G,173.57966178872377,False
LOG-728861 ,Rourkela_Sector-5,3G,173.57966178872377,False
LOG-529802 ,Rourkela_Sector-5,5G,173.57966178872377,False
LOG-358090 ,Bhubaneswar_DLF,5G,173.57966178872377,False
LOG-767375 ,Cuttack_LinkRoad,5G,173.57966178872377,False
LOG-145002 ,Rourkela_Sector-5,4G,173.57966178872377,False
LOG-871954 ,Cuttack_LinkRoad,5G,173.57966178872377,False
LOG-761614 ,Bhubaneswar_DLF,5G,173.57966178872377,False
LOG-779574 ,Sambalpur_Town,5G,173.57966178872377,False
LOG-598870 ,Rourkela_Sector-5,5G,173.57966178872377,False
LOG-311791 ,Bhubaneswar_DLF,4G,173.57966178872377,False
LOG-302846 ,Sambalpur_Town,5G,173.57966178872377,True
LOG-761450 ,Bhubaneswar_DLF,5G,173.57966178872377,True
LOG-766997 ,Rourkela_Sector-5,5G,173.57966178872377,False
LOG-777775 ,Rourkela_Sector-5,4G,173.57966178872377,False
LOG-124071 ,Rourkela_Sector-5,5G,173.57966178872377,False
LOG-682531 ,Bhubaneswar_DLF,5G,173.57966178872377,False
LOG-994647 ,Cuttack_LinkRoad,5G,173.57966178872377,True
LOG-272312 ,Rourkela_Sector-5,5G,173.57966178872377,False
LOG-357218 ,Bhubaneswar_DLF,4G,173.57966178872377,False
LOG-314879 ,Bhubaneswar_DLF,5G,173.57966178872377,False
LOG-463714 ,Bhubaneswar_DLF,4G,173.57966178872377,False
LOG-526650 ,Bhubaneswar_DLF,5G,173.57966178872377,False
LOG-431868 ,Cuttack_LinkRoad,4G,173.57966178872377,False
LOG-962129 ,Rourkela_Sector-5,4G,173.57966178872377,False
LOG-653020 ,Sambalpur_Town,5G,173.57966178872377,False
LOG-745753 ,Rourkela_Sector-5,4G,173.57966178872377,False
LOG-517170 ,Rourkela_Sector-5,5G,173.57966178872377,False
LOG-157108 ,Rourkela_Sector-5,5G,173.57966178872377,False
LOG-580721 ,Rourkela_Sector-5,5G,173.57966178872377,False
LOG-211195 ,Rourkela_Sector-5,5G,173.57966178872377,False
LOG-989513 ,Rourkela_Sector-5,4G,173.57966178872377,False
LOG-136668 ,Cuttack_LinkRoad,5G,173.57966178872377,False
LOG-385205 ,Rourkela_Sector-5,4G,173.57966178872377,False
LOG-441396 ,Cuttack_LinkRoad,5G,173.57966178872377,False
LOG-664037 ,Rourkela_Sector-5,5G,9999.0,False
LOG-230560 ,Sambalpur_Town,4G,173.57966178872377,False
LOG-466824 ,Cuttack_LinkRoad,4G,173.57966178872377,False
LOG-247979 ,Rourkela_Sector-5,4G,173.57966178872377,False
LOG-249849 ,Cuttack_LinkRoad,4G,173.57966178872377,False
LOG-848589 ,Bhubaneswar_DLF,4G,173.57966178872377,False
LOG-151745 ,Cuttack_LinkRoad,5G,173.57966178872377,False
LOG-470608 ,Bhubaneswar_DLF,4G,173.57966178872377,False
LOG-191865 ,Bhubaneswar_DLF,5G,173.57966178872377,False
LOG-998860 ,Cuttack_LinkRoad,5G,173.57966178872377,False
LOG-312890 ,Bhubaneswar_DLF,5G,173.57966178872377,False
LOG-123624 ,Rourkela_Sector-5,5G,173.57966178872377,False
LOG-123321 ,Cuttack_LinkRoad,5G,173.57966178872377,False
LOG-503704 ,Rourkela_Sector-5,4G,173.57966178872377,False
LOG-909006 ,Bhubaneswar_DLF,4G,173.57966178872377,False
LOG-274293 ,Rourkela_Sector-5,5G,173.57966178872377,False
LOG-883415 ,Bhubaneswar_DLF,5G,173.57966178872377,False
LOG-286717 ,Sambalpur_Town,5G,173.57966178872377,False
LOG-480975 ,Rourkela_Sector-5,5G,173.57966178872377,False
LOG-283868 ,Rourkela_Sector-5,4G,173.57966178872377,False
LOG-759792 ,Bhubaneswar_DLF,5G,173.57966178872377,False
LOG-195257 ,Cuttack_LinkRoad,5G,173.57966178872377,False
LOG-688579 ,Bhubaneswar_DLF,4G,173.57966178872377,False
LOG-310176 ,Rourkela_Sector-5,4G,173.57966178872377,True
LOG-290471 ,Sambalpur_Town,4G,173.57966178872377,False
LOG-572930 ,Bhubaneswar_DLF,4G,173.57966178872377,False
LOG-936860 ,Rourkela_Sector-5,5G,173.57966178872377,False
LOG-843091 ,Rourkela_Sector-5,5G,173.57966178872377,False
LOG-618862 ,Bhubaneswar_DLF,4G,173.57966178872377,False
LOG-575774 ,Rourkela_Sector-5,4G,173.57966178872377,False
LOG-735605 ,Rourkela_Sector-5,5G,173.57966178872377,False
LOG-239789 ,Sambalpur_Town,5G,173.57966178872377,False
LOG-489593 ,Rourkela_Sector-5,4G,173.57966178872377,False
LOG-915131 ,Cuttack_LinkRoad,5G,173.57966178872377,False
LOG-173686 ,Rourkela_Sector-5,5G,173.57966178872377,False
LOG-167661 ,Cuttack_LinkRoad,5G,173.57966178872377,False
LOG-668535 ,Cuttack_LinkRoad,5G,173.57966178872377,False
LOG-345121 ,Rourkela_Sector-5,5G,173.57966178872377,False
LOG-772108 ,Bhubaneswar_DLF,5G,173.57966178872377,False
LOG-467257 ,Rourkela_Sector-5,4G,173.57966178872377,False
LOG-366765 ,Sambalpur_Town,5G,173.57966178872377,False
LOG-246106 ,Sambalpur_Town,5G,173.57966178872377,True
LOG-358930 ,Bhubaneswar_DLF,5G,173.57966178872377,False
LOG-760482 ,Bhubaneswar_DLF,3G,173.57966178872377,False
LOG-904462 ,Rourkela_Sector-5,5G,173.57966178872377,False
LOG-969270 ,Cuttack_LinkRoad,5G,173.57966178872377,False
LOG-971149 ,Rourkela_Sector-5,4G,173.57966178872377,False
LOG-548874 ,Rourkela_Sector-5,5G,173.57966178872377,False
LOG-662926 ,Bhubaneswar_DLF,5G,173.57966178872377,False
LOG-953499 ,Rourkela_Sector-5,5G,173.57966178872377,False
LOG-218033 ,Cuttack_LinkRoad,3G,173.57966178872377,False
LOG-730265 ,Rourkela_Sector-5,4G,173.57966178872377,False
LOG-713157 ,Bhubaneswar_DLF,4G,173.57966178872377,False
LOG-729474 ,Rourkela_Sector-5,5G,173.57966178872377,False
LOG-921106 ,Rourkela_Sector-5,4G,173.57966178872377,False
LOG-266926 ,Bhubaneswar_DLF,5G,173.57966178872377,False
LOG-670559 ,Sambalpur_Town,4G,173.57966178872377,True
LOG-960120 ,Cuttack_LinkRoad,4G,173.57966178872377,False
LOG-531734 ,Rourkela_Sector-5,5G,173.57966178872377,False
LOG-473220 ,Rourkela_Sector-5,4G,173.57966178872377,False
LOG-765627 ,Sambalpur_Town,5G,173.57966178872377,True
LOG-321897 ,Bhubaneswar_DLF,5G,173.57966178872377,False
LOG-101062 ,Rourkela_Sector-5,4G,173.57966178872377,False
LOG-347736 ,Sambalpur_Town,5G,173.57966178872377,False
LOG-674736 ,Cuttack_LinkRoad,5G,173.57966178872377,False
LOG-195462 ,Sambalpur_Town,5G,173.57966178872377,False
LOG-499445 ,Sambalpur_Town,4G,173.57966178872377,False
LOG-550009 ,Sambalpur_Town,5G,173.57966178872377,False
LOG-870173 ,Rourkela_Sector-5,5G,173.57966178872377,False
LOG-672203 ,Rourkela_Sector-5,4G,173.57966178872377,False
LOG-366776 ,Bhubaneswar_DLF,5G,173.57966178872377,False
LOG-728880 ,Bhubaneswar_DLF,5G,173.57966178872377,False
LOG-758956 ,Bhubaneswar_DLF,4G,173.57966178872377,False
LOG-471923 ,Rourkela_Sector-5,5G,173.57966178872377,False
LOG-499384 ,Bhubaneswar_DLF,4G,173.57966178872377,False
LOG-732387 ,Bhubaneswar_DLF,5G,173.57966178872377,False
LOG-631849 ,Rourkela_Sector-5,4G,173.57966178872377,False
LOG-567010 ,Rourkela_Sector-5,4G,173.57966178872377,False
LOG-706440 ,Bhubaneswar_DLF,5G,173.57966178872377,False
LOG-749324 ,Cuttack_LinkRoad,5G,173.57966178872377,False
LOG-486193 ,Rourkela_Sector-5,3G,173.57966178872377,False
LOG-126734 ,Bhubaneswar_DLF,5G,173.57966178872377,False
LOG-126069 ,Cuttack_LinkRoad,5G,-50.0,False
LOG-835265 ,Bhubaneswar_DLF,4G,173.57966178872377,False
LOG-637198 ,Rourkela_Sector-5,4G,173.57966178872377,False
LOG-435623 ,Bhubaneswar_DLF,4G,173.57966178872377,False
LOG-570951 ,Rourkela_Sector-5,5G,173.57966178872377,False
LOG-181264 ,Sambalpur_Town,5G,173.57966178872377,False
LOG-123275 ,Rourkela_Sector-5,4G,173.57966178872377,False
LOG-696562 ,Bhubaneswar_DLF,4G,173.57966178872377,False
LOG-574665 ,Rourkela_Sector-5,4G,173.57966178872377,False
LOG-462920 ,Bhubaneswar_DLF,3G,173.57966178872377,False
LOG-291076 ,Bhubaneswar_DLF,4G,173.57966178872377,False
LOG-294053 ,Rourkela_Sector-5,5G,173.57966178872377,False
LOG-809913 ,Bhubaneswar_DLF,4G,173.57966178872377,False
LOG-672735 ,Rourkela_Sector-5,5G,173.57966178872377,False
LOG-699991 ,Rourkela_Sector-5,5G,173.57966178872377,False
LOG-962522 ,Bhubaneswar_DLF,5G,-50.0,False
LOG-903692 ,Rourkela_Sector-5,4G,173.57966178872377,True
LOG-212581 ,Sambalpur_Town,3G,173.57966178872377,False
LOG-365956 ,Bhubaneswar_DLF,5G,9999.0,False
LOG-521240 ,Bhubaneswar_DLF,5G,173.57966178872377,True
LOG-814016 ,Rourkela_Sector-5,5G,173.57966178872377,False
LOG-216421 ,Bhubaneswar_DLF,4G,173.57966178872377,False
LOG-625893 ,Cuttack_LinkRoad,4G,173.57966178872377,False
LOG-564374 ,Rourkela_Sector-5,5G,173.57966178872377,False
LOG-172303 ,Cuttack_LinkRoad,4G,173.57966178872377,False
LOG-258211 ,Rourkela_Sector-5,5G,173.57966178872377,False
LOG-287210 ,Cuttack_LinkRoad,5G,173.57966178872377,False
LOG-886237 ,Rourkela_Sector-5,5G,173.57966178872377,False
LOG-962557 ,Sambalpur_Town,4G,173.57966178872377,False
LOG-244990 ,Bhubaneswar_DLF,5G,173.57966178872377,False
LOG-258518 ,Rourkela_Sector-5,4G,173.57966178872377,False
LOG-224040 ,Rourkela_Sector-5,5G,173.57966178872377,False
LOG-768406 ,Bhubaneswar_DLF,5G,173.57966178872377,False
LOG-623138 ,Sambalpur_Town,5G,173.57966178872377,False
LOG-518034 ,Rourkela_Sector-5,5G,173.57966178872377,False
LOG-856254 ,Rourkela_Sector-5,5G,173.57966178872377,False
LOG-890756 ,Bhubaneswar_DLF,4G,173.57966178872377,False
LOG-962755 ,Bhubaneswar_DLF,5G,173.57966178872377,False
LOG-895543 ,Bhubaneswar_DLF,4G,173.57966178872377,False
LOG-640677 ,Bhubaneswar_DLF,5G,173.57966178872377,True
LOG-746465 ,Rourkela_Sector-5,5G,173.57966178872377,False
LOG-403571 ,Sambalpur_Town,5G,173.57966178872377,True
LOG-784106 ,Bhubaneswar_DLF,3G,173.57966178872377,False
LOG-222883 ,Rourkela_Sector-5,5G,173.57966178872377,False
LOG-843246 ,Cuttack_LinkRoad,5G,173.57966178872377,False
LOG-862501 ,Bhubaneswar_DLF,4G,173.57966178872377,False
LOG-487952 ,Rourkela_Sector-5,5G,173.57966178872377,False
LOG-212221 ,Bhubaneswar_DLF,4G,173.57966178872377,False
LOG-899666 ,Rourkela_Sector-5,5G,173.57966178872377,False
LOG-360669 ,Bhubaneswar_DLF,4G,173.57966178872377,False
LOG-859224 ,Sambalpur_Town,5G,173.57966178872377,False
LOG-939873 ,Rourkela_Sector-5,4G,173.57966178872377,False
LOG-625134 ,Rourkela_Sector-5,5G,173.57966178872377,False
LOG-635242 ,Cuttack_LinkRoad,5G,173.57966178872377,False
LOG-441383 ,Sambalpur_Town,5G,173.57966178872377,False
LOG-344761 ,Bhubaneswar_DLF,5G,9999.0,False
LOG-932946 ,Bhubaneswar_DLF,4G,173.57966178872377,False
LOG-974668 ,Bhubaneswar_DLF,5G,173.57966178872377,False
LOG-984011 ,Sambalpur_Town,5G,173.57966178872377,False
LOG-237541 ,Sambalpur_Town,5G,173.57966178872377,False
LOG-928533 ,Rourkela_Sector-5,5G,173.57966178872377,False
LOG-164323 ,Bhubaneswar_DLF,5G,173.57966178872377,False
LOG-716210 ,Bhubaneswar_DLF,5G,173.57966178872377,False
LOG-289139 ,Cuttack_LinkRoad,4G,173.57966178872377,False
LOG-280448 ,Bhubaneswar_DLF,3G,173.57966178872377,False
LOG-800947 ,Bhubaneswar_DLF,5G,173.57966178872377,False
LOG-335659 ,Sambalpur_Town,4G,173.57966178872377,False
LOG-489678 ,Rourkela_Sector-5,5G,173.57966178872377,False
LOG-954016 ,Rourkela_Sector-5,5G,173.57966178872377,False
LOG-204537 ,Bhubaneswar_DLF,5G,173.57966178872377,False
LOG-964909 ,Rourkela_Sector-5,5G,173.57966178872377,False
LOG-341983 ,Rourkela_Sector-5,5G,173.57966178872377,False
LOG-666821 ,Rourkela_Sector-5,4G,173.57966178872377,False
LOG-888260 ,Bhubaneswar_DLF,4G,173.57966178872377,False
LOG-101917 ,Sambalpur_Town,5G,173.57966178872377,False
LOG-382762 ,Bhubaneswar_DLF,5G,173.57966178872377,False
LOG-656542 ,Bhubaneswar_DLF,3G,-50.0,False
LOG-886275 ,Rourkela_Sector-5,5G,173.57966178872377,False
LOG-467436 ,Cuttack_LinkRoad,4G,173.57966178872377,False
LOG-609930 ,Cuttack_LinkRoad,5G,173.57966178872377,False
LOG-671650 ,Bhubaneswar_DLF,5G,173.57966178872377,False
LOG-382272 ,Rourkela_Sector-5,5G,173.57966178872377,False
LOG-485925 ,Rourkela_Sector-5,4G,173.57966178872377,False
LOG-866641 ,Rourkela_Sector-5,4G,173.57966178872377,False
LOG-814743 ,Bhubaneswar_DLF,5G,173.57966178872377,False
LOG-689833 ,Cuttack_LinkRoad,4G,173.57966178872377,False
LOG-182180 ,Sambalpur_Town,5G,173.57966178872377,False
LOG-712246 ,Bhubaneswar_DLF,5G,173.57966178872377,False
LOG-503081 ,Cuttack_LinkRoad,4G,173.57966178872377,False
LOG-401953 ,Sambalpur_Town,5G,173.57966178872377,False
LOG-478892 ,Rourkela_Sector-5,5G,173.57966178872377,False
LOG-105287 ,Rourkela_Sector-5,5G,173.57966178872377,False
LOG-357665 ,Sambalpur_Town,3G,173.57966178872377,False
LOG-108512 ,Rourkela_Sector-5,4G,173.57966178872377,False
LOG-756702 ,Sambalpur_Town,4G,173.57966178872377,False
LOG-556292 ,Sambalpur_Town,5G,173.57966178872377,False
LOG-208872 ,Bhubaneswar_DLF,4G,173.57966178872377,False
LOG-872042 ,Cuttack_LinkRoad,5G,173.57966178872377,True
LOG-193070 ,Cuttack_LinkRoad,3G,173.57966178872377,False
LOG-704055 ,Bhubaneswar_DLF,5G,173.57966178872377,False
LOG-722117 ,Rourkela_Sector-5,5G,173.57966178872377,False
LOG-529474 ,Rourkela_Sector-5,5G,173.57966178872377,False
LOG-142078 ,Rourkela_Sector-5,4G,173.57966178872377,False
LOG-468432 ,Bhubaneswar_DLF,4G,173.57966178872377,False
LOG-707812 ,Rourkela_Sector-5,5G,173.57966178872377,False
LOG-327645 ,Rourkela_Sector-5,5G,173.57966178872377,False
LOG-636507 ,Rourkela_Sector-5,4G,173.57966178872377,False
LOG-886667 ,Cuttack_LinkRoad,5G,173.57966178872377,False
LOG-405073 ,Sambalpur_Town,4G,173.57966178872377,False
LOG-227309 ,Sambalpur_Town,4G,173.57966178872377,False
LOG-429588 ,Bhubaneswar_DLF,5G,173.57966178872377,False
LOG-763927 ,Sambalpur_Town,5G,173.57966178872377,False
LOG-988266 ,Cuttack_LinkRoad,5G,173.57966178872377,False
LOG-564008 ,Bhubaneswar_DLF,5G,173.57966178872377,False
LOG-820801 ,Bhubaneswar_DLF,5G,173.57966178872377,False
LOG-446699 ,Rourkela_Sector-5,4G,173.57966178872377,False
LOG-435842 ,Sambalpur_Town,5G,173.57966178872377,False
LOG-486594 ,Rourkela_Sector-5,5G,173.57966178872377,False
LOG-872608 ,Bhubaneswar_DLF,4G,173.57966178872377,False
LOG-760775 ,Bhubaneswar_DLF,4G,173.57966178872377,False
LOG-791519 ,Rourkela_Sector-5,4G,173.57966178872377,False
LOG-143925 ,Rourkela_Sector-5,5G,173.57966178872377,False
LOG-237023 ,Bhubaneswar_DLF,4G,173.57966178872377,False
LOG-187388 ,Rourkela_Sector-5,4G,173.57966178872377,False
LOG-632295 ,Cuttack_LinkRoad,5G,173.57966178872377,False
LOG-357802 ,Bhubaneswar_DLF,5G,173.57966178872377,False
LOG-535048 ,Bhubaneswar_DLF,5G,173.57966178872377,False
LOG-158596 ,Bhubaneswar_DLF,4G,173.57966178872377,False
LOG-451005 ,Bhubaneswar_DLF,5G,173.57966178872377,False
LOG-879554 ,Bhubaneswar_DLF,4G,173.57966178872377,False
LOG-973172 ,Bhubaneswar_DLF,4G,173.57966178872377,False
LOG-639812 ,Cuttack_LinkRoad,5G,173.57966178872377,False
LOG-622244 ,Cuttack_LinkRoad,5G,173.57966178872377,True
LOG-512498 ,Sambalpur_Town,5G,173.57966178872377,False
LOG-779290 ,Rourkela_Sector-5,5G,173.57966178872377,False
LOG-599097 ,Bhubaneswar_DLF,4G,173.57966178872377,False
LOG-749789 ,Sambalpur_Town,4G,173.57966178872377,False
LOG-907043 ,Rourkela_Sector-5,5G,173.57966178872377,False
LOG-248056 ,Rourkela_Sector-5,4G,173.57966178872377,False
LOG-114060 ,Bhubaneswar_DLF,5G,173.57966178872377,False
LOG-838345 ,Rourkela_Sector-5,5G,173.57966178872377,False
LOG-577272 ,Rourkela_Sector-5,5G,173.57966178872377,False
LOG-618545 ,Sambalpur_Town,5G,173.57966178872377,True
LOG-929735 ,Bhubaneswar_DLF,3G,173.57966178872377,True
LOG-290279 ,Rourkela_Sector-5,4G,173.57966178872377,False
LOG-830406 ,Sambalpur_Town,5G,173.57966178872377,False
LOG-784647 ,Sambalpur_Town,5G,173.57966178872377,True
LOG-139711 ,Bhubaneswar_DLF,5G,173.57966178872377,False
LOG-243026 ,Rourkela_Sector-5,5G,173.57966178872377,False
LOG-435484 ,Cuttack_LinkRoad,4G,173.57966178872377,False
LOG-565317 ,Cuttack_LinkRoad,4G,173.57966178872377,False
LOG-318134 ,Bhubaneswar_DLF,4G,173.57966178872377,False
LOG-202974 ,Sambalpur_Town,5G,173.57966178872377,False
LOG-249646 ,Bhubaneswar_DLF,5G,173.57966178872377,False
LOG-502400 ,Rourkela_Sector-5,5G,173.57966178872377,False
LOG-250168 ,Bhubaneswar_DLF,5G,173.57966178872377,False
LOG-692016 ,Rourkela_Sector-5,5G,-50.0,False
LOG-789376 ,Cuttack_LinkRoad,5G,173.57966178872377,False
LOG-635534 ,Bhubaneswar_DLF,5G,173.57966178872377,False
LOG-538774 ,Rourkela_Sector-5,4G,173.57966178872377,False
LOG-611937 ,Bhubaneswar_DLF,4G,173.57966178872377,False
LOG-511597 ,Rourkela_Sector-5,5G,173.57966178872377,False
LOG-192263 ,Rourkela_Sector-5,4G,-50.0,False
LOG-635590 ,Bhubaneswar_DLF,5G,173.57966178872377,False
LOG-953938 ,Rourkela_Sector-5,5G,173.57966178872377,False
LOG-665445 ,Cuttack_LinkRoad,4G,173.57966178872377,False
LOG-679205 ,Rourkela_Sector-5,5G,173.57966178872377,False
LOG-323810 ,Bhubaneswar_DLF,4G,173.57966178872377,False
LOG-196646 ,Cuttack_LinkRoad,5G,173.57966178872377,False
LOG-445266 ,Bhubaneswar_DLF,5G,173.57966178872377,False
LOG-910951 ,Bhubaneswar_DLF,5G,173.57966178872377,True
LOG-590025 ,Sambalpur_Town,4G,173.57966178872377,False
LOG-580703 ,Rourkela_Sector-5,4G,173.57966178872377,False
LOG-443054 ,Rourkela_Sector-5,4G,173.57966178872377,False
LOG-957756 ,Bhubaneswar_DLF,4G,173.57966178872377,False
LOG-367552 ,Rourkela_Sector-5,5G,173.57966178872377,False
LOG-159379 ,Sambalpur_Town,5G,173.57966178872377,False
LOG-125053 ,Rourkela_Sector-5,4G,173.57966178872377,True
LOG-502662 ,Cuttack_LinkRoad,5G,173.57966178872377,False
LOG-756282 ,Cuttack_LinkRoad,3G,173.57966178872377,False
LOG-198723 ,Rourkela_Sector-5,5G,173.57966178872377,False
LOG-675644 ,Bhubaneswar_DLF,5G,173.57966178872377,False
LOG-372933 ,Rourkela_Sector-5,5G,173.57966178872377,False
LOG-984152 ,Bhubaneswar_DLF,4G,173.57966178872377,False
LOG-953088 ,Rourkela_Sector-5,4G,173.57966178872377,True
LOG-930460 ,Sambalpur_Town,5G,173.57966178872377,False
LOG-950916 ,Sambalpur_Town,5G,173.57966178872377,False
LOG-132154 ,Rourkela_Sector-5,5G,173.57966178872377,False
LOG-313942 ,Rourkela_Sector-5,5G,173.57966178872377,False
LOG-364480 ,Cuttack_LinkRoad,3G,9999.0,False
LOG-465821 ,Rourkela_Sector-5,5G,173.57966178872377,False
LOG-954211 ,Sambalpur_Town,5G,173.57966178872377,False
LOG-381173 ,Bhubaneswar_DLF,5G,173.57966178872377,False
LOG-945633 ,Rourkela_Sector-5,5G,173.57966178872377,False
LOG-132265 ,Cuttack_LinkRoad,4G,173.57966178872377,False
LOG-465060 ,Bhubaneswar_DLF,5G,173.57966178872377,False
LOG-343322 ,Sambalpur_Town,5G,173.57966178872377,True
LOG-274944 ,Sambalpur_Town,3G,173.57966178872377,False
LOG-670485 ,Rourkela_Sector-5,5G,173.57966178872377,False
LOG-548396 ,Rourkela_Sector-5,4G,173.57966178872377,False
LOG-254782 ,Sambalpur_Town,5G,173.57966178872377,False
LOG-784846 ,Sambalpur_Town,5G,173.57966178872377,False
LOG-171907 ,Rourkela_Sector-5,5G,173.57966178872377,False
LOG-302967 ,Cuttack_LinkRoad,5G,173.57966178872377,False
LOG-950867 ,Bhubaneswar_DLF,5G,173.57966178872377,False
LOG-402775 ,Rourkela_Sector-5,5G,173.57966178872377,False
LOG-491182 ,Sambalpur_Town,5G,173.57966178872377,False
LOG-856892 ,Rourkela_Sector-5,5G,173.57966178872377,False
LOG-382247 ,Sambalpur_Town,4G,173.57966178872377,False
LOG-164772 ,Rourkela_Sector-5,4G,173.57966178872377,False
LOG-226108 ,Bhubaneswar_DLF,5G,173.57966178872377,True
LOG-114382 ,Rourkela_Sector-5,5G,173.57966178872377,False
LOG-184291 ,Bhubaneswar_DLF,4G,173.57966178872377,False
LOG-463339 ,Bhubaneswar_DLF,4G,173.57966178872377,False
LOG-759116 ,Rourkela_Sector-5,5G,173.57966178872377,False
LOG-382753 ,Bhubaneswar_DLF,5G,173.57966178872377,False
LOG-247550 ,Bhubaneswar_DLF,5G,173.57966178872377,False
LOG-332050 ,Rourkela_Sector-5,5G,9999.0,False
LOG-532882 ,Cuttack_LinkRoad,4G,173.57966178872377,False
LOG-437827 ,Rourkela_Sector-5,4G,173.57966178872377,False
LOG-592313 ,Bhubaneswar_DLF,4G,173.57966178872377,False
LOG-486858 ,Bhubaneswar_DLF,5G,173.57966178872377,False
LOG-754618 ,Bhubaneswar_DLF,5G,173.57966178872377,False
LOG-695603 ,Rourkela_Sector-5,4G,173.57966178872377,False
LOG-964266 ,Bhubaneswar_DLF,5G,173.57966178872377,False
LOG-488349 ,Bhubaneswar_DLF,5G,173.57966178872377,False
LOG-114153 ,Cuttack_LinkRoad,5G,173.57966178872377,False
LOG-700613 ,Cuttack_LinkRoad,5G,173.57966178872377,False
LOG-340773 ,Bhubaneswar_DLF,5G,173.57966178872377,False
LOG-155318 ,Rourkela_Sector-5,5G,173.57966178872377,False
LOG-494030 ,Rourkela_Sector-5,4G,173.57966178872377,False
LOG-477177 ,Rourkela_Sector-5,4G,173.57966178872377,False
LOG-176077 ,Rourkela_Sector-5,5G,173.57966178872377,False
LOG-976906 ,Rourkela_Sector-5,4G,173.57966178872377,False
LOG-233515 ,Rourkela_Sector-5,5G,173.57966178872377,False
LOG-306988 ,Rourkela_Sector-5,5G,173.57966178872377,False
LOG-959751 ,Rourkela_Sector-5,4G,173.57966178872377,False
LOG-225885 ,Rourkela_Sector-5,5G,173.57966178872377,False
LOG-996209 ,Rourkela_Sector-5,5G,173.57966178872377,False
LOG-641656 ,Rourkela_Sector-5,4G,173.57966178872377,False
LOG-770688 ,Bhubaneswar_DLF,4G,173.57966178872377,False
LOG-288014 ,Bhubaneswar_DLF,5G,173.57966178872377,False
LOG-191751 ,Rourkela_Sector-5,5G,173.57966178872377,False
LOG-330203 ,Bhubaneswar_DLF,5G,173.57966178872377,False
LOG-913738 ,Rourkela_Sector-5,5G,173.57966178872377,False
LOG-795275 ,Rourkela_Sector-5,5G,173.57966178872377,False
LOG-923651 ,Rourkela_Sector-5,5G,173.57966178872377,False
LOG-311951 ,Bhubaneswar_DLF,4G,173.57966178872377,True
LOG-605155 ,Bhubaneswar_DLF,5G,173.57966178872377,False
LOG-295716 ,Rourkela_Sector-5,5G,173.57966178872377,False
LOG-684567 ,Rourkela_Sector-5,5G,173.57966178872377,False
LOG-415172 ,Sambalpur_Town,5G,173.57966178872377,True
LOG-990695 ,Rourkela_Sector-5,3G,173.57966178872377,False
LOG-100126 ,Rourkela_Sector-5,5G,173.57966178872377,False
LOG-938761 ,Sambalpur_Town,4G,173.57966178872377,False
LOG-127632 ,Cuttack_LinkRoad,4G,173.57966178872377,False
LOG-600315 ,Bhubaneswar_DLF,4G,173.57966178872377,False
LOG-820670 ,Bhubaneswar_DLF,5G,173.57966178872377,False
LOG-209945 ,Rourkela_Sector-5,4G,173.57966178872377,False
LOG-417320 ,Rourkela_Sector-5,5G,173.57966178872377,False
LOG-350869 ,Bhubaneswar_DLF,5G,173.57966178872377,False
LOG-841426 ,Rourkela_Sector-5,5G,173.57966178872377,False
LOG-598716 ,Bhubaneswar_DLF,5G,9999.0,False
LOG-275399 ,Sambalpur_Town,5G,173.57966178872377,False
LOG-562120 ,Sambalpur_Town,5G,173.57966178872377,True
LOG-234869 ,Rourkela_Sector-5,5G,173.57966178872377,False
LOG-278954 ,Bhubaneswar_DLF,4G,173.57966178872377,False
LOG-769078 ,Bhubaneswar_DLF,5G,173.57966178872377,False
LOG-134560 ,Sambalpur_Town,5G,173.57966178872377,False
LOG-963021 ,Rourkela_Sector-5,3G,173.57966178872377,False
LOG-384260 ,Rourkela_Sector-5,5G,-50.0,False
LOG-232717 ,Rourkela_Sector-5,4G,173.57966178872377,False
LOG-278595 ,Rourkela_Sector-5,3G,173.57966178872377,False
LOG-748373 ,Rourkela_Sector-5,5G,173.57966178872377,False
LOG-479862 ,Cuttack_LinkRoad,5G,173.57966178872377,False
LOG-905688 ,Bhubaneswar_DLF,4G,173.57966178872377,False
LOG-594592 ,Rourkela_Sector-5,4G,173.57966178872377,False
LOG-200158 ,Bhubaneswar_DLF,4G,173.57966178872377,False
LOG-808533 ,Rourkela_Sector-5,5G,173.57966178872377,False
LOG-268502 ,Sambalpur_Town,4G,173.57966178872377,False
LOG-532498 ,Sambalpur_Town,5G,173.57966178872377,False
LOG-430388 ,Sambalpur_Town,5G,173.57966178872377,False
LOG-767054 ,Sambalpur_Town,5G,173.57966178872377,False
LOG-418408 ,Rourkela_Sector-5,5G,173.57966178872377,False
LOG-568276 ,Rourkela_Sector-5,4G,173.57966178872377,False
LOG-157545 ,Bhubaneswar_DLF,4G,173.57966178872377,False
LOG-611411 ,Sambalpur_Town,4G,173.57966178872377,True
LOG-925656 ,Rourkela_Sector-5,5G,173.57966178872377,False
LOG-984377 ,Rourkela_Sector-5,5G,173.57966178872377,False
LOG-113224 ,Cuttack_LinkRoad,4G,173.57966178872377,False
LOG-140738 ,Rourkela_Sector-5,5G,173.57966178872377,True
LOG-950163 ,Bhubaneswar_DLF,4G,173.57966178872377,False
LOG-280760 ,Bhubaneswar_DLF,4G,173.57966178872377,False
LOG-863978 ,Rourkela_Sector-5,4G,173.57966178872377,False
LOG-566725 ,Rourkela_Sector-5,5G,173.57966178872377,False
LOG-763937 ,Cuttack_LinkRoad,4G,173.57966178872377,False
LOG-632358 ,Bhubaneswar_DLF,4G,173.57966178872377,False
LOG-226161 ,Sambalpur_Town,5G,173.57966178872377,False
LOG-632954 ,Rourkela_Sector-5,4G,173.57966178872377,False
LOG-944193 ,Rourkela_Sector-5,5G,173.57966178872377,False
LOG-398512 ,Cuttack_LinkRoad,5G,173.57966178872377,False
LOG-762143 ,Bhubaneswar_DLF,4G,173.57966178872377,False
LOG-666202 ,Rourkela_Sector-5,4G,173.57966178872377,False
LOG-301579 ,Cuttack_LinkRoad,4G,173.57966178872377,False
LOG-752026 ,Rourkela_Sector-5,5G,173.57966178872377,False
LOG-871253 ,Rourkela_Sector-5,5G,173.57966178872377,False
LOG-604471 ,Rourkela_Sector-5,4G,173.57966178872377,False
LOG-429670 ,Rourkela_Sector-5,5G,173.57966178872377,False
LOG-906388 ,Bhubaneswar_DLF,5G,173.57966178872377,False
LOG-318967 ,Bhubaneswar_DLF,5G,173.57966178872377,True
LOG-932672 ,Cuttack_LinkRoad,5G,173.57966178872377,False
LOG-483152 ,Sambalpur_Town,4G,173.57966178872377,False
LOG-194270 ,Rourkela_Sector-5,4G,173.57966178872377,False
LOG-891189 ,Rourkela_Sector-5,5G,173.57966178872377,False
LOG-643385 ,Rourkela_Sector-5,5G,173.57966178872377,False
LOG-765755 ,Rourkela_Sector-5,5G,173.57966178872377,False
LOG-247313 ,Bhubaneswar_DLF,5G,173.57966178872377,False
LOG-990324 ,Cuttack_LinkRoad,5G,173.57966178872377,False
LOG-258768 ,Cuttack_LinkRoad,5G,173.57966178872377,False
LOG-346726 ,Rourkela_Sector-5,4G,173.57966178872377,False
LOG-956912 ,Rourkela_Sector-5,4G,173.57966178872377,False
LOG-670451 ,Bhubaneswar_DLF,5G,173.57966178872377,False
LOG-119816 ,Rourkela_Sector-5,4G,173.57966178872377,False
LOG-857907 ,Bhubaneswar_DLF,4G,173.57966178872377,False
LOG-414997 ,Sambalpur_Town,5G,173.57966178872377,False
LOG-255989 ,Rourkela_Sector-5,5G,173.57966178872377,False
LOG-721019 ,Cuttack_LinkRoad,5G,173.57966178872377,False
LOG-776926 ,Bhubaneswar_DLF,5G,173.57966178872377,False
LOG-306524 ,Rourkela_Sector-5,4G,173.57966178872377,False
LOG-687111 ,Bhubaneswar_DLF,4G,173.57966178872377,False
LOG-251878 ,Rourkela_Sector-5,5G,173.57966178872377,False
LOG-830880 ,Rourkela_Sector-5,4G,173.57966178872377,False
LOG-626047 ,Bhubaneswar_DLF,4G,173.57966178872377,False
LOG-881452 ,Sambalpur_Town,5G,173.57966178872377,False
LOG-535165 ,Rourkela_Sector-5,5G,173.57966178872377,False
LOG-978806 ,Rourkela_Sector-5,4G,173.57966178872377,False
LOG-233554 ,Sambalpur_Town,4G,173.57966178872377,False
LOG-910874 ,Cuttack_LinkRoad,4G,173.57966178872377,False
LOG-551282 ,Cuttack_LinkRoad,4G,173.57966178872377,False
LOG-193501 ,Rourkela_Sector-5,5G,173.57966178872377,False
LOG-364223 ,Sambalpur_Town,5G,173.57966178872377,False
LOG-159676 ,Rourkela_Sector-5,5G,173.57966178872377,False
LOG-841804 ,Bhubaneswar_DLF,5G,173.57966178872377,False
LOG-273532 ,Rourkela_Sector-5,4G,173.57966178872377,True
LOG-714685 ,Bhubaneswar_DLF,3G,173.57966178872377,False
LOG-697135 ,Rourkela_Sector-5,4G,173.57966178872377,False
LOG-717895 ,Bhubaneswar_DLF,5G,173.57966178872377,False
LOG-320178 ,Rourkela_Sector-5,5G,173.57966178872377,False
LOG-249521 ,Rourkela_Sector-5,5G,173.57966178872377,False
LOG-526752 ,Bhubaneswar_DLF,5G,173.57966178872377,False
LOG-688365 ,Sambalpur_Town,4G,173.57966178872377,False
LOG-924690 ,Sambalpur_Town,5G,9999.0,False
LOG-803662 ,Rourkela_Sector-5,4G,173.57966178872377,False
LOG-357009 ,Cuttack_LinkRoad,4G,173.57966178872377,True
LOG-237717 ,Bhubaneswar_DLF,5G,173.57966178872377,False
LOG-481915 ,Rourkela_Sector-5,5G,173.57966178872377,False
LOG-662288 ,Rourkela_Sector-5,4G,173.57966178872377,False
LOG-651025 ,Bhubaneswar_DLF,5G,173.57966178872377,False
LOG-897917 ,Sambalpur_Town,4G,173.57966178872377,False
LOG-400709 ,Bhubaneswar_DLF,5G,173.57966178872377,False
LOG-951587 ,Bhubaneswar_DLF,5G,173.57966178872377,False
LOG-286240 ,Bhubaneswar_DLF,5G,173.57966178872377,False
LOG-676775 ,Rourkela_Sector-5,5G,173.57966178872377,False
LOG-374486 ,Cuttack_LinkRoad,4G,173.57966178872377,False
LOG-402950 ,Cuttack_LinkRoad,5G,173.57966178872377,False
LOG-410914 ,Rourkela_Sector-5,4G,173.57966178872377,False
LOG-178623 ,Sambalpur_Town,4G,173.57966178872377,False
LOG-465321 ,Rourkela_Sector-5,4G,173.57966178872377,False
LOG-962061 ,Sambalpur_Town,5G,173.57966178872377,False
LOG-283675 ,Rourkela_Sector-5,4G,173.57966178872377,False
LOG-837334 ,Rourkela_Sector-5,5G,173.57966178872377,True
LOG-730235 ,Rourkela_Sector-5,5G,173.57966178872377,False
LOG-912831 ,Bhubaneswar_DLF,4G,173.57966178872377,False
LOG-752465 ,Rourkela_Sector-5,5G,173.57966178872377,False
LOG-316454 ,Bhubaneswar_DLF,4G,173.57966178872377,False
LOG-209575 ,Bhubaneswar_DLF,5G,173.57966178872377,False
LOG-997336 ,Cuttack_LinkRoad,4G,173.57966178872377,False
LOG-307606 ,Rourkela_Sector-5,5G,173.57966178872377,True
LOG-605815 ,Bhubaneswar_DLF,4G,173.57966178872377,False
LOG-392822 ,Rourkela_Sector-5,4G,173.57966178872377,False
LOG-176218 ,Cuttack_LinkRoad,5G,173.57966178872377,False
LOG-687518 ,Rourkela_Sector-5,5G,173.57966178872377,False
LOG-870044 ,Sambalpur_Town,4G,173.57966178872377,False
LOG-436199 ,Cuttack_LinkRoad,5G,173.57966178872377,False
LOG-549589 ,Bhubaneswar_DLF,5G,173.57966178872377,False
LOG-786840 ,Bhubaneswar_DLF,5G,173.57966178872377,False
LOG-578446 ,Rourkela_Sector-5,4G,173.57966178872377,False
LOG-562052 ,Rourkela_Sector-5,4G,173.57966178872377,True
LOG-434402 ,Sambalpur_Town,4G,173.57966178872377,False
LOG-139986 ,Sambalpur_Town,4G,173.57966178872377,False
LOG-779520 ,Rourkela_Sector-5,4G,173.57966178872377,False
LOG-447739 ,Bhubaneswar_DLF,5G,173.57966178872377,True
LOG-725646 ,Cuttack_LinkRoad,5G,173.57966178872377,True
LOG-572327 ,Bhubaneswar_DLF,5G,173.57966178872377,False
LOG-427073 ,Rourkela_Sector-5,4G,173.57966178872377,False
LOG-697794 ,Rourkela_Sector-5,4G,173.57966178872377,False
LOG-134911 ,Rourkela_Sector-5,5G,173.57966178872377,False
LOG-973559 ,Cuttack_LinkRoad,4G,173.57966178872377,False
LOG-525037 ,Bhubaneswar_DLF,5G,173.57966178872377,False
LOG-830399 ,Bhubaneswar_DLF,4G,173.57966178872377,False
LOG-999885 ,Sambalpur_Town,5G,173.57966178872377,False
LOG-708746 ,Bhubaneswar_DLF,5G,173.57966178872377,False
LOG-112175 ,Sambalpur_Town,4G,173.57966178872377,False
LOG-416915 ,Bhubaneswar_DLF,4G,173.57966178872377,False
LOG-599876 ,Rourkela_Sector-5,5G,173.57966178872377,False
LOG-745588 ,Sambalpur_Town,5G,173.57966178872377,False
LOG-711213 ,Bhubaneswar_DLF,4G,173.57966178872377,False
LOG-868734 ,Rourkela_Sector-5,4G,173.57966178872377,False
LOG-166358 ,Rourkela_Sector-5,4G,173.57966178872377,False
LOG-510543 ,Rourkela_Sector-5,5G,173.57966178872377,False
LOG-147057 ,Bhubaneswar_DLF,3G,173.57966178872377,False
LOG-368294 ,Sambalpur_Town,4G,173.57966178872377,False
LOG-890857 ,Sambalpur_Town,4G,173.57966178872377,False
LOG-354726 ,Sambalpur_Town,4G,173.57966178872377,False
LOG-378176 ,Rourkela_Sector-5,5G,173.57966178872377,False
LOG-626486 ,Rourkela_Sector-5,5G,173.57966178872377,False
LOG-808754 ,Rourkela_Sector-5,4G,173.57966178872377,False
LOG-267292 ,Sambalpur_Town,5G,173.57966178872377,False
LOG-244931 ,Rourkela_Sector-5,4G,173.57966178872377,False
LOG-543676 ,Bhubaneswar_DLF,5G,173.57966178872377,False
LOG-262491 ,Cuttack_LinkRoad,5G,173.57966178872377,False
LOG-481009 ,Bhubaneswar_DLF,5G,173.57966178872377,False
LOG-501921 ,Rourkela_Sector-5,4G,173.57966178872377,False
LOG-360910 ,Sambalpur_Town,5G,173.57966178872377,False
LOG-123236 ,Sambalpur_Town,4G,173.57966178872377,False
LOG-187955 ,Rourkela_Sector-5,5G,173.57966178872377,False
LOG-840874 ,Bhubaneswar_DLF,4G,173.57966178872377,False
LOG-727433 ,Sambalpur_Town,5G,173.57966178872377,False
LOG-770718 ,Rourkela_Sector-5,5G,173.57966178872377,False
LOG-330785 ,Bhubaneswar_DLF,4G,173.57966178872377,False
LOG-194914 ,Rourkela_Sector-5,5G,173.57966178872377,False
LOG-989302 ,Bhubaneswar_DLF,5G,173.57966178872377,False
LOG-307990 ,Rourkela_Sector-5,4G,173.57966178872377,False
LOG-478387 ,Bhubaneswar_DLF,5G,173.57966178872377,False
LOG-638884 ,Rourkela_Sector-5,5G,173.57966178872377,False
LOG-756639 ,Bhubaneswar_DLF,5G,-50.0,False
LOG-294269 ,Sambalpur_Town,5G,173.57966178872377,False
LOG-997928 ,Cuttack_LinkRoad,5G,173.57966178872377,True
LOG-492417 ,Cuttack_LinkRoad,5G,9999.0,False
LOG-238155 ,Bhubaneswar_DLF,4G,173.57966178872377,False
LOG-220674 ,Rourkela_Sector-5,5G,173.57966178872377,False
LOG-881817 ,Rourkela_Sector-5,4G,173.57966178872377,False
LOG-864757 ,Sambalpur_Town,5G,173.57966178872377,False
LOG-356713 ,Rourkela_Sector-5,5G,173.57966178872377,False
LOG-541501 ,Rourkela_Sector-5,5G,9999.0,False
LOG-643351 ,Cuttack_LinkRoad,4G,173.57966178872377,False
LOG-167642 ,Rourkela_Sector-5,4G,173.57966178872377,False
LOG-190093 ,Rourkela_Sector-5,4G,173.57966178872377,False
LOG-607606 ,Sambalpur_Town,5G,173.57966178872377,False
LOG-317215 ,Sambalpur_Town,4G,173.57966178872377,False
LOG-807280 ,Bhubaneswar_DLF,4G,173.57966178872377,False
LOG-783889 ,Sambalpur_Town,5G,173.57966178872377,False
LOG-135954 ,Bhubaneswar_DLF,5G,173.57966178872377,False
LOG-127856 ,Cuttack_LinkRoad,5G,173.57966178872377,False
LOG-626861 ,Rourkela_Sector-5,4G,173.57966178872377,False
LOG-659655 ,Rourkela_Sector-5,5G,173.57966178872377,False
LOG-595553 ,Bhubaneswar_DLF,4G,173.57966178872377,False
LOG-862092 ,Sambalpur_Town,5G,173.57966178872377,False
LOG-986040 ,Bhubaneswar_DLF,5G,-50.0,False
LOG-422918 ,Rourkela_Sector-5,5G,173.57966178872377,False
LOG-123752 ,Rourkela_Sector-5,5G,173.57966178872377,False
LOG-941461 ,Cuttack_LinkRoad,5G,-50.0,False
LOG-248757 ,Rourkela_Sector-5,5G,173.57966178872377,False
LOG-413837 ,Bhubaneswar_DLF,4G,173.57966178872377,False
LOG-216739 ,Rourkela_Sector-5,5G,173.57966178872377,False
LOG-942393 ,Rourkela_Sector-5,5G,173.57966178872377,False
LOG-338009 ,Bhubaneswar_DLF,5G,173.57966178872377,False
LOG-880316 ,Bhubaneswar_DLF,5G,173.57966178872377,False
LOG-307980 ,Rourkela_Sector-5,5G,173.57966178872377,False
LOG-356609 ,Rourkela_Sector-5,5G,-50.0,False
LOG-488822 ,Cuttack_LinkRoad,5G,173.57966178872377,False
LOG-436676 ,Rourkela_Sector-5,5G,173.57966178872377,False
LOG-444138 ,Bhubaneswar_DLF,3G,173.57966178872377,False
LOG-418277 ,Sambalpur_Town,5G,173.57966178872377,False
LOG-618271 ,Rourkela_Sector-5,5G,173.57966178872377,False
LOG-423412 ,Sambalpur_Town,5G,173.57966178872377,False
LOG-585417 ,Rourkela_Sector-5,5G,173.57966178872377,False
LOG-531459 ,Bhubaneswar_DLF,4G,173.57966178872377,False
LOG-288456 ,Rourkela_Sector-5,5G,173.57966178872377,False
LOG-655941 ,Sambalpur_Town,5G,173.57966178872377,False
LOG-257729 ,Rourkela_Sector-5,4G,173.57966178872377,False
LOG-328504 ,Rourkela_Sector-5,5G,173.57966178872377,False
LOG-746117 ,Sambalpur_Town,3G,173.57966178872377,False
LOG-752665 ,Bhubaneswar_DLF,4G,173.57966178872377,False
LOG-625910 ,Bhubaneswar_DLF,5G,173.57966178872377,False
LOG-673044 ,Rourkela_Sector-5,5G,173.57966178872377,False
LOG-140809 ,Cuttack_LinkRoad,5G,173.57966178872377,False
LOG-641013 ,Rourkela_Sector-5,5G,173.57966178872377,False
LOG-816756 ,Rourkela_Sector-5,5G,173.57966178872377,False
LOG-151226 ,Bhubaneswar_DLF,5G,173.57966178872377,False
LOG-599512 ,Rourkela_Sector-5,4G,173.57966178872377,False
LOG-705470 ,Sambalpur_Town,5G,173.57966178872377,False
LOG-575781 ,Sambalpur_Town,4G,173.57966178872377,False
LOG-129402 ,Cuttack_LinkRoad,4G,173.57966178872377,True
LOG-104263 ,Cuttack_LinkRoad,4G,173.57966178872377,False
LOG-851883 ,Bhubaneswar_DLF,5G,173.57966178872377,False
LOG-277900 ,Rourkela_Sector-5,5G,173.57966178872377,False
LOG-672212 ,Cuttack_LinkRoad,4G,173.57966178872377,False
LOG-436326 ,Rourkela_Sector-5,4G,173.57966178872377,False
LOG-324137 ,Rourkela_Sector-5,4G,173.57966178872377,False
LOG-552268 ,Cuttack_LinkRoad,4G,173.57966178872377,False
LOG-397881 ,Bhubaneswar_DLF,5G,173.57966178872377,False
LOG-463476 ,Sambalpur_Town,5G,173.57966178872377,False
LOG-451707 ,Rourkela_Sector-5,5G,173.57966178872377,True
LOG-784733 ,Bhubaneswar_DLF,4G,173.57966178872377,False
LOG-610585 ,Rourkela_Sector-5,5G,173.57966178872377,False
LOG-791757 ,Bhubaneswar_DLF,4G,173.57966178872377,False
LOG-490719 ,Cuttack_LinkRoad,4G,173.57966178872377,False
LOG-579361 ,Bhubaneswar_DLF,4G,173.57966178872377,False
LOG-201371 ,Rourkela_Sector-5,5G,173.57966178872377,False
LOG-662997 ,Rourkela_Sector-5,5G,173.57966178872377,False
LOG-292192 ,Rourkela_Sector-5,4G,173.57966178872377,False
LOG-250322 ,Bhubaneswar_DLF,5G,173.57966178872377,False
LOG-121172 ,Sambalpur_Town,5G,173.57966178872377,False
LOG-635843 ,Rourkela_Sector-5,5G,173.57966178872377,False
LOG-677564 ,Cuttack_LinkRoad,5G,173.57966178872377,False
LOG-681780 ,Sambalpur_Town,5G,173.57966178872377,False
LOG-808362 ,Bhubaneswar_DLF,4G,-50.0,False
LOG-613319 ,Bhubaneswar_DLF,3G,173.57966178872377,True
LOG-880298 ,Cuttack_LinkRoad,3G,173.57966178872377,False
LOG-976031 ,Rourkela_Sector-5,5G,173.57966178872377,False
LOG-322320 ,Rourkela_Sector-5,4G,173.57966178872377,True
LOG-517978 ,Rourkela_Sector-5,3G,173.57966178872377,False
LOG-111046 ,Sambalpur_Town,4G,173.57966178872377,False
LOG-328071 ,Sambalpur_Town,4G,173.57966178872377,False
LOG-478165 ,Cuttack_LinkRoad,4G,173.57966178872377,False
LOG-808662 ,Rourkela_Sector-5,5G,173.57966178872377,False
LOG-516366 ,Bhubaneswar_DLF,4G,173.57966178872377,False
LOG-366997 ,Rourkela_Sector-5,5G,-50.0,False
LOG-745188 ,Rourkela_Sector-5,5G,173.57966178872377,False
LOG-582615 ,Bhubaneswar_DLF,3G,173.57966178872377,False
LOG-515008 ,Sambalpur_Town,5G,173.57966178872377,False
LOG-683417 ,Sambalpur_Town,5G,173.57966178872377,False
LOG-861379 ,Bhubaneswar_DLF,3G,173.57966178872377,False
LOG-305550 ,Rourkela_Sector-5,3G,9999.0,False
LOG-344883 ,Rourkela_Sector-5,5G,173.57966178872377,False
LOG-738418 ,Rourkela_Sector-5,4G,173.57966178872377,False
LOG-560514 ,Cuttack_LinkRoad,5G,173.57966178872377,False
LOG-771210 ,Cuttack_LinkRoad,5G,173.57966178872377,False
LOG-221789 ,Rourkela_Sector-5,5G,-50.0,False
LOG-779418 ,Bhubaneswar_DLF,5G,173.57966178872377,False
LOG-800780 ,Rourkela_Sector-5,5G,173.57966178872377,False
LOG-663178 ,Rourkela_Sector-5,5G,173.57966178872377,False
LOG-166017 ,Bhubaneswar_DLF,4G,173.57966178872377,False
LOG-278376 ,Rourkela_Sector-5,4G,173.57966178872377,False
LOG-788281 ,Bhubaneswar_DLF,4G,173.57966178872377,True
LOG-599137 ,Sambalpur_Town,4G,173.57966178872377,False
LOG-756884 ,Bhubaneswar_DLF,5G,173.57966178872377,False
LOG-724712 ,Rourkela_Sector-5,4G,173.57966178872377,False
LOG-901480 ,Rourkela_Sector-5,4G,173.57966178872377,False
LOG-793264 ,Bhubaneswar_DLF,5G,173.57966178872377,False
LOG-941344 ,Rourkela_Sector-5,5G,173.57966178872377,False
LOG-658296 ,Rourkela_Sector-5,4G,173.57966178872377,False
LOG-493276 ,Bhubaneswar_DLF,4G,173.57966178872377,False
LOG-830026 ,Bhubaneswar_DLF,4G,-50.0,False
LOG-707847 ,Cuttack_LinkRoad,5G,173.57966178872377,False
LOG-155337 ,Rourkela_Sector-5,5G,173.57966178872377,False
LOG-997048 ,Cuttack_LinkRoad,5G,173.57966178872377,False
LOG-375494 ,Rourkela_Sector-5,4G,-50.0,False
LOG-124354 ,Rourkela_Sector-5,5G,173.57966178872377,False
LOG-145186 ,Bhubaneswar_DLF,5G,173.57966178872377,False
LOG-652433 ,Bhubaneswar_DLF,5G,173.57966178872377,False
LOG-527236 ,Sambalpur_Town,4G,173.57966178872377,False
LOG-710411 ,Cuttack_LinkRoad,5G,173.57966178872377,False
LOG-599883 ,Sambalpur_Town,5G,173.57966178872377,False
LOG-830546 ,Sambalpur_Town,4G,173.57966178872377,False
LOG-840829 ,Bhubaneswar_DLF,3G,173.57966178872377,False
LOG-644869 ,Bhubaneswar_DLF,5G,173.57966178872377,False
LOG-713217 ,Bhubaneswar_DLF,5G,173.57966178872377,False
LOG-385195 ,Sambalpur_Town,4G,173.57966178872377,False
LOG-675762 ,Cuttack_LinkRoad,5G,173.57966178872377,False
LOG-716036 ,Rourkela_Sector-5,4G,173.57966178872377,False
LOG-225995 ,Cuttack_LinkRoad,4G,173.57966178872377,False
LOG-345690 ,Rourkela_Sector-5,5G,173.57966178872377,False
LOG-431770 ,Bhubaneswar_DLF,4G,-50.0,False
LOG-893392 ,Rourkela_Sector-5,4G,173.57966178872377,False
LOG-528988 ,Bhubaneswar_DLF,5G,173.57966178872377,False
LOG-280553 ,Sambalpur_Town,5G,173.57966178872377,False
LOG-660696 ,Rourkela_Sector-5,3G,173.57966178872377,False
LOG-980438 ,Rourkela_Sector-5,5G,173.57966178872377,False
LOG-359568 ,Rourkela_Sector-5,4G,173.57966178872377,True
LOG-419278 ,Bhubaneswar_DLF,4G,173.57966178872377,False
LOG-251563 ,Rourkela_Sector-5,5G,173.57966178872377,False
LOG-756701 ,Rourkela_Sector-5,4G,173.57966178872377,False
LOG-799983 ,Rourkela_Sector-5,3G,173.57966178872377,False
LOG-714615 ,Bhubaneswar_DLF,5G,173.57966178872377,False
LOG-493554 ,Rourkela_Sector-5,5G,173.57966178872377,False
LOG-302503 ,Cuttack_LinkRoad,4G,173.57966178872377,False
LOG-243326 ,Rourkela_Sector-5,5G,173.57966178872377,False
LOG-807220 ,Bhubaneswar_DLF,5G,173.57966178872377,False
LOG-111344 ,Rourkela_Sector-5,4G,173.57966178872377,False
LOG-494966 ,Bhubaneswar_DLF,4G,173.57966178872377,False
LOG-692245 ,Rourkela_Sector-5,3G,173.57966178872377,False
LOG-205423 ,Cuttack_LinkRoad,5G,173.57966178872377,False
LOG-420197 ,Sambalpur_Town,5G,173.57966178872377,True
LOG-564071 ,Sambalpur_Town,5G,173.57966178872377,False
LOG-771256 ,Bhubaneswar_DLF,4G,173.57966178872377,False
LOG-286833 ,Bhubaneswar_DLF,4G,173.57966178872377,False
LOG-817912 ,Cuttack_LinkRoad,5G,173.57966178872377,False
LOG-875435 ,Bhubaneswar_DLF,5G,173.57966178872377,False
LOG-177454 ,Rourkela_Sector-5,4G,173.57966178872377,False
LOG-357594 ,Cuttack_LinkRoad,5G,173.57966178872377,False
LOG-611897 ,Bhubaneswar_DLF,5G,173.57966178872377,False
LOG-452744 ,Rourkela_Sector-5,4G,173.57966178872377,False
LOG-616142 ,Rourkela_Sector-5,5G,173.57966178872377,False
LOG-137641 ,Rourkela_Sector-5,4G,173.57966178872377,False
LOG-653999 ,Bhubaneswar_DLF,4G,173.57966178872377,False
LOG-956774 ,Rourkela_Sector-5,5G,173.57966178872377,True
LOG-469040 ,Rourkela_Sector-5,5G,173.57966178872377,False
LOG-767542 ,Rourkela_Sector-5,5G,173.57966178872377,False
LOG-712121 ,Bhubaneswar_DLF,4G,9999.0,False
LOG-418420 ,Cuttack_LinkRoad,5G,173.57966178872377,False
LOG-381685 ,Rourkela_Sector-5,4G,173.57966178872377,False
LOG-980889 ,Rourkela_Sector-5,3G,173.57966178872377,False
LOG-575526 ,Rourkela_Sector-5,3G,173.57966178872377,False
LOG-144813 ,Sambalpur_Town,5G,173.57966178872377,False
LOG-792558 ,Bhubaneswar_DLF,4G,173.57966178872377,False
LOG-764180 ,Bhubaneswar_DLF,3G,173.57966178872377,False
LOG-386214 ,Rourkela_Sector-5,5G,173.57966178872377,False
LOG-442703 ,Cuttack_LinkRoad,5G,173.57966178872377,False
LOG-304615 ,Bhubaneswar_DLF,5G,173.57966178872377,False
LOG-576657 ,Rourkela_Sector-5,5G,173.57966178872377,True
LOG-666074 ,Rourkela_Sector-5,4G,173.57966178872377,False
LOG-850294 ,Rourkela_Sector-5,5G,173.57966178872377,True
LOG-855164 ,Cuttack_LinkRoad,4G,173.57966178872377,False
LOG-499953 ,Sambalpur_Town,4G,173.57966178872377,False
LOG-922494 ,Bhubaneswar_DLF,4G,173.57966178872377,False
LOG-938003 ,Cuttack_LinkRoad,4G,173.57966178872377,False
LOG-387654 ,Rourkela_Sector-5,5G,173.57966178872377,False
LOG-381570 ,Bhubaneswar_DLF,4G,173.57966178872377,True
LOG-137265 ,Bhubaneswar_DLF,5G,173.57966178872377,False
LOG-349321 ,Rourkela_Sector-5,5G,173.57966178872377,False
LOG-166150 ,Sambalpur_Town,5G,173.57966178872377,False
LOG-711600 ,Rourkela_Sector-5,4G,173.57966178872377,False
LOG-189613 ,Rourkela_Sector-5,4G,173.57966178872377,False
LOG-437054 ,Bhubaneswar_DLF,5G,173.57966178872377,False
LOG-938807 ,Bhubaneswar_DLF,5G,173.57966178872377,False
LOG-221826 ,Bhubaneswar_DLF,4G,173.57966178872377,False
LOG-659723 ,Rourkela_Sector-5,5G,173.57966178872377,False
LOG-982875 ,Cuttack_LinkRoad,5G,173.57966178872377,False
LOG-550348 ,Bhubaneswar_DLF,4G,173.57966178872377,False
LOG-310017 ,Bhubaneswar_DLF,5G,173.57966178872377,False
LOG-234055 ,Sambalpur_Town,5G,173.57966178872377,False
LOG-590457 ,Cuttack_LinkRoad,5G,173.57966178872377,False
LOG-776022 ,Rourkela_Sector-5,5G,173.57966178872377,False
LOG-909942 ,Cuttack_LinkRoad,5G,173.57966178872377,False
LOG-833547 ,Rourkela_Sector-5,5G,173.57966178872377,False
LOG-796358 ,Rourkela_Sector-5,5G,173.57966178872377,False
LOG-550062 ,Bhubaneswar_DLF,5G,173.57966178872377,False
LOG-194071 ,Sambalpur_Town,4G,173.57966178872377,False
LOG-893072 ,Rourkela_Sector-5,3G,173.57966178872377,False
LOG-406691 ,Bhubaneswar_DLF,5G,173.57966178872377,False
LOG-941052 ,Rourkela_Sector-5,4G,173.57966178872377,True
LOG-246389 ,Cuttack_LinkRoad,5G,173.57966178872377,False
LOG-739896 ,Bhubaneswar_DLF,5G,173.57966178872377,False
LOG-369708 ,Bhubaneswar_DLF,5G,173.57966178872377,True
LOG-782705 ,Rourkela_Sector-5,5G,173.57966178872377,False
LOG-738112 ,Cuttack_LinkRoad,4G,173.57966178872377,False
LOG-354444 ,Sambalpur_Town,5G,173.57966178872377,False
LOG-703561 ,Bhubaneswar_DLF,5G,173.57966178872377,False
LOG-961291 ,Bhubaneswar_DLF,4G,173.57966178872377,False
LOG-311837 ,Sambalpur_Town,5G,173.57966178872377,False
LOG-210017 ,Rourkela_Sector-5,5G,173.57966178872377,False
LOG-223618 ,Cuttack_LinkRoad,5G,173.57966178872377,False
LOG-559297 ,Sambalpur_Town,5G,173.57966178872377,False
LOG-225341 ,Rourkela_Sector-5,5G,173.57966178872377,False
LOG-915862 ,Bhubaneswar_DLF,5G,173.57966178872377,False
LOG-830892 ,Rourkela_Sector-5,5G,173.57966178872377,False
LOG-652076 ,Bhubaneswar_DLF,5G,173.57966178872377,False
LOG-850865 ,Bhubaneswar_DLF,4G,173.57966178872377,False
LOG-541759 ,Rourkela_Sector-5,4G,173.57966178872377,False
LOG-955778 ,Bhubaneswar_DLF,3G,173.57966178872377,False
LOG-982554 ,Rourkela_Sector-5,4G,173.57966178872377,False
LOG-664262 ,Rourkela_Sector-5,4G,173.57966178872377,False
LOG-993741 ,Rourkela_Sector-5,4G,173.57966178872377,False
LOG-640659 ,Sambalpur_Town,4G,173.57966178872377,False
LOG-931516 ,Rourkela_Sector-5,5G,173.57966178872377,False
LOG-522845 ,Sambalpur_Town,4G,173.57966178872377,False
LOG-806544 ,Bhubaneswar_DLF,5G,173.57966178872377,False
LOG-424060 ,Rourkela_Sector-5,4G,173.57966178872377,False
LOG-698260 ,Cuttack_LinkRoad,5G,173.57966178872377,False
LOG-293259 ,Bhubaneswar_DLF,4G,173.57966178872377,True
LOG-375128 ,Bhubaneswar_DLF,5G,173.57966178872377,False
LOG-919471 ,Rourkela_Sector-5,5G,173.57966178872377,False
LOG-709719 ,Rourkela_Sector-5,5G,-50.0,False
LOG-970123 ,Rourkela_Sector-5,5G,173.57966178872377,False
LOG-945038 ,Rourkela_Sector-5,5G,173.57966178872377,False
LOG-503832 ,Rourkela_Sector-5,5G,173.57966178872377,False
LOG-989097 ,Rourkela_Sector-5,5G,-50.0,False
LOG-729661 ,Rourkela_Sector-5,5G,173.57966178872377,False
LOG-281144 ,Rourkela_Sector-5,4G,173.57966178872377,False
LOG-911006 ,Rourkela_Sector-5,5G,173.57966178872377,False
LOG-350195 ,Rourkela_Sector-5,5G,173.57966178872377,False
LOG-243748 ,Sambalpur_Town,3G,173.57966178872377,False
LOG-504032 ,Rourkela_Sector-5,5G,173.57966178872377,False
LOG-132733 ,Bhubaneswar_DLF,5G,173.57966178872377,False
LOG-841040 ,Rourkela_Sector-5,5G,173.57966178872377,False
LOG-626338 ,Sambalpur_Town,4G,173.57966178872377,False
LOG-209996 ,Rourkela_Sector-5,5G,173.57966178872377,False
LOG-658221 ,Sambalpur_Town,5G,173.57966178872377,False
LOG-649239 ,Bhubaneswar_DLF,4G,173.57966178872377,False
LOG-656701 ,Rourkela_Sector-5,5G,173.57966178872377,False
LOG-265873 ,Sambalpur_Town,4G,173.57966178872377,False
LOG-810979 ,Bhubaneswar_DLF,5G,173.57966178872377,False
LOG-999005 ,Rourkela_Sector-5,5G,173.57966178872377,False
LOG-533816 ,Cuttack_LinkRoad,4G,173.57966178872377,False
LOG-813135 ,Sambalpur_Town,5G,173.57966178872377,True
LOG-321888 ,Bhubaneswar_DLF,4G,173.57966178872377,False
LOG-885332 ,Rourkela_Sector-5,3G,173.57966178872377,False
LOG-845453 ,Cuttack_LinkRoad,5G,173.57966178872377,False
LOG-867950 ,Bhubaneswar_DLF,4G,173.57966178872377,False
LOG-266472 ,Sambalpur_Town,5G,173.57966178872377,False
LOG-497710 ,Bhubaneswar_DLF,4G,173.57966178872377,False
LOG-311760 ,Rourkela_Sector-5,5G,173.57966178872377,False
LOG-222744 ,Sambalpur_Town,5G,173.57966178872377,False
LOG-975863 ,Rourkela_Sector-5,5G,173.57966178872377,True
LOG-830051 ,Rourkela_Sector-5,5G,173.57966178872377,False
LOG-601946 ,Bhubaneswar_DLF,5G,173.57966178872377,False
LOG-143001 ,Bhubaneswar_DLF,4G,173.57966178872377,False
LOG-691652 ,Rourkela_Sector-5,4G,173.57966178872377,False
LOG-931460 ,Cuttack_LinkRoad,5G,173.57966178872377,False
LOG-338506 ,Rourkela_Sector-5,5G,173.57966178872377,False
LOG-853019 ,Bhubaneswar_DLF,4G,173.57966178872377,False
LOG-530789 ,Cuttack_LinkRoad,5G,173.57966178872377,False
LOG-756166 ,Rourkela_Sector-5,5G,173.57966178872377,False
LOG-811998 ,Rourkela_Sector-5,5G,173.57966178872377,False
LOG-752589 ,Rourkela_Sector-5,5G,173.57966178872377,False
LOG-599722 ,Sambalpur_Town,5G,173.57966178872377,False
LOG-785117 ,Rourkela_Sector-5,4G,173.57966178872377,False
LOG-658924 ,Rourkela_Sector-5,4G,173.57966178872377,True
LOG-835457 ,Bhubaneswar_DLF,5G,173.57966178872377,False
LOG-279352 ,Bhubaneswar_DLF,4G,173.57966178872377,False
LOG-910694 ,Rourkela_Sector-5,5G,173.57966178872377,False
LOG-966867 ,Bhubaneswar_DLF,5G,173.57966178872377,False
LOG-293283 ,Rourkela_Sector-5,5G,173.57966178872377,False
LOG-550195 ,Sambalpur_Town,5G,173.57966178872377,False
LOG-869884 ,Rourkela_Sector-5,5G,173.57966178872377,False
LOG-531413 ,Rourkela_Sector-5,5G,173.57966178872377,False
LOG-403988 ,Bhubaneswar_DLF,5G,173.57966178872377,False
LOG-426898 ,Rourkela_Sector-5,5G,173.57966178872377,False
LOG-963561 ,Bhubaneswar_DLF,4G,173.57966178872377,False
LOG-402186 ,Rourkela_Sector-5,4G,173.57966178872377,True
LOG-161665 ,Rourkela_Sector-5,5G,173.57966178872377,False
LOG-346584 ,Cuttack_LinkRoad,4G,173.57966178872377,False
LOG-216953 ,Bhubaneswar_DLF,4G,173.57966178872377,False
LOG-576072 ,Bhubaneswar_DLF,4G,173.57966178872377,False
LOG-782736 ,Rourkela_Sector-5,5G,173.57966178872377,False
LOG-286626 ,Rourkela_Sector-5,5G,173.57966178872377,False
LOG-245271 ,Rourkela_Sector-5,4G,173.57966178872377,False
LOG-218533 ,Rourkela_Sector-5,5G,173.57966178872377,False
LOG-698069 ,Bhubaneswar_DLF,5G,173.57966178872377,False
LOG-565966 ,Sambalpur_Town,5G,173.57966178872377,False
LOG-166262 ,Rourkela_Sector-5,4G,9999.0,False
LOG-933032 ,Rourkela_Sector-5,4G,173.57966178872377,False
LOG-176898 ,Rourkela_Sector-5,5G,173.57966178872377,False
LOG-555699 ,Rourkela_Sector-5,5G,173.57966178872377,True
LOG-249369 ,Rourkela_Sector-5,3G,173.57966178872377,False
LOG-654736 ,Sambalpur_Town,5G,173.57966178872377,False
LOG-388316 ,Bhubaneswar_DLF,5G,173.57966178872377,False
LOG-107657 ,Sambalpur_Town,5G,173.57966178872377,False
LOG-577602 ,Sambalpur_Town,4G,173.57966178872377,False
LOG-880977 ,Bhubaneswar_DLF,4G,173.57966178872377,False
LOG-474999 ,Bhubaneswar_DLF,4G,173.57966178872377,False
LOG-784191 ,Rourkela_Sector-5,5G,173.57966178872377,False
LOG-107906 ,Bhubaneswar_DLF,5G,173.57966178872377,False
LOG-423557 ,Sambalpur_Town,5G,173.57966178872377,False
LOG-678316 ,Rourkela_Sector-5,4G,173.57966178872377,False
LOG-893719 ,Sambalpur_Town,5G,173.57966178872377,True
LOG-395804 ,Rourkela_Sector-5,5G,173.57966178872377,False
LOG-568974 ,Sambalpur_Town,4G,173.57966178872377,False
LOG-946936 ,Sambalpur_Town,5G,173.57966178872377,False
LOG-815080 ,Bhubaneswar_DLF,5G,173.57966178872377,False
LOG-727267 ,Bhubaneswar_DLF,4G,173.57966178872377,False
LOG-134701 ,Bhubaneswar_DLF,5G,173.57966178872377,False
LOG-183300 ,Cuttack_LinkRoad,5G,173.57966178872377,False
LOG-865537 ,Sambalpur_Town,5G,173.57966178872377,False
LOG-773034 ,Cuttack_LinkRoad,5G,173.57966178872377,False
LOG-183560 ,Bhubaneswar_DLF,5G,173.57966178872377,False
LOG-342615 ,Bhubaneswar_DLF,4G,173.57966178872377,True
LOG-143642 ,Cuttack_LinkRoad,5G,173.57966178872377,False
LOG-617083 ,Bhubaneswar_DLF,4G,173.57966178872377,False
LOG-591036 ,Cuttack_LinkRoad,5G,173.57966178872377,False
LOG-427304 ,Bhubaneswar_DLF,5G,173.57966178872377,False
LOG-904034 ,Rourkela_Sector-5,5G,173.57966178872377,False
LOG-465464 ,Rourkela_Sector-5,4G,173.57966178872377,False
LOG-713089 ,Bhubaneswar_DLF,5G,173.57966178872377,False
LOG-388075 ,Rourkela_Sector-5,4G,173.57966178872377,False
LOG-194377 ,Rourkela_Sector-5,4G,173.57966178872377,False
LOG-915624 ,Bhubaneswar_DLF,4G,173.57966178872377,False
LOG-932974 ,Rourkela_Sector-5,4G,173.57966178872377,True
LOG-928952 ,Rourkela_Sector-5,5G,173.57966178872377,False
LOG-426916 ,Cuttack_LinkRoad,4G,173.57966178872377,False
LOG-551978 ,Sambalpur_Town,4G,173.57966178872377,False
LOG-412250 ,Cuttack_LinkRoad,3G,173.57966178872377,False
LOG-705409 ,Sambalpur_Town,5G,173.57966178872377,False
LOG-125559 ,Bhubaneswar_DLF,4G,173.57966178872377,False
LOG-992027 ,Rourkela_Sector-5,5G,173.57966178872377,False
LOG-658030 ,Bhubaneswar_DLF,5G,173.57966178872377,False
LOG-956101 ,Cuttack_LinkRoad,4G,173.57966178872377,False
LOG-777114 ,Rourkela_Sector-5,3G,173.57966178872377,False
LOG-235044 ,Rourkela_Sector-5,5G,173.57966178872377,False
LOG-957263 ,Cuttack_LinkRoad,4G,173.57966178872377,False
LOG-212217 ,Rourkela_Sector-5,5G,173.57966178872377,False
LOG-666161 ,Bhubaneswar_DLF,5G,173.57966178872377,False
LOG-992964 ,Rourkela_Sector-5,5G,173.57966178872377,False
LOG-503119 ,Bhubaneswar_DLF,5G,173.57966178872377,True
LOG-758380 ,Bhubaneswar_DLF,4G,173.57966178872377,False
LOG-928187 ,Rourkela_Sector-5,5G,173.57966178872377,False
LOG-972388 ,Rourkela_Sector-5,5G,173.57966178872377,False
LOG-186988 ,Bhubaneswar_DLF,5G,173.57966178872377,False
LOG-669936 ,Cuttack_LinkRoad,5G,173.57966178872377,False
LOG-225991 ,Sambalpur_Town,4G,173.57966178872377,False
LOG-502732 ,Bhubaneswar_DLF,5G,173.57966178872377,False
LOG-606079 ,Cuttack_LinkRoad,5G,173.57966178872377,False
LOG-626684 ,Rourkela_Sector-5,4G,173.57966178872377,False
LOG-184082 ,Rourkela_Sector-5,5G,173.57966178872377,False
LOG-228322 ,Rourkela_Sector-5,4G,173.57966178872377,False
LOG-756951 ,Bhubaneswar_DLF,5G,173.57966178872377,False
LOG-111303 ,Rourkela_Sector-5,5G,-50.0,False
LOG-261633 ,Rourkela_Sector-5,3G,173.57966178872377,False
LOG-433863 ,Bhubaneswar_DLF,4G,173.57966178872377,False
LOG-349690 ,Cuttack_LinkRoad,5G,173.57966178872377,False
LOG-884108 ,Rourkela_Sector-5,4G,173.57966178872377,False
LOG-199616 ,Rourkela_Sector-5,4G,173.57966178872377,False
LOG-186231 ,Bhubaneswar_DLF,5G,173.57966178872377,False
LOG-369458 ,Bhubaneswar_DLF,5G,173.57966178872377,False
LOG-119623 ,Bhubaneswar_DLF,5G,173.57966178872377,False
LOG-823035 ,Rourkela_Sector-5,5G,173.57966178872377,False
LOG-590042 ,Bhubaneswar_DLF,5G,173.57966178872377,False
LOG-558298 ,Sambalpur_Town,4G,173.57966178872377,False
LOG-576840 ,Rourkela_Sector-5,5G,173.57966178872377,False
LOG-205228 ,Sambalpur_Town,4G,173.57966178872377,False
LOG-526346 ,Rourkela_Sector-5,5G,173.57966178872377,False
LOG-807116 ,Rourkela_Sector-5,5G,173.57966178872377,False
LOG-984056 ,Bhubaneswar_DLF,4G,173.57966178872377,False
LOG-781652 ,Rourkela_Sector-5,5G,173.57966178872377,False
LOG-998217 ,Rourkela_Sector-5,5G,173.57966178872377,False
LOG-620547 ,Bhubaneswar_DLF,5G,173.57966178872377,False
LOG-972638 ,Cuttack_LinkRoad,4G,173.57966178872377,False
LOG-169274 ,Sambalpur_Town,5G,173.57966178872377,False
LOG-233541 ,Bhubaneswar_DLF,5G,173.57966178872377,False
LOG-153947 ,Rourkela_Sector-5,3G,173.57966178872377,False
LOG-777894 ,Bhubaneswar_DLF,3G,173.57966178872377,False
LOG-294692 ,Bhubaneswar_DLF,5G,173.57966178872377,False
LOG-148874 ,Cuttack_LinkRoad,5G,173.57966178872377,False
LOG-673996 ,Cuttack_LinkRoad,4G,173.57966178872377,False
LOG-174553 ,Sambalpur_Town,4G,173.57966178872377,True
LOG-692632 ,Bhubaneswar_DLF,5G,173.57966178872377,False
LOG-935570 ,Bhubaneswar_DLF,5G,173.57966178872377,False
LOG-809662 ,Rourkela_Sector-5,4G,173.57966178872377,False
LOG-671926 ,Sambalpur_Town,4G,173.57966178872377,False
LOG-178249 ,Rourkela_Sector-5,4G,173.57966178872377,False
LOG-992297 ,Rourkela_Sector-5,5G,173.57966178872377,False
LOG-627007 ,Rourkela_Sector-5,5G,173.57966178872377,False
LOG-778250 ,Cuttack_LinkRoad,4G,173.57966178872377,False
LOG-570452 ,Bhubaneswar_DLF,5G,173.57966178872377,False
LOG-529725 ,Bhubaneswar_DLF,5G,-50.0,True
LOG-142534 ,Sambalpur_Town,5G,173.57966178872377,False
LOG-595518 ,Sambalpur_Town,5G,173.57966178872377,False
LOG-716529 ,Rourkela_Sector-5,5G,173.57966178872377,False
LOG-512003 ,Rourkela_Sector-5,4G,173.57966178872377,False
LOG-226209 ,Cuttack_LinkRoad,4G,173.57966178872377,True
LOG-542061 ,Sambalpur_Town,4G,173.57966178872377,False
LOG-289004 ,Bhubaneswar_DLF,4G,9999.0,False
LOG-716412 ,Bhubaneswar_DLF,5G,173.57966178872377,False
LOG-715947 ,Rourkela_Sector-5,5G,173.57966178872377,False
LOG-264134 ,Cuttack_LinkRoad,5G,173.57966178872377,False
LOG-175713 ,Bhubaneswar_DLF,5G,173.57966178872377,False
LOG-842623 ,Bhubaneswar_DLF,4G,173.57966178872377,False
LOG-588972 ,Rourkela_Sector-5,5G,173.57966178872377,False
LOG-175418 ,Sambalpur_Town,5G,173.57966178872377,False
LOG-228232 ,Bhubaneswar_DLF,5G,173.57966178872377,False
LOG-620551 ,Rourkela_Sector-5,5G,173.57966178872377,False
LOG-263038 ,Bhubaneswar_DLF,4G,173.57966178872377,False
LOG-268383 ,Bhubaneswar_DLF,5G,173.57966178872377,False
LOG-918007 ,Bhubaneswar_DLF,5G,173.57966178872377,False
LOG-425996 ,Cuttack_LinkRoad,5G,173.57966178872377,False
LOG-358722 ,Bhubaneswar_DLF,4G,173.57966178872377,False
LOG-232079 ,Sambalpur_Town,5G,173.57966178872377,False
LOG-302053 ,Rourkela_Sector-5,5G,173.57966178872377,False
LOG-700530 ,Rourkela_Sector-5,5G,173.57966178872377,False
LOG-278589 ,Rourkela_Sector-5,5G,173.57966178872377,False
LOG-603238 ,Bhubaneswar_DLF,5G,173.57966178872377,False
LOG-129257 ,Bhubaneswar_DLF,4G,173.57966178872377,False
LOG-580488 ,Sambalpur_Town,4G,173.57966178872377,False
LOG-535423 ,Cuttack_LinkRoad,4G,173.57966178872377,False
LOG-244353 ,Bhubaneswar_DLF,5G,173.57966178872377,False
LOG-423390 ,Sambalpur_Town,5G,173.57966178872377,False
LOG-363579 ,Rourkela_Sector-5,5G,173.57966178872377,False
LOG-329947 ,Cuttack_LinkRoad,5G,173.57966178872377,False
LOG-331758 ,Bhubaneswar_DLF,5G,173.57966178872377,False
LOG-715645 ,Bhubaneswar_DLF,5G,173.57966178872377,False
LOG-257732 ,Cuttack_LinkRoad,4G,173.57966178872377,False
LOG-827955 ,Bhubaneswar_DLF,4G,173.57966178872377,False
LOG-708095 ,Rourkela_Sector-5,4G,173.57966178872377,False
LOG-538755 ,Bhubaneswar_DLF,4G,173.57966178872377,False
LOG-238563 ,Bhubaneswar_DLF,5G,173.57966178872377,False
LOG-883066 ,Cuttack_LinkRoad,5G,-50.0,False
LOG-606047 ,Bhubaneswar_DLF,5G,173.57966178872377,True
LOG-805552 ,Sambalpur_Town,5G,173.57966178872377,False
LOG-426032 ,Bhubaneswar_DLF,5G,173.57966178872377,False
LOG-697897 ,Bhubaneswar_DLF,5G,173.57966178872377,False
LOG-895509 ,Cuttack_LinkRoad,5G,173.57966178872377,False
LOG-872800 ,Bhubaneswar_DLF,4G,173.57966178872377,False
LOG-353973 ,Sambalpur_Town,4G,173.57966178872377,False
LOG-383097 ,Bhubaneswar_DLF,5G,173.57966178872377,True
LOG-476826 ,Bhubaneswar_DLF,5G,173.57966178872377,False
LOG-614257 ,Rourkela_Sector-5,5G,173.57966178872377,False
LOG-954321 ,Bhubaneswar_DLF,4G,173.57966178872377,False
LOG-779181 ,Rourkela_Sector-5,5G,173.57966178872377,False
LOG-530783 ,Cuttack_LinkRoad,4G,173.57966178872377,False
LOG-215374 ,Rourkela_Sector-5,5G,173.57966178872377,False
LOG-649148 ,Rourkela_Sector-5,5G,173.57966178872377,False
LOG-776555 ,Rourkela_Sector-5,5G,173.57966178872377,False
LOG-701763 ,Rourkela_Sector-5,5G,173.57966178872377,False
LOG-584090 ,Rourkela_Sector-5,5G,173.57966178872377,False
LOG-973698 ,Sambalpur_Town,4G,173.57966178872377,False
LOG-776787 ,Cuttack_LinkRoad,5G,173.57966178872377,False
LOG-987164 ,Cuttack_LinkRoad,5G,173.57966178872377,False
LOG-389227 ,Cuttack_LinkRoad,4G,173.57966178872377,False
LOG-842406 ,Rourkela_Sector-5,5G,173.57966178872377,False
LOG-943804 ,Sambalpur_Town,5G,173.57966178872377,False
LOG-748074 ,Rourkela_Sector-5,5G,173.57966178872377,False
LOG-632101 ,Rourkela_Sector-5,4G,173.57966178872377,False
LOG-131598 ,Bhubaneswar_DLF,4G,173.57966178872377,True
LOG-605934 ,Rourkela_Sector-5,5G,173.57966178872377,False
LOG-882239 ,Cuttack_LinkRoad,3G,173.57966178872377,False
LOG-717394 ,Rourkela_Sector-5,4G,173.57966178872377,False
LOG-389226 ,Cuttack_LinkRoad,5G,173.57966178872377,False
LOG-915673 ,Bhubaneswar_DLF,4G,173.57966178872377,False
LOG-327286 ,Rourkela_Sector-5,5G,173.57966178872377,False
LOG-537785 ,Cuttack_LinkRoad,4G,173.57966178872377,False
LOG-111745 ,Rourkela_Sector-5,5G,173.57966178872377,False
LOG-912461 ,Bhubaneswar_DLF,4G,173.57966178872377,False
LOG-244097 ,Rourkela_Sector-5,5G,173.57966178872377,False
LOG-332732 ,Bhubaneswar_DLF,4G,173.57966178872377,False
LOG-769648 ,Bhubaneswar_DLF,5G,173.57966178872377,False
LOG-713474 ,Rourkela_Sector-5,4G,173.57966178872377,False
LOG-984200 ,Sambalpur_Town,5G,173.57966178872377,False
LOG-313030 ,Sambalpur_Town,4G,173.57966178872377,False
LOG-824238 ,Cuttack_LinkRoad,4G,173.57966178872377,False
LOG-666134 ,Cuttack_LinkRoad,5G,173.57966178872377,False
LOG-438076 ,Rourkela_Sector-5,4G,173.57966178872377,False
LOG-248554 ,Bhubaneswar_DLF,5G,173.57966178872377,False
LOG-385555 ,Rourkela_Sector-5,4G,173.57966178872377,False
LOG-544191 ,Rourkela_Sector-5,4G,173.57966178872377,False
LOG-553761 ,Sambalpur_Town,5G,173.57966178872377,False
LOG-605518 ,Bhubaneswar_DLF,3G,173.57966178872377,False
LOG-440941 ,Bhubaneswar_DLF,5G,173.57966178872377,False
LOG-414451 ,Rourkela_Sector-5,5G,173.57966178872377,False
LOG-384186 ,Bhubaneswar_DLF,4G,173.57966178872377,False
LOG-677218 ,Rourkela_Sector-5,4G,173.57966178872377,False
LOG-872944 ,Rourkela_Sector-5,5G,173.57966178872377,False
LOG-537629 ,Rourkela_Sector-5,5G,173.57966178872377,False
LOG-868747 ,Bhubaneswar_DLF,4G,173.57966178872377,False
LOG-324695 ,Bhubaneswar_DLF,5G,173.57966178872377,False
LOG-984315 ,Rourkela_Sector-5,4G,173.57966178872377,False
LOG-395900 ,Cuttack_LinkRoad,4G,173.57966178872377,False
LOG-153268 ,Rourkela_Sector-5,5G,173.57966178872377,False
LOG-532430 ,Bhubaneswar_DLF,5G,173.57966178872377,False
LOG-312943 ,Sambalpur_Town,5G,173.57966178872377,False
LOG-883204 ,Bhubaneswar_DLF,5G,173.57966178872377,False
LOG-521818 ,Sambalpur_Town,4G,173.57966178872377,False
LOG-808691 ,Sambalpur_Town,3G,173.57966178872377,False
LOG-673189 ,Bhubaneswar_DLF,5G,173.57966178872377,False
LOG-462130 ,Cuttack_LinkRoad,5G,173.57966178872377,False
LOG-294488 ,Sambalpur_Town,5G,173.57966178872377,False
LOG-787556 ,Rourkela_Sector-5,4G,173.57966178872377,False
LOG-490530 ,Rourkela_Sector-5,4G,173.57966178872377,False
LOG-892058 ,Sambalpur_Town,4G,-50.0,False
LOG-762784 ,Cuttack_LinkRoad,5G,173.57966178872377,False
LOG-899289 ,Rourkela_Sector-5,4G,173.57966178872377,False
LOG-341531 ,Bhubaneswar_DLF,5G,-50.0,False
LOG-346693 ,Cuttack_LinkRoad,4G,173.57966178872377,False
LOG-803650 ,Bhubaneswar_DLF,4G,173.57966178872377,False
LOG-650719 ,Bhubaneswar_DLF,4G,173.57966178872377,False
LOG-971408 ,Cuttack_LinkRoad,5G,173.57966178872377,False
LOG-338360 ,Bhubaneswar_DLF,4G,9999.0,False
LOG-444855 ,Bhubaneswar_DLF,5G,173.57966178872377,False
LOG-607403 ,Cuttack_LinkRoad,4G,173.57966178872377,False
LOG-126385 ,Cuttack_LinkRoad,5G,173.57966178872377,False
LOG-531374 ,Bhubaneswar_DLF,5G,173.57966178872377,False
LOG-516235 ,Rourkela_Sector-5,5G,173.57966178872377,False
LOG-380783 ,Bhubaneswar_DLF,4G,173.57966178872377,False
LOG-185530 ,Sambalpur_Town,5G,173.57966178872377,False
LOG-855271 ,Rourkela_Sector-5,4G,173.57966178872377,False
LOG-383707 ,Rourkela_Sector-5,4G,173.57966178872377,False
LOG-477816 ,Bhubaneswar_DLF,4G,173.57966178872377,False
LOG-529660 ,Cuttack_LinkRoad,5G,173.57966178872377,False
LOG-501927 ,Rourkela_Sector-5,4G,173.57966178872377,False
LOG-829678 ,Rourkela_Sector-5,5G,173.57966178872377,False
LOG-445114 ,Rourkela_Sector-5,5G,173.57966178872377,False
LOG-343373 ,Cuttack_LinkRoad,5G,173.57966178872377,False
LOG-447697 ,Rourkela_Sector-5,5G,173.57966178872377,False
LOG-261779 ,Rourkela_Sector-5,5G,173.57966178872377,False
LOG-270182 ,Bhubaneswar_DLF,5G,173.57966178872377,True
LOG-817148 ,Sambalpur_Town,5G,173.57966178872377,False
LOG-707167 ,Bhubaneswar_DLF,5G,173.57966178872377,True
LOG-338260 ,Rourkela_Sector-5,5G,173.57966178872377,False
LOG-931291 ,Bhubaneswar_DLF,5G,173.57966178872377,False
LOG-938530 ,Sambalpur_Town,4G,173.57966178872377,True
LOG-770611 ,Bhubaneswar_DLF,5G,173.57966178872377,False
LOG-746701 ,Sambalpur_Town,5G,173.57966178872377,False
LOG-886958 ,Cuttack_LinkRoad,5G,173.57966178872377,False
LOG-430904 ,Rourkela_Sector-5,5G,173.57966178872377,False
LOG-147837 ,Bhubaneswar_DLF,5G,173.57966178872377,False
LOG-618349 ,Rourkela_Sector-5,5G,173.57966178872377,False
LOG-884838 ,Bhubaneswar_DLF,3G,173.57966178872377,False
LOG-897968 ,Rourkela_Sector-5,4G,173.57966178872377,False
LOG-652829 ,Rourkela_Sector-5,4G,173.57966178872377,False
LOG-179083 ,Sambalpur_Town,3G,173.57966178872377,False
LOG-658819 ,Rourkela_Sector-5,4G,173.57966178872377,False
LOG-370856 ,Sambalpur_Town,4G,173.57966178872377,True
LOG-466245 ,Rourkela_Sector-5,4G,173.57966178872377,False
LOG-951887 ,Rourkela_Sector-5,5G,173.57966178872377,False
LOG-699032 ,Sambalpur_Town,5G,173.57966178872377,False
LOG-877147 ,Bhubaneswar_DLF,5G,173.57966178872377,False
LOG-754037 ,Cuttack_LinkRoad,5G,-50.0,False
LOG-891541 ,Rourkela_Sector-5,3G,173.57966178872377,False
LOG-935700 ,Bhubaneswar_DLF,5G,173.57966178872377,True
LOG-856097 ,Cuttack_LinkRoad,4G,173.57966178872377,False
LOG-941047 ,Bhubaneswar_DLF,5G,173.57966178872377,False
LOG-706791 ,Bhubaneswar_DLF,5G,173.57966178872377,False
LOG-354346 ,Sambalpur_Town,5G,173.57966178872377,False
LOG-709996 ,Bhubaneswar_DLF,5G,173.57966178872377,False
LOG-815472 ,Sambalpur_Town,5G,173.57966178872377,False
LOG-726759 ,Cuttack_LinkRoad,5G,173.57966178872377,False
LOG-878513 ,Cuttack_LinkRoad,5G,173.57966178872377,True
LOG-257661 ,Rourkela_Sector-5,5G,173.57966178872377,False
LOG-785375 ,Rourkela_Sector-5,4G,173.57966178872377,False
LOG-260081 ,Sambalpur_Town,5G,173.57966178872377,False
LOG-969741 ,Rourkela_Sector-5,5G,173.57966178872377,False
LOG-488590 ,Rourkela_Sector-5,5G,173.57966178872377,False
LOG-817406 ,Rourkela_Sector-5,5G,173.57966178872377,False
LOG-993093 ,Rourkela_Sector-5,5G,173.57966178872377,False
LOG-781503 ,Sambalpur_Town,5G,9999.0,False
LOG-106154 ,Sambalpur_Town,5G,173.57966178872377,False
LOG-777164 ,Bhubaneswar_DLF,4G,173.57966178872377,True
LOG-164288 ,Rourkela_Sector-5,5G,173.57966178872377,False
LOG-151195 ,Cuttack_LinkRoad,5G,173.57966178872377,False
LOG-382725 ,Bhubaneswar_DLF,5G,173.57966178872377,False
LOG-545864 ,Sambalpur_Town,5G,173.57966178872377,False
LOG-392231 ,Bhubaneswar_DLF,5G,173.57966178872377,False
LOG-805290 ,Rourkela_Sector-5,4G,173.57966178872377,False
LOG-264053 ,Bhubaneswar_DLF,4G,173.57966178872377,False
LOG-693586 ,Sambalpur_Town,5G,173.57966178872377,False
LOG-932599 ,Bhubaneswar_DLF,4G,173.57966178872377,False
LOG-830664 ,Bhubaneswar_DLF,5G,173.57966178872377,False
LOG-536624 ,Rourkela_Sector-5,4G,173.57966178872377,False
LOG-139499 ,Cuttack_LinkRoad,4G,173.57966178872377,False
LOG-487960 ,Cuttack_LinkRoad,4G,-50.0,False
LOG-545485 ,Rourkela_Sector-5,5G,9999.0,False
LOG-793919 ,Bhubaneswar_DLF,5G,173.57966178872377,False
LOG-345198 ,Rourkela_Sector-5,5G,173.57966178872377,False
LOG-567535 ,Rourkela_Sector-5,5G,173.57966178872377,False
LOG-867285 ,Rourkela_Sector-5,5G,173.57966178872377,False
LOG-720635 ,Rourkela_Sector-5,5G,173.57966178872377,False
LOG-410931 ,Bhubaneswar_DLF,5G,173.57966178872377,False
LOG-397632 ,Rourkela_Sector-5,4G,173.57966178872377,False
LOG-436585 ,Rourkela_Sector-5,5G,173.57966178872377,False
LOG-830023 ,Sambalpur_Town,4G,173.57966178872377,False
LOG-122431 ,Bhubaneswar_DLF,5G,173.57966178872377,False
LOG-423825 ,Bhubaneswar_DLF,4G,173.57966178872377,False
LOG-294555 ,Bhubaneswar_DLF,5G,173.57966178872377,False
LOG-747008 ,Bhubaneswar_DLF,5G,173.57966178872377,False
LOG-673441 ,Rourkela_Sector-5,4G,173.57966178872377,False
LOG-368512 ,Cuttack_LinkRoad,5G,173.57966178872377,False
LOG-998792 ,Rourkela_Sector-5,5G,173.57966178872377,False
LOG-276076 ,Bhubaneswar_DLF,5G,173.57966178872377,False
LOG-319724 ,Rourkela_Sector-5,5G,173.57966178872377,False
LOG-999187 ,Cuttack_LinkRoad,5G,173.57966178872377,False
LOG-681273 ,Bhubaneswar_DLF,5G,173.57966178872377,False
LOG-936501 ,Bhubaneswar_DLF,4G,173.57966178872377,False
LOG-414470 ,Rourkela_Sector-5,4G,173.57966178872377,False
LOG-733025 ,Bhubaneswar_DLF,5G,173.57966178872377,False
LOG-836421 ,Sambalpur_Town,4G,173.57966178872377,False
LOG-778758 ,Cuttack_LinkRoad,5G,9999.0,False
LOG-853753 ,Rourkela_Sector-5,5G,173.57966178872377,False
LOG-150861 ,Rourkela_Sector-5,5G,-50.0,False
LOG-438041 ,Sambalpur_Town,4G,173.57966178872377,False
LOG-312977 ,Bhubaneswar_DLF,5G,173.57966178872377,False
LOG-751406 ,Bhubaneswar_DLF,4G,173.57966178872377,False
LOG-955009 ,Sambalpur_Town,5G,173.57966178872377,True
LOG-821001 ,Sambalpur_Town,3G,173.57966178872377,False
LOG-109078 ,Bhubaneswar_DLF,4G,173.57966178872377,False
LOG-424912 ,Bhubaneswar_DLF,5G,173.57966178872377,False
LOG-675335 ,Rourkela_Sector-5,4G,173.57966178872377,False
LOG-958058 ,Cuttack_LinkRoad,5G,173.57966178872377,False
LOG-944092 ,Rourkela_Sector-5,5G,173.57966178872377,False
LOG-859746 ,Rourkela_Sector-5,5G,173.57966178872377,False
LOG-495141 ,Rourkela_Sector-5,5G,173.57966178872377,True
LOG-315048 ,Rourkela_Sector-5,4G,173.57966178872377,False
LOG-860581 ,Bhubaneswar_DLF,5G,173.57966178872377,False
LOG-742120 ,Bhubaneswar_DLF,5G,173.57966178872377,False
LOG-749438 ,Bhubaneswar_DLF,5G,173.57966178872377,False
LOG-257087 ,Rourkela_Sector-5,5G,173.57966178872377,False
LOG-133320 ,Sambalpur_Town,5G,173.57966178872377,False
LOG-427025 ,Rourkela_Sector-5,4G,173.57966178872377,False
LOG-715115 ,Cuttack_LinkRoad,3G,173.57966178872377,False
LOG-613287 ,Sambalpur_Town,5G,173.57966178872377,False
LOG-464359 ,Bhubaneswar_DLF,5G,173.57966178872377,False
LOG-359931 ,Bhubaneswar_DLF,5G,173.57966178872377,False
LOG-506845 ,Sambalpur_Town,4G,173.57966178872377,False
LOG-947982 ,Rourkela_Sector-5,5G,173.57966178872377,False
LOG-649114 ,Bhubaneswar_DLF,5G,173.57966178872377,False
LOG-200734 ,Bhubaneswar_DLF,4G,173.57966178872377,False
LOG-257702 ,Rourkela_Sector-5,5G,173.57966178872377,False
LOG-854122 ,Cuttack_LinkRoad,5G,173.57966178872377,False
LOG-277235 ,Sambalpur_Town,4G,173.57966178872377,False
LOG-198511 ,Cuttack_LinkRoad,5G,173.57966178872377,False
LOG-373797 ,Rourkela_Sector-5,5G,173.57966178872377,False
LOG-783321 ,Rourkela_Sector-5,5G,173.57966178872377,False
LOG-706229 ,Bhubaneswar_DLF,5G,173.57966178872377,False
LOG-829497 ,Rourkela_Sector-5,5G,173.57966178872377,False
LOG-920094 ,Bhubaneswar_DLF,4G,173.57966178872377,False
LOG-198818 ,Bhubaneswar_DLF,5G,173.57966178872377,False
LOG-252360 ,Bhubaneswar_DLF,4G,173.57966178872377,False
LOG-877915 ,Bhubaneswar_DLF,5G,173.57966178872377,False
LOG-719369 ,Bhubaneswar_DLF,5G,173.57966178872377,False
LOG-661165 ,Rourkela_Sector-5,5G,173.57966178872377,False
LOG-473706 ,Rourkela_Sector-5,5G,173.57966178872377,False
LOG-311957 ,Bhubaneswar_DLF,5G,173.57966178872377,False
LOG-172715 ,Bhubaneswar_DLF,5G,173.57966178872377,False
LOG-241398 ,Cuttack_LinkRoad,5G,173.57966178872377,False
LOG-734379 ,Cuttack_LinkRoad,5G,173.57966178872377,False
LOG-619052 ,Sambalpur_Town,3G,173.57966178872377,False
LOG-232632 ,Rourkela_Sector-5,5G,173.57966178872377,False
LOG-965580 ,Rourkela_Sector-5,5G,173.57966178872377,False
LOG-183186 ,Rourkela_Sector-5,5G,173.57966178872377,False
LOG-787250 ,Cuttack_LinkRoad,5G,173.57966178872377,False
LOG-251094 ,Bhubaneswar_DLF,4G,173.57966178872377,False
LOG-694604 ,Cuttack_LinkRoad,5G,173.57966178872377,False
LOG-128380 ,Bhubaneswar_DLF,5G,173.57966178872377,False
LOG-734486 ,Sambalpur_Town,5G,173.57966178872377,False
LOG-364500 ,Sambalpur_Town,4G,173.57966178872377,False
LOG-170326 ,Rourkela_Sector-5,5G,173.57966178872377,False
LOG-978879 ,Bhubaneswar_DLF,5G,173.57966178872377,False
LOG-739282 ,Bhubaneswar_DLF,5G,173.57966178872377,False
LOG-320971 ,Rourkela_Sector-5,5G,173.57966178872377,False
LOG-906481 ,Bhubaneswar_DLF,5G,173.57966178872377,True
LOG-568933 ,Bhubaneswar_DLF,4G,173.57966178872377,False
LOG-991793 ,Rourkela_Sector-5,4G,173.57966178872377,True
LOG-902514 ,Bhubaneswar_DLF,5G,173.57966178872377,False
LOG-887093 ,Bhubaneswar_DLF,5G,173.57966178872377,False
LOG-268484 ,Rourkela_Sector-5,5G,173.57966178872377,False
LOG-889352 ,Bhubaneswar_DLF,5G,173.57966178872377,False
LOG-584410 ,Rourkela_Sector-5,5G,173.57966178872377,False
LOG-869666 ,Cuttack_LinkRoad,5G,173.57966178872377,False
LOG-441705 ,Rourkela_Sector-5,3G,173.57966178872377,False
LOG-895378 ,Sambalpur_Town,5G,173.57966178872377,False
LOG-325314 ,Bhubaneswar_DLF,4G,173.57966178872377,False
LOG-538716 ,Rourkela_Sector-5,5G,173.57966178872377,False
LOG-859900 ,Bhubaneswar_DLF,5G,173.57966178872377,False
LOG-902741 ,Bhubaneswar_DLF,5G,173.57966178872377,False
LOG-679518 ,Bhubaneswar_DLF,4G,173.57966178872377,False
LOG-998254 ,Bhubaneswar_DLF,5G,173.57966178872377,False
LOG-591872 ,Bhubaneswar_DLF,4G,173.57966178872377,False
LOG-616998 ,Rourkela_Sector-5,4G,173.57966178872377,False
LOG-619984 ,Rourkela_Sector-5,4G,173.57966178872377,False
LOG-565757 ,Cuttack_LinkRoad,4G,173.57966178872377,False
LOG-474484 ,Bhubaneswar_DLF,4G,173.57966178872377,False
LOG-608062 ,Rourkela_Sector-5,4G,9999.0,False
LOG-683609 ,Cuttack_LinkRoad,5G,173.57966178872377,True
LOG-232028 ,Rourkela_Sector-5,4G,173.57966178872377,False
LOG-331447 ,Cuttack_LinkRoad,4G,173.57966178872377,False
LOG-960563 ,Rourkela_Sector-5,5G,173.57966178872377,False
LOG-541124 ,Rourkela_Sector-5,4G,173.57966178872377,False
LOG-912395 ,Sambalpur_Town,5G,173.57966178872377,False
LOG-726045 ,Rourkela_Sector-5,5G,173.57966178872377,False
LOG-532659 ,Cuttack_LinkRoad,5G,173.57966178872377,False
LOG-985691 ,Rourkela_Sector-5,5G,173.57966178872377,False
LOG-401207 ,Bhubaneswar_DLF,4G,173.57966178872377,False
LOG-476369 ,Sambalpur_Town,4G,173.57966178872377,False
LOG-478544 ,Rourkela_Sector-5,4G,173.57966178872377,False
LOG-442962 ,Cuttack_LinkRoad,3G,173.57966178872377,False
LOG-366847 ,Bhubaneswar_DLF,5G,173.57966178872377,False
LOG-820488 ,Bhubaneswar_DLF,5G,173.57966178872377,False
LOG-696387 ,Bhubaneswar_DLF,5G,173.57966178872377,False
LOG-519065 ,Sambalpur_Town,4G,173.57966178872377,False
LOG-787220 ,Rourkela_Sector-5,5G,173.57966178872377,False
LOG-131585 ,Rourkela_Sector-5,3G,173.57966178872377,False
LOG-515231 ,Sambalpur_Town,4G,173.57966178872377,False
LOG-667873 ,Cuttack_LinkRoad,3G,173.57966178872377,False
LOG-389102 ,Rourkela_Sector-5,5G,173.57966178872377,False
LOG-388161 ,Bhubaneswar_DLF,5G,173.57966178872377,False
LOG-486821 ,Bhubaneswar_DLF,4G,173.57966178872377,False
LOG-915858 ,Bhubaneswar_DLF,4G,173.57966178872377,False
LOG-379922 ,Rourkela_Sector-5,5G,9999.0,False
LOG-800601 ,Bhubaneswar_DLF,4G,173.57966178872377,False
LOG-142229 ,Rourkela_Sector-5,4G,173.57966178872377,False
LOG-186652 ,Cuttack_LinkRoad,5G,173.57966178872377,False
LOG-349474 ,Cuttack_LinkRoad,5G,173.57966178872377,False
LOG-803724 ,Bhubaneswar_DLF,5G,173.57966178872377,False
LOG-360116 ,Rourkela_Sector-5,5G,173.57966178872377,False
LOG-971310 ,Rourkela_Sector-5,4G,173.57966178872377,False
LOG-943488 ,Bhubaneswar_DLF,5G,173.57966178872377,False
LOG-620985 ,Cuttack_LinkRoad,4G,173.57966178872377,False
LOG-119975 ,Rourkela_Sector-5,4G,173.57966178872377,False
LOG-257795 ,Bhubaneswar_DLF,5G,173.57966178872377,False
LOG-516495 ,Rourkela_Sector-5,5G,173.57966178872377,False
LOG-309373 ,Rourkela_Sector-5,5G,173.57966178872377,False
LOG-297133 ,Rourkela_Sector-5,5G,173.57966178872377,False
LOG-974829 ,Rourkela_Sector-5,5G,173.57966178872377,False
LOG-804513 ,Rourkela_Sector-5,3G,173.57966178872377,False
LOG-395286 ,Bhubaneswar_DLF,5G,173.57966178872377,False
LOG-913348 ,Sambalpur_Town,5G,173.57966178872377,False
LOG-688612 ,Cuttack_LinkRoad,5G,173.57966178872377,False
LOG-276037 ,Rourkela_Sector-5,5G,173.57966178872377,False
LOG-488076 ,Rourkela_Sector-5,5G,173.57966178872377,False
LOG-760008 ,Rourkela_Sector-5,4G,173.57966178872377,False
LOG-790493 ,Rourkela_Sector-5,5G,173.57966178872377,False
LOG-720347 ,Bhubaneswar_DLF,3G,-50.0,False
LOG-722605 ,Bhubaneswar_DLF,5G,173.57966178872377,False
LOG-825495 ,Rourkela_Sector-5,4G,173.57966178872377,False
LOG-397190 ,Rourkela_Sector-5,4G,173.57966178872377,False
LOG-540280 ,Rourkela_Sector-5,5G,173.57966178872377,False
LOG-201459 ,Rourkela_Sector-5,5G,173.57966178872377,False
LOG-861985 ,Cuttack_LinkRoad,5G,173.57966178872377,True
LOG-300422 ,Rourkela_Sector-5,4G,173.57966178872377,False
LOG-932325 ,Bhubaneswar_DLF,4G,173.57966178872377,False
LOG-201520 ,Bhubaneswar_DLF,5G,173.57966178872377,False
LOG-685560 ,Sambalpur_Town,5G,-50.0,False
LOG-847512 ,Sambalpur_Town,4G,173.57966178872377,False
LOG-616123 ,Cuttack_LinkRoad,3G,173.57966178872377,False
LOG-429793 ,Rourkela_Sector-5,4G,173.57966178872377,False
LOG-426818 ,Bhubaneswar_DLF,4G,173.57966178872377,False
LOG-244832 ,Cuttack_LinkRoad,5G,-50.0,False
LOG-252999 ,Rourkela_Sector-5,4G,173.57966178872377,False
LOG-448619 ,Bhubaneswar_DLF,4G,173.57966178872377,False
LOG-161367 ,Sambalpur_Town,4G,173.57966178872377,False
LOG-853315 ,Bhubaneswar_DLF,5G,173.57966178872377,False
LOG-505804 ,Rourkela_Sector-5,5G,173.57966178872377,False
LOG-857038 ,Rourkela_Sector-5,5G,173.57966178872377,False
LOG-335806 ,Bhubaneswar_DLF,5G,173.57966178872377,False
LOG-807593 ,Rourkela_Sector-5,5G,173.57966178872377,False
LOG-144738 ,Bhubaneswar_DLF,4G,173.57966178872377,False
LOG-657685 ,Cuttack_LinkRoad,5G,173.57966178872377,False
LOG-444333 ,Rourkela_Sector-5,5G,173.57966178872377,False
LOG-438511 ,Sambalpur_Town,4G,173.57966178872377,False
LOG-302332 ,Bhubaneswar_DLF,4G,173.57966178872377,False
LOG-482729 ,Rourkela_Sector-5,5G,173.57966178872377,False
LOG-963051 ,Cuttack_LinkRoad,5G,173.57966178872377,False
LOG-211453 ,Cuttack_LinkRoad,4G,173.57966178872377,False
LOG-119816 ,Bhubaneswar_DLF,4G,173.57966178872377,False
LOG-869299 ,Sambalpur_Town,5G,173.57966178872377,False
LOG-965962 ,Cuttack_LinkRoad,5G,173.57966178872377,False
LOG-516715 ,Sambalpur_Town,5G,173.57966178872377,False
LOG-471000 ,Bhubaneswar_DLF,4G,9999.0,False
LOG-313567 ,Cuttack_LinkRoad,5G,173.57966178872377,False
LOG-614933 ,Sambalpur_Town,5G,173.57966178872377,False
LOG-695923 ,Cuttack_LinkRoad,5G,173.57966178872377,False
LOG-994235 ,Rourkela_Sector-5,4G,173.57966178872377,False
LOG-316184 ,Bhubaneswar_DLF,5G,173.57966178872377,False
LOG-398090 ,Bhubaneswar_DLF,5G,173.57966178872377,False
LOG-417348 ,Rourkela_Sector-5,3G,173.57966178872377,True
LOG-282958 ,Sambalpur_Town,5G,173.57966178872377,False
LOG-377707 ,Rourkela_Sector-5,5G,173.57966178872377,False
LOG-192324 ,Rourkela_Sector-5,4G,173.57966178872377,False
LOG-323536 ,Sambalpur_Town,5G,173.57966178872377,False
LOG-857232 ,Bhubaneswar_DLF,4G,173.57966178872377,True
LOG-371991 ,Rourkela_Sector-5,5G,173.57966178872377,False
LOG-126155 ,Bhubaneswar_DLF,5G,173.57966178872377,False
LOG-441815 ,Bhubaneswar_DLF,4G,173.57966178872377,False
LOG-741179 ,Rourkela_Sector-5,5G,173.57966178872377,False
LOG-969742 ,Sambalpur_Town,4G,173.57966178872377,False
LOG-560494 ,Bhubaneswar_DLF,5G,-50.0,False
LOG-249381 ,Bhubaneswar_DLF,5G,173.57966178872377,False
LOG-231691 ,Bhubaneswar_DLF,4G,173.57966178872377,False
LOG-576410 ,Bhubaneswar_DLF,5G,173.57966178872377,False
LOG-543324 ,Rourkela_Sector-5,5G,173.57966178872377,False
LOG-134707 ,Rourkela_Sector-5,5G,173.57966178872377,False
LOG-618477 ,Bhubaneswar_DLF,5G,173.57966178872377,False
LOG-967969 ,Cuttack_LinkRoad,4G,173.57966178872377,False
LOG-821864 ,Rourkela_Sector-5,4G,173.57966178872377,False
LOG-802974 ,Bhubaneswar_DLF,4G,173.57966178872377,False
LOG-846788 ,Cuttack_LinkRoad,4G,173.57966178872377,False
LOG-453299 ,Rourkela_Sector-5,5G,173.57966178872377,False
LOG-886713 ,Rourkela_Sector-5,5G,173.57966178872377,False
LOG-258492 ,Rourkela_Sector-5,4G,173.57966178872377,False
LOG-574112 ,Bhubaneswar_DLF,5G,173.57966178872377,False
LOG-270102 ,Rourkela_Sector-5,5G,173.57966178872377,False
LOG-494274 ,Bhubaneswar_DLF,4G,173.57966178872377,False
LOG-317285 ,Bhubaneswar_DLF,5G,173.57966178872377,False
LOG-438404 ,Bhubaneswar_DLF,5G,173.57966178872377,False
LOG-259476 ,Rourkela_Sector-5,5G,173.57966178872377,False
LOG-858842 ,Bhubaneswar_DLF,4G,173.57966178872377,False
LOG-260928 ,Cuttack_LinkRoad,5G,173.57966178872377,False
LOG-764560 ,Sambalpur_Town,5G,173.57966178872377,False
LOG-950610 ,Sambalpur_Town,3G,173.57966178872377,False
LOG-396141 ,Bhubaneswar_DLF,4G,173.57966178872377,False
LOG-743561 ,Bhubaneswar_DLF,4G,173.57966178872377,False
LOG-796595 ,Rourkela_Sector-5,5G,173.57966178872377,False
LOG-348500 ,Rourkela_Sector-5,5G,173.57966178872377,False
LOG-790417 ,Rourkela_Sector-5,5G,173.57966178872377,False
LOG-232311 ,Bhubaneswar_DLF,5G,173.57966178872377,False
LOG-859034 ,Rourkela_Sector-5,5G,173.57966178872377,False
LOG-345546 ,Rourkela_Sector-5,5G,173.57966178872377,False
LOG-296733 ,Sambalpur_Town,5G,173.57966178872377,False
LOG-751233 ,Rourkela_Sector-5,4G,173.57966178872377,False
LOG-669560 ,Rourkela_Sector-5,4G,173.57966178872377,False
LOG-975825 ,Rourkela_Sector-5,5G,173.57966178872377,False
LOG-947644 ,Bhubaneswar_DLF,5G,173.57966178872377,False
LOG-246470 ,Bhubaneswar_DLF,5G,173.57966178872377,False
LOG-744318 ,Rourkela_Sector-5,5G,173.57966178872377,False
LOG-418647 ,Bhubaneswar_DLF,5G,173.57966178872377,False
LOG-106570 ,Cuttack_LinkRoad,5G,173.57966178872377,False
LOG-430929 ,Cuttack_LinkRoad,4G,173.57966178872377,True
LOG-633398 ,Sambalpur_Town,4G,173.57966178872377,False
LOG-599115 ,Cuttack_LinkRoad,4G,173.57966178872377,False
LOG-179141 ,Bhubaneswar_DLF,4G,173.57966178872377,False
LOG-112115 ,Rourkela_Sector-5,4G,173.57966178872377,False
LOG-139062 ,Rourkela_Sector-5,4G,173.57966178872377,False
LOG-909343 ,Rourkela_Sector-5,5G,173.57966178872377,False
LOG-728349 ,Bhubaneswar_DLF,5G,173.57966178872377,False
LOG-394700 ,Cuttack_LinkRoad,4G,173.57966178872377,False
LOG-490479 ,Bhubaneswar_DLF,5G,173.57966178872377,False
LOG-626257 ,Rourkela_Sector-5,4G,173.57966178872377,False
LOG-930185 ,Bhubaneswar_DLF,4G,173.57966178872377,False
LOG-497686 ,Sambalpur_Town,4G,173.57966178872377,False
LOG-221863 ,Bhubaneswar_DLF,5G,173.57966178872377,False
LOG-896657 ,Cuttack_LinkRoad,5G,173.57966178872377,True
LOG-601076 ,Cuttack_LinkRoad,4G,173.57966178872377,False
LOG-747296 ,Sambalpur_Town,3G,173.57966178872377,False
LOG-600726 ,Cuttack_LinkRoad,5G,9999.0,True
LOG-778556 ,Cuttack_LinkRoad,4G,173.57966178872377,False
LOG-730111 ,Rourkela_Sector-5,4G,173.57966178872377,False
LOG-900101 ,Rourkela_Sector-5,5G,173.57966178872377,False
LOG-734965 ,Bhubaneswar_DLF,4G,173.57966178872377,False
LOG-871246 ,Rourkela_Sector-5,5G,173.57966178872377,False
LOG-148320 ,Sambalpur_Town,5G,173.57966178872377,False
LOG-596758 ,Rourkela_Sector-5,5G,173.57966178872377,False
LOG-246649 ,Sambalpur_Town,4G,173.57966178872377,False
LOG-225354 ,Rourkela_Sector-5,4G,173.57966178872377,False
LOG-712297 ,Rourkela_Sector-5,5G,173.57966178872377,False
LOG-881725 ,Sambalpur_Town,4G,173.57966178872377,False
LOG-548625 ,Rourkela_Sector-5,4G,173.57966178872377,False
LOG-128625 ,Rourkela_Sector-5,4G,173.57966178872377,True
LOG-836400 ,Rourkela_Sector-5,5G,173.57966178872377,False
LOG-386233 ,Bhubaneswar_DLF,5G,173.57966178872377,True
LOG-136487 ,Rourkela_Sector-5,5G,173.57966178872377,False
LOG-559054 ,Bhubaneswar_DLF,4G,173.57966178872377,False
LOG-328071 ,Bhubaneswar_DLF,5G,173.57966178872377,False
LOG-996880 ,Cuttack_LinkRoad,3G,173.57966178872377,False
LOG-588011 ,Cuttack_LinkRoad,4G,173.57966178872377,False
LOG-412282 ,Bhubaneswar_DLF,4G,173.57966178872377,False
LOG-273895 ,Rourkela_Sector-5,4G,173.57966178872377,False
LOG-530424 ,Cuttack_LinkRoad,5G,173.57966178872377,False
LOG-416205 ,Rourkela_Sector-5,4G,173.57966178872377,False
LOG-201376 ,Bhubaneswar_DLF,5G,173.57966178872377,False
LOG-525106 ,Bhubaneswar_DLF,4G,173.57966178872377,False
LOG-965566 ,Sambalpur_Town,4G,173.57966178872377,False
LOG-933487 ,Bhubaneswar_DLF,4G,173.57966178872377,False
LOG-867629 ,Rourkela_Sector-5,4G,173.57966178872377,False
LOG-381652 ,Bhubaneswar_DLF,5G,173.57966178872377,False
LOG-572132 ,Bhubaneswar_DLF,5G,173.57966178872377,False
LOG-258056 ,Rourkela_Sector-5,4G,173.57966178872377,False
LOG-734457 ,Bhubaneswar_DLF,5G,173.57966178872377,True
LOG-894557 ,Cuttack_LinkRoad,5G,173.57966178872377,False
LOG-660347 ,Sambalpur_Town,5G,173.57966178872377,False
LOG-562785 ,Bhubaneswar_DLF,5G,173.57966178872377,False
LOG-727697 ,Rourkela_Sector-5,5G,173.57966178872377,False
LOG-599653 ,Rourkela_Sector-5,4G,173.57966178872377,False
LOG-629992 ,Sambalpur_Town,4G,173.57966178872377,False
LOG-828744 ,Cuttack_LinkRoad,5G,173.57966178872377,False
LOG-842488 ,Rourkela_Sector-5,4G,173.57966178872377,False
LOG-735567 ,Rourkela_Sector-5,5G,173.57966178872377,False
LOG-782568 ,Cuttack_LinkRoad,5G,173.57966178872377,False
LOG-742804 ,Rourkela_Sector-5,4G,173.57966178872377,False
LOG-622828 ,Rourkela_Sector-5,4G,173.57966178872377,False
LOG-578366 ,Rourkela_Sector-5,5G,173.57966178872377,False
LOG-821384 ,Rourkela_Sector-5,3G,173.57966178872377,False
LOG-519139 ,Bhubaneswar_DLF,4G,173.57966178872377,False
LOG-619777 ,Cuttack_LinkRoad,5G,173.57966178872377,False
LOG-476188 ,Rourkela_Sector-5,5G,173.57966178872377,False
LOG-332549 ,Rourkela_Sector-5,4G,173.57966178872377,True
LOG-653453 ,Rourkela_Sector-5,5G,9999.0,False
LOG-691491 ,Bhubaneswar_DLF,5G,173.57966178872377,False
LOG-584965 ,Rourkela_Sector-5,4G,173.57966178872377,False
LOG-890546 ,Bhubaneswar_DLF,5G,173.57966178872377,False
LOG-136321 ,Cuttack_LinkRoad,5G,173.57966178872377,False
LOG-435441 ,Rourkela_Sector-5,5G,173.57966178872377,False
LOG-983084 ,Rourkela_Sector-5,4G,173.57966178872377,False
LOG-985736 ,Rourkela_Sector-5,5G,173.57966178872377,False
LOG-345014 ,Bhubaneswar_DLF,5G,173.57966178872377,False
LOG-256498 ,Sambalpur_Town,5G,173.57966178872377,False
LOG-117772 ,Rourkela_Sector-5,5G,173.57966178872377,True
LOG-990186 ,Sambalpur_Town,4G,173.57966178872377,False
LOG-890144 ,Rourkela_Sector-5,4G,173.57966178872377,False
LOG-494583 ,Cuttack_LinkRoad,5G,173.57966178872377,False
LOG-338389 ,Bhubaneswar_DLF,4G,173.57966178872377,False
LOG-739430 ,Bhubaneswar_DLF,4G,173.57966178872377,False
LOG-716024 ,Bhubaneswar_DLF,4G,173.57966178872377,False
LOG-151924 ,Bhubaneswar_DLF,5G,173.57966178872377,False
LOG-628014 ,Cuttack_LinkRoad,5G,173.57966178872377,False
LOG-451296 ,Cuttack_LinkRoad,4G,173.57966178872377,False
LOG-127723 ,Bhubaneswar_DLF,5G,173.57966178872377,False
LOG-858470 ,Rourkela_Sector-5,5G,173.57966178872377,False
LOG-986926 ,Rourkela_Sector-5,4G,173.57966178872377,False
LOG-764468 ,Cuttack_LinkRoad,3G,173.57966178872377,False
LOG-308786 ,Bhubaneswar_DLF,5G,173.57966178872377,False
LOG-659931 ,Bhubaneswar_DLF,4G,173.57966178872377,False
LOG-786684 ,Bhubaneswar_DLF,5G,173.57966178872377,False
LOG-990328 ,Sambalpur_Town,4G,173.57966178872377,True
LOG-314432 ,Bhubaneswar_DLF,5G,173.57966178872377,False
LOG-239999 ,Cuttack_LinkRoad,5G,173.57966178872377,False
LOG-980112 ,Cuttack_LinkRoad,5G,173.57966178872377,False
LOG-458690 ,Rourkela_Sector-5,5G,173.57966178872377,False
LOG-179973 ,Rourkela_Sector-5,5G,173.57966178872377,False
LOG-949881 ,Cuttack_LinkRoad,5G,173.57966178872377,False
LOG-734122 ,Rourkela_Sector-5,4G,173.57966178872377,False
LOG-860674 ,Sambalpur_Town,5G,173.57966178872377,False
LOG-553449 ,Rourkela_Sector-5,4G,173.57966178872377,False
LOG-387681 ,Rourkela_Sector-5,5G,173.57966178872377,False
LOG-594509 ,Sambalpur_Town,4G,173.57966178872377,False
LOG-964008 ,Bhubaneswar_DLF,5G,173.57966178872377,False
LOG-731810 ,Rourkela_Sector-5,5G,173.57966178872377,False
LOG-646900 ,Cuttack_LinkRoad,5G,173.57966178872377,False
LOG-325049 ,Bhubaneswar_DLF,5G,173.57966178872377,False
LOG-368615 ,Bhubaneswar_DLF,4G,173.57966178872377,False
LOG-266703 ,Rourkela_Sector-5,4G,173.57966178872377,False
LOG-864357 ,Cuttack_LinkRoad,5G,173.57966178872377,False
LOG-847419 ,Sambalpur_Town,5G,173.57966178872377,False
LOG-131348 ,Rourkela_Sector-5,5G,173.57966178872377,False
LOG-295804 ,Sambalpur_Town,5G,173.57966178872377,False
LOG-887609 ,Sambalpur_Town,4G,173.57966178872377,False
LOG-235832 ,Bhubaneswar_DLF,5G,-50.0,False
LOG-394923 ,Bhubaneswar_DLF,5G,173.57966178872377,False
LOG-383780 ,Rourkela_Sector-5,5G,173.57966178872377,False
LOG-706177 ,Rourkela_Sector-5,5G,173.57966178872377,False
LOG-153551 ,Cuttack_LinkRoad,5G,173.57966178872377,False
LOG-504772 ,Sambalpur_Town,5G,173.57966178872377,False
LOG-766923 ,Bhubaneswar_DLF,5G,173.57966178872377,False
LOG-671107 ,Bhubaneswar_DLF,5G,173.57966178872377,False
LOG-435914 ,Rourkela_Sector-5,5G,173.57966178872377,False
LOG-520182 ,Rourkela_Sector-5,4G,173.57966178872377,False
LOG-312781 ,Bhubaneswar_DLF,5G,173.57966178872377,False
LOG-553105 ,Rourkela_Sector-5,5G,173.57966178872377,False
LOG-782347 ,Bhubaneswar_DLF,5G,173.57966178872377,False
LOG-965146 ,Rourkela_Sector-5,5G,173.57966178872377,False
LOG-813708 ,Cuttack_LinkRoad,5G,173.57966178872377,False
LOG-648884 ,Rourkela_Sector-5,4G,173.57966178872377,False
LOG-950538 ,Bhubaneswar_DLF,4G,173.57966178872377,False
LOG-159182 ,Bhubaneswar_DLF,5G,173.57966178872377,False
LOG-449307 ,Rourkela_Sector-5,4G,173.57966178872377,False
LOG-401454 ,Rourkela_Sector-5,5G,173.57966178872377,False
LOG-418232 ,Rourkela_Sector-5,5G,173.57966178872377,False
LOG-753091 ,Sambalpur_Town,3G,173.57966178872377,False
LOG-239978 ,Rourkela_Sector-5,4G,173.57966178872377,False
LOG-923346 ,Cuttack_LinkRoad,3G,173.57966178872377,False
LOG-996782 ,Sambalpur_Town,5G,173.57966178872377,False
LOG-669667 ,Cuttack_LinkRoad,5G,173.57966178872377,False
LOG-571828 ,Rourkela_Sector-5,5G,173.57966178872377,False
LOG-870188 ,Sambalpur_Town,4G,173.57966178872377,False
LOG-358517 ,Rourkela_Sector-5,5G,173.57966178872377,False
LOG-540097 ,Bhubaneswar_DLF,4G,173.57966178872377,False
LOG-408557 ,Sambalpur_Town,5G,173.57966178872377,False
LOG-237084 ,Bhubaneswar_DLF,5G,173.57966178872377,False
LOG-805475 ,Bhubaneswar_DLF,4G,173.57966178872377,False
LOG-893583 ,Rourkela_Sector-5,4G,173.57966178872377,False
LOG-682004 ,Rourkela_Sector-5,5G,173.57966178872377,False
LOG-980179 ,Bhubaneswar_DLF,3G,173.57966178872377,False
LOG-848013 ,Rourkela_Sector-5,5G,173.57966178872377,False
LOG-791738 ,Sambalpur_Town,5G,173.57966178872377,False
LOG-798012 ,Sambalpur_Town,4G,173.57966178872377,False
LOG-303502 ,Sambalpur_Town,3G,173.57966178872377,False
LOG-244539 ,Bhubaneswar_DLF,4G,173.57966178872377,False
LOG-524226 ,Bhubaneswar_DLF,4G,173.57966178872377,False
LOG-621863 ,Sambalpur_Town,4G,173.57966178872377,False
LOG-221999 ,Sambalpur_Town,4G,173.57966178872377,False
LOG-214793 ,Bhubaneswar_DLF,5G,173.57966178872377,False
LOG-557373 ,Rourkela_Sector-5,4G,173.57966178872377,False
LOG-470321 ,Rourkela_Sector-5,4G,173.57966178872377,False
LOG-112289 ,Bhubaneswar_DLF,5G,173.57966178872377,False
LOG-800336 ,Bhubaneswar_DLF,5G,173.57966178872377,False
LOG-798956 ,Cuttack_LinkRoad,5G,173.57966178872377,False
LOG-855801 ,Rourkela_Sector-5,4G,173.57966178872377,False
LOG-357368 ,Rourkela_Sector-5,5G,173.57966178872377,False
LOG-186365 ,Rourkela_Sector-5,4G,173.57966178872377,False
LOG-854950 ,Rourkela_Sector-5,5G,173.57966178872377,False
LOG-275211 ,Rourkela_Sector-5,5G,173.57966178872377,True
LOG-279785 ,Bhubaneswar_DLF,4G,173.57966178872377,False
LOG-172588 ,Bhubaneswar_DLF,5G,173.57966178872377,False
LOG-163646 ,Cuttack_LinkRoad,5G,173.57966178872377,False
LOG-365798 ,Rourkela_Sector-5,5G,173.57966178872377,True
LOG-582238 ,Rourkela_Sector-5,4G,173.57966178872377,False
LOG-905175 ,Bhubaneswar_DLF,3G,173.57966178872377,False
LOG-934800 ,Sambalpur_Town,4G,173.57966178872377,False
LOG-845385 ,Rourkela_Sector-5,4G,173.57966178872377,False
LOG-829532 ,Cuttack_LinkRoad,5G,173.57966178872377,False
LOG-219735 ,Rourkela_Sector-5,5G,173.57966178872377,False
LOG-255683 ,Sambalpur_Town,5G,173.57966178872377,False
LOG-732259 ,Cuttack_LinkRoad,5G,173.57966178872377,False
LOG-636437 ,Rourkela_Sector-5,5G,173.57966178872377,False
LOG-462246 ,Bhubaneswar_DLF,5G,173.57966178872377,False
LOG-421333 ,Rourkela_Sector-5,4G,173.57966178872377,False
LOG-863264 ,Sambalpur_Town,5G,173.57966178872377,False
LOG-957463 ,Bhubaneswar_DLF,4G,173.57966178872377,False
LOG-666956 ,Bhubaneswar_DLF,4G,173.57966178872377,False
LOG-506889 ,Cuttack_LinkRoad,4G,173.57966178872377,False
LOG-712492 ,Cuttack_LinkRoad,4G,173.57966178872377,False
LOG-311830 ,Rourkela_Sector-5,4G,173.57966178872377,False
LOG-296501 ,Bhubaneswar_DLF,5G,173.57966178872377,False
LOG-516885 ,Rourkela_Sector-5,5G,173.57966178872377,False
LOG-265140 ,Rourkela_Sector-5,5G,173.57966178872377,False
LOG-844149 ,Bhubaneswar_DLF,5G,173.57966178872377,False
LOG-240507 ,Rourkela_Sector-5,4G,173.57966178872377,False
LOG-325160 ,Rourkela_Sector-5,4G,173.57966178872377,False
LOG-283321 ,Cuttack_LinkRoad,3G,173.57966178872377,False
LOG-661672 ,Rourkela_Sector-5,5G,173.57966178872377,False
LOG-621998 ,Bhubaneswar_DLF,3G,173.57966178872377,False
LOG-706217 ,Rourkela_Sector-5,5G,173.57966178872377,False
LOG-700441 ,Rourkela_Sector-5,4G,173.57966178872377,False
LOG-859416 ,Rourkela_Sector-5,5G,173.57966178872377,True
LOG-175388 ,Bhubaneswar_DLF,5G,173.57966178872377,False
LOG-655689 ,Cuttack_LinkRoad,5G,173.57966178872377,False
LOG-618727 ,Rourkela_Sector-5,4G,173.57966178872377,False
LOG-827191 ,Rourkela_Sector-5,5G,173.57966178872377,False
LOG-743791 ,Sambalpur_Town,5G,173.57966178872377,False
LOG-332601 ,Rourkela_Sector-5,4G,173.57966178872377,False
LOG-227834 ,Sambalpur_Town,4G,173.57966178872377,False
LOG-134084 ,Rourkela_Sector-5,5G,173.57966178872377,False
LOG-351459 ,Cuttack_LinkRoad,4G,173.57966178872377,False
LOG-734929 ,Rourkela_Sector-5,5G,173.57966178872377,False
LOG-205111 ,Sambalpur_Town,5G,173.57966178872377,False
LOG-549042 ,Cuttack_LinkRoad,5G,173.57966178872377,False
LOG-529667 ,Bhubaneswar_DLF,5G,173.57966178872377,False
LOG-762587 ,Rourkela_Sector-5,5G,173.57966178872377,False
LOG-262982 ,Cuttack_LinkRoad,5G,173.57966178872377,False
LOG-398185 ,Bhubaneswar_DLF,5G,173.57966178872377,False
LOG-975352 ,Rourkela_Sector-5,4G,173.57966178872377,False
LOG-427825 ,Rourkela_Sector-5,4G,173.57966178872377,False
LOG-334386 ,Cuttack_LinkRoad,5G,9999.0,True
LOG-443715 ,Rourkela_Sector-5,5G,173.57966178872377,False
LOG-296553 ,Bhubaneswar_DLF,4G,173.57966178872377,False
LOG-561792 ,Bhubaneswar_DLF,4G,173.57966178872377,False
LOG-601174 ,Sambalpur_Town,4G,173.57966178872377,False
LOG-884625 ,Sambalpur_Town,5G,173.57966178872377,False
LOG-751844 ,Sambalpur_Town,5G,173.57966178872377,False
LOG-295246 ,Rourkela_Sector-5,4G,-50.0,False
LOG-650448 ,Sambalpur_Town,5G,-50.0,False
LOG-346242 ,Rourkela_Sector-5,4G,173.57966178872377,False
LOG-611083 ,Bhubaneswar_DLF,4G,173.57966178872377,False
LOG-117633 ,Bhubaneswar_DLF,5G,173.57966178872377,False
LOG-903446 ,Rourkela_Sector-5,5G,173.57966178872377,False
LOG-966964 ,Sambalpur_Town,4G,173.57966178872377,False
LOG-149104 ,Rourkela_Sector-5,5G,173.57966178872377,False
LOG-963663 ,Bhubaneswar_DLF,5G,173.57966178872377,False
LOG-168388 ,Cuttack_LinkRoad,4G,173.57966178872377,False
LOG-640302 ,Cuttack_LinkRoad,4G,173.57966178872377,False
LOG-192578 ,Rourkela_Sector-5,5G,173.57966178872377,False
LOG-789115 ,Bhubaneswar_DLF,5G,173.57966178872377,False
LOG-664678 ,Cuttack_LinkRoad,4G,173.57966178872377,False
LOG-385855 ,Rourkela_Sector-5,3G,173.57966178872377,False
LOG-191658 ,Bhubaneswar_DLF,4G,173.57966178872377,False
LOG-157993 ,Rourkela_Sector-5,3G,173.57966178872377,False
LOG-305768 ,Bhubaneswar_DLF,5G,173.57966178872377,False
LOG-258285 ,Sambalpur_Town,5G,173.57966178872377,False
LOG-871148 ,Bhubaneswar_DLF,5G,173.57966178872377,False
LOG-551000 ,Bhubaneswar_DLF,5G,173.57966178872377,False
LOG-893853 ,Bhubaneswar_DLF,5G,173.57966178872377,False
LOG-842296 ,Bhubaneswar_DLF,5G,173.57966178872377,True
LOG-642015 ,Rourkela_Sector-5,4G,173.57966178872377,False
LOG-998850 ,Rourkela_Sector-5,4G,173.57966178872377,False
LOG-628646 ,Bhubaneswar_DLF,4G,173.57966178872377,False
LOG-427252 ,Bhubaneswar_DLF,5G,173.57966178872377,False
LOG-357681 ,Bhubaneswar_DLF,5G,173.57966178872377,False
LOG-194018 ,Rourkela_Sector-5,5G,173.57966178872377,False
LOG-486601 ,Rourkela_Sector-5,4G,173.57966178872377,False
LOG-394054 ,Rourkela_Sector-5,5G,173.57966178872377,False
LOG-751176 ,Sambalpur_Town,5G,173.57966178872377,True
LOG-329104 ,Bhubaneswar_DLF,5G,173.57966178872377,False
LOG-942186 ,Rourkela_Sector-5,4G,173.57966178872377,True
LOG-293510 ,Rourkela_Sector-5,4G,173.57966178872377,False
LOG-209847 ,Sambalpur_Town,4G,173.57966178872377,True
LOG-544717 ,Rourkela_Sector-5,5G,173.57966178872377,False
LOG-554162 ,Cuttack_LinkRoad,5G,173.57966178872377,False
LOG-924899 ,Rourkela_Sector-5,5G,173.57966178872377,False
LOG-396037 ,Sambalpur_Town,5G,173.57966178872377,False
LOG-176329 ,Sambalpur_Town,5G,173.57966178872377,True
LOG-131007 ,Bhubaneswar_DLF,5G,173.57966178872377,False
LOG-794892 ,Rourkela_Sector-5,5G,173.57966178872377,False
LOG-416397 ,Rourkela_Sector-5,5G,173.57966178872377,False
LOG-112323 ,Bhubaneswar_DLF,5G,173.57966178872377,False
LOG-997767 ,Bhubaneswar_DLF,4G,173.57966178872377,False
LOG-212356 ,Rourkela_Sector-5,3G,173.57966178872377,False
LOG-735232 ,Rourkela_Sector-5,4G,173.57966178872377,False
LOG-304451 ,Bhubaneswar_DLF,5G,173.57966178872377,False
LOG-378600 ,Bhubaneswar_DLF,5G,9999.0,False
LOG-655655 ,Rourkela_Sector-5,4G,173.57966178872377,False
LOG-154624 ,Rourkela_Sector-5,5G,173.57966178872377,False
LOG-503322 ,Sambalpur_Town,4G,173.57966178872377,False
LOG-334565 ,Bhubaneswar_DLF,5G,173.57966178872377,False
LOG-168008 ,Cuttack_LinkRoad,4G,173.57966178872377,False
LOG-477539 ,Bhubaneswar_DLF,4G,173.57966178872377,False
LOG-216492 ,Rourkela_Sector-5,4G,173.57966178872377,False
LOG-172240 ,Rourkela_Sector-5,4G,173.57966178872377,False
LOG-426459 ,Rourkela_Sector-5,5G,173.57966178872377,False
LOG-825947 ,Cuttack_LinkRoad,5G,173.57966178872377,False
LOG-372900 ,Bhubaneswar_DLF,5G,173.57966178872377,False
LOG-561227 ,Rourkela_Sector-5,5G,173.57966178872377,False
LOG-398522 ,Sambalpur_Town,5G,173.57966178872377,False
LOG-235327 ,Rourkela_Sector-5,5G,173.57966178872377,False
LOG-749991 ,Sambalpur_Town,4G,173.57966178872377,False
LOG-942981 ,Sambalpur_Town,5G,173.57966178872377,False
LOG-265575 ,Rourkela_Sector-5,5G,173.57966178872377,False
LOG-960226 ,Rourkela_Sector-5,5G,173.57966178872377,False
LOG-599499 ,Bhubaneswar_DLF,5G,173.57966178872377,False
LOG-593948 ,Bhubaneswar_DLF,5G,173.57966178872377,False
LOG-407257 ,Bhubaneswar_DLF,3G,-50.0,False
LOG-698357 ,Sambalpur_Town,5G,173.57966178872377,False
LOG-329189 ,Cuttack_LinkRoad,5G,173.57966178872377,False
LOG-498465 ,Rourkela_Sector-5,5G,173.57966178872377,False
LOG-351051 ,Rourkela_Sector-5,5G,173.57966178872377,False
LOG-749829 ,Bhubaneswar_DLF,4G,173.57966178872377,False
LOG-813936 ,Rourkela_Sector-5,5G,173.57966178872377,False
LOG-611778 ,Cuttack_LinkRoad,5G,173.57966178872377,False
LOG-880641 ,Rourkela_Sector-5,5G,173.57966178872377,False
LOG-371830 ,Rourkela_Sector-5,3G,173.57966178872377,False
LOG-605629 ,Rourkela_Sector-5,5G,173.57966178872377,False
LOG-415507 ,Cuttack_LinkRoad,4G,173.57966178872377,False
LOG-459687 ,Rourkela_Sector-5,5G,173.57966178872377,False
LOG-756021 ,Cuttack_LinkRoad,5G,173.57966178872377,True
LOG-275915 ,Bhubaneswar_DLF,4G,173.57966178872377,False
LOG-719961 ,Cuttack_LinkRoad,5G,173.57966178872377,False
LOG-554179 ,Bhubaneswar_DLF,5G,173.57966178872377,False
LOG-142828 ,Rourkela_Sector-5,5G,173.57966178872377,False
LOG-935036 ,Cuttack_LinkRoad,5G,173.57966178872377,False
LOG-372670 ,Rourkela_Sector-5,4G,173.57966178872377,False
LOG-955342 ,Bhubaneswar_DLF,5G,173.57966178872377,False
LOG-125592 ,Rourkela_Sector-5,4G,173.57966178872377,False
LOG-391126 ,Cuttack_LinkRoad,5G,173.57966178872377,False
LOG-886639 ,Sambalpur_Town,5G,173.57966178872377,False
LOG-332041 ,Bhubaneswar_DLF,4G,173.57966178872377,False
LOG-450877 ,Bhubaneswar_DLF,5G,173.57966178872377,False
LOG-854296 ,Cuttack_LinkRoad,5G,173.57966178872377,False
LOG-224982 ,Rourkela_Sector-5,5G,173.57966178872377,False
LOG-356911 ,Sambalpur_Town,5G,173.57966178872377,False
LOG-168619 ,Rourkela_Sector-5,4G,173.57966178872377,False
LOG-784688 ,Sambalpur_Town,5G,173.57966178872377,False
LOG-408623 ,Cuttack_LinkRoad,5G,173.57966178872377,False
LOG-601643 ,Cuttack_LinkRoad,4G,173.57966178872377,False
LOG-251175 ,Bhubaneswar_DLF,5G,173.57966178872377,False
LOG-270963 ,Bhubaneswar_DLF,5G,173.57966178872377,False
LOG-241826 ,Bhubaneswar_DLF,5G,173.57966178872377,False
LOG-855343 ,Rourkela_Sector-5,4G,173.57966178872377,True
LOG-967869 ,Bhubaneswar_DLF,3G,173.57966178872377,False
LOG-198540 ,Bhubaneswar_DLF,4G,173.57966178872377,False
LOG-959414 ,Sambalpur_Town,5G,173.57966178872377,False
LOG-727035 ,Bhubaneswar_DLF,4G,173.57966178872377,False
LOG-286994 ,Rourkela_Sector-5,5G,173.57966178872377,False
LOG-410375 ,Rourkela_Sector-5,5G,173.57966178872377,False
LOG-129301 ,Bhubaneswar_DLF,3G,173.57966178872377,False
LOG-322724 ,Rourkela_Sector-5,5G,173.57966178872377,False
LOG-614003 ,Rourkela_Sector-5,5G,173.57966178872377,False
LOG-293783 ,Cuttack_LinkRoad,4G,173.57966178872377,False
LOG-796683 ,Bhubaneswar_DLF,4G,173.57966178872377,False
LOG-118752 ,Bhubaneswar_DLF,5G,173.57966178872377,False
LOG-837565 ,Rourkela_Sector-5,5G,173.57966178872377,False
LOG-984884 ,Cuttack_LinkRoad,5G,173.57966178872377,False
LOG-768755 ,Rourkela_Sector-5,5G,173.57966178872377,False
LOG-317029 ,Cuttack_LinkRoad,5G,173.57966178872377,True
LOG-156273 ,Rourkela_Sector-5,5G,173.57966178872377,False
LOG-358503 ,Sambalpur_Town,3G,173.57966178872377,False
LOG-716166 ,Bhubaneswar_DLF,5G,173.57966178872377,False
LOG-891327 ,Bhubaneswar_DLF,5G,173.57966178872377,False
LOG-219968 ,Bhubaneswar_DLF,5G,173.57966178872377,False
LOG-477844 ,Bhubaneswar_DLF,5G,173.57966178872377,False
LOG-700847 ,Rourkela_Sector-5,5G,173.57966178872377,False
LOG-110699 ,Cuttack_LinkRoad,4G,173.57966178872377,False
LOG-296133 ,Rourkela_Sector-5,4G,173.57966178872377,False
LOG-634003 ,Sambalpur_Town,5G,173.57966178872377,False
LOG-119169 ,Cuttack_LinkRoad,4G,173.57966178872377,False
LOG-618652 ,Rourkela_Sector-5,5G,173.57966178872377,True
LOG-218413 ,Cuttack_LinkRoad,4G,173.57966178872377,False
LOG-743552 ,Rourkela_Sector-5,5G,173.57966178872377,False
LOG-367926 ,Rourkela_Sector-5,4G,173.57966178872377,False
LOG-843537 ,Sambalpur_Town,5G,173.57966178872377,False
LOG-622988 ,Bhubaneswar_DLF,5G,173.57966178872377,False
LOG-224481 ,Bhubaneswar_DLF,4G,173.57966178872377,False
LOG-315400 ,Rourkela_Sector-5,5G,173.57966178872377,False
LOG-659873 ,Rourkela_Sector-5,5G,173.57966178872377,False
LOG-917114 ,Sambalpur_Town,5G,173.57966178872377,False
LOG-278936 ,Rourkela_Sector-5,4G,173.57966178872377,False
LOG-492136 ,Rourkela_Sector-5,5G,173.57966178872377,False
LOG-970848 ,Bhubaneswar_DLF,5G,173.57966178872377,False
LOG-548330 ,Bhubaneswar_DLF,4G,173.57966178872377,False
LOG-489954 ,Bhubaneswar_DLF,5G,173.57966178872377,False
LOG-138067 ,Rourkela_Sector-5,5G,173.57966178872377,False
LOG-798045 ,Rourkela_Sector-5,4G,173.57966178872377,False
LOG-877622 ,Rourkela_Sector-5,4G,173.57966178872377,False
LOG-118073 ,Sambalpur_Town,3G,173.57966178872377,False
LOG-136035 ,Rourkela_Sector-5,5G,173.57966178872377,False
LOG-296049 ,Cuttack_LinkRoad,5G,173.57966178872377,False
LOG-333782 ,Cuttack_LinkRoad,4G,173.57966178872377,False
LOG-714661 ,Cuttack_LinkRoad,4G,173.57966178872377,False
LOG-969794 ,Sambalpur_Town,4G,173.57966178872377,False
LOG-714805 ,Rourkela_Sector-5,5G,173.57966178872377,False
LOG-689738 ,Rourkela_Sector-5,5G,173.57966178872377,False
LOG-634670 ,Bhubaneswar_DLF,5G,173.57966178872377,False
LOG-826331 ,Rourkela_Sector-5,4G,173.57966178872377,False
LOG-557828 ,Cuttack_LinkRoad,5G,173.57966178872377,False
LOG-845715 ,Bhubaneswar_DLF,5G,173.57966178872377,True
LOG-161929 ,Sambalpur_Town,5G,173.57966178872377,False
LOG-857771 ,Rourkela_Sector-5,5G,173.57966178872377,False
LOG-852878 ,Sambalpur_Town,5G,173.57966178872377,False
LOG-985296 ,Rourkela_Sector-5,4G,173.57966178872377,False
LOG-767689 ,Bhubaneswar_DLF,5G,173.57966178872377,False
LOG-880965 ,Bhubaneswar_DLF,5G,173.57966178872377,False
LOG-387313 ,Cuttack_LinkRoad,5G,173.57966178872377,False
LOG-187468 ,Bhubaneswar_DLF,4G,173.57966178872377,False
LOG-134594 ,Sambalpur_Town,3G,173.57966178872377,False
LOG-291703 ,Sambalpur_Town,4G,173.57966178872377,False
LOG-145033 ,Sambalpur_Town,4G,173.57966178872377,False
LOG-687421 ,Rourkela_Sector-5,5G,173.57966178872377,False
LOG-173861 ,Sambalpur_Town,4G,173.57966178872377,False
LOG-807650 ,Cuttack_LinkRoad,3G,173.57966178872377,False
LOG-393894 ,Rourkela_Sector-5,5G,173.57966178872377,False
LOG-664749 ,Rourkela_Sector-5,5G,173.57966178872377,False
LOG-567016 ,Rourkela_Sector-5,3G,173.57966178872377,False
LOG-178222 ,Rourkela_Sector-5,4G,173.57966178872377,False
LOG-736308 ,Bhubaneswar_DLF,5G,173.57966178872377,False
LOG-910658 ,Sambalpur_Town,3G,173.57966178872377,False
LOG-893153 ,Bhubaneswar_DLF,5G,173.57966178872377,False
LOG-644897 ,Bhubaneswar_DLF,5G,173.57966178872377,False
LOG-754801 ,Sambalpur_Town,4G,173.57966178872377,False
LOG-303981 ,Rourkela_Sector-5,5G,173.57966178872377,False
LOG-204211 ,Sambalpur_Town,4G,173.57966178872377,False
LOG-286321 ,Bhubaneswar_DLF,5G,173.57966178872377,False
LOG-542111 ,Bhubaneswar_DLF,5G,173.57966178872377,False
LOG-587689 ,Rourkela_Sector-5,5G,173.57966178872377,False
LOG-960952 ,Bhubaneswar_DLF,5G,173.57966178872377,False
LOG-556956 ,Rourkela_Sector-5,5G,173.57966178872377,False
LOG-950741 ,Cuttack_LinkRoad,3G,173.57966178872377,True
LOG-129984 ,Rourkela_Sector-5,5G,173.57966178872377,False
LOG-743235 ,Sambalpur_Town,5G,173.57966178872377,False
LOG-829182 ,Rourkela_Sector-5,5G,173.57966178872377,False
LOG-105901 ,Rourkela_Sector-5,4G,173.57966178872377,False
LOG-262624 ,Bhubaneswar_DLF,5G,173.57966178872377,False
LOG-322317 ,Rourkela_Sector-5,5G,173.57966178872377,False
LOG-393199 ,Cuttack_LinkRoad,5G,173.57966178872377,False
LOG-793045 ,Sambalpur_Town,5G,173.57966178872377,False
LOG-245788 ,Cuttack_LinkRoad,5G,173.57966178872377,False
LOG-738387 ,Rourkela_Sector-5,4G,173.57966178872377,False
LOG-635426 ,Bhubaneswar_DLF,4G,173.57966178872377,False
LOG-790658 ,Bhubaneswar_DLF,5G,173.57966178872377,False
LOG-123429 ,Cuttack_LinkRoad,4G,173.57966178872377,False
LOG-674488 ,Rourkela_Sector-5,4G,173.57966178872377,False
LOG-302380 ,Bhubaneswar_DLF,4G,173.57966178872377,False
LOG-541460 ,Bhubaneswar_DLF,3G,173.57966178872377,False
LOG-872577 ,Rourkela_Sector-5,4G,9999.0,False
LOG-345127 ,Rourkela_Sector-5,5G,173.57966178872377,False
LOG-987700 ,Bhubaneswar_DLF,5G,173.57966178872377,False
LOG-860801 ,Cuttack_LinkRoad,5G,173.57966178872377,False
LOG-117347 ,Sambalpur_Town,4G,173.57966178872377,False
LOG-772280 ,Bhubaneswar_DLF,5G,173.57966178872377,False
LOG-656110 ,Rourkela_Sector-5,5G,173.57966178872377,False
LOG-664396 ,Rourkela_Sector-5,5G,173.57966178872377,False
LOG-582315 ,Sambalpur_Town,4G,-50.0,False
LOG-107967 ,Sambalpur_Town,4G,-50.0,False
LOG-997151 ,Sambalpur_Town,5G,173.57966178872377,False
LOG-636159 ,Cuttack_LinkRoad,5G,173.57966178872377,False
LOG-325371 ,Rourkela_Sector-5,4G,173.57966178872377,True
LOG-308524 ,Cuttack_LinkRoad,5G,173.57966178872377,False
LOG-829630 ,Bhubaneswar_DLF,5G,173.57966178872377,False
LOG-264685 ,Rourkela_Sector-5,5G,173.57966178872377,False
LOG-652467 ,Cuttack_LinkRoad,3G,173.57966178872377,False
LOG-351537 ,Rourkela_Sector-5,5G,173.57966178872377,False
LOG-807548 ,Rourkela_Sector-5,5G,173.57966178872377,False
LOG-941531 ,Bhubaneswar_DLF,4G,173.57966178872377,False
LOG-659550 ,Bhubaneswar_DLF,5G,173.57966178872377,False
LOG-964645 ,Sambalpur_Town,5G,173.57966178872377,False
LOG-479551 ,Rourkela_Sector-5,5G,173.57966178872377,False
LOG-571082 ,Rourkela_Sector-5,4G,173.57966178872377,False
LOG-972701 ,Rourkela_Sector-5,5G,173.57966178872377,False
LOG-160545 ,Rourkela_Sector-5,4G,173.57966178872377,False
LOG-334555 ,Rourkela_Sector-5,3G,9999.0,False
LOG-323894 ,Bhubaneswar_DLF,4G,173.57966178872377,False
LOG-827506 ,Bhubaneswar_DLF,4G,173.57966178872377,False
LOG-402066 ,Cuttack_LinkRoad,4G,173.57966178872377,False
LOG-667201 ,Sambalpur_Town,4G,173.57966178872377,False
LOG-459177 ,Bhubaneswar_DLF,3G,173.57966178872377,False
LOG-466936 ,Rourkela_Sector-5,3G,173.57966178872377,False
LOG-350497 ,Rourkela_Sector-5,4G,173.57966178872377,False
LOG-543057 ,Sambalpur_Town,5G,173.57966178872377,False
LOG-801692 ,Bhubaneswar_DLF,5G,173.57966178872377,False
LOG-585278 ,Cuttack_LinkRoad,5G,173.57966178872377,False
LOG-256104 ,Sambalpur_Town,4G,173.57966178872377,False
LOG-793206 ,Sambalpur_Town,4G,173.57966178872377,False
LOG-814834 ,Sambalpur_Town,5G,173.57966178872377,False
LOG-144936 ,Bhubaneswar_DLF,5G,173.57966178872377,False
LOG-785154 ,Rourkela_Sector-5,5G,173.57966178872377,True
LOG-816948 ,Sambalpur_Town,5G,173.57966178872377,False
LOG-302056 ,Bhubaneswar_DLF,4G,173.57966178872377,False
LOG-325469 ,Rourkela_Sector-5,5G,173.57966178872377,False
LOG-128141 ,Bhubaneswar_DLF,5G,173.57966178872377,False
LOG-237478 ,Bhubaneswar_DLF,5G,173.57966178872377,True
LOG-197359 ,Sambalpur_Town,5G,173.57966178872377,False
LOG-254363 ,Bhubaneswar_DLF,3G,173.57966178872377,False
LOG-665856 ,Rourkela_Sector-5,5G,173.57966178872377,False
LOG-721827 ,Sambalpur_Town,4G,173.57966178872377,False
LOG-671139 ,Cuttack_LinkRoad,5G,173.57966178872377,False
LOG-593158 ,Bhubaneswar_DLF,5G,173.57966178872377,False
LOG-679111 ,Rourkela_Sector-5,4G,173.57966178872377,True
LOG-123312 ,Rourkela_Sector-5,4G,173.57966178872377,False
LOG-527387 ,Bhubaneswar_DLF,5G,173.57966178872377,False
LOG-534995 ,Rourkela_Sector-5,5G,173.57966178872377,False
LOG-824188 ,Rourkela_Sector-5,5G,173.57966178872377,False
LOG-600531 ,Cuttack_LinkRoad,4G,173.57966178872377,False
LOG-985155 ,Bhubaneswar_DLF,5G,173.57966178872377,False
LOG-898843 ,Bhubaneswar_DLF,5G,173.57966178872377,False
LOG-596037 ,Rourkela_Sector-5,4G,173.57966178872377,False
LOG-349062 ,Bhubaneswar_DLF,5G,173.57966178872377,False
LOG-943441 ,Cuttack_LinkRoad,5G,173.57966178872377,True
LOG-508638 ,Rourkela_Sector-5,5G,173.57966178872377,False
LOG-535684 ,Rourkela_Sector-5,3G,173.57966178872377,False
LOG-656659 ,Bhubaneswar_DLF,5G,173.57966178872377,False
LOG-157022 ,Sambalpur_Town,4G,173.57966178872377,False
LOG-433373 ,Bhubaneswar_DLF,5G,173.57966178872377,False
LOG-199071 ,Rourkela_Sector-5,4G,173.57966178872377,False
LOG-282268 ,Rourkela_Sector-5,5G,173.57966178872377,False
LOG-458918 ,Sambalpur_Town,5G,173.57966178872377,False
LOG-589626 ,Rourkela_Sector-5,4G,173.57966178872377,False
LOG-388859 ,Bhubaneswar_DLF,4G,173.57966178872377,False
LOG-914037 ,Bhubaneswar_DLF,4G,173.57966178872377,False
LOG-724141 ,Rourkela_Sector-5,4G,173.57966178872377,False
LOG-655462 ,Cuttack_LinkRoad,5G,173.57966178872377,False
LOG-597660 ,Cuttack_LinkRoad,5G,173.57966178872377,False
LOG-176373 ,Bhubaneswar_DLF,5G,173.57966178872377,False
LOG-955684 ,Rourkela_Sector-5,4G,173.57966178872377,False
LOG-293021 ,Rourkela_Sector-5,5G,173.57966178872377,False
LOG-293718 ,Bhubaneswar_DLF,4G,173.57966178872377,False
LOG-694305 ,Bhubaneswar_DLF,5G,173.57966178872377,False
LOG-163037 ,Rourkela_Sector-5,4G,173.57966178872377,True
LOG-714106 ,Rourkela_Sector-5,5G,173.57966178872377,False
LOG-630836 ,Rourkela_Sector-5,5G,173.57966178872377,False
LOG-741269 ,Sambalpur_Town,4G,173.57966178872377,False
LOG-334213 ,Cuttack_LinkRoad,5G,173.57966178872377,False
LOG-304366 ,Sambalpur_Town,4G,173.57966178872377,False
LOG-602420 ,Rourkela_Sector-5,4G,173.57966178872377,False
LOG-254249 ,Sambalpur_Town,5G,173.57966178872377,False
LOG-386166 ,Rourkela_Sector-5,4G,173.57966178872377,False
LOG-730585 ,Bhubaneswar_DLF,4G,173.57966178872377,False
LOG-760902 ,Cuttack_LinkRoad,4G,173.57966178872377,False
LOG-322084 ,Rourkela_Sector-5,5G,173.57966178872377,False
LOG-589536 ,Bhubaneswar_DLF,5G,173.57966178872377,False
LOG-160428 ,Rourkela_Sector-5,4G,173.57966178872377,False
LOG-778100 ,Rourkela_Sector-5,4G,173.57966178872377,False
LOG-421497 ,Bhubaneswar_DLF,5G,173.57966178872377,False
LOG-737420 ,Bhubaneswar_DLF,5G,173.57966178872377,False
LOG-287604 ,Cuttack_LinkRoad,5G,173.57966178872377,True
LOG-640340 ,Bhubaneswar_DLF,5G,173.57966178872377,False
LOG-200689 ,Bhubaneswar_DLF,4G,173.57966178872377,False
LOG-802436 ,Rourkela_Sector-5,4G,173.57966178872377,False
LOG-546636 ,Rourkela_Sector-5,5G,173.57966178872377,False
LOG-756031 ,Sambalpur_Town,4G,173.57966178872377,False
LOG-362307 ,Rourkela_Sector-5,5G,173.57966178872377,False
LOG-403568 ,Bhubaneswar_DLF,4G,173.57966178872377,False
LOG-602754 ,Rourkela_Sector-5,5G,173.57966178872377,False
LOG-563547 ,Cuttack_LinkRoad,5G,173.57966178872377,False
LOG-503850 ,Cuttack_LinkRoad,4G,173.57966178872377,False
LOG-235870 ,Rourkela_Sector-5,5G,173.57966178872377,False
LOG-384564 ,Rourkela_Sector-5,5G,173.57966178872377,False
LOG-610259 ,Bhubaneswar_DLF,5G,173.57966178872377,False
LOG-744863 ,Rourkela_Sector-5,5G,173.57966178872377,False
LOG-882518 ,Rourkela_Sector-5,5G,173.57966178872377,False
LOG-391444 ,Cuttack_LinkRoad,5G,173.57966178872377,False
LOG-976313 ,Rourkela_Sector-5,4G,173.57966178872377,False
LOG-110749 ,Sambalpur_Town,4G,173.57966178872377,False
LOG-728419 ,Bhubaneswar_DLF,5G,173.57966178872377,False
LOG-780481 ,Rourkela_Sector-5,4G,173.57966178872377,False
LOG-399631 ,Bhubaneswar_DLF,5G,173.57966178872377,False
LOG-325019 ,Bhubaneswar_DLF,5G,173.57966178872377,False
LOG-526577 ,Rourkela_Sector-5,5G,173.57966178872377,False
LOG-907655 ,Bhubaneswar_DLF,5G,173.57966178872377,False
LOG-697218 ,Rourkela_Sector-5,4G,173.57966178872377,True
LOG-769416 ,Rourkela_Sector-5,5G,173.57966178872377,False
LOG-390524 ,Rourkela_Sector-5,4G,173.57966178872377,False
LOG-912467 ,Rourkela_Sector-5,5G,-50.0,False
LOG-917052 ,Rourkela_Sector-5,5G,173.57966178872377,True
LOG-356553 ,Bhubaneswar_DLF,4G,173.57966178872377,False
LOG-548532 ,Bhubaneswar_DLF,5G,173.57966178872377,False
LOG-819401 ,Bhubaneswar_DLF,5G,173.57966178872377,False
LOG-479504 ,Cuttack_LinkRoad,5G,173.57966178872377,False
LOG-153352 ,Cuttack_LinkRoad,5G,173.57966178872377,False
LOG-524127 ,Bhubaneswar_DLF,4G,173.57966178872377,False
LOG-263856 ,Bhubaneswar_DLF,5G,173.57966178872377,True
LOG-103191 ,Rourkela_Sector-5,5G,173.57966178872377,False
LOG-976968 ,Sambalpur_Town,4G,173.57966178872377,True
LOG-728864 ,Rourkela_Sector-5,5G,173.57966178872377,False
LOG-295713 ,Rourkela_Sector-5,5G,173.57966178872377,False
LOG-542939 ,Cuttack_LinkRoad,5G,173.57966178872377,False
LOG-103631 ,Rourkela_Sector-5,5G,173.57966178872377,False
LOG-237244 ,Rourkela_Sector-5,5G,173.57966178872377,False
LOG-404224 ,Bhubaneswar_DLF,5G,173.57966178872377,False
LOG-320169 ,Bhubaneswar_DLF,4G,173.57966178872377,False
LOG-714641 ,Cuttack_LinkRoad,5G,173.57966178872377,False
LOG-513497 ,Cuttack_LinkRoad,5G,173.57966178872377,False
LOG-652959 ,Rourkela_Sector-5,5G,173.57966178872377,False
LOG-747099 ,Rourkela_Sector-5,5G,173.57966178872377,False
LOG-806791 ,Bhubaneswar_DLF,4G,173.57966178872377,False
LOG-321972 ,Rourkela_Sector-5,5G,173.57966178872377,True
LOG-877499 ,Bhubaneswar_DLF,5G,173.57966178872377,False
LOG-489878 ,Rourkela_Sector-5,5G,173.57966178872377,False
LOG-848321 ,Bhubaneswar_DLF,5G,173.57966178872377,False
LOG-608679 ,Bhubaneswar_DLF,4G,173.57966178872377,False
LOG-521818 ,Bhubaneswar_DLF,5G,173.57966178872377,False
LOG-844149 ,Bhubaneswar_DLF,5G,173.57966178872377,False
LOG-937831 ,Bhubaneswar_DLF,5G,173.57966178872377,False
LOG-778832 ,Rourkela_Sector-5,5G,173.57966178872377,False
LOG-804590 ,Rourkela_Sector-5,5G,173.57966178872377,False
LOG-107099 ,Rourkela_Sector-5,5G,173.57966178872377,False
LOG-873974 ,Bhubaneswar_DLF,4G,173.57966178872377,False
LOG-518647 ,Rourkela_Sector-5,5G,173.57966178872377,False
LOG-680780 ,Bhubaneswar_DLF,4G,173.57966178872377,False
LOG-196722 ,Rourkela_Sector-5,5G,173.57966178872377,False
LOG-654399 ,Bhubaneswar_DLF,4G,173.57966178872377,False
LOG-163936 ,Sambalpur_Town,5G,173.57966178872377,False
LOG-777974 ,Rourkela_Sector-5,4G,173.57966178872377,False
LOG-323332 ,Rourkela_Sector-5,5G,173.57966178872377,False
LOG-825836 ,Rourkela_Sector-5,5G,9999.0,False
LOG-873319 ,Bhubaneswar_DLF,4G,173.57966178872377,False
LOG-423064 ,Bhubaneswar_DLF,5G,173.57966178872377,False
LOG-587510 ,Rourkela_Sector-5,5G,173.57966178872377,False
LOG-163530 ,Bhubaneswar_DLF,5G,173.57966178872377,False
LOG-529440 ,Rourkela_Sector-5,5G,173.57966178872377,False
LOG-369932 ,Bhubaneswar_DLF,5G,173.57966178872377,False
LOG-652370 ,Bhubaneswar_DLF,5G,173.57966178872377,False
LOG-713858 ,Cuttack_LinkRoad,5G,173.57966178872377,False
LOG-725303 ,Rourkela_Sector-5,5G,173.57966178872377,False
LOG-832176 ,Sambalpur_Town,5G,173.57966178872377,False
LOG-970020 ,Cuttack_LinkRoad,5G,173.57966178872377,False
LOG-247603 ,Rourkela_Sector-5,5G,173.57966178872377,False
LOG-974772 ,Rourkela_Sector-5,4G,173.57966178872377,False
LOG-718727 ,Bhubaneswar_DLF,5G,173.57966178872377,False
LOG-241214 ,Cuttack_LinkRoad,4G,173.57966178872377,False
LOG-739341 ,Cuttack_LinkRoad,4G,173.57966178872377,False
LOG-672643 ,Bhubaneswar_DLF,4G,173.57966178872377,False
LOG-503082 ,Sambalpur_Town,4G,173.57966178872377,False
LOG-301139 ,Rourkela_Sector-5,4G,173.57966178872377,False
LOG-858994 ,Rourkela_Sector-5,5G,173.57966178872377,False
LOG-749714 ,Sambalpur_Town,5G,173.57966178872377,False
LOG-688315 ,Cuttack_LinkRoad,5G,173.57966178872377,False
LOG-551122 ,Bhubaneswar_DLF,3G,173.57966178872377,False
LOG-259210 ,Cuttack_LinkRoad,3G,173.57966178872377,False
LOG-192601 ,Sambalpur_Town,4G,173.57966178872377,False
LOG-129956 ,Cuttack_LinkRoad,4G,173.57966178872377,False
LOG-338340 ,Cuttack_LinkRoad,4G,173.57966178872377,False
LOG-729085 ,Cuttack_LinkRoad,5G,173.57966178872377,False
LOG-569511 ,Rourkela_Sector-5,4G,173.57966178872377,True
LOG-760799 ,Cuttack_LinkRoad,5G,173.57966178872377,False
LOG-928965 ,Rourkela_Sector-5,5G,173.57966178872377,False
LOG-521486 ,Sambalpur_Town,5G,173.57966178872377,False
LOG-703103 ,Bhubaneswar_DLF,5G,173.57966178872377,False
LOG-139279 ,Bhubaneswar_DLF,4G,173.57966178872377,False
LOG-471931 ,Bhubaneswar_DLF,5G,173.57966178872377,False
LOG-248702 ,Rourkela_Sector-5,4G,173.57966178872377,False
LOG-161063 ,Rourkela_Sector-5,5G,173.57966178872377,False
LOG-873887 ,Sambalpur_Town,5G,173.57966178872377,False
LOG-354311 ,Sambalpur_Town,4G,173.57966178872377,False
LOG-752184 ,Rourkela_Sector-5,4G,173.57966178872377,False
LOG-790504 ,Sambalpur_Town,5G,173.57966178872377,False
LOG-545377 ,Cuttack_LinkRoad,5G,173.57966178872377,False
LOG-589934 ,Bhubaneswar_DLF,5G,173.57966178872377,False
LOG-619089 ,Rourkela_Sector-5,4G,173.57966178872377,False
LOG-846434 ,Sambalpur_Town,4G,173.57966178872377,True
LOG-308432 ,Bhubaneswar_DLF,5G,173.57966178872377,False
LOG-282051 ,Sambalpur_Town,5G,173.57966178872377,False
LOG-197661 ,Cuttack_LinkRoad,4G,173.57966178872377,False
LOG-797960 ,Cuttack_LinkRoad,4G,173.57966178872377,False
LOG-552776 ,Bhubaneswar_DLF,4G,173.57966178872377,False
LOG-571256 ,Rourkela_Sector-5,5G,-50.0,False
LOG-223257 ,Rourkela_Sector-5,4G,173.57966178872377,False
LOG-972637 ,Rourkela_Sector-5,4G,173.57966178872377,False
LOG-369054 ,Rourkela_Sector-5,4G,173.57966178872377,False
LOG-933289 ,Bhubaneswar_DLF,5G,173.57966178872377,False
LOG-659252 ,Bhubaneswar_DLF,4G,173.57966178872377,False
LOG-518443 ,Sambalpur_Town,4G,173.57966178872377,False
LOG-903585 ,Rourkela_Sector-5,4G,173.57966178872377,False
LOG-421909 ,Bhubaneswar_DLF,5G,173.57966178872377,False
LOG-854444 ,Rourkela_Sector-5,5G,173.57966178872377,False
LOG-732500 ,Rourkela_Sector-5,5G,173.57966178872377,False
LOG-663359 ,Rourkela_Sector-5,5G,9999.0,False
LOG-212990 ,Cuttack_LinkRoad,5G,173.57966178872377,False
LOG-169519 ,Rourkela_Sector-5,5G,173.57966178872377,True
LOG-109503 ,Cuttack_LinkRoad,5G,173.57966178872377,False
LOG-291775 ,Rourkela_Sector-5,4G,173.57966178872377,False
LOG-719745 ,Sambalpur_Town,5G,173.57966178872377,False
LOG-813226 ,Cuttack_LinkRoad,5G,173.57966178872377,False
LOG-247977 ,Sambalpur_Town,4G,173.57966178872377,True
LOG-670126 ,Sambalpur_Town,5G,173.57966178872377,False
LOG-551495 ,Sambalpur_Town,5G,173.57966178872377,False
LOG-713777 ,Sambalpur_Town,5G,173.57966178872377,False
LOG-126806 ,Bhubaneswar_DLF,5G,173.57966178872377,False
LOG-276072 ,Rourkela_Sector-5,5G,173.57966178872377,False
LOG-515384 ,Rourkela_Sector-5,5G,173.57966178872377,False
LOG-170119 ,Rourkela_Sector-5,3G,173.57966178872377,False
LOG-925146 ,Bhubaneswar_DLF,5G,173.57966178872377,True
LOG-285165 ,Bhubaneswar_DLF,5G,173.57966178872377,False
LOG-941851 ,Sambalpur_Town,4G,173.57966178872377,False
LOG-729720 ,Sambalpur_Town,5G,173.57966178872377,False
LOG-570641 ,Bhubaneswar_DLF,5G,173.57966178872377,False
LOG-979381 ,Bhubaneswar_DLF,4G,173.57966178872377,False
LOG-571027 ,Sambalpur_Town,5G,173.57966178872377,False
LOG-507507 ,Rourkela_Sector-5,4G,173.57966178872377,False
LOG-802164 ,Cuttack_LinkRoad,5G,9999.0,False
LOG-963403 ,Rourkela_Sector-5,4G,173.57966178872377,False
LOG-979903 ,Bhubaneswar_DLF,5G,173.57966178872377,False
LOG-951378 ,Rourkela_Sector-5,5G,173.57966178872377,False
LOG-985421 ,Sambalpur_Town,4G,173.57966178872377,False
LOG-184080 ,Bhubaneswar_DLF,3G,173.57966178872377,False
LOG-352791 ,Rourkela_Sector-5,4G,173.57966178872377,False
LOG-177794 ,Rourkela_Sector-5,4G,173.57966178872377,False
LOG-392985 ,Bhubaneswar_DLF,3G,173.57966178872377,False
LOG-224447 ,Sambalpur_Town,5G,173.57966178872377,False
LOG-220029 ,Cuttack_LinkRoad,5G,173.57966178872377,False
LOG-279830 ,Bhubaneswar_DLF,5G,173.57966178872377,False
LOG-607942 ,Rourkela_Sector-5,4G,173.57966178872377,False
LOG-438416 ,Bhubaneswar_DLF,4G,173.57966178872377,False
LOG-661931 ,Cuttack_LinkRoad,4G,173.57966178872377,False
LOG-406094 ,Cuttack_LinkRoad,4G,173.57966178872377,False
LOG-287921 ,Rourkela_Sector-5,4G,173.57966178872377,False
LOG-462644 ,Cuttack_LinkRoad,5G,173.57966178872377,False
LOG-783404 ,Bhubaneswar_DLF,5G,173.57966178872377,False
LOG-598685 ,Sambalpur_Town,4G,173.57966178872377,False
LOG-487732 ,Sambalpur_Town,5G,173.57966178872377,False
LOG-640285 ,Cuttack_LinkRoad,5G,173.57966178872377,False
LOG-966183 ,Cuttack_LinkRoad,5G,173.57966178872377,False
LOG-722893 ,Rourkela_Sector-5,5G,173.57966178872377,False
LOG-941965 ,Cuttack_LinkRoad,4G,173.57966178872377,False
LOG-444710 ,Bhubaneswar_DLF,5G,173.57966178872377,False
LOG-850230 ,Rourkela_Sector-5,4G,9999.0,False
LOG-769931 ,Rourkela_Sector-5,5G,173.57966178872377,False
LOG-732543 ,Cuttack_LinkRoad,4G,173.57966178872377,False
LOG-884586 ,Rourkela_Sector-5,4G,9999.0,False
LOG-551157 ,Bhubaneswar_DLF,4G,9999.0,False
LOG-158005 ,Bhubaneswar_DLF,4G,173.57966178872377,False
LOG-317322 ,Rourkela_Sector-5,5G,173.57966178872377,False
LOG-289784 ,Rourkela_Sector-5,5G,173.57966178872377,True
LOG-667829 ,Cuttack_LinkRoad,5G,173.57966178872377,False
LOG-123387 ,Cuttack_LinkRoad,4G,173.57966178872377,False
LOG-980412 ,Rourkela_Sector-5,3G,173.57966178872377,False
LOG-804268 ,Sambalpur_Town,5G,173.57966178872377,False
LOG-185457 ,Cuttack_LinkRoad,4G,173.57966178872377,False
LOG-244129 ,Bhubaneswar_DLF,5G,173.57966178872377,False
LOG-688316 ,Cuttack_LinkRoad,5G,173.57966178872377,False
LOG-743534 ,Sambalpur_Town,4G,173.57966178872377,False
LOG-417875 ,Bhubaneswar_DLF,5G,173.57966178872377,False
LOG-780218 ,Rourkela_Sector-5,5G,9999.0,False
LOG-279761 ,Sambalpur_Town,4G,173.57966178872377,False
LOG-668926 ,Bhubaneswar_DLF,4G,173.57966178872377,False
LOG-584814 ,Rourkela_Sector-5,5G,173.57966178872377,True
LOG-277558 ,Bhubaneswar_DLF,4G,173.57966178872377,False
LOG-644855 ,Bhubaneswar_DLF,5G,173.57966178872377,False
LOG-522955 ,Sambalpur_Town,5G,173.57966178872377,False
LOG-682092 ,Bhubaneswar_DLF,4G,173.57966178872377,False
LOG-470965 ,Rourkela_Sector-5,5G,173.57966178872377,False
LOG-103754 ,Bhubaneswar_DLF,5G,173.57966178872377,False
LOG-651332 ,Bhubaneswar_DLF,5G,173.57966178872377,False
LOG-167260 ,Rourkela_Sector-5,4G,173.57966178872377,False
LOG-166912 ,Bhubaneswar_DLF,5G,173.57966178872377,False
LOG-356695 ,Cuttack_LinkRoad,5G,173.57966178872377,False
LOG-632994 ,Rourkela_Sector-5,5G,173.57966178872377,False
LOG-895326 ,Bhubaneswar_DLF,5G,173.57966178872377,False
LOG-446130 ,Rourkela_Sector-5,5G,173.57966178872377,False
LOG-968374 ,Rourkela_Sector-5,5G,173.57966178872377,False
LOG-806972 ,Rourkela_Sector-5,4G,173.57966178872377,False
LOG-129725 ,Rourkela_Sector-5,4G,173.57966178872377,False
LOG-236998 ,Cuttack_LinkRoad,4G,173.57966178872377,False
LOG-204555 ,Rourkela_Sector-5,5G,173.57966178872377,False
LOG-361486 ,Cuttack_LinkRoad,5G,173.57966178872377,False
LOG-895928 ,Rourkela_Sector-5,5G,173.57966178872377,False
LOG-680735 ,Sambalpur_Town,5G,173.57966178872377,False
LOG-988036 ,Bhubaneswar_DLF,5G,173.57966178872377,False
LOG-785166 ,Cuttack_LinkRoad,4G,173.57966178872377,False
LOG-974631 ,Rourkela_Sector-5,5G,173.57966178872377,False
LOG-665609 ,Bhubaneswar_DLF,5G,173.57966178872377,False
LOG-877401 ,Rourkela_Sector-5,5G,173.57966178872377,False
LOG-333103 ,Sambalpur_Town,5G,173.57966178872377,False
LOG-515872 ,Bhubaneswar_DLF,4G,173.57966178872377,False
LOG-155147 ,Bhubaneswar_DLF,5G,173.57966178872377,False
LOG-715684 ,Cuttack_LinkRoad,4G,173.57966178872377,True
LOG-542882 ,Rourkela_Sector-5,5G,173.57966178872377,False
LOG-575584 ,Cuttack_LinkRoad,4G,173.57966178872377,False
LOG-400931 ,Bhubaneswar_DLF,5G,173.57966178872377,False
LOG-344839 ,Cuttack_LinkRoad,4G,173.57966178872377,False
LOG-556162 ,Bhubaneswar_DLF,5G,173.57966178872377,False
LOG-646015 ,Rourkela_Sector-5,5G,173.57966178872377,False
LOG-863711 ,Rourkela_Sector-5,5G,173.57966178872377,True
LOG-195081 ,Cuttack_LinkRoad,5G,173.57966178872377,False
LOG-484865 ,Bhubaneswar_DLF,5G,173.57966178872377,False
LOG-865418 ,Bhubaneswar_DLF,4G,173.57966178872377,False
LOG-692344 ,Sambalpur_Town,5G,173.57966178872377,True
LOG-758441 ,Rourkela_Sector-5,5G,173.57966178872377,False
LOG-789556 ,Sambalpur_Town,4G,173.57966178872377,False
LOG-792095 ,Sambalpur_Town,5G,173.57966178872377,True
LOG-860109 ,Sambalpur_Town,5G,173.57966178872377,False
LOG-180102 ,Cuttack_LinkRoad,4G,173.57966178872377,False
LOG-256570 ,Rourkela_Sector-5,3G,173.57966178872377,False
LOG-701153 ,Rourkela_Sector-5,4G,173.57966178872377,False
LOG-787016 ,Cuttack_LinkRoad,4G,-50.0,False
LOG-167695 ,Rourkela_Sector-5,5G,173.57966178872377,False
LOG-531116 ,Rourkela_Sector-5,3G,173.57966178872377,False
LOG-621608 ,Cuttack_LinkRoad,5G,173.57966178872377,False
LOG-217235 ,Rourkela_Sector-5,5G,173.57966178872377,True
LOG-540917 ,Sambalpur_Town,4G,173.57966178872377,False
LOG-733065 ,Cuttack_LinkRoad,5G,173.57966178872377,False
LOG-119033 ,Cuttack_LinkRoad,5G,173.57966178872377,False
LOG-616409 ,Cuttack_LinkRoad,5G,173.57966178872377,False
LOG-766165 ,Sambalpur_Town,5G,173.57966178872377,False
LOG-791211 ,Cuttack_LinkRoad,5G,173.57966178872377,False
LOG-651120 ,Bhubaneswar_DLF,5G,173.57966178872377,False
LOG-294509 ,Rourkela_Sector-5,5G,173.57966178872377,False
LOG-477869 ,Sambalpur_Town,5G,173.57966178872377,False
LOG-245016 ,Cuttack_LinkRoad,5G,173.57966178872377,False
LOG-382017 ,Bhubaneswar_DLF,5G,173.57966178872377,False
LOG-664660 ,Rourkela_Sector-5,4G,173.57966178872377,False
LOG-189464 ,Bhubaneswar_DLF,5G,173.57966178872377,False
LOG-770739 ,Rourkela_Sector-5,4G,173.57966178872377,False
LOG-217322 ,Sambalpur_Town,5G,173.57966178872377,False
LOG-792111 ,Sambalpur_Town,5G,173.57966178872377,False
LOG-986514 ,Rourkela_Sector-5,5G,173.57966178872377,False
LOG-845182 ,Bhubaneswar_DLF,5G,173.57966178872377,False
LOG-891542 ,Rourkela_Sector-5,5G,173.57966178872377,False
LOG-547557 ,Cuttack_LinkRoad,5G,173.57966178872377,False
LOG-898519 ,Rourkela_Sector-5,5G,173.57966178872377,False
LOG-516978 ,Bhubaneswar_DLF,5G,173.57966178872377,False
LOG-969049 ,Rourkela_Sector-5,4G,173.57966178872377,False
LOG-724771 ,Rourkela_Sector-5,3G,173.57966178872377,True
LOG-623886 ,Bhubaneswar_DLF,5G,173.57966178872377,True
LOG-633884 ,Rourkela_Sector-5,4G,173.57966178872377,False
LOG-334627 ,Bhubaneswar_DLF,4G,173.57966178872377,False
LOG-731827 ,Rourkela_Sector-5,5G,173.57966178872377,False
LOG-642601 ,Bhubaneswar_DLF,4G,173.57966178872377,False
LOG-999607 ,Sambalpur_Town,3G,9999.0,False
LOG-821909 ,Cuttack_LinkRoad,5G,173.57966178872377,False
LOG-214914 ,Sambalpur_Town,4G,173.57966178872377,False
LOG-647993 ,Sambalpur_Town,4G,173.57966178872377,False
LOG-822724 ,Rourkela_Sector-5,5G,173.57966178872377,False
LOG-959877 ,Rourkela_Sector-5,5G,173.57966178872377,False
LOG-203892 ,Bhubaneswar_DLF,4G,173.57966178872377,False
LOG-834005 ,Sambalpur_Town,4G,173.57966178872377,False
LOG-364167 ,Sambalpur_Town,5G,173.57966178872377,False
LOG-743942 ,Rourkela_Sector-5,5G,173.57966178872377,False
LOG-290868 ,Rourkela_Sector-5,4G,173.57966178872377,False
LOG-180073 ,Rourkela_Sector-5,5G,173.57966178872377,False
LOG-978629 ,Cuttack_LinkRoad,4G,-50.0,False
LOG-688717 ,Bhubaneswar_DLF,5G,173.57966178872377,False
LOG-204195 ,Rourkela_Sector-5,5G,173.57966178872377,False
LOG-816987 ,Bhubaneswar_DLF,5G,173.57966178872377,False
LOG-133848 ,Bhubaneswar_DLF,5G,173.57966178872377,False
LOG-389910 ,Cuttack_LinkRoad,5G,173.57966178872377,False
LOG-168099 ,Rourkela_Sector-5,5G,173.57966178872377,False
LOG-529276 ,Sambalpur_Town,4G,9999.0,False
LOG-169122 ,Bhubaneswar_DLF,5G,173.57966178872377,False
LOG-771447 ,Cuttack_LinkRoad,4G,173.57966178872377,False
LOG-673156 ,Cuttack_LinkRoad,5G,173.57966178872377,False
LOG-743407 ,Rourkela_Sector-5,5G,173.57966178872377,False
LOG-516441 ,Rourkela_Sector-5,5G,173.57966178872377,True
LOG-981718 ,Cuttack_LinkRoad,5G,173.57966178872377,False
LOG-368787 ,Rourkela_Sector-5,3G,173.57966178872377,False
LOG-586275 ,Cuttack_LinkRoad,4G,173.57966178872377,False
LOG-398871 ,Cuttack_LinkRoad,5G,173.57966178872377,False
LOG-209079 ,Cuttack_LinkRoad,4G,173.57966178872377,False
LOG-952129 ,Rourkela_Sector-5,5G,173.57966178872377,False
LOG-116029 ,Rourkela_Sector-5,5G,173.57966178872377,False
LOG-346353 ,Bhubaneswar_DLF,5G,173.57966178872377,False
LOG-507442 ,Rourkela_Sector-5,4G,173.57966178872377,False
LOG-294718 ,Cuttack_LinkRoad,5G,173.57966178872377,False
LOG-521947 ,Cuttack_LinkRoad,4G,173.57966178872377,False
LOG-471602 ,Bhubaneswar_DLF,5G,173.57966178872377,False
LOG-996816 ,Cuttack_LinkRoad,5G,173.57966178872377,False
LOG-168926 ,Rourkela_Sector-5,3G,173.57966178872377,False
LOG-761357 ,Rourkela_Sector-5,5G,173.57966178872377,False
LOG-417650 ,Sambalpur_Town,4G,173.57966178872377,False
LOG-964661 ,Sambalpur_Town,4G,173.57966178872377,False
LOG-543031 ,Bhubaneswar_DLF,4G,173.57966178872377,False
LOG-142092 ,Sambalpur_Town,5G,173.57966178872377,False
LOG-424683 ,Bhubaneswar_DLF,5G,173.57966178872377,False
LOG-252889 ,Rourkela_Sector-5,4G,173.57966178872377,False
LOG-793221 ,Rourkela_Sector-5,5G,173.57966178872377,False
LOG-637716 ,Sambalpur_Town,5G,173.57966178872377,False
LOG-275006 ,Rourkela_Sector-5,5G,173.57966178872377,False
LOG-870915 ,Bhubaneswar_DLF,5G,173.57966178872377,False
LOG-869727 ,Bhubaneswar_DLF,5G,173.57966178872377,False
LOG-241330 ,Cuttack_LinkRoad,5G,173.57966178872377,False
LOG-157775 ,Bhubaneswar_DLF,5G,173.57966178872377,False
LOG-836940 ,Rourkela_Sector-5,5G,173.57966178872377,False
LOG-367613 ,Rourkela_Sector-5,5G,173.57966178872377,False
LOG-390998 ,Bhubaneswar_DLF,4G,173.57966178872377,False
LOG-761616 ,Cuttack_LinkRoad,4G,173.57966178872377,False
LOG-879446 ,Bhubaneswar_DLF,5G,173.57966178872377,True
LOG-176256 ,Cuttack_LinkRoad,5G,173.57966178872377,False
LOG-461278 ,Rourkela_Sector-5,5G,173.57966178872377,False
LOG-757011 ,Sambalpur_Town,5G,173.57966178872377,False
LOG-281360 ,Bhubaneswar_DLF,4G,173.57966178872377,False
LOG-446874 ,Rourkela_Sector-5,4G,173.57966178872377,False
LOG-518267 ,Bhubaneswar_DLF,4G,173.57966178872377,False
LOG-389530 ,Cuttack_LinkRoad,5G,173.57966178872377,False
LOG-342634 ,Sambalpur_Town,5G,173.57966178872377,False
LOG-133787 ,Rourkela_Sector-5,4G,173.57966178872377,False
LOG-645909 ,Cuttack_LinkRoad,5G,173.57966178872377,False
LOG-702272 ,Rourkela_Sector-5,5G,173.57966178872377,False
LOG-553008 ,Rourkela_Sector-5,5G,173.57966178872377,False
LOG-538469 ,Bhubaneswar_DLF,5G,173.57966178872377,False
LOG-920483 ,Bhubaneswar_DLF,5G,173.57966178872377,False
LOG-411955 ,Cuttack_LinkRoad,5G,173.57966178872377,False
LOG-130447 ,Rourkela_Sector-5,4G,173.57966178872377,False
LOG-228046 ,Rourkela_Sector-5,3G,173.57966178872377,False
LOG-839290 ,Bhubaneswar_DLF,5G,173.57966178872377,False
LOG-616494 ,Rourkela_Sector-5,5G,173.57966178872377,False
LOG-785614 ,Rourkela_Sector-5,5G,173.57966178872377,False
LOG-970477 ,Rourkela_Sector-5,4G,173.57966178872377,False
LOG-741147 ,Bhubaneswar_DLF,5G,173.57966178872377,False
LOG-288490 ,Rourkela_Sector-5,4G,173.57966178872377,False
LOG-507688 ,Bhubaneswar_DLF,5G,173.57966178872377,False
LOG-604409 ,Rourkela_Sector-5,4G,173.57966178872377,False
LOG-627759 ,Rourkela_Sector-5,5G,173.57966178872377,False
LOG-338404 ,Bhubaneswar_DLF,5G,173.57966178872377,False
LOG-744600 ,Rourkela_Sector-5,5G,-50.0,False
LOG-616595 ,Bhubaneswar_DLF,5G,173.57966178872377,False
LOG-851164 ,Rourkela_Sector-5,4G,173.57966178872377,False
LOG-763689 ,Bhubaneswar_DLF,4G,173.57966178872377,False
LOG-265937 ,Rourkela_Sector-5,5G,173.57966178872377,False
LOG-146850 ,Rourkela_Sector-5,3G,173.57966178872377,False
LOG-416364 ,Bhubaneswar_DLF,5G,173.57966178872377,False
LOG-343306 ,Sambalpur_Town,3G,173.57966178872377,True
LOG-193808 ,Rourkela_Sector-5,5G,173.57966178872377,False
LOG-601597 ,Bhubaneswar_DLF,4G,173.57966178872377,False
LOG-761757 ,Cuttack_LinkRoad,5G,173.57966178872377,False
LOG-328981 ,Bhubaneswar_DLF,5G,173.57966178872377,False
LOG-622220 ,Cuttack_LinkRoad,5G,173.57966178872377,False
LOG-790885 ,Rourkela_Sector-5,5G,173.57966178872377,False
LOG-153072 ,Sambalpur_Town,5G,173.57966178872377,False
LOG-845466 ,Rourkela_Sector-5,5G,173.57966178872377,False
LOG-708108 ,Rourkela_Sector-5,3G,173.57966178872377,False
LOG-577746 ,Sambalpur_Town,3G,173.57966178872377,False
LOG-123284 ,Bhubaneswar_DLF,3G,9999.0,False
LOG-183369 ,Bhubaneswar_DLF,3G,173.57966178872377,False
LOG-911554 ,Cuttack_LinkRoad,4G,173.57966178872377,False
LOG-956985 ,Bhubaneswar_DLF,3G,173.57966178872377,False
LOG-837266 ,Rourkela_Sector-5,4G,173.57966178872377,True
LOG-981220 ,Bhubaneswar_DLF,5G,173.57966178872377,True
LOG-687100 ,Rourkela_Sector-5,4G,173.57966178872377,False
LOG-370143 ,Cuttack_LinkRoad,4G,173.57966178872377,False
LOG-384580 ,Sambalpur_Town,4G,173.57966178872377,False
LOG-929395 ,Rourkela_Sector-5,5G,173.57966178872377,False
LOG-757456 ,Bhubaneswar_DLF,5G,173.57966178872377,False
LOG-623156 ,Rourkela_Sector-5,4G,173.57966178872377,False
LOG-869097 ,Rourkela_Sector-5,3G,173.57966178872377,False
LOG-518495 ,Sambalpur_Town,5G,173.57966178872377,False
LOG-352164 ,Rourkela_Sector-5,5G,173.57966178872377,False
LOG-995331 ,Bhubaneswar_DLF,5G,173.57966178872377,False
LOG-869605 ,Cuttack_LinkRoad,5G,173.57966178872377,True
LOG-388345 ,Sambalpur_Town,5G,173.57966178872377,False
LOG-250787 ,Bhubaneswar_DLF,4G,173.57966178872377,False
LOG-260381 ,Bhubaneswar_DLF,3G,173.57966178872377,False
LOG-770438 ,Bhubaneswar_DLF,4G,173.57966178872377,False
LOG-549830 ,Sambalpur_Town,5G,173.57966178872377,False
LOG-629393 ,Bhubaneswar_DLF,4G,173.57966178872377,False
LOG-456992 ,Bhubaneswar_DLF,5G,173.57966178872377,False
LOG-889271 ,Rourkela_Sector-5,5G,173.57966178872377,False
LOG-168920 ,Rourkela_Sector-5,5G,173.57966178872377,True
LOG-930051 ,Bhubaneswar_DLF,4G,173.57966178872377,False
LOG-667109 ,Sambalpur_Town,4G,173.57966178872377,False
LOG-750024 ,Sambalpur_Town,4G,173.57966178872377,False
LOG-641357 ,Sambalpur_Town,5G,173.57966178872377,False
LOG-605659 ,Bhubaneswar_DLF,5G,173.57966178872377,False
LOG-107531 ,Cuttack_LinkRoad,5G,173.57966178872377,False
LOG-530267 ,Cuttack_LinkRoad,4G,173.57966178872377,False
LOG-763096 ,Bhubaneswar_DLF,4G,173.57966178872377,False
LOG-763070 ,Rourkela_Sector-5,5G,173.57966178872377,False
LOG-167155 ,Bhubaneswar_DLF,5G,173.57966178872377,False
LOG-686712 ,Sambalpur_Town,3G,173.57966178872377,False
LOG-407747 ,Rourkela_Sector-5,4G,173.57966178872377,False
LOG-574013 ,Sambalpur_Town,5G,173.57966178872377,False
LOG-232503 ,Rourkela_Sector-5,4G,173.57966178872377,False
LOG-829963 ,Cuttack_LinkRoad,4G,173.57966178872377,False
LOG-792841 ,Bhubaneswar_DLF,5G,173.57966178872377,False
LOG-979005 ,Cuttack_LinkRoad,5G,173.57966178872377,False
LOG-764917 ,Bhubaneswar_DLF,5G,173.57966178872377,False
LOG-465446 ,Sambalpur_Town,5G,173.57966178872377,False
LOG-755522 ,Bhubaneswar_DLF,4G,173.57966178872377,False
LOG-119675 ,Rourkela_Sector-5,5G,173.57966178872377,False
LOG-173997 ,Bhubaneswar_DLF,5G,173.57966178872377,False
LOG-248087 ,Rourkela_Sector-5,5G,173.57966178872377,False
LOG-586799 ,Rourkela_Sector-5,5G,173.57966178872377,False
LOG-619349 ,Rourkela_Sector-5,4G,173.57966178872377,False
LOG-855678 ,Sambalpur_Town,5G,173.57966178872377,False
LOG-240905 ,Bhubaneswar_DLF,5G,173.57966178872377,False
LOG-370040 ,Bhubaneswar_DLF,3G,173.57966178872377,False
LOG-526188 ,Rourkela_Sector-5,5G,173.57966178872377,False
LOG-411877 ,Rourkela_Sector-5,4G,173.57966178872377,False
LOG-875723 ,Sambalpur_Town,5G,173.57966178872377,False
LOG-666088 ,Bhubaneswar_DLF,4G,173.57966178872377,False
LOG-196044 ,Sambalpur_Town,4G,173.57966178872377,False
LOG-367491 ,Rourkela_Sector-5,5G,173.57966178872377,False
LOG-814423 ,Rourkela_Sector-5,4G,173.57966178872377,False
LOG-589066 ,Sambalpur_Town,5G,173.57966178872377,False
LOG-758003 ,Bhubaneswar_DLF,3G,173.57966178872377,False
LOG-402929 ,Rourkela_Sector-5,5G,173.57966178872377,False
LOG-905113 ,Rourkela_Sector-5,4G,173.57966178872377,False
LOG-466008 ,Cuttack_LinkRoad,5G,173.57966178872377,True
LOG-933731 ,Bhubaneswar_DLF,4G,173.57966178872377,False
LOG-117073 ,Bhubaneswar_DLF,3G,173.57966178872377,False
LOG-988736 ,Rourkela_Sector-5,4G,173.57966178872377,False
LOG-654970 ,Rourkela_Sector-5,5G,173.57966178872377,False
LOG-853158 ,Sambalpur_Town,5G,173.57966178872377,False
LOG-852254 ,Rourkela_Sector-5,5G,173.57966178872377,True
LOG-507505 ,Bhubaneswar_DLF,5G,173.57966178872377,False
LOG-215359 ,Cuttack_LinkRoad,5G,173.57966178872377,False
LOG-166707 ,Rourkela_Sector-5,5G,173.57966178872377,False
LOG-351351 ,Bhubaneswar_DLF,5G,173.57966178872377,False
LOG-570670 ,Bhubaneswar_DLF,5G,173.57966178872377,False
LOG-338511 ,Bhubaneswar_DLF,5G,173.57966178872377,False
LOG-335718 ,Bhubaneswar_DLF,5G,173.57966178872377,True
LOG-689716 ,Rourkela_Sector-5,5G,173.57966178872377,False
LOG-150601 ,Bhubaneswar_DLF,4G,173.57966178872377,True
LOG-495755 ,Bhubaneswar_DLF,5G,173.57966178872377,False
LOG-595479 ,Bhubaneswar_DLF,5G,173.57966178872377,False
LOG-735775 ,Rourkela_Sector-5,5G,173.57966178872377,False
LOG-778029 ,Bhubaneswar_DLF,5G,173.57966178872377,False
LOG-564184 ,Sambalpur_Town,4G,173.57966178872377,False
LOG-513860 ,Bhubaneswar_DLF,5G,9999.0,False
LOG-511961 ,Cuttack_LinkRoad,5G,173.57966178872377,False
LOG-351924 ,Bhubaneswar_DLF,4G,173.57966178872377,False
LOG-883441 ,Sambalpur_Town,3G,173.57966178872377,False
LOG-914660 ,Sambalpur_Town,5G,173.57966178872377,True
LOG-623394 ,Rourkela_Sector-5,5G,173.57966178872377,True
LOG-349430 ,Bhubaneswar_DLF,5G,173.57966178872377,False
LOG-527737 ,Rourkela_Sector-5,5G,173.57966178872377,False
LOG-222788 ,Bhubaneswar_DLF,5G,173.57966178872377,False
LOG-721527 ,Rourkela_Sector-5,4G,173.57966178872377,False
LOG-651216 ,Cuttack_LinkRoad,5G,173.57966178872377,False
LOG-380466 ,Rourkela_Sector-5,4G,173.57966178872377,False
LOG-550930 ,Bhubaneswar_DLF,5G,173.57966178872377,True
LOG-450040 ,Bhubaneswar_DLF,5G,173.57966178872377,False
LOG-162292 ,Rourkela_Sector-5,4G,173.57966178872377,False
LOG-653343 ,Sambalpur_Town,5G,173.57966178872377,False
LOG-405035 ,Cuttack_LinkRoad,5G,173.57966178872377,False
LOG-706200 ,Bhubaneswar_DLF,5G,173.57966178872377,False
LOG-761948 ,Bhubaneswar_DLF,5G,173.57966178872377,False
LOG-452680 ,Rourkela_Sector-5,5G,173.57966178872377,False
LOG-368448 ,Cuttack_LinkRoad,5G,173.57966178872377,False
LOG-631633 ,Rourkela_Sector-5,5G,173.57966178872377,False
LOG-260372 ,Bhubaneswar_DLF,5G,173.57966178872377,False
LOG-191006 ,Cuttack_LinkRoad,3G,173.57966178872377,False
LOG-229350 ,Rourkela_Sector-5,5G,173.57966178872377,False
LOG-788725 ,Sambalpur_Town,5G,173.57966178872377,False
LOG-905878 ,Rourkela_Sector-5,3G,173.57966178872377,False
LOG-888768 ,Sambalpur_Town,4G,173.57966178872377,False
LOG-948464 ,Rourkela_Sector-5,5G,173.57966178872377,False
LOG-306487 ,Bhubaneswar_DLF,5G,173.57966178872377,False
LOG-197852 ,Rourkela_Sector-5,4G,173.57966178872377,False
LOG-592092 ,Cuttack_LinkRoad,5G,173.57966178872377,False
LOG-238593 ,Bhubaneswar_DLF,4G,173.57966178872377,False
LOG-827067 ,Rourkela_Sector-5,3G,173.57966178872377,False
LOG-778841 ,Bhubaneswar_DLF,5G,173.57966178872377,False
LOG-380618 ,Bhubaneswar_DLF,5G,173.57966178872377,False
LOG-277832 ,Bhubaneswar_DLF,4G,173.57966178872377,False
LOG-942150 ,Sambalpur_Town,5G,173.57966178872377,False
LOG-406773 ,Bhubaneswar_DLF,5G,173.57966178872377,False
LOG-145232 ,Rourkela_Sector-5,5G,173.57966178872377,False
LOG-448688 ,Rourkela_Sector-5,4G,9999.0,False
LOG-560385 ,Bhubaneswar_DLF,5G,173.57966178872377,False
LOG-883301 ,Bhubaneswar_DLF,3G,173.57966178872377,False
LOG-412813 ,Rourkela_Sector-5,4G,173.57966178872377,False
LOG-309093 ,Rourkela_Sector-5,5G,173.57966178872377,False
LOG-431328 ,Bhubaneswar_DLF,4G,173.57966178872377,False
LOG-803305 ,Sambalpur_Town,5G,173.57966178872377,False
LOG-113140 ,Rourkela_Sector-5,4G,173.57966178872377,False
LOG-488612 ,Bhubaneswar_DLF,5G,173.57966178872377,False
LOG-707745 ,Cuttack_LinkRoad,5G,173.57966178872377,False
LOG-638645 ,Cuttack_LinkRoad,4G,173.57966178872377,False
LOG-623375 ,Rourkela_Sector-5,5G,173.57966178872377,False
LOG-211672 ,Bhubaneswar_DLF,4G,173.57966178872377,False
LOG-430817 ,Sambalpur_Town,4G,173.57966178872377,False
LOG-745961 ,Rourkela_Sector-5,5G,173.57966178872377,False
LOG-689921 ,Bhubaneswar_DLF,5G,173.57966178872377,True
LOG-832303 ,Rourkela_Sector-5,4G,173.57966178872377,False
LOG-720399 ,Rourkela_Sector-5,5G,173.57966178872377,False
LOG-964690 ,Bhubaneswar_DLF,4G,173.57966178872377,False
LOG-506140 ,Cuttack_LinkRoad,4G,173.57966178872377,False
LOG-169286 ,Rourkela_Sector-5,4G,173.57966178872377,False
LOG-193269 ,Bhubaneswar_DLF,4G,173.57966178872377,False
LOG-358635 ,Bhubaneswar_DLF,5G,173.57966178872377,False
LOG-174071 ,Bhubaneswar_DLF,4G,173.57966178872377,True
LOG-550542 ,Cuttack_LinkRoad,4G,173.57966178872377,False
LOG-321095 ,Rourkela_Sector-5,4G,173.57966178872377,False
LOG-613317 ,Sambalpur_Town,5G,173.57966178872377,False
LOG-130651 ,Bhubaneswar_DLF,5G,173.57966178872377,True
LOG-170202 ,Bhubaneswar_DLF,4G,173.57966178872377,False
LOG-148777 ,Cuttack_LinkRoad,5G,173.57966178872377,False
LOG-248066 ,Rourkela_Sector-5,5G,-50.0,False
LOG-953695 ,Rourkela_Sector-5,5G,173.57966178872377,False
LOG-290706 ,Cuttack_LinkRoad,5G,173.57966178872377,False
LOG-724446 ,Bhubaneswar_DLF,5G,173.57966178872377,False
LOG-897232 ,Sambalpur_Town,5G,173.57966178872377,False
LOG-924255 ,Sambalpur_Town,5G,9999.0,False
LOG-863935 ,Rourkela_Sector-5,4G,173.57966178872377,False
LOG-426022 ,Bhubaneswar_DLF,5G,173.57966178872377,False
LOG-380852 ,Bhubaneswar_DLF,5G,173.57966178872377,False
LOG-768179 ,Rourkela_Sector-5,5G,173.57966178872377,False
LOG-830265 ,Cuttack_LinkRoad,5G,173.57966178872377,False
LOG-688158 ,Cuttack_LinkRoad,4G,173.57966178872377,False
LOG-633571 ,Bhubaneswar_DLF,4G,173.57966178872377,False
LOG-785933 ,Rourkela_Sector-5,5G,173.57966178872377,False
LOG-965139 ,Rourkela_Sector-5,5G,173.57966178872377,False
LOG-524149 ,Rourkela_Sector-5,4G,173.57966178872377,False
LOG-630062 ,Cuttack_LinkRoad,5G,173.57966178872377,False
LOG-303127 ,Rourkela_Sector-5,5G,173.57966178872377,False
LOG-242055 ,Cuttack_LinkRoad,5G,173.57966178872377,False
LOG-720756 ,Bhubaneswar_DLF,5G,173.57966178872377,False
LOG-982766 ,Cuttack_LinkRoad,5G,173.57966178872377,False
LOG-904565 ,Bhubaneswar_DLF,5G,173.57966178872377,False
LOG-625069 ,Bhubaneswar_DLF,5G,173.57966178872377,True
LOG-214586 ,Bhubaneswar_DLF,5G,173.57966178872377,False
LOG-549916 ,Cuttack_LinkRoad,5G,173.57966178872377,False
LOG-389768 ,Bhubaneswar_DLF,5G,173.57966178872377,False
LOG-631111 ,Bhubaneswar_DLF,5G,173.57966178872377,False
LOG-642777 ,Bhubaneswar_DLF,5G,173.57966178872377,False
LOG-271033 ,Rourkela_Sector-5,5G,173.57966178872377,False
LOG-612880 ,Bhubaneswar_DLF,4G,173.57966178872377,True
LOG-391262 ,Sambalpur_Town,4G,173.57966178872377,False
LOG-200417 ,Rourkela_Sector-5,5G,173.57966178872377,False
LOG-181816 ,Rourkela_Sector-5,5G,173.57966178872377,False
LOG-777623 ,Rourkela_Sector-5,4G,173.57966178872377,False
LOG-375709 ,Bhubaneswar_DLF,5G,173.57966178872377,False
LOG-775714 ,Rourkela_Sector-5,5G,173.57966178872377,False
LOG-274023 ,Bhubaneswar_DLF,4G,173.57966178872377,False
LOG-977611 ,Rourkela_Sector-5,4G,173.57966178872377,True
LOG-647936 ,Rourkela_Sector-5,5G,173.57966178872377,False
LOG-543945 ,Cuttack_LinkRoad,5G,173.57966178872377,True
LOG-141971 ,Rourkela_Sector-5,4G,173.57966178872377,False
LOG-118658 ,Sambalpur_Town,5G,173.57966178872377,False
LOG-121253 ,Rourkela_Sector-5,4G,173.57966178872377,False
LOG-557382 ,Bhubaneswar_DLF,5G,173.57966178872377,False
LOG-279635 ,Rourkela_Sector-5,5G,173.57966178872377,False
LOG-257462 ,Rourkela_Sector-5,5G,9999.0,False
LOG-450808 ,Sambalpur_Town,3G,173.57966178872377,False
LOG-806938 ,Sambalpur_Town,4G,173.57966178872377,False
LOG-310097 ,Rourkela_Sector-5,5G,173.57966178872377,False
LOG-728138 ,Bhubaneswar_DLF,4G,173.57966178872377,False
LOG-762212 ,Bhubaneswar_DLF,5G,173.57966178872377,False
LOG-620498 ,Rourkela_Sector-5,4G,173.57966178872377,False
LOG-326058 ,Rourkela_Sector-5,4G,173.57966178872377,False
LOG-757911 ,Sambalpur_Town,5G,173.57966178872377,False
LOG-958379 ,Sambalpur_Town,5G,173.57966178872377,False
LOG-685289 ,Sambalpur_Town,3G,173.57966178872377,False
LOG-280231 ,Cuttack_LinkRoad,4G,173.57966178872377,False
LOG-222775 ,Bhubaneswar_DLF,5G,173.57966178872377,False
LOG-657531 ,Rourkela_Sector-5,5G,173.57966178872377,False
LOG-777160 ,Rourkela_Sector-5,3G,173.57966178872377,False
LOG-962371 ,Rourkela_Sector-5,5G,173.57966178872377,False
LOG-419972 ,Bhubaneswar_DLF,5G,173.57966178872377,False
LOG-361716 ,Cuttack_LinkRoad,5G,173.57966178872377,False
LOG-500455 ,Cuttack_LinkRoad,4G,173.57966178872377,False
LOG-368854 ,Sambalpur_Town,5G,173.57966178872377,False
LOG-514600 ,Sambalpur_Town,5G,173.57966178872377,True
LOG-271918 ,Sambalpur_Town,5G,173.57966178872377,False
LOG-319055 ,Rourkela_Sector-5,4G,173.57966178872377,False
LOG-400135 ,Cuttack_LinkRoad,4G,173.57966178872377,False
LOG-834417 ,Bhubaneswar_DLF,4G,173.57966178872377,False
LOG-500187 ,Rourkela_Sector-5,5G,173.57966178872377,False
LOG-522355 ,Sambalpur_Town,4G,173.57966178872377,False
LOG-971877 ,Sambalpur_Town,4G,173.57966178872377,False
LOG-308139 ,Rourkela_Sector-5,4G,173.57966178872377,False
LOG-180257 ,Rourkela_Sector-5,3G,173.57966178872377,False
LOG-577958 ,Bhubaneswar_DLF,5G,173.57966178872377,False
LOG-924143 ,Bhubaneswar_DLF,4G,173.57966178872377,False
LOG-106530 ,Sambalpur_Town,4G,173.57966178872377,False
LOG-373260 ,Rourkela_Sector-5,4G,173.57966178872377,False
LOG-690082 ,Rourkela_Sector-5,5G,173.57966178872377,False
LOG-310545 ,Rourkela_Sector-5,5G,173.57966178872377,False
LOG-757258 ,Rourkela_Sector-5,4G,173.57966178872377,False
LOG-628423 ,Rourkela_Sector-5,5G,173.57966178872377,False
LOG-471616 ,Sambalpur_Town,5G,173.57966178872377,False
LOG-578336 ,Rourkela_Sector-5,4G,173.57966178872377,True
LOG-875158 ,Bhubaneswar_DLF,5G,173.57966178872377,False
LOG-713375 ,Rourkela_Sector-5,5G,173.57966178872377,False
LOG-820391 ,Rourkela_Sector-5,4G,173.57966178872377,False
LOG-919812 ,Cuttack_LinkRoad,5G,173.57966178872377,True
LOG-379215 ,Bhubaneswar_DLF,5G,173.57966178872377,False
LOG-120074 ,Cuttack_LinkRoad,5G,173.57966178872377,False
LOG-846084 ,Bhubaneswar_DLF,5G,173.57966178872377,False
LOG-692131 ,Rourkela_Sector-5,5G,173.57966178872377,False
LOG-139901 ,Bhubaneswar_DLF,5G,173.57966178872377,False
LOG-373349 ,Rourkela_Sector-5,5G,173.57966178872377,False
LOG-892338 ,Cuttack_LinkRoad,5G,173.57966178872377,True
LOG-495807 ,Rourkela_Sector-5,5G,173.57966178872377,False
LOG-687275 ,Bhubaneswar_DLF,4G,173.57966178872377,True
LOG-442829 ,Rourkela_Sector-5,5G,173.57966178872377,False
LOG-472598 ,Bhubaneswar_DLF,4G,173.57966178872377,False
LOG-467631 ,Sambalpur_Town,5G,173.57966178872377,False
LOG-678688 ,Bhubaneswar_DLF,4G,173.57966178872377,False
LOG-256222 ,Bhubaneswar_DLF,4G,173.57966178872377,False
LOG-131852 ,Sambalpur_Town,5G,173.57966178872377,False
LOG-613012 ,Bhubaneswar_DLF,5G,173.57966178872377,False
LOG-939188 ,Rourkela_Sector-5,5G,173.57966178872377,False
LOG-477501 ,Rourkela_Sector-5,4G,173.57966178872377,False
LOG-743340 ,Cuttack_LinkRoad,5G,173.57966178872377,False
LOG-156481 ,Cuttack_LinkRoad,4G,173.57966178872377,False
LOG-887715 ,Rourkela_Sector-5,5G,173.57966178872377,False
LOG-133691 ,Rourkela_Sector-5,5G,173.57966178872377,False
LOG-494341 ,Sambalpur_Town,5G,173.57966178872377,False
LOG-298137 ,Rourkela_Sector-5,4G,173.57966178872377,False
LOG-650458 ,Bhubaneswar_DLF,5G,173.57966178872377,False
LOG-632726 ,Rourkela_Sector-5,4G,173.57966178872377,False
LOG-906527 ,Cuttack_LinkRoad,5G,173.57966178872377,False
LOG-771514 ,Rourkela_Sector-5,5G,173.57966178872377,False
LOG-501220 ,Bhubaneswar_DLF,4G,173.57966178872377,False
LOG-896184 ,Rourkela_Sector-5,4G,173.57966178872377,False
LOG-155426 ,Bhubaneswar_DLF,5G,173.57966178872377,False
LOG-339968 ,Cuttack_LinkRoad,5G,173.57966178872377,False
LOG-388963 ,Rourkela_Sector-5,4G,173.57966178872377,False
LOG-595384 ,Bhubaneswar_DLF,5G,173.57966178872377,False
LOG-978483 ,Bhubaneswar_DLF,4G,173.57966178872377,False
LOG-621121 ,Rourkela_Sector-5,5G,173.57966178872377,False
LOG-255289 ,Cuttack_LinkRoad,5G,173.57966178872377,False
LOG-361501 ,Rourkela_Sector-5,4G,173.57966178872377,False
LOG-619165 ,Cuttack_LinkRoad,5G,173.57966178872377,False
LOG-319780 ,Rourkela_Sector-5,3G,173.57966178872377,False
LOG-395138 ,Rourkela_Sector-5,4G,173.57966178872377,False
LOG-770396 ,Rourkela_Sector-5,4G,173.57966178872377,False
LOG-832635 ,Bhubaneswar_DLF,5G,173.57966178872377,False
LOG-197756 ,Bhubaneswar_DLF,4G,9999.0,False
LOG-542632 ,Cuttack_LinkRoad,4G,173.57966178872377,False
LOG-195665 ,Rourkela_Sector-5,5G,173.57966178872377,False
LOG-756005 ,Rourkela_Sector-5,5G,173.57966178872377,False
LOG-262002 ,Cuttack_LinkRoad,5G,173.57966178872377,False
LOG-361691 ,Cuttack_LinkRoad,3G,173.57966178872377,False
LOG-706123 ,Rourkela_Sector-5,4G,173.57966178872377,False
LOG-222232 ,Bhubaneswar_DLF,4G,173.57966178872377,False
LOG-842849 ,Rourkela_Sector-5,4G,173.57966178872377,False
LOG-545358 ,Cuttack_LinkRoad,5G,173.57966178872377,False
LOG-343051 ,Sambalpur_Town,5G,173.57966178872377,False
LOG-257547 ,Sambalpur_Town,5G,173.57966178872377,False
LOG-512104 ,Cuttack_LinkRoad,5G,173.57966178872377,False
LOG-668020 ,Rourkela_Sector-5,5G,173.57966178872377,False
LOG-836983 ,Cuttack_LinkRoad,4G,173.57966178872377,False
LOG-408449 ,Bhubaneswar_DLF,3G,173.57966178872377,False
LOG-801397 ,Rourkela_Sector-5,5G,173.57966178872377,False
LOG-633634 ,Bhubaneswar_DLF,4G,173.57966178872377,False
LOG-887019 ,Sambalpur_Town,5G,173.57966178872377,True
LOG-112763 ,Sambalpur_Town,5G,173.57966178872377,False
LOG-290237 ,Rourkela_Sector-5,4G,173.57966178872377,False
LOG-862841 ,Cuttack_LinkRoad,5G,173.57966178872377,False
LOG-956047 ,Cuttack_LinkRoad,4G,173.57966178872377,True
LOG-529332 ,Rourkela_Sector-5,4G,173.57966178872377,False
LOG-745275 ,Bhubaneswar_DLF,4G,173.57966178872377,False
LOG-316823 ,Cuttack_LinkRoad,5G,173.57966178872377,False
LOG-191353 ,Bhubaneswar_DLF,5G,173.57966178872377,False
LOG-321373 ,Rourkela_Sector-5,5G,173.57966178872377,False
LOG-457792 ,Cuttack_LinkRoad,4G,173.57966178872377,False
LOG-649844 ,Sambalpur_Town,4G,173.57966178872377,False
LOG-945474 ,Bhubaneswar_DLF,5G,173.57966178872377,False
LOG-642387 ,Cuttack_LinkRoad,4G,173.57966178872377,False
LOG-471233 ,Rourkela_Sector-5,5G,173.57966178872377,False
LOG-276168 ,Rourkela_Sector-5,5G,173.57966178872377,False
LOG-827346 ,Bhubaneswar_DLF,4G,173.57966178872377,False
LOG-768590 ,Rourkela_Sector-5,4G,173.57966178872377,False
LOG-522225 ,Sambalpur_Town,5G,173.57966178872377,False
LOG-302041 ,Rourkela_Sector-5,5G,173.57966178872377,False
LOG-133866 ,Bhubaneswar_DLF,5G,173.57966178872377,False
LOG-205400 ,Rourkela_Sector-5,5G,173.57966178872377,False
LOG-970678 ,Sambalpur_Town,4G,-50.0,False
LOG-439119 ,Rourkela_Sector-5,5G,173.57966178872377,False
LOG-535071 ,Rourkela_Sector-5,5G,173.57966178872377,False
LOG-443701 ,Rourkela_Sector-5,5G,173.57966178872377,False
LOG-237488 ,Cuttack_LinkRoad,3G,173.57966178872377,False
LOG-696804 ,Rourkela_Sector-5,4G,173.57966178872377,False
LOG-286987 ,Rourkela_Sector-5,4G,173.57966178872377,False
LOG-511274 ,Rourkela_Sector-5,5G,173.57966178872377,False
LOG-533934 ,Cuttack_LinkRoad,4G,173.57966178872377,False
LOG-394746 ,Rourkela_Sector-5,5G,173.57966178872377,False
LOG-567874 ,Rourkela_Sector-5,4G,173.57966178872377,False
LOG-571328 ,Rourkela_Sector-5,3G,173.57966178872377,False
LOG-289139 ,Bhubaneswar_DLF,5G,173.57966178872377,False
LOG-258588 ,Cuttack_LinkRoad,5G,173.57966178872377,False
LOG-753583 ,Bhubaneswar_DLF,5G,173.57966178872377,False
LOG-712257 ,Sambalpur_Town,5G,173.57966178872377,False
LOG-756449 ,Sambalpur_Town,5G,173.57966178872377,False
LOG-305735 ,Rourkela_Sector-5,4G,173.57966178872377,False
LOG-765847 ,Cuttack_LinkRoad,5G,173.57966178872377,False
LOG-362299 ,Cuttack_LinkRoad,4G,173.57966178872377,False
LOG-223950 ,Sambalpur_Town,4G,173.57966178872377,False
LOG-429638 ,Bhubaneswar_DLF,3G,173.57966178872377,False
LOG-700517 ,Bhubaneswar_DLF,5G,173.57966178872377,False
LOG-204648 ,Bhubaneswar_DLF,5G,173.57966178872377,False
LOG-138547 ,Sambalpur_Town,5G,173.57966178872377,False
LOG-653083 ,Rourkela_Sector-5,5G,173.57966178872377,False
LOG-286368 ,Rourkela_Sector-5,4G,173.57966178872377,True
LOG-645735 ,Rourkela_Sector-5,5G,173.57966178872377,False
LOG-791958 ,Rourkela_Sector-5,5G,173.57966178872377,False
LOG-846111 ,Bhubaneswar_DLF,5G,173.57966178872377,False
LOG-356190 ,Rourkela_Sector-5,4G,173.57966178872377,False
LOG-306402 ,Rourkela_Sector-5,5G,173.57966178872377,False
LOG-352419 ,Sambalpur_Town,5G,173.57966178872377,False
LOG-854105 ,Bhubaneswar_DLF,5G,173.57966178872377,False
LOG-974392 ,Cuttack_LinkRoad,5G,173.57966178872377,False
LOG-949710 ,Rourkela_Sector-5,4G,173.57966178872377,False
LOG-679365 ,Rourkela_Sector-5,5G,173.57966178872377,False
LOG-212782 ,Cuttack_LinkRoad,4G,173.57966178872377,False
LOG-727220 ,Cuttack_LinkRoad,5G,173.57966178872377,False
LOG-543316 ,Rourkela_Sector-5,5G,173.57966178872377,False
LOG-472013 ,Sambalpur_Town,5G,173.57966178872377,False
LOG-410925 ,Sambalpur_Town,5G,173.57966178872377,False
LOG-286339 ,Sambalpur_Town,4G,173.57966178872377,False
LOG-575595 ,Bhubaneswar_DLF,5G,173.57966178872377,False
LOG-517168 ,Rourkela_Sector-5,4G,173.57966178872377,False
LOG-940230 ,Bhubaneswar_DLF,5G,173.57966178872377,False
LOG-198696 ,Bhubaneswar_DLF,3G,173.57966178872377,False
LOG-603650 ,Rourkela_Sector-5,4G,173.57966178872377,False
LOG-150939 ,Cuttack_LinkRoad,4G,173.57966178872377,False
LOG-915948 ,Rourkela_Sector-5,5G,173.57966178872377,False
LOG-811886 ,Bhubaneswar_DLF,3G,173.57966178872377,False
LOG-241521 ,Rourkela_Sector-5,3G,173.57966178872377,True
LOG-674578 ,Cuttack_LinkRoad,5G,173.57966178872377,False
LOG-973093 ,Rourkela_Sector-5,5G,173.57966178872377,False
LOG-435098 ,Cuttack_LinkRoad,5G,173.57966178872377,False
LOG-909178 ,Bhubaneswar_DLF,5G,173.57966178872377,False
LOG-692278 ,Cuttack_LinkRoad,5G,173.57966178872377,False
LOG-683098 ,Sambalpur_Town,5G,173.57966178872377,False
LOG-742650 ,Bhubaneswar_DLF,4G,173.57966178872377,False
LOG-576513 ,Sambalpur_Town,5G,173.57966178872377,False
LOG-246295 ,Rourkela_Sector-5,4G,173.57966178872377,False
LOG-565453 ,Rourkela_Sector-5,5G,173.57966178872377,False
LOG-757957 ,Rourkela_Sector-5,4G,173.57966178872377,False
LOG-821037 ,Rourkela_Sector-5,5G,173.57966178872377,False
LOG-364803 ,Cuttack_LinkRoad,4G,173.57966178872377,True
LOG-186516 ,Rourkela_Sector-5,5G,173.57966178872377,False
LOG-174567 ,Bhubaneswar_DLF,5G,173.57966178872377,False
LOG-901469 ,Bhubaneswar_DLF,4G,173.57966178872377,False
LOG-226498 ,Bhubaneswar_DLF,5G,173.57966178872377,False
LOG-802098 ,Bhubaneswar_DLF,5G,173.57966178872377,False
LOG-564894 ,Cuttack_LinkRoad,5G,173.57966178872377,False
LOG-636397 ,Rourkela_Sector-5,4G,173.57966178872377,False
LOG-384154 ,Rourkela_Sector-5,5G,173.57966178872377,False
LOG-895219 ,Bhubaneswar_DLF,4G,173.57966178872377,False
LOG-863760 ,Bhubaneswar_DLF,5G,173.57966178872377,False
LOG-239544 ,Bhubaneswar_DLF,5G,173.57966178872377,False
LOG-346183 ,Sambalpur_Town,4G,173.57966178872377,False
LOG-778743 ,Bhubaneswar_DLF,5G,173.57966178872377,False
LOG-423853 ,Bhubaneswar_DLF,4G,173.57966178872377,False
LOG-563001 ,Rourkela_Sector-5,5G,173.57966178872377,False
LOG-868613 ,Bhubaneswar_DLF,5G,173.57966178872377,False
LOG-134518 ,Cuttack_LinkRoad,5G,173.57966178872377,False
LOG-153909 ,Rourkela_Sector-5,5G,173.57966178872377,False
LOG-904783 ,Rourkela_Sector-5,4G,173.57966178872377,False
LOG-824984 ,Cuttack_LinkRoad,4G,173.57966178872377,False
LOG-615693 ,Rourkela_Sector-5,5G,173.57966178872377,False
LOG-639570 ,Rourkela_Sector-5,5G,173.57966178872377,False
LOG-578082 ,Bhubaneswar_DLF,5G,173.57966178872377,False
LOG-339017 ,Rourkela_Sector-5,4G,173.57966178872377,False
LOG-514994 ,Sambalpur_Town,4G,173.57966178872377,False
LOG-552891 ,Rourkela_Sector-5,5G,173.57966178872377,False
LOG-891507 ,Cuttack_LinkRoad,5G,173.57966178872377,False
LOG-569164 ,Bhubaneswar_DLF,5G,173.57966178872377,False
LOG-803814 ,Sambalpur_Town,3G,173.57966178872377,False
LOG-128365 ,Rourkela_Sector-5,4G,173.57966178872377,False
LOG-565982 ,Bhubaneswar_DLF,5G,173.57966178872377,False
LOG-541416 ,Bhubaneswar_DLF,5G,173.57966178872377,False
LOG-373146 ,Bhubaneswar_DLF,5G,173.57966178872377,False
LOG-376091 ,Bhubaneswar_DLF,5G,173.57966178872377,False
LOG-310294 ,Cuttack_LinkRoad,4G,173.57966178872377,False
LOG-981272 ,Sambalpur_Town,5G,173.57966178872377,False
LOG-216219 ,Rourkela_Sector-5,4G,173.57966178872377,False
LOG-440754 ,Rourkela_Sector-5,5G,173.57966178872377,False
LOG-938574 ,Cuttack_LinkRoad,5G,173.57966178872377,False
LOG-680595 ,Rourkela_Sector-5,4G,173.57966178872377,False
LOG-235565 ,Sambalpur_Town,5G,173.57966178872377,False
LOG-879383 ,Bhubaneswar_DLF,4G,173.57966178872377,False
LOG-412229 ,Bhubaneswar_DLF,5G,9999.0,False
LOG-658516 ,Rourkela_Sector-5,5G,173.57966178872377,True
LOG-835036 ,Rourkela_Sector-5,4G,173.57966178872377,False
LOG-524871 ,Bhubaneswar_DLF,5G,173.57966178872377,False
LOG-667760 ,Sambalpur_Town,5G,173.57966178872377,False
LOG-935869 ,Sambalpur_Town,3G,173.57966178872377,True
LOG-946143 ,Rourkela_Sector-5,5G,173.57966178872377,False
LOG-237888 ,Rourkela_Sector-5,5G,173.57966178872377,False
LOG-177175 ,Rourkela_Sector-5,4G,173.57966178872377,False
LOG-688595 ,Sambalpur_Town,5G,-50.0,False
LOG-408877 ,Rourkela_Sector-5,5G,173.57966178872377,False
LOG-195028 ,Rourkela_Sector-5,5G,173.57966178872377,False
LOG-609666 ,Rourkela_Sector-5,5G,173.57966178872377,False
LOG-242312 ,Rourkela_Sector-5,3G,173.57966178872377,False
LOG-591450 ,Sambalpur_Town,5G,173.57966178872377,False
LOG-192493 ,Bhubaneswar_DLF,5G,173.57966178872377,False
LOG-225149 ,Rourkela_Sector-5,5G,173.57966178872377,False
LOG-853704 ,Rourkela_Sector-5,5G,173.57966178872377,False
LOG-302435 ,Rourkela_Sector-5,4G,173.57966178872377,False
LOG-263834 ,Rourkela_Sector-5,5G,173.57966178872377,False
LOG-370403 ,Rourkela_Sector-5,4G,173.57966178872377,False
LOG-281211 ,Bhubaneswar_DLF,5G,173.57966178872377,True
LOG-376993 ,Rourkela_Sector-5,4G,173.57966178872377,False
LOG-443912 ,Rourkela_Sector-5,5G,173.57966178872377,False
LOG-468252 ,Rourkela_Sector-5,5G,173.57966178872377,False
LOG-976141 ,Cuttack_LinkRoad,4G,173.57966178872377,False
LOG-417013 ,Bhubaneswar_DLF,5G,173.57966178872377,False
LOG-163095 ,Bhubaneswar_DLF,5G,173.57966178872377,False
LOG-217886 ,Bhubaneswar_DLF,5G,173.57966178872377,False
LOG-957342 ,Bhubaneswar_DLF,5G,173.57966178872377,False
LOG-579926 ,Rourkela_Sector-5,4G,173.57966178872377,True
LOG-385711 ,Sambalpur_Town,5G,173.57966178872377,False
LOG-135292 ,Rourkela_Sector-5,4G,173.57966178872377,False
LOG-174813 ,Bhubaneswar_DLF,5G,173.57966178872377,False
LOG-721424 ,Cuttack_LinkRoad,4G,173.57966178872377,False
LOG-675919 ,Bhubaneswar_DLF,5G,173.57966178872377,False
LOG-109885 ,Sambalpur_Town,4G,173.57966178872377,False
LOG-285378 ,Bhubaneswar_DLF,5G,173.57966178872377,False
LOG-952746 ,Sambalpur_Town,5G,173.57966178872377,False
LOG-427231 ,Cuttack_LinkRoad,4G,173.57966178872377,False
LOG-522381 ,Sambalpur_Town,5G,173.57966178872377,False
LOG-560244 ,Sambalpur_Town,5G,173.57966178872377,False
LOG-982430 ,Sambalpur_Town,4G,173.57966178872377,True
LOG-674100 ,Cuttack_LinkRoad,5G,173.57966178872377,False
LOG-805860 ,Rourkela_Sector-5,5G,173.57966178872377,False
LOG-572367 ,Rourkela_Sector-5,5G,9999.0,False
LOG-420787 ,Bhubaneswar_DLF,4G,173.57966178872377,False
LOG-144900 ,Sambalpur_Town,5G,173.57966178872377,False
LOG-536162 ,Cuttack_LinkRoad,4G,173.57966178872377,False
LOG-501067 ,Sambalpur_Town,4G,173.57966178872377,False
LOG-902720 ,Cuttack_LinkRoad,4G,173.57966178872377,False
LOG-172692 ,Rourkela_Sector-5,5G,173.57966178872377,False
LOG-560796 ,Rourkela_Sector-5,4G,173.57966178872377,False
LOG-500584 ,Rourkela_Sector-5,5G,173.57966178872377,False
LOG-971868 ,Rourkela_Sector-5,4G,173.57966178872377,False
LOG-851496 ,Bhubaneswar_DLF,5G,173.57966178872377,False
LOG-146403 ,Sambalpur_Town,4G,173.57966178872377,False
LOG-715458 ,Cuttack_LinkRoad,5G,173.57966178872377,False
LOG-895600 ,Bhubaneswar_DLF,5G,173.57966178872377,True
LOG-412023 ,Rourkela_Sector-5,5G,173.57966178872377,False
LOG-159871 ,Rourkela_Sector-5,5G,173.57966178872377,False
LOG-582604 ,Bhubaneswar_DLF,5G,173.57966178872377,False
LOG-591862 ,Rourkela_Sector-5,5G,173.57966178872377,False
LOG-132174 ,Rourkela_Sector-5,5G,173.57966178872377,False
LOG-855111 ,Bhubaneswar_DLF,4G,173.57966178872377,False
LOG-323563 ,Rourkela_Sector-5,5G,173.57966178872377,False
LOG-237653 ,Sambalpur_Town,5G,173.57966178872377,False
LOG-210155 ,Rourkela_Sector-5,4G,173.57966178872377,False
LOG-433997 ,Rourkela_Sector-5,4G,173.57966178872377,False
LOG-950478 ,Rourkela_Sector-5,5G,173.57966178872377,True
LOG-411822 ,Rourkela_Sector-5,5G,173.57966178872377,False
LOG-601608 ,Bhubaneswar_DLF,5G,173.57966178872377,False
LOG-913081 ,Cuttack_LinkRoad,4G,173.57966178872377,False
LOG-227795 ,Bhubaneswar_DLF,4G,-50.0,False
LOG-188668 ,Bhubaneswar_DLF,4G,173.57966178872377,False
LOG-837685 ,Rourkela_Sector-5,5G,173.57966178872377,False
LOG-769927 ,Bhubaneswar_DLF,4G,173.57966178872377,False
LOG-573620 ,Rourkela_Sector-5,5G,173.57966178872377,False
LOG-976338 ,Rourkela_Sector-5,5G,173.57966178872377,False
LOG-863429 ,Cuttack_LinkRoad,5G,173.57966178872377,False
LOG-720307 ,Cuttack_LinkRoad,5G,173.57966178872377,False
LOG-964434 ,Cuttack_LinkRoad,4G,173.57966178872377,False
LOG-653091 ,Rourkela_Sector-5,4G,173.57966178872377,False
LOG-773590 ,Rourkela_Sector-5,3G,173.57966178872377,False
LOG-773222 ,Sambalpur_Town,5G,173.57966178872377,False
LOG-536571 ,Rourkela_Sector-5,3G,173.57966178872377,False
LOG-330147 ,Rourkela_Sector-5,4G,173.57966178872377,False
LOG-655083 ,Rourkela_Sector-5,5G,173.57966178872377,False
LOG-607820 ,Rourkela_Sector-5,4G,173.57966178872377,False
LOG-370914 ,Rourkela_Sector-5,4G,173.57966178872377,False
LOG-635381 ,Bhubaneswar_DLF,5G,173.57966178872377,False
LOG-493409 ,Bhubaneswar_DLF,4G,173.57966178872377,False
LOG-462455 ,Sambalpur_Town,4G,173.57966178872377,False
LOG-379713 ,Rourkela_Sector-5,4G,173.57966178872377,False
LOG-897622 ,Rourkela_Sector-5,4G,173.57966178872377,False
LOG-949256 ,Bhubaneswar_DLF,5G,173.57966178872377,False
LOG-798112 ,Bhubaneswar_DLF,4G,173.57966178872377,False
LOG-787687 ,Bhubaneswar_DLF,4G,173.57966178872377,False
LOG-404214 ,Cuttack_LinkRoad,5G,173.57966178872377,False
LOG-664485 ,Rourkela_Sector-5,5G,173.57966178872377,True
LOG-626549 ,Cuttack_LinkRoad,4G,173.57966178872377,False
LOG-257584 ,Bhubaneswar_DLF,5G,9999.0,False
LOG-448939 ,Rourkela_Sector-5,4G,173.57966178872377,False
LOG-391077 ,Sambalpur_Town,4G,173.57966178872377,False
LOG-759738 ,Bhubaneswar_DLF,5G,173.57966178872377,False
LOG-664871 ,Rourkela_Sector-5,5G,173.57966178872377,False
LOG-474226 ,Rourkela_Sector-5,5G,173.57966178872377,True
LOG-971803 ,Rourkela_Sector-5,5G,-50.0,False
LOG-784393 ,Bhubaneswar_DLF,4G,173.57966178872377,False
LOG-517216 ,Rourkela_Sector-5,5G,173.57966178872377,False
LOG-211032 ,Rourkela_Sector-5,5G,173.57966178872377,False
LOG-306940 ,Rourkela_Sector-5,4G,173.57966178872377,False
LOG-404748 ,Cuttack_LinkRoad,4G,173.57966178872377,False
LOG-561552 ,Cuttack_LinkRoad,5G,173.57966178872377,False
LOG-981506 ,Cuttack_LinkRoad,4G,173.57966178872377,True
LOG-326727 ,Rourkela_Sector-5,5G,173.57966178872377,False
LOG-173869 ,Sambalpur_Town,4G,173.57966178872377,False
LOG-891842 ,Bhubaneswar_DLF,5G,173.57966178872377,True
LOG-969807 ,Sambalpur_Town,5G,173.57966178872377,False
LOG-811404 ,Bhubaneswar_DLF,4G,173.57966178872377,False
LOG-818675 ,Bhubaneswar_DLF,5G,173.57966178872377,False
LOG-982487 ,Cuttack_LinkRoad,5G,173.57966178872377,False
LOG-302416 ,Rourkela_Sector-5,4G,173.57966178872377,False
LOG-711004 ,Bhubaneswar_DLF,4G,173.57966178872377,False
LOG-678533 ,Cuttack_LinkRoad,5G,173.57966178872377,True
LOG-667344 ,Cuttack_LinkRoad,4G,173.57966178872377,False
LOG-510925 ,Sambalpur_Town,4G,173.57966178872377,False
LOG-875024 ,Bhubaneswar_DLF,4G,173.57966178872377,False
LOG-420701 ,Rourkela_Sector-5,5G,173.57966178872377,False
LOG-379687 ,Rourkela_Sector-5,4G,173.57966178872377,False
LOG-530634 ,Bhubaneswar_DLF,4G,173.57966178872377,False
LOG-849971 ,Bhubaneswar_DLF,4G,173.57966178872377,False
LOG-596507 ,Rourkela_Sector-5,5G,173.57966178872377,False
LOG-982470 ,Rourkela_Sector-5,4G,173.57966178872377,False
LOG-509940 ,Bhubaneswar_DLF,5G,173.57966178872377,False
LOG-365972 ,Cuttack_LinkRoad,4G,173.57966178872377,False
LOG-216656 ,Sambalpur_Town,3G,173.57966178872377,False
LOG-117087 ,Cuttack_LinkRoad,5G,173.57966178872377,False
LOG-393481 ,Cuttack_LinkRoad,5G,173.57966178872377,True
LOG-236554 ,Bhubaneswar_DLF,5G,173.57966178872377,False
LOG-951765 ,Sambalpur_Town,4G,173.57966178872377,False
LOG-585757 ,Bhubaneswar_DLF,5G,173.57966178872377,False
LOG-282024 ,Sambalpur_Town,4G,173.57966178872377,False
LOG-236535 ,Sambalpur_Town,4G,173.57966178872377,False
LOG-867524 ,Sambalpur_Town,4G,173.57966178872377,False
LOG-694736 ,Rourkela_Sector-5,4G,173.57966178872377,False
LOG-628936 ,Rourkela_Sector-5,5G,173.57966178872377,False
LOG-492720 ,Rourkela_Sector-5,4G,173.57966178872377,False
LOG-395767 ,Rourkela_Sector-5,5G,173.57966178872377,False
LOG-552372 ,Rourkela_Sector-5,5G,173.57966178872377,False
LOG-135634 ,Rourkela_Sector-5,5G,173.57966178872377,True
LOG-476742 ,Rourkela_Sector-5,4G,173.57966178872377,False
LOG-411478 ,Bhubaneswar_DLF,4G,173.57966178872377,False
LOG-955080 ,Cuttack_LinkRoad,5G,173.57966178872377,False
LOG-646342 ,Rourkela_Sector-5,4G,173.57966178872377,False
LOG-694316 ,Bhubaneswar_DLF,4G,173.57966178872377,False
LOG-646495 ,Cuttack_LinkRoad,5G,173.57966178872377,True
LOG-573866 ,Bhubaneswar_DLF,4G,173.57966178872377,False
LOG-855181 ,Sambalpur_Town,5G,173.57966178872377,False
LOG-705842 ,Rourkela_Sector-5,5G,173.57966178872377,False
LOG-776746 ,Rourkela_Sector-5,4G,173.57966178872377,False
LOG-707564 ,Bhubaneswar_DLF,5G,173.57966178872377,False
LOG-414925 ,Rourkela_Sector-5,5G,173.57966178872377,False
LOG-808140 ,Bhubaneswar_DLF,4G,173.57966178872377,False
LOG-292512 ,Rourkela_Sector-5,4G,173.57966178872377,False
LOG-947467 ,Rourkela_Sector-5,4G,173.57966178872377,False
LOG-632498 ,Rourkela_Sector-5,5G,173.57966178872377,False
LOG-668651 ,Rourkela_Sector-5,5G,173.57966178872377,False
LOG-866535 ,Bhubaneswar_DLF,4G,173.57966178872377,False
LOG-702567 ,Bhubaneswar_DLF,5G,173.57966178872377,False
LOG-291420 ,Rourkela_Sector-5,5G,173.57966178872377,False
LOG-810644 ,Rourkela_Sector-5,5G,173.57966178872377,False
LOG-600844 ,Rourkela_Sector-5,4G,173.57966178872377,False
LOG-303196 ,Rourkela_Sector-5,5G,173.57966178872377,False
LOG-299919 ,Sambalpur_Town,5G,173.57966178872377,False
LOG-515648 ,Rourkela_Sector-5,5G,-50.0,False
LOG-357324 ,Cuttack_LinkRoad,5G,173.57966178872377,False
LOG-819449 ,Sambalpur_Town,5G,173.57966178872377,False
LOG-854651 ,Rourkela_Sector-5,5G,173.57966178872377,False
LOG-758681 ,Bhubaneswar_DLF,5G,173.57966178872377,False
LOG-967780 ,Sambalpur_Town,5G,173.57966178872377,False
LOG-530599 ,Cuttack_LinkRoad,5G,173.57966178872377,False
LOG-475960 ,Bhubaneswar_DLF,5G,173.57966178872377,False
LOG-834042 ,Cuttack_LinkRoad,5G,173.57966178872377,False
LOG-747341 ,Cuttack_LinkRoad,5G,173.57966178872377,False
LOG-572406 ,Rourkela_Sector-5,5G,173.57966178872377,False
LOG-283965 ,Sambalpur_Town,5G,173.57966178872377,False
LOG-266892 ,Bhubaneswar_DLF,3G,173.57966178872377,False
LOG-952694 ,Bhubaneswar_DLF,5G,173.57966178872377,False
LOG-234832 ,Sambalpur_Town,4G,173.57966178872377,False
LOG-253262 ,Cuttack_LinkRoad,5G,173.57966178872377,False
LOG-167411 ,Rourkela_Sector-5,5G,173.57966178872377,False
LOG-385521 ,Rourkela_Sector-5,4G,173.57966178872377,False
LOG-539953 ,Bhubaneswar_DLF,5G,173.57966178872377,True
LOG-138211 ,Cuttack_LinkRoad,5G,173.57966178872377,False
LOG-313981 ,Bhubaneswar_DLF,3G,173.57966178872377,False
LOG-365888 ,Sambalpur_Town,5G,173.57966178872377,False
LOG-880926 ,Sambalpur_Town,5G,173.57966178872377,False
LOG-387139 ,Bhubaneswar_DLF,5G,173.57966178872377,False
LOG-772337 ,Rourkela_Sector-5,4G,173.57966178872377,False
LOG-853298 ,Bhubaneswar_DLF,4G,173.57966178872377,False
LOG-658830 ,Bhubaneswar_DLF,5G,173.57966178872377,False
LOG-110651 ,Bhubaneswar_DLF,5G,9999.0,False
LOG-199239 ,Bhubaneswar_DLF,4G,173.57966178872377,False
LOG-965363 ,Bhubaneswar_DLF,5G,173.57966178872377,False
LOG-850704 ,Rourkela_Sector-5,5G,173.57966178872377,False
LOG-988544 ,Rourkela_Sector-5,4G,173.57966178872377,False
LOG-903147 ,Bhubaneswar_DLF,5G,173.57966178872377,False
LOG-537625 ,Rourkela_Sector-5,4G,9999.0,False
LOG-255378 ,Rourkela_Sector-5,4G,173.57966178872377,False
LOG-250158 ,Rourkela_Sector-5,4G,173.57966178872377,False
LOG-507592 ,Bhubaneswar_DLF,5G,173.57966178872377,False
LOG-423494 ,Rourkela_Sector-5,5G,173.57966178872377,False
LOG-433569 ,Cuttack_LinkRoad,5G,173.57966178872377,False
LOG-596574 ,Bhubaneswar_DLF,5G,173.57966178872377,False
LOG-529852 ,Bhubaneswar_DLF,5G,173.57966178872377,False
LOG-972552 ,Cuttack_LinkRoad,5G,173.57966178872377,True
LOG-544865 ,Rourkela_Sector-5,5G,173.57966178872377,False
LOG-527826 ,Bhubaneswar_DLF,5G,173.57966178872377,False
LOG-765418 ,Sambalpur_Town,5G,173.57966178872377,False
LOG-355948 ,Cuttack_LinkRoad,5G,173.57966178872377,False
LOG-621481 ,Sambalpur_Town,5G,173.57966178872377,False
LOG-961069 ,Cuttack_LinkRoad,5G,173.57966178872377,False
LOG-571249 ,Rourkela_Sector-5,4G,173.57966178872377,False
LOG-956626 ,Rourkela_Sector-5,4G,173.57966178872377,False
LOG-963349 ,Bhubaneswar_DLF,5G,173.57966178872377,False
LOG-164200 ,Rourkela_Sector-5,5G,173.57966178872377,False
LOG-205848 ,Rourkela_Sector-5,5G,173.57966178872377,False
LOG-206022 ,Cuttack_LinkRoad,5G,173.57966178872377,False
LOG-801979 ,Rourkela_Sector-5,5G,173.57966178872377,False
LOG-512755 ,Rourkela_Sector-5,3G,173.57966178872377,False
LOG-880741 ,Cuttack_LinkRoad,5G,173.57966178872377,False
LOG-946490 ,Cuttack_LinkRoad,4G,173.57966178872377,False
LOG-162068 ,Rourkela_Sector-5,5G,173.57966178872377,False
LOG-570529 ,Cuttack_LinkRoad,5G,173.57966178872377,False
LOG-986364 ,Sambalpur_Town,5G,173.57966178872377,True
LOG-261445 ,Bhubaneswar_DLF,4G,-50.0,False
LOG-788514 ,Rourkela_Sector-5,5G,173.57966178872377,False
LOG-237103 ,Rourkela_Sector-5,5G,173.57966178872377,False
LOG-324605 ,Bhubaneswar_DLF,3G,173.57966178872377,False
LOG-303047 ,Rourkela_Sector-5,5G,173.57966178872377,False
LOG-909217 ,Sambalpur_Town,5G,173.57966178872377,False
LOG-349768 ,Cuttack_LinkRoad,5G,173.57966178872377,False
LOG-784029 ,Cuttack_LinkRoad,5G,173.57966178872377,False
LOG-194475 ,Sambalpur_Town,5G,9999.0,False
LOG-610370 ,Sambalpur_Town,5G,173.57966178872377,False
LOG-626570 ,Rourkela_Sector-5,5G,173.57966178872377,False
LOG-789984 ,Rourkela_Sector-5,5G,173.57966178872377,False
LOG-803798 ,Cuttack_LinkRoad,4G,173.57966178872377,False
LOG-320972 ,Rourkela_Sector-5,4G,173.57966178872377,False
LOG-953966 ,Bhubaneswar_DLF,5G,173.57966178872377,False
LOG-262777 ,Bhubaneswar_DLF,5G,173.57966178872377,False
LOG-961396 ,Sambalpur_Town,5G,173.57966178872377,False
LOG-792797 ,Bhubaneswar_DLF,5G,173.57966178872377,False
LOG-308944 ,Cuttack_LinkRoad,5G,173.57966178872377,False
LOG-743294 ,Rourkela_Sector-5,5G,173.57966178872377,False
LOG-336440 ,Bhubaneswar_DLF,3G,173.57966178872377,False
LOG-828342 ,Rourkela_Sector-5,5G,9999.0,False
LOG-412727 ,Sambalpur_Town,3G,173.57966178872377,False
LOG-924824 ,Rourkela_Sector-5,5G,173.57966178872377,True
LOG-107461 ,Cuttack_LinkRoad,5G,173.57966178872377,False
LOG-724411 ,Rourkela_Sector-5,5G,173.57966178872377,False
LOG-896948 ,Rourkela_Sector-5,5G,173.57966178872377,False
LOG-572501 ,Bhubaneswar_DLF,5G,173.57966178872377,False
LOG-248586 ,Bhubaneswar_DLF,5G,173.57966178872377,False
LOG-483395 ,Rourkela_Sector-5,3G,173.57966178872377,False
LOG-594178 ,Rourkela_Sector-5,5G,173.57966178872377,False
LOG-331496 ,Cuttack_LinkRoad,5G,173.57966178872377,False
LOG-792148 ,Bhubaneswar_DLF,4G,173.57966178872377,False
LOG-831109 ,Rourkela_Sector-5,4G,173.57966178872377,False
LOG-816409 ,Cuttack_LinkRoad,4G,173.57966178872377,True
LOG-948925 ,Rourkela_Sector-5,5G,173.57966178872377,False
LOG-660315 ,Bhubaneswar_DLF,5G,173.57966178872377,False
LOG-979979 ,Rourkela_Sector-5,5G,173.57966178872377,False
LOG-273921 ,Bhubaneswar_DLF,5G,173.57966178872377,False
LOG-986559 ,Rourkela_Sector-5,5G,173.57966178872377,True
LOG-773218 ,Sambalpur_Town,5G,173.57966178872377,False
LOG-839522 ,Rourkela_Sector-5,4G,173.57966178872377,True
LOG-703291 ,Rourkela_Sector-5,4G,173.57966178872377,False
LOG-807755 ,Rourkela_Sector-5,5G,173.57966178872377,False
LOG-664046 ,Sambalpur_Town,5G,173.57966178872377,False
LOG-416456 ,Bhubaneswar_DLF,5G,173.57966178872377,False
LOG-430814 ,Cuttack_LinkRoad,5G,173.57966178872377,False
LOG-182279 ,Sambalpur_Town,5G,173.57966178872377,False
LOG-115434 ,Sambalpur_Town,4G,173.57966178872377,False
LOG-819407 ,Cuttack_LinkRoad,5G,173.57966178872377,False
LOG-540991 ,Rourkela_Sector-5,5G,173.57966178872377,False
LOG-437913 ,Cuttack_LinkRoad,5G,173.57966178872377,False
LOG-870042 ,Rourkela_Sector-5,3G,173.57966178872377,False
LOG-428821 ,Cuttack_LinkRoad,4G,173.57966178872377,False
LOG-183555 ,Bhubaneswar_DLF,4G,173.57966178872377,False
LOG-752667 ,Cuttack_LinkRoad,5G,173.57966178872377,False
LOG-841280 ,Bhubaneswar_DLF,5G,173.57966178872377,False
LOG-863799 ,Bhubaneswar_DLF,5G,173.57966178872377,False
LOG-276806 ,Sambalpur_Town,5G,173.57966178872377,False
LOG-988097 ,Rourkela_Sector-5,4G,173.57966178872377,False
LOG-581719 ,Rourkela_Sector-5,5G,173.57966178872377,False
LOG-533819 ,Bhubaneswar_DLF,5G,173.57966178872377,False
LOG-569924 ,Sambalpur_Town,5G,173.57966178872377,True
LOG-168803 ,Rourkela_Sector-5,5G,173.57966178872377,False
LOG-532548 ,Rourkela_Sector-5,5G,173.57966178872377,False
LOG-978135 ,Rourkela_Sector-5,5G,-50.0,False
LOG-907744 ,Rourkela_Sector-5,5G,173.57966178872377,False
LOG-848736 ,Sambalpur_Town,5G,173.57966178872377,False
LOG-577742 ,Cuttack_LinkRoad,4G,173.57966178872377,False
LOG-799539 ,Bhubaneswar_DLF,5G,173.57966178872377,False
LOG-826802 ,Bhubaneswar_DLF,5G,173.57966178872377,False
LOG-345404 ,Cuttack_LinkRoad,5G,173.57966178872377,False
LOG-742249 ,Rourkela_Sector-5,4G,-50.0,False
LOG-402523 ,Rourkela_Sector-5,4G,173.57966178872377,False
LOG-117297 ,Bhubaneswar_DLF,5G,173.57966178872377,False
LOG-888443 ,Rourkela_Sector-5,5G,173.57966178872377,False
LOG-609346 ,Bhubaneswar_DLF,3G,173.57966178872377,False
LOG-220234 ,Rourkela_Sector-5,4G,173.57966178872377,False
LOG-668302 ,Rourkela_Sector-5,5G,173.57966178872377,False
LOG-867454 ,Rourkela_Sector-5,5G,173.57966178872377,False
LOG-980765 ,Cuttack_LinkRoad,5G,173.57966178872377,False
LOG-278570 ,Rourkela_Sector-5,4G,173.57966178872377,False
LOG-883152 ,Sambalpur_Town,5G,173.57966178872377,False
LOG-897552 ,Rourkela_Sector-5,5G,173.57966178872377,False
LOG-609733 ,Cuttack_LinkRoad,5G,173.57966178872377,False
LOG-384996 ,Sambalpur_Town,5G,173.57966178872377,False
LOG-441383 ,Sambalpur_Town,4G,9999.0,False
LOG-494145 ,Sambalpur_Town,4G,173.57966178872377,False
LOG-832847 ,Rourkela_Sector-5,5G,173.57966178872377,False
LOG-611603 ,Rourkela_Sector-5,4G,173.57966178872377,False
LOG-715863 ,Bhubaneswar_DLF,5G,173.57966178872377,False
LOG-607365 ,Rourkela_Sector-5,4G,173.57966178872377,False
LOG-719328 ,Rourkela_Sector-5,4G,173.57966178872377,False
LOG-248510 ,Sambalpur_Town,3G,173.57966178872377,False
LOG-279587 ,Bhubaneswar_DLF,3G,173.57966178872377,False
LOG-630032 ,Bhubaneswar_DLF,5G,173.57966178872377,False
LOG-839180 ,Sambalpur_Town,4G,173.57966178872377,False
LOG-535633 ,Bhubaneswar_DLF,5G,173.57966178872377,False
LOG-928791 ,Bhubaneswar_DLF,5G,173.57966178872377,False
LOG-775159 ,Cuttack_LinkRoad,5G,173.57966178872377,False
LOG-460890 ,Rourkela_Sector-5,5G,173.57966178872377,False
LOG-849122 ,Rourkela_Sector-5,4G,173.57966178872377,False
LOG-745194 ,Sambalpur_Town,5G,173.57966178872377,False
LOG-301260 ,Sambalpur_Town,4G,173.57966178872377,False
LOG-845219 ,Sambalpur_Town,4G,173.57966178872377,False
LOG-877881 ,Bhubaneswar_DLF,4G,173.57966178872377,False
LOG-863034 ,Sambalpur_Town,5G,173.57966178872377,False
LOG-631885 ,Rourkela_Sector-5,5G,-50.0,False
LOG-933525 ,Rourkela_Sector-5,5G,173.57966178872377,False
LOG-530442 ,Bhubaneswar_DLF,5G,173.57966178872377,False
LOG-303199 ,Bhubaneswar_DLF,4G,173.57966178872377,False
LOG-476794 ,Rourkela_Sector-5,4G,173.57966178872377,True
LOG-584585 ,Rourkela_Sector-5,5G,173.57966178872377,False
LOG-832722 ,Rourkela_Sector-5,4G,173.57966178872377,False
LOG-781777 ,Bhubaneswar_DLF,5G,173.57966178872377,False
LOG-572890 ,Cuttack_LinkRoad,5G,173.57966178872377,False
LOG-483100 ,Bhubaneswar_DLF,5G,173.57966178872377,False
LOG-215598 ,Rourkela_Sector-5,5G,9999.0,False
LOG-350100 ,Bhubaneswar_DLF,4G,173.57966178872377,False
LOG-882877 ,Bhubaneswar_DLF,4G,173.57966178872377,False
LOG-808521 ,Bhubaneswar_DLF,4G,173.57966178872377,False
LOG-876676 ,Rourkela_Sector-5,5G,173.57966178872377,False
LOG-233241 ,Bhubaneswar_DLF,5G,173.57966178872377,False
LOG-839452 ,Sambalpur_Town,5G,173.57966178872377,False
LOG-253124 ,Rourkela_Sector-5,3G,173.57966178872377,False
LOG-565065 ,Rourkela_Sector-5,5G,173.57966178872377,False
LOG-304923 ,Bhubaneswar_DLF,5G,173.57966178872377,False
LOG-108036 ,Bhubaneswar_DLF,4G,173.57966178872377,False
LOG-656066 ,Rourkela_Sector-5,4G,173.57966178872377,False
LOG-254245 ,Rourkela_Sector-5,4G,173.57966178872377,False
LOG-785763 ,Rourkela_Sector-5,3G,-50.0,False
LOG-302747 ,Sambalpur_Town,5G,173.57966178872377,True
LOG-643088 ,Cuttack_LinkRoad,5G,173.57966178872377,False
LOG-387516 ,Bhubaneswar_DLF,5G,173.57966178872377,False
LOG-423660 ,Cuttack_LinkRoad,5G,173.57966178872377,False
LOG-906970 ,Rourkela_Sector-5,5G,173.57966178872377,False
LOG-950350 ,Sambalpur_Town,5G,173.57966178872377,False
LOG-433299 ,Bhubaneswar_DLF,4G,173.57966178872377,False
LOG-855600 ,Rourkela_Sector-5,5G,173.57966178872377,False
LOG-159500 ,Cuttack_LinkRoad,5G,173.57966178872377,False
LOG-267647 ,Cuttack_LinkRoad,4G,173.57966178872377,False
LOG-336527 ,Cuttack_LinkRoad,5G,173.57966178872377,False
LOG-535477 ,Rourkela_Sector-5,4G,173.57966178872377,False
LOG-734947 ,Sambalpur_Town,3G,173.57966178872377,False
LOG-652004 ,Sambalpur_Town,4G,173.57966178872377,False
LOG-496452 ,Rourkela_Sector-5,5G,173.57966178872377,True
LOG-509064 ,Rourkela_Sector-5,4G,173.57966178872377,False
LOG-102352 ,Rourkela_Sector-5,5G,173.57966178872377,False
LOG-233004 ,Sambalpur_Town,4G,173.57966178872377,False
LOG-962881 ,Bhubaneswar_DLF,5G,173.57966178872377,False
LOG-632844 ,Rourkela_Sector-5,5G,173.57966178872377,False
LOG-886261 ,Rourkela_Sector-5,3G,173.57966178872377,False
LOG-448980 ,Rourkela_Sector-5,5G,173.57966178872377,False
LOG-760858 ,Bhubaneswar_DLF,4G,173.57966178872377,False
LOG-831478 ,Bhubaneswar_DLF,5G,173.57966178872377,False
LOG-150098 ,Sambalpur_Town,4G,173.57966178872377,False
LOG-474313 ,Bhubaneswar_DLF,3G,173.57966178872377,False
LOG-764929 ,Cuttack_LinkRoad,5G,173.57966178872377,False
LOG-347199 ,Rourkela_Sector-5,5G,173.57966178872377,False
LOG-226060 ,Rourkela_Sector-5,4G,173.57966178872377,False
LOG-287954 ,Bhubaneswar_DLF,4G,173.57966178872377,False
LOG-825753 ,Rourkela_Sector-5,5G,173.57966178872377,False
LOG-230544 ,Rourkela_Sector-5,4G,173.57966178872377,False
LOG-624628 ,Sambalpur_Town,5G,173.57966178872377,False
LOG-799309 ,Bhubaneswar_DLF,5G,173.57966178872377,False
LOG-706590 ,Rourkela_Sector-5,5G,173.57966178872377,False
LOG-847028 ,Rourkela_Sector-5,4G,173.57966178872377,False
LOG-567243 ,Rourkela_Sector-5,4G,173.57966178872377,False
LOG-624426 ,Sambalpur_Town,5G,173.57966178872377,False
LOG-493574 ,Rourkela_Sector-5,5G,173.57966178872377,False
LOG-743907 ,Rourkela_Sector-5,4G,173.57966178872377,False
LOG-568466 ,Bhubaneswar_DLF,5G,173.57966178872377,False
LOG-971808 ,Rourkela_Sector-5,4G,173.57966178872377,False
LOG-724219 ,Rourkela_Sector-5,5G,173.57966178872377,True
LOG-256951 ,Rourkela_Sector-5,5G,173.57966178872377,False
LOG-967964 ,Rourkela_Sector-5,5G,173.57966178872377,False
LOG-942210 ,Rourkela_Sector-5,4G,173.57966178872377,False
LOG-662060 ,Rourkela_Sector-5,3G,9999.0,False
LOG-158478 ,Cuttack_LinkRoad,5G,173.57966178872377,False
LOG-557569 ,Rourkela_Sector-5,5G,173.57966178872377,False
LOG-651050 ,Cuttack_LinkRoad,5G,173.57966178872377,False
LOG-244355 ,Cuttack_LinkRoad,4G,173.57966178872377,False
LOG-819282 ,Bhubaneswar_DLF,4G,173.57966178872377,False
LOG-794780 ,Rourkela_Sector-5,3G,173.57966178872377,False
LOG-942000 ,Rourkela_Sector-5,4G,173.57966178872377,False
LOG-971522 ,Cuttack_LinkRoad,4G,173.57966178872377,False
LOG-906651 ,Bhubaneswar_DLF,5G,173.57966178872377,False
LOG-943601 ,Bhubaneswar_DLF,5G,173.57966178872377,False
LOG-593671 ,Rourkela_Sector-5,4G,173.57966178872377,False
LOG-699253 ,Sambalpur_Town,5G,173.57966178872377,False
LOG-277912 ,Rourkela_Sector-5,5G,173.57966178872377,False
LOG-275767 ,Rourkela_Sector-5,5G,173.57966178872377,False
LOG-336281 ,Bhubaneswar_DLF,5G,173.57966178872377,False
LOG-184754 ,Rourkela_Sector-5,5G,173.57966178872377,False
LOG-702276 ,Bhubaneswar_DLF,5G,173.57966178872377,False
LOG-551558 ,Cuttack_LinkRoad,5G,173.57966178872377,False
LOG-607732 ,Cuttack_LinkRoad,5G,173.57966178872377,False
LOG-250023 ,Sambalpur_Town,5G,173.57966178872377,False
LOG-756667 ,Bhubaneswar_DLF,4G,173.57966178872377,False
LOG-180388 ,Bhubaneswar_DLF,5G,173.57966178872377,False
LOG-977200 ,Rourkela_Sector-5,4G,173.57966178872377,False
LOG-921860 ,Bhubaneswar_DLF,4G,173.57966178872377,False
LOG-339779 ,Rourkela_Sector-5,4G,173.57966178872377,False
LOG-978453 ,Rourkela_Sector-5,4G,173.57966178872377,False
LOG-306846 ,Rourkela_Sector-5,5G,173.57966178872377,False
LOG-794335 ,Bhubaneswar_DLF,5G,173.57966178872377,False
LOG-232212 ,Bhubaneswar_DLF,4G,173.57966178872377,False
LOG-912853 ,Sambalpur_Town,5G,173.57966178872377,False
LOG-888140 ,Rourkela_Sector-5,5G,173.57966178872377,False
LOG-512811 ,Sambalpur_Town,5G,173.57966178872377,False
LOG-700309 ,Cuttack_LinkRoad,4G,173.57966178872377,False
LOG-259380 ,Bhubaneswar_DLF,5G,173.57966178872377,False
LOG-144789 ,Bhubaneswar_DLF,5G,173.57966178872377,False
LOG-126086 ,Rourkela_Sector-5,3G,173.57966178872377,False
LOG-379003 ,Cuttack_LinkRoad,4G,173.57966178872377,False
LOG-631972 ,Bhubaneswar_DLF,5G,173.57966178872377,False
LOG-191088 ,Sambalpur_Town,4G,173.57966178872377,False
LOG-494423 ,Bhubaneswar_DLF,5G,173.57966178872377,False
LOG-670387 ,Cuttack_LinkRoad,4G,173.57966178872377,False
LOG-690381 ,Cuttack_LinkRoad,5G,173.57966178872377,False
LOG-260761 ,Rourkela_Sector-5,5G,173.57966178872377,False
LOG-935083 ,Rourkela_Sector-5,4G,173.57966178872377,False
LOG-638181 ,Bhubaneswar_DLF,5G,173.57966178872377,False
LOG-591024 ,Bhubaneswar_DLF,5G,173.57966178872377,False
LOG-690706 ,Rourkela_Sector-5,4G,173.57966178872377,False
LOG-225074 ,Sambalpur_Town,5G,173.57966178872377,False
LOG-989497 ,Bhubaneswar_DLF,3G,173.57966178872377,False
LOG-230351 ,Sambalpur_Town,5G,173.57966178872377,False
LOG-815371 ,Cuttack_LinkRoad,5G,173.57966178872377,False
LOG-138635 ,Bhubaneswar_DLF,4G,173.57966178872377,False
LOG-195071 ,Sambalpur_Town,5G,173.57966178872377,False
LOG-565918 ,Bhubaneswar_DLF,5G,173.57966178872377,False
LOG-964950 ,Sambalpur_Town,5G,173.57966178872377,False
LOG-468377 ,Rourkela_Sector-5,3G,173.57966178872377,False
LOG-990083 ,Rourkela_Sector-5,5G,173.57966178872377,False
LOG-697093 ,Bhubaneswar_DLF,5G,173.57966178872377,False
LOG-521280 ,Bhubaneswar_DLF,5G,173.57966178872377,False
LOG-441207 ,Bhubaneswar_DLF,5G,173.57966178872377,False
LOG-364598 ,Bhubaneswar_DLF,5G,173.57966178872377,False
LOG-383022 ,Rourkela_Sector-5,4G,173.57966178872377,False
LOG-282170 ,Sambalpur_Town,3G,173.57966178872377,False
LOG-293226 ,Bhubaneswar_DLF,5G,173.57966178872377,False
LOG-244063 ,Bhubaneswar_DLF,5G,173.57966178872377,False
LOG-692632 ,Bhubaneswar_DLF,3G,173.57966178872377,False
LOG-991378 ,Cuttack_LinkRoad,5G,173.57966178872377,False
LOG-660881 ,Sambalpur_Town,5G,173.57966178872377,False
LOG-660592 ,Bhubaneswar_DLF,4G,173.57966178872377,True
LOG-523602 ,Rourkela_Sector-5,4G,173.57966178872377,False
LOG-810580 ,Bhubaneswar_DLF,5G,173.57966178872377,False
LOG-213613 ,Bhubaneswar_DLF,5G,173.57966178872377,False
LOG-824698 ,Sambalpur_Town,5G,173.57966178872377,False
LOG-587505 ,Rourkela_Sector-5,5G,173.57966178872377,False
LOG-514299 ,Sambalpur_Town,4G,173.57966178872377,False
LOG-642642 ,Bhubaneswar_DLF,5G,173.57966178872377,False
LOG-384334 ,Sambalpur_Town,4G,173.57966178872377,False
LOG-630430 ,Rourkela_Sector-5,5G,173.57966178872377,False
LOG-521614 ,Sambalpur_Town,5G,173.57966178872377,False
LOG-283043 ,Sambalpur_Town,5G,173.57966178872377,False
LOG-928294 ,Sambalpur_Town,4G,173.57966178872377,False
LOG-808770 ,Rourkela_Sector-5,4G,173.57966178872377,False
LOG-250575 ,Rourkela_Sector-5,5G,173.57966178872377,False
LOG-225438 ,Bhubaneswar_DLF,5G,173.57966178872377,False
LOG-672744 ,Rourkela_Sector-5,4G,173.57966178872377,False
LOG-724455 ,Rourkela_Sector-5,5G,173.57966178872377,False
LOG-968467 ,Rourkela_Sector-5,5G,173.57966178872377,False
LOG-894448 ,Bhubaneswar_DLF,5G,173.57966178872377,False
LOG-364528 ,Bhubaneswar_DLF,5G,173.57966178872377,False
LOG-293392 ,Rourkela_Sector-5,4G,173.57966178872377,False
LOG-508288 ,Rourkela_Sector-5,5G,173.57966178872377,False
LOG-202239 ,Bhubaneswar_DLF,4G,173.57966178872377,False
LOG-735719 ,Bhubaneswar_DLF,4G,173.57966178872377,False
LOG-966450 ,Rourkela_Sector-5,3G,173.57966178872377,False
LOG-664798 ,Rourkela_Sector-5,5G,173.57966178872377,False
LOG-804293 ,Sambalpur_Town,5G,173.57966178872377,False
LOG-908258 ,Sambalpur_Town,5G,173.57966178872377,False
LOG-430170 ,Sambalpur_Town,5G,173.57966178872377,False
LOG-221668 ,Sambalpur_Town,4G,173.57966178872377,False
LOG-866988 ,Rourkela_Sector-5,4G,173.57966178872377,False
LOG-518734 ,Bhubaneswar_DLF,4G,173.57966178872377,True
LOG-648333 ,Bhubaneswar_DLF,5G,173.57966178872377,False
LOG-281948 ,Bhubaneswar_DLF,5G,173.57966178872377,False
LOG-585662 ,Rourkela_Sector-5,5G,173.57966178872377,False
LOG-714390 ,Bhubaneswar_DLF,4G,173.57966178872377,False
LOG-414063 ,Bhubaneswar_DLF,5G,173.57966178872377,False
LOG-723729 ,Rourkela_Sector-5,5G,173.57966178872377,False
LOG-258175 ,Cuttack_LinkRoad,5G,-50.0,False
LOG-349877 ,Rourkela_Sector-5,3G,173.57966178872377,False
LOG-236917 ,Rourkela_Sector-5,4G,173.57966178872377,False
LOG-317770 ,Rourkela_Sector-5,4G,173.57966178872377,False
LOG-742613 ,Rourkela_Sector-5,4G,173.57966178872377,False
LOG-643625 ,Rourkela_Sector-5,5G,173.57966178872377,False
LOG-777673 ,Sambalpur_Town,5G,173.57966178872377,True
LOG-440093 ,Bhubaneswar_DLF,5G,173.57966178872377,False
LOG-886708 ,Bhubaneswar_DLF,5G,173.57966178872377,False
LOG-413295 ,Rourkela_Sector-5,4G,173.57966178872377,False
LOG-767304 ,Bhubaneswar_DLF,5G,173.57966178872377,False
LOG-939319 ,Cuttack_LinkRoad,5G,173.57966178872377,False
LOG-705730 ,Bhubaneswar_DLF,5G,173.57966178872377,False
LOG-149847 ,Cuttack_LinkRoad,5G,173.57966178872377,False
LOG-158653 ,Sambalpur_Town,4G,173.57966178872377,False
LOG-841432 ,Sambalpur_Town,5G,173.57966178872377,False
LOG-877949 ,Bhubaneswar_DLF,5G,-50.0,False
LOG-418766 ,Rourkela_Sector-5,5G,173.57966178872377,False
LOG-389954 ,Bhubaneswar_DLF,5G,173.57966178872377,False
LOG-177842 ,Bhubaneswar_DLF,5G,9999.0,False
LOG-372647 ,Cuttack_LinkRoad,5G,173.57966178872377,False
LOG-184761 ,Cuttack_LinkRoad,4G,173.57966178872377,False
LOG-530192 ,Cuttack_LinkRoad,5G,173.57966178872377,False
LOG-898022 ,Cuttack_LinkRoad,5G,173.57966178872377,False
LOG-616637 ,Rourkela_Sector-5,4G,173.57966178872377,False
LOG-766246 ,Rourkela_Sector-5,5G,173.57966178872377,False
LOG-428768 ,Rourkela_Sector-5,5G,173.57966178872377,False
LOG-788152 ,Sambalpur_Town,3G,173.57966178872377,False
LOG-502980 ,Cuttack_LinkRoad,4G,173.57966178872377,False
LOG-881198 ,Bhubaneswar_DLF,4G,173.57966178872377,False
LOG-220356 ,Cuttack_LinkRoad,5G,173.57966178872377,False
LOG-317228 ,Cuttack_LinkRoad,5G,173.57966178872377,True
LOG-142727 ,Sambalpur_Town,5G,173.57966178872377,False
LOG-440615 ,Cuttack_LinkRoad,5G,173.57966178872377,False
LOG-632356 ,Bhubaneswar_DLF,3G,173.57966178872377,False
LOG-741211 ,Bhubaneswar_DLF,5G,173.57966178872377,False
LOG-500511 ,Rourkela_Sector-5,5G,173.57966178872377,False
LOG-534376 ,Bhubaneswar_DLF,4G,173.57966178872377,False
LOG-111390 ,Bhubaneswar_DLF,4G,173.57966178872377,False
LOG-731040 ,Rourkela_Sector-5,3G,173.57966178872377,False
LOG-456898 ,Cuttack_LinkRoad,4G,173.57966178872377,False
LOG-438113 ,Bhubaneswar_DLF,5G,173.57966178872377,False
LOG-770398 ,Sambalpur_Town,4G,173.57966178872377,False
LOG-849078 ,Rourkela_Sector-5,5G,173.57966178872377,False
LOG-439208 ,Bhubaneswar_DLF,5G,173.57966178872377,False
LOG-121281 ,Bhubaneswar_DLF,4G,173.57966178872377,False
LOG-154189 ,Rourkela_Sector-5,4G,173.57966178872377,False
LOG-362093 ,Bhubaneswar_DLF,4G,173.57966178872377,False
LOG-410655 ,Rourkela_Sector-5,3G,173.57966178872377,False
LOG-746403 ,Rourkela_Sector-5,4G,173.57966178872377,False
LOG-632893 ,Rourkela_Sector-5,5G,173.57966178872377,False
LOG-462462 ,Rourkela_Sector-5,4G,173.57966178872377,False
LOG-494597 ,Cuttack_LinkRoad,4G,173.57966178872377,False
LOG-906242 ,Rourkela_Sector-5,3G,173.57966178872377,False
LOG-349415 ,Bhubaneswar_DLF,5G,173.57966178872377,False
LOG-779682 ,Cuttack_LinkRoad,5G,173.57966178872377,False
LOG-141869 ,Bhubaneswar_DLF,4G,173.57966178872377,False
LOG-657243 ,Sambalpur_Town,5G,173.57966178872377,False
LOG-685676 ,Cuttack_LinkRoad,5G,173.57966178872377,False
LOG-865612 ,Cuttack_LinkRoad,5G,173.57966178872377,True
LOG-110207 ,Rourkela_Sector-5,5G,173.57966178872377,False
LOG-318401 ,Cuttack_LinkRoad,4G,173.57966178872377,False
LOG-259292 ,Cuttack_LinkRoad,5G,173.57966178872377,False
LOG-577266 ,Rourkela_Sector-5,4G,173.57966178872377,False
LOG-596762 ,Rourkela_Sector-5,5G,173.57966178872377,False
LOG-305157 ,Rourkela_Sector-5,5G,173.57966178872377,False
LOG-122031 ,Cuttack_LinkRoad,5G,173.57966178872377,False
LOG-563937 ,Bhubaneswar_DLF,4G,173.57966178872377,False
LOG-967239 ,Cuttack_LinkRoad,5G,173.57966178872377,False
LOG-695600 ,Rourkela_Sector-5,4G,173.57966178872377,False
LOG-684054 ,Cuttack_LinkRoad,4G,173.57966178872377,False
LOG-243521 ,Rourkela_Sector-5,4G,173.57966178872377,False
LOG-451977 ,Rourkela_Sector-5,4G,173.57966178872377,False
LOG-287771 ,Bhubaneswar_DLF,5G,173.57966178872377,False
LOG-337199 ,Rourkela_Sector-5,5G,173.57966178872377,False
LOG-861019 ,Rourkela_Sector-5,5G,173.57966178872377,False
LOG-860129 ,Rourkela_Sector-5,5G,173.57966178872377,False
LOG-735329 ,Bhubaneswar_DLF,4G,173.57966178872377,False
LOG-740473 ,Sambalpur_Town,4G,173.57966178872377,False
LOG-277164 ,Cuttack_LinkRoad,5G,173.57966178872377,False
LOG-556887 ,Bhubaneswar_DLF,5G,173.57966178872377,False
LOG-634638 ,Rourkela_Sector-5,4G,173.57966178872377,False
LOG-851518 ,Bhubaneswar_DLF,5G,173.57966178872377,False
LOG-987291 ,Cuttack_LinkRoad,4G,173.57966178872377,False
LOG-613313 ,Rourkela_Sector-5,5G,173.57966178872377,False
LOG-885858 ,Rourkela_Sector-5,5G,173.57966178872377,False
LOG-168487 ,Rourkela_Sector-5,4G,173.57966178872377,False
LOG-248694 ,Cuttack_LinkRoad,5G,173.57966178872377,False
LOG-223853 ,Rourkela_Sector-5,4G,173.57966178872377,False
LOG-415261 ,Cuttack_LinkRoad,4G,173.57966178872377,False
LOG-335062 ,Rourkela_Sector-5,4G,173.57966178872377,False
LOG-551610 ,Rourkela_Sector-5,4G,173.57966178872377,False
LOG-333077 ,Bhubaneswar_DLF,5G,173.57966178872377,False
LOG-987516 ,Bhubaneswar_DLF,4G,173.57966178872377,False
LOG-123782 ,Rourkela_Sector-5,4G,173.57966178872377,False
LOG-609492 ,Rourkela_Sector-5,3G,173.57966178872377,False
LOG-914886 ,Rourkela_Sector-5,4G,173.57966178872377,False
LOG-954336 ,Rourkela_Sector-5,4G,173.57966178872377,False
LOG-754224 ,Rourkela_Sector-5,5G,173.57966178872377,False
LOG-508808 ,Sambalpur_Town,4G,173.57966178872377,False
LOG-253245 ,Bhubaneswar_DLF,4G,173.57966178872377,False
LOG-222258 ,Bhubaneswar_DLF,4G,173.57966178872377,False
LOG-735956 ,Rourkela_Sector-5,5G,173.57966178872377,False
LOG-554418 ,Rourkela_Sector-5,4G,-50.0,False
LOG-582616 ,Rourkela_Sector-5,5G,9999.0,False
LOG-486328 ,Bhubaneswar_DLF,5G,173.57966178872377,False
LOG-606581 ,Bhubaneswar_DLF,4G,173.57966178872377,False
LOG-523966 ,Rourkela_Sector-5,4G,173.57966178872377,False
LOG-378710 ,Cuttack_LinkRoad,5G,173.57966178872377,False
LOG-762550 ,Bhubaneswar_DLF,4G,173.57966178872377,False
LOG-662621 ,Rourkela_Sector-5,5G,173.57966178872377,False
LOG-484073 ,Rourkela_Sector-5,5G,173.57966178872377,False
LOG-836265 ,Bhubaneswar_DLF,5G,173.57966178872377,False
LOG-713859 ,Cuttack_LinkRoad,4G,173.57966178872377,False
LOG-220263 ,Rourkela_Sector-5,5G,173.57966178872377,False
LOG-649523 ,Rourkela_Sector-5,5G,173.57966178872377,False
LOG-100159 ,Bhubaneswar_DLF,4G,173.57966178872377,False
LOG-767505 ,Rourkela_Sector-5,5G,173.57966178872377,False
LOG-262993 ,Bhubaneswar_DLF,4G,173.57966178872377,False
LOG-467003 ,Bhubaneswar_DLF,4G,173.57966178872377,False
LOG-247309 ,Rourkela_Sector-5,4G,173.57966178872377,False
LOG-207507 ,Rourkela_Sector-5,5G,173.57966178872377,False
LOG-114743 ,Bhubaneswar_DLF,5G,173.57966178872377,False
LOG-852462 ,Rourkela_Sector-5,4G,173.57966178872377,False
LOG-146101 ,Rourkela_Sector-5,5G,173.57966178872377,False
LOG-342717 ,Cuttack_LinkRoad,5G,173.57966178872377,False
LOG-745822 ,Rourkela_Sector-5,5G,173.57966178872377,False
LOG-446371 ,Bhubaneswar_DLF,5G,173.57966178872377,False
LOG-330604 ,Rourkela_Sector-5,3G,173.57966178872377,False
LOG-287450 ,Bhubaneswar_DLF,4G,173.57966178872377,False
LOG-957558 ,Rourkela_Sector-5,5G,173.57966178872377,False
LOG-942503 ,Sambalpur_Town,5G,173.57966178872377,False
LOG-826481 ,Cuttack_LinkRoad,3G,173.57966178872377,False
LOG-436907 ,Rourkela_Sector-5,5G,173.57966178872377,True
LOG-587030 ,Bhubaneswar_DLF,4G,173.57966178872377,False
LOG-859710 ,Rourkela_Sector-5,5G,173.57966178872377,False
LOG-505453 ,Bhubaneswar_DLF,4G,173.57966178872377,False
LOG-771009 ,Cuttack_LinkRoad,4G,173.57966178872377,False
LOG-268785 ,Bhubaneswar_DLF,5G,173.57966178872377,False
LOG-304535 ,Rourkela_Sector-5,5G,173.57966178872377,False
LOG-800769 ,Bhubaneswar_DLF,5G,173.57966178872377,False
LOG-279838 ,Rourkela_Sector-5,4G,173.57966178872377,True
LOG-670442 ,Cuttack_LinkRoad,5G,173.57966178872377,False
LOG-369160 ,Bhubaneswar_DLF,4G,173.57966178872377,False
LOG-572779 ,Rourkela_Sector-5,5G,173.57966178872377,False
LOG-541904 ,Rourkela_Sector-5,4G,173.57966178872377,False
LOG-976110 ,Cuttack_LinkRoad,4G,-50.0,False
LOG-998488 ,Cuttack_LinkRoad,5G,173.57966178872377,False
LOG-678526 ,Rourkela_Sector-5,5G,173.57966178872377,False
LOG-420752 ,Rourkela_Sector-5,5G,173.57966178872377,True
LOG-713369 ,Bhubaneswar_DLF,4G,173.57966178872377,False
LOG-347644 ,Rourkela_Sector-5,5G,173.57966178872377,False
LOG-937393 ,Rourkela_Sector-5,5G,173.57966178872377,False
LOG-299775 ,Rourkela_Sector-5,3G,173.57966178872377,False
LOG-913349 ,Rourkela_Sector-5,5G,173.57966178872377,True
LOG-914422 ,Bhubaneswar_DLF,4G,173.57966178872377,False
LOG-162551 ,Sambalpur_Town,5G,173.57966178872377,False
LOG-834983 ,Bhubaneswar_DLF,5G,173.57966178872377,False
LOG-777800 ,Rourkela_Sector-5,5G,173.57966178872377,False
LOG-266277 ,Bhubaneswar_DLF,4G,173.57966178872377,False
LOG-180811 ,Bhubaneswar_DLF,5G,173.57966178872377,False
LOG-879128 ,Rourkela_Sector-5,4G,173.57966178872377,False
LOG-941535 ,Sambalpur_Town,5G,173.57966178872377,False
LOG-564028 ,Bhubaneswar_DLF,5G,173.57966178872377,False
LOG-468266 ,Sambalpur_Town,4G,173.57966178872377,False
LOG-334104 ,Bhubaneswar_DLF,5G,173.57966178872377,False
LOG-643296 ,Bhubaneswar_DLF,5G,173.57966178872377,False
LOG-302346 ,Rourkela_Sector-5,5G,173.57966178872377,True
LOG-656690 ,Bhubaneswar_DLF,4G,173.57966178872377,False
LOG-284456 ,Rourkela_Sector-5,4G,173.57966178872377,False
LOG-884282 ,Cuttack_LinkRoad,5G,173.57966178872377,False
LOG-499009 ,Cuttack_LinkRoad,5G,173.57966178872377,False
LOG-596043 ,Cuttack_LinkRoad,4G,173.57966178872377,False
LOG-236643 ,Cuttack_LinkRoad,4G,173.57966178872377,False
LOG-590083 ,Cuttack_LinkRoad,5G,173.57966178872377,False
LOG-213550 ,Rourkela_Sector-5,4G,173.57966178872377,False
LOG-584146 ,Bhubaneswar_DLF,5G,173.57966178872377,False
LOG-191218 ,Bhubaneswar_DLF,5G,173.57966178872377,False
LOG-233296 ,Bhubaneswar_DLF,5G,173.57966178872377,False
LOG-599909 ,Cuttack_LinkRoad,5G,173.57966178872377,False
LOG-618767 ,Rourkela_Sector-5,5G,173.57966178872377,False
LOG-279767 ,Rourkela_Sector-5,4G,173.57966178872377,False
LOG-491858 ,Sambalpur_Town,5G,173.57966178872377,False
LOG-865348 ,Bhubaneswar_DLF,5G,173.57966178872377,False
LOG-340016 ,Rourkela_Sector-5,5G,173.57966178872377,False
LOG-132441 ,Cuttack_LinkRoad,4G,173.57966178872377,False
LOG-338038 ,Sambalpur_Town,4G,173.57966178872377,False
LOG-794489 ,Rourkela_Sector-5,5G,173.57966178872377,True
LOG-855612 ,Cuttack_LinkRoad,5G,173.57966178872377,False
LOG-948800 ,Sambalpur_Town,5G,173.57966178872377,False
LOG-716410 ,Sambalpur_Town,5G,173.57966178872377,False
LOG-144760 ,Sambalpur_Town,5G,173.57966178872377,False
LOG-385622 ,Bhubaneswar_DLF,5G,173.57966178872377,False
LOG-958286 ,Rourkela_Sector-5,4G,173.57966178872377,False
LOG-980662 ,Rourkela_Sector-5,5G,173.57966178872377,False
LOG-447860 ,Rourkela_Sector-5,5G,173.57966178872377,False
LOG-767540 ,Bhubaneswar_DLF,5G,173.57966178872377,False
LOG-198538 ,Rourkela_Sector-5,4G,173.57966178872377,False
LOG-639660 ,Rourkela_Sector-5,5G,9999.0,False
LOG-916228 ,Rourkela_Sector-5,5G,173.57966178872377,False
LOG-611511 ,Rourkela_Sector-5,4G,173.57966178872377,False
LOG-321035 ,Cuttack_LinkRoad,5G,173.57966178872377,True
LOG-985258 ,Rourkela_Sector-5,5G,173.57966178872377,False
LOG-482736 ,Bhubaneswar_DLF,5G,173.57966178872377,True
LOG-455779 ,Bhubaneswar_DLF,3G,173.57966178872377,False
LOG-735310 ,Rourkela_Sector-5,5G,173.57966178872377,False
LOG-678328 ,Sambalpur_Town,4G,173.57966178872377,False
LOG-961789 ,Bhubaneswar_DLF,5G,173.57966178872377,False
LOG-826728 ,Rourkela_Sector-5,5G,173.57966178872377,False
LOG-702644 ,Rourkela_Sector-5,4G,173.57966178872377,False
LOG-378355 ,Rourkela_Sector-5,5G,-50.0,False
LOG-467570 ,Rourkela_Sector-5,5G,173.57966178872377,False
LOG-367986 ,Rourkela_Sector-5,5G,173.57966178872377,False
LOG-556331 ,Bhubaneswar_DLF,4G,173.57966178872377,True
LOG-953284 ,Sambalpur_Town,5G,173.57966178872377,False
LOG-487881 ,Bhubaneswar_DLF,5G,173.57966178872377,False
LOG-408112 ,Rourkela_Sector-5,5G,173.57966178872377,False
LOG-903940 ,Rourkela_Sector-5,5G,173.57966178872377,False
LOG-253077 ,Bhubaneswar_DLF,5G,173.57966178872377,False
LOG-154575 ,Rourkela_Sector-5,5G,173.57966178872377,False
LOG-573958 ,Rourkela_Sector-5,5G,173.57966178872377,False
LOG-774331 ,Cuttack_LinkRoad,4G,173.57966178872377,False
LOG-518815 ,Rourkela_Sector-5,5G,173.57966178872377,False
LOG-580808 ,Cuttack_LinkRoad,5G,173.57966178872377,False
LOG-691202 ,Rourkela_Sector-5,4G,173.57966178872377,False
LOG-873422 ,Sambalpur_Town,3G,173.57966178872377,False
LOG-691343 ,Bhubaneswar_DLF,4G,173.57966178872377,False
LOG-711985 ,Cuttack_LinkRoad,5G,173.57966178872377,False
LOG-730527 ,Rourkela_Sector-5,4G,173.57966178872377,False
LOG-335469 ,Sambalpur_Town,4G,173.57966178872377,False
LOG-223106 ,Cuttack_LinkRoad,5G,173.57966178872377,False
LOG-891787 ,Bhubaneswar_DLF,5G,173.57966178872377,False
LOG-940552 ,Bhubaneswar_DLF,5G,173.57966178872377,False
LOG-567835 ,Cuttack_LinkRoad,4G,173.57966178872377,False
LOG-400486 ,Rourkela_Sector-5,5G,173.57966178872377,False
LOG-102257 ,Bhubaneswar_DLF,5G,173.57966178872377,True
LOG-389508 ,Cuttack_LinkRoad,5G,173.57966178872377,False
LOG-780332 ,Rourkela_Sector-5,4G,173.57966178872377,False
LOG-211715 ,Rourkela_Sector-5,5G,173.57966178872377,False
LOG-126654 ,Bhubaneswar_DLF,4G,173.57966178872377,False
LOG-836129 ,Cuttack_LinkRoad,4G,173.57966178872377,False
LOG-443567 ,Rourkela_Sector-5,5G,173.57966178872377,False
LOG-391464 ,Rourkela_Sector-5,5G,173.57966178872377,False
LOG-645096 ,Rourkela_Sector-5,5G,173.57966178872377,False
LOG-676677 ,Cuttack_LinkRoad,4G,173.57966178872377,False
LOG-588906 ,Rourkela_Sector-5,4G,173.57966178872377,True
LOG-218581 ,Bhubaneswar_DLF,4G,173.57966178872377,False
LOG-227927 ,Rourkela_Sector-5,5G,173.57966178872377,False
LOG-134773 ,Cuttack_LinkRoad,5G,173.57966178872377,False
LOG-806528 ,Sambalpur_Town,5G,173.57966178872377,False
LOG-520963 ,Rourkela_Sector-5,5G,173.57966178872377,False
LOG-438540 ,Rourkela_Sector-5,4G,173.57966178872377,False
LOG-601590 ,Cuttack_LinkRoad,5G,173.57966178872377,False
LOG-469836 ,Rourkela_Sector-5,5G,173.57966178872377,False
LOG-314764 ,Rourkela_Sector-5,5G,173.57966178872377,False
LOG-681793 ,Cuttack_LinkRoad,5G,173.57966178872377,False
LOG-972328 ,Sambalpur_Town,5G,173.57966178872377,False
LOG-642423 ,Bhubaneswar_DLF,5G,173.57966178872377,False
LOG-715175 ,Rourkela_Sector-5,4G,173.57966178872377,False
LOG-222118 ,Rourkela_Sector-5,5G,173.57966178872377,False
LOG-409521 ,Rourkela_Sector-5,4G,173.57966178872377,False
LOG-254626 ,Cuttack_LinkRoad,5G,173.57966178872377,False
LOG-948923 ,Cuttack_LinkRoad,4G,173.57966178872377,False
LOG-345739 ,Sambalpur_Town,5G,173.57966178872377,False
LOG-944715 ,Rourkela_Sector-5,4G,173.57966178872377,False
LOG-578356 ,Bhubaneswar_DLF,4G,173.57966178872377,False
LOG-379067 ,Rourkela_Sector-5,5G,173.57966178872377,False
LOG-409735 ,Rourkela_Sector-5,5G,173.57966178872377,False
LOG-686549 ,Cuttack_LinkRoad,5G,173.57966178872377,False
LOG-416480 ,Rourkela_Sector-5,4G,173.57966178872377,False
LOG-436227 ,Bhubaneswar_DLF,5G,173.57966178872377,False
LOG-685236 ,Bhubaneswar_DLF,5G,173.57966178872377,False
LOG-340891 ,Sambalpur_Town,5G,173.57966178872377,False
LOG-264074 ,Cuttack_LinkRoad,4G,173.57966178872377,False
LOG-573314 ,Cuttack_LinkRoad,4G,173.57966178872377,False
LOG-609452 ,Bhubaneswar_DLF,5G,173.57966178872377,False
LOG-388816 ,Rourkela_Sector-5,5G,173.57966178872377,False
LOG-890645 ,Bhubaneswar_DLF,4G,173.57966178872377,False
LOG-241365 ,Bhubaneswar_DLF,4G,173.57966178872377,False
LOG-549076 ,Bhubaneswar_DLF,5G,173.57966178872377,False
LOG-162507 ,Bhubaneswar_DLF,5G,173.57966178872377,False
LOG-157134 ,Rourkela_Sector-5,4G,173.57966178872377,False
LOG-233172 ,Rourkela_Sector-5,5G,173.57966178872377,True
LOG-341225 ,Rourkela_Sector-5,5G,173.57966178872377,False
LOG-293069 ,Bhubaneswar_DLF,4G,173.57966178872377,False
LOG-914604 ,Bhubaneswar_DLF,5G,173.57966178872377,False
LOG-906564 ,Bhubaneswar_DLF,4G,173.57966178872377,False
LOG-873221 ,Rourkela_Sector-5,5G,173.57966178872377,False
LOG-904631 ,Rourkela_Sector-5,4G,173.57966178872377,False
LOG-660897 ,Cuttack_LinkRoad,5G,173.57966178872377,False
LOG-274037 ,Cuttack_LinkRoad,4G,173.57966178872377,False
LOG-763376 ,Bhubaneswar_DLF,5G,173.57966178872377,False
LOG-532995 ,Bhubaneswar_DLF,5G,173.57966178872377,False
LOG-596013 ,Rourkela_Sector-5,5G,173.57966178872377,False
LOG-394025 ,Cuttack_LinkRoad,4G,173.57966178872377,False
LOG-837954 ,Cuttack_LinkRoad,5G,173.57966178872377,False
LOG-910904 ,Bhubaneswar_DLF,5G,173.57966178872377,False
LOG-600098 ,Bhubaneswar_DLF,5G,173.57966178872377,False
LOG-807173 ,Bhubaneswar_DLF,5G,173.57966178872377,False
LOG-855728 ,Bhubaneswar_DLF,4G,173.57966178872377,True
LOG-357803 ,Bhubaneswar_DLF,3G,173.57966178872377,True
LOG-791381 ,Bhubaneswar_DLF,5G,173.57966178872377,False
LOG-416275 ,Bhubaneswar_DLF,5G,173.57966178872377,False
LOG-779447 ,Rourkela_Sector-5,3G,173.57966178872377,False
LOG-112828 ,Sambalpur_Town,4G,173.57966178872377,False
LOG-983096 ,Cuttack_LinkRoad,4G,173.57966178872377,False
LOG-616835 ,Rourkela_Sector-5,5G,173.57966178872377,False
LOG-756761 ,Bhubaneswar_DLF,5G,-50.0,False
LOG-901625 ,Rourkela_Sector-5,5G,173.57966178872377,False
LOG-323461 ,Rourkela_Sector-5,5G,173.57966178872377,False
LOG-538080 ,Rourkela_Sector-5,4G,173.57966178872377,False
LOG-513523 ,Bhubaneswar_DLF,5G,173.57966178872377,True
LOG-464662 ,Sambalpur_Town,5G,173.57966178872377,False
LOG-381755 ,Bhubaneswar_DLF,4G,173.57966178872377,False
LOG-799151 ,Bhubaneswar_DLF,5G,173.57966178872377,False
LOG-438384 ,Bhubaneswar_DLF,4G,173.57966178872377,False
LOG-339719 ,Rourkela_Sector-5,5G,173.57966178872377,False
LOG-832763 ,Rourkela_Sector-5,5G,173.57966178872377,False
LOG-889177 ,Cuttack_LinkRoad,5G,173.57966178872377,False
LOG-941675 ,Sambalpur_Town,5G,173.57966178872377,False
LOG-366010 ,Bhubaneswar_DLF,5G,173.57966178872377,False
LOG-787605 ,Bhubaneswar_DLF,5G,173.57966178872377,False
LOG-537940 ,Sambalpur_Town,5G,173.57966178872377,False
LOG-695642 ,Rourkela_Sector-5,4G,173.57966178872377,False
LOG-151374 ,Cuttack_LinkRoad,5G,173.57966178872377,False
LOG-214397 ,Bhubaneswar_DLF,5G,173.57966178872377,False
LOG-348552 ,Bhubaneswar_DLF,5G,173.57966178872377,False
LOG-486721 ,Rourkela_Sector-5,5G,173.57966178872377,False
LOG-523332 ,Bhubaneswar_DLF,5G,173.57966178872377,True
LOG-967461 ,Cuttack_LinkRoad,5G,173.57966178872377,False
LOG-980006 ,Rourkela_Sector-5,5G,173.57966178872377,False
LOG-392575 ,Bhubaneswar_DLF,5G,173.57966178872377,False
LOG-511124 ,Rourkela_Sector-5,5G,173.57966178872377,False
LOG-129336 ,Sambalpur_Town,3G,173.57966178872377,False
LOG-927424 ,Bhubaneswar_DLF,5G,173.57966178872377,False
LOG-155350 ,Cuttack_LinkRoad,5G,173.57966178872377,False
LOG-693849 ,Rourkela_Sector-5,4G,173.57966178872377,False
LOG-610470 ,Rourkela_Sector-5,4G,173.57966178872377,False
LOG-938387 ,Rourkela_Sector-5,4G,173.57966178872377,False
LOG-161240 ,Rourkela_Sector-5,5G,173.57966178872377,True
LOG-775453 ,Rourkela_Sector-5,4G,173.57966178872377,False
LOG-499371 ,Bhubaneswar_DLF,4G,173.57966178872377,False
LOG-670895 ,Rourkela_Sector-5,4G,173.57966178872377,False
LOG-811028 ,Bhubaneswar_DLF,5G,173.57966178872377,False
LOG-281196 ,Rourkela_Sector-5,5G,173.57966178872377,False
LOG-415014 ,Bhubaneswar_DLF,3G,173.57966178872377,False
LOG-549763 ,Cuttack_LinkRoad,5G,173.57966178872377,False
LOG-688398 ,Bhubaneswar_DLF,5G,9999.0,True
LOG-284626 ,Sambalpur_Town,5G,173.57966178872377,False
LOG-776296 ,Rourkela_Sector-5,5G,173.57966178872377,False
LOG-479039 ,Bhubaneswar_DLF,5G,173.57966178872377,False
LOG-628714 ,Bhubaneswar_DLF,5G,173.57966178872377,False
LOG-844199 ,Bhubaneswar_DLF,3G,9999.0,False
LOG-914038 ,Bhubaneswar_DLF,5G,173.57966178872377,False
LOG-541048 ,Bhubaneswar_DLF,5G,173.57966178872377,True
LOG-652439 ,Bhubaneswar_DLF,4G,173.57966178872377,False
LOG-373452 ,Bhubaneswar_DLF,5G,173.57966178872377,True
LOG-340853 ,Sambalpur_Town,5G,173.57966178872377,False
LOG-878883 ,Sambalpur_Town,5G,173.57966178872377,False
LOG-276743 ,Rourkela_Sector-5,5G,173.57966178872377,False
LOG-190306 ,Rourkela_Sector-5,5G,173.57966178872377,False
LOG-849468 ,Cuttack_LinkRoad,4G,173.57966178872377,False
LOG-993416 ,Sambalpur_Town,4G,173.57966178872377,False
LOG-626492 ,Rourkela_Sector-5,4G,173.57966178872377,False
LOG-192769 ,Rourkela_Sector-5,5G,173.57966178872377,True
LOG-187265 ,Sambalpur_Town,5G,173.57966178872377,False
LOG-917563 ,Cuttack_LinkRoad,5G,173.57966178872377,False
LOG-152428 ,Rourkela_Sector-5,5G,173.57966178872377,False
LOG-658158 ,Bhubaneswar_DLF,5G,173.57966178872377,False
LOG-727835 ,Sambalpur_Town,4G,173.57966178872377,False
LOG-860278 ,Cuttack_LinkRoad,5G,173.57966178872377,True
LOG-149067 ,Cuttack_LinkRoad,5G,173.57966178872377,False
LOG-862371 ,Cuttack_LinkRoad,5G,173.57966178872377,False
LOG-212217 ,Rourkela_Sector-5,5G,173.57966178872377,False
LOG-518184 ,Cuttack_LinkRoad,4G,173.57966178872377,False
LOG-723222 ,Rourkela_Sector-5,4G,173.57966178872377,False
LOG-242980 ,Sambalpur_Town,5G,173.57966178872377,False
LOG-602367 ,Rourkela_Sector-5,5G,173.57966178872377,False
LOG-436851 ,Sambalpur_Town,3G,173.57966178872377,False
LOG-309329 ,Rourkela_Sector-5,4G,173.57966178872377,False
LOG-357354 ,Bhubaneswar_DLF,3G,173.57966178872377,False
LOG-623406 ,Rourkela_Sector-5,5G,173.57966178872377,False
LOG-161215 ,Bhubaneswar_DLF,5G,173.57966178872377,False
LOG-811195 ,Cuttack_LinkRoad,5G,173.57966178872377,False
LOG-411573 ,Cuttack_LinkRoad,5G,173.57966178872377,False
LOG-968584 ,Bhubaneswar_DLF,4G,173.57966178872377,False
LOG-732336 ,Rourkela_Sector-5,5G,-50.0,False
LOG-269530 ,Sambalpur_Town,5G,173.57966178872377,False
LOG-277241 ,Cuttack_LinkRoad,5G,173.57966178872377,False
LOG-238731 ,Cuttack_LinkRoad,4G,173.57966178872377,False
LOG-553830 ,Cuttack_LinkRoad,5G,173.57966178872377,False
LOG-864265 ,Cuttack_LinkRoad,5G,173.57966178872377,False
LOG-439384 ,Bhubaneswar_DLF,4G,173.57966178872377,False
LOG-526009 ,Cuttack_LinkRoad,5G,173.57966178872377,False
LOG-213688 ,Bhubaneswar_DLF,5G,173.57966178872377,False
LOG-408617 ,Sambalpur_Town,5G,173.57966178872377,False
LOG-983194 ,Cuttack_LinkRoad,4G,173.57966178872377,False
LOG-844748 ,Rourkela_Sector-5,4G,173.57966178872377,False
LOG-590834 ,Rourkela_Sector-5,4G,173.57966178872377,False
LOG-993388 ,Rourkela_Sector-5,3G,173.57966178872377,False
LOG-480596 ,Rourkela_Sector-5,3G,173.57966178872377,False
LOG-811111 ,Bhubaneswar_DLF,4G,173.57966178872377,False
LOG-834275 ,Sambalpur_Town,5G,173.57966178872377,False
LOG-369150 ,Rourkela_Sector-5,4G,173.57966178872377,False
LOG-349243 ,Bhubaneswar_DLF,5G,173.57966178872377,False
LOG-698506 ,Sambalpur_Town,3G,173.57966178872377,False
LOG-296416 ,Cuttack_LinkRoad,4G,173.57966178872377,False
LOG-656718 ,Bhubaneswar_DLF,5G,173.57966178872377,False
LOG-123091 ,Cuttack_LinkRoad,5G,173.57966178872377,False
LOG-881413 ,Bhubaneswar_DLF,5G,173.57966178872377,False
LOG-648277 ,Rourkela_Sector-5,5G,173.57966178872377,False
LOG-175451 ,Rourkela_Sector-5,5G,173.57966178872377,False
LOG-118990 ,Rourkela_Sector-5,5G,173.57966178872377,False
LOG-452414 ,Rourkela_Sector-5,5G,173.57966178872377,False
LOG-966792 ,Sambalpur_Town,4G,173.57966178872377,False
LOG-350541 ,Cuttack_LinkRoad,5G,173.57966178872377,False
LOG-922513 ,Bhubaneswar_DLF,5G,173.57966178872377,False
LOG-766393 ,Bhubaneswar_DLF,5G,173.57966178872377,True
LOG-470416 ,Rourkela_Sector-5,4G,173.57966178872377,False
LOG-902673 ,Cuttack_LinkRoad,5G,173.57966178872377,False
LOG-224932 ,Cuttack_LinkRoad,5G,173.57966178872377,False
LOG-368083 ,Rourkela_Sector-5,5G,173.57966178872377,False
LOG-213000 ,Rourkela_Sector-5,5G,173.57966178872377,False
LOG-802922 ,Bhubaneswar_DLF,5G,173.57966178872377,False
LOG-659351 ,Bhubaneswar_DLF,5G,173.57966178872377,False
LOG-593216 ,Bhubaneswar_DLF,5G,173.57966178872377,True
LOG-832081 ,Bhubaneswar_DLF,4G,173.57966178872377,False
LOG-782405 ,Bhubaneswar_DLF,4G,173.57966178872377,False
LOG-609850 ,Rourkela_Sector-5,5G,173.57966178872377,False
LOG-537985 ,Rourkela_Sector-5,4G,173.57966178872377,False
LOG-933550 ,Bhubaneswar_DLF,5G,173.57966178872377,False
LOG-184703 ,Sambalpur_Town,5G,173.57966178872377,False
LOG-595164 ,Sambalpur_Town,5G,173.57966178872377,False
LOG-514841 ,Sambalpur_Town,5G,173.57966178872377,False
LOG-860084 ,Cuttack_LinkRoad,5G,173.57966178872377,False
LOG-752845 ,Bhubaneswar_DLF,4G,173.57966178872377,False
LOG-389220 ,Bhubaneswar_DLF,4G,173.57966178872377,False
LOG-353317 ,Sambalpur_Town,5G,173.57966178872377,False
LOG-295877 ,Rourkela_Sector-5,5G,173.57966178872377,False
LOG-931037 ,Bhubaneswar_DLF,5G,173.57966178872377,False
LOG-446709 ,Bhubaneswar_DLF,5G,173.57966178872377,False
LOG-581725 ,Bhubaneswar_DLF,5G,173.57966178872377,False
LOG-925553 ,Rourkela_Sector-5,3G,173.57966178872377,False
LOG-917865 ,Bhubaneswar_DLF,5G,173.57966178872377,False
LOG-667597 ,Cuttack_LinkRoad,4G,173.57966178872377,False
LOG-953900 ,Bhubaneswar_DLF,5G,173.57966178872377,False
LOG-537470 ,Cuttack_LinkRoad,4G,173.57966178872377,False
LOG-953725 ,Rourkela_Sector-5,4G,173.57966178872377,False
LOG-458402 ,Sambalpur_Town,4G,173.57966178872377,False
LOG-924837 ,Bhubaneswar_DLF,4G,173.57966178872377,False
LOG-667815 ,Bhubaneswar_DLF,5G,9999.0,False
LOG-963659 ,Rourkela_Sector-5,5G,173.57966178872377,False
LOG-848778 ,Rourkela_Sector-5,4G,173.57966178872377,False
LOG-239883 ,Bhubaneswar_DLF,5G,173.57966178872377,False
LOG-717632 ,Bhubaneswar_DLF,4G,173.57966178872377,True
LOG-255344 ,Bhubaneswar_DLF,5G,173.57966178872377,False
LOG-565226 ,Rourkela_Sector-5,5G,173.57966178872377,True
LOG-847852 ,Cuttack_LinkRoad,5G,173.57966178872377,False
LOG-671441 ,Cuttack_LinkRoad,4G,173.57966178872377,False
LOG-208042 ,Rourkela_Sector-5,4G,173.57966178872377,False
LOG-154110 ,Bhubaneswar_DLF,5G,173.57966178872377,False
LOG-245051 ,Cuttack_LinkRoad,5G,173.57966178872377,False
LOG-865419 ,Bhubaneswar_DLF,4G,173.57966178872377,False
LOG-863461 ,Rourkela_Sector-5,4G,173.57966178872377,False
LOG-128328 ,Bhubaneswar_DLF,5G,173.57966178872377,False
LOG-737199 ,Rourkela_Sector-5,4G,173.57966178872377,False
LOG-375011 ,Rourkela_Sector-5,5G,173.57966178872377,False
LOG-159234 ,Rourkela_Sector-5,5G,173.57966178872377,False
LOG-912283 ,Bhubaneswar_DLF,5G,173.57966178872377,False
LOG-917711 ,Rourkela_Sector-5,4G,173.57966178872377,False
LOG-872791 ,Sambalpur_Town,4G,173.57966178872377,False
LOG-327135 ,Rourkela_Sector-5,4G,173.57966178872377,False
LOG-697690 ,Rourkela_Sector-5,4G,173.57966178872377,False
LOG-901881 ,Bhubaneswar_DLF,5G,173.57966178872377,False
LOG-438365 ,Rourkela_Sector-5,4G,173.57966178872377,False
LOG-975512 ,Bhubaneswar_DLF,5G,173.57966178872377,False
LOG-629739 ,Rourkela_Sector-5,4G,173.57966178872377,False
LOG-187178 ,Rourkela_Sector-5,5G,173.57966178872377,False
LOG-950193 ,Rourkela_Sector-5,4G,173.57966178872377,False
LOG-336562 ,Bhubaneswar_DLF,4G,173.57966178872377,False
LOG-401014 ,Rourkela_Sector-5,4G,173.57966178872377,False
LOG-458710 ,Cuttack_LinkRoad,4G,173.57966178872377,False
LOG-485893 ,Bhubaneswar_DLF,5G,173.57966178872377,True
LOG-223765 ,Bhubaneswar_DLF,4G,173.57966178872377,False
LOG-487025 ,Bhubaneswar_DLF,5G,173.57966178872377,False
LOG-228389 ,Bhubaneswar_DLF,3G,173.57966178872377,False
LOG-813987 ,Sambalpur_Town,4G,173.57966178872377,False
LOG-297227 ,Rourkela_Sector-5,5G,173.57966178872377,False
LOG-592402 ,Rourkela_Sector-5,4G,173.57966178872377,False
LOG-911804 ,Rourkela_Sector-5,5G,173.57966178872377,False
LOG-890074 ,Rourkela_Sector-5,3G,173.57966178872377,False
LOG-360220 ,Rourkela_Sector-5,4G,-50.0,False
LOG-521217 ,Bhubaneswar_DLF,5G,173.57966178872377,False
LOG-396208 ,Bhubaneswar_DLF,5G,173.57966178872377,False
LOG-850186 ,Sambalpur_Town,5G,173.57966178872377,True
LOG-900554 ,Rourkela_Sector-5,4G,173.57966178872377,False
LOG-168431 ,Rourkela_Sector-5,4G,173.57966178872377,False
LOG-155745 ,Sambalpur_Town,5G,173.57966178872377,False
LOG-150081 ,Cuttack_LinkRoad,4G,173.57966178872377,False
LOG-316204 ,Bhubaneswar_DLF,5G,173.57966178872377,False
LOG-501415 ,Bhubaneswar_DLF,5G,173.57966178872377,False
LOG-700541 ,Cuttack_LinkRoad,5G,173.57966178872377,False
LOG-398335 ,Bhubaneswar_DLF,5G,173.57966178872377,False
LOG-896643 ,Rourkela_Sector-5,5G,173.57966178872377,False
LOG-211086 ,Cuttack_LinkRoad,5G,173.57966178872377,False
LOG-556285 ,Bhubaneswar_DLF,5G,173.57966178872377,False
LOG-514758 ,Rourkela_Sector-5,4G,173.57966178872377,False
LOG-524528 ,Bhubaneswar_DLF,5G,173.57966178872377,False
LOG-538458 ,Bhubaneswar_DLF,5G,173.57966178872377,False
LOG-988403 ,Sambalpur_Town,5G,173.57966178872377,False
LOG-718071 ,Rourkela_Sector-5,5G,173.57966178872377,False
LOG-749969 ,Sambalpur_Town,5G,173.57966178872377,False
LOG-712181 ,Bhubaneswar_DLF,5G,173.57966178872377,False
LOG-599797 ,Bhubaneswar_DLF,4G,173.57966178872377,False
LOG-258763 ,Rourkela_Sector-5,4G,173.57966178872377,False
LOG-702248 ,Cuttack_LinkRoad,5G,173.57966178872377,False
LOG-970820 ,Sambalpur_Town,5G,173.57966178872377,False
LOG-122601 ,Rourkela_Sector-5,5G,173.57966178872377,False
LOG-511236 ,Rourkela_Sector-5,5G,173.57966178872377,False
LOG-239227 ,Bhubaneswar_DLF,4G,173.57966178872377,False
LOG-824479 ,Cuttack_LinkRoad,4G,173.57966178872377,False
LOG-792137 ,Rourkela_Sector-5,4G,173.57966178872377,False
LOG-381854 ,Bhubaneswar_DLF,5G,173.57966178872377,False
LOG-470858 ,Bhubaneswar_DLF,4G,173.57966178872377,False
LOG-779892 ,Rourkela_Sector-5,5G,173.57966178872377,False
LOG-753015 ,Bhubaneswar_DLF,5G,173.57966178872377,False
LOG-687515 ,Rourkela_Sector-5,5G,173.57966178872377,False
LOG-760327 ,Cuttack_LinkRoad,4G,173.57966178872377,False
LOG-708577 ,Bhubaneswar_DLF,4G,173.57966178872377,False
LOG-251094 ,Bhubaneswar_DLF,5G,173.57966178872377,False
LOG-536679 ,Rourkela_Sector-5,5G,173.57966178872377,False
LOG-830031 ,Rourkela_Sector-5,4G,173.57966178872377,False
LOG-892154 ,Cuttack_LinkRoad,4G,173.57966178872377,True
LOG-782773 ,Bhubaneswar_DLF,5G,173.57966178872377,False
LOG-967482 ,Bhubaneswar_DLF,4G,173.57966178872377,False
LOG-602648 ,Bhubaneswar_DLF,5G,173.57966178872377,False
LOG-858108 ,Bhubaneswar_DLF,4G,173.57966178872377,False
LOG-861282 ,Rourkela_Sector-5,5G,173.57966178872377,False
LOG-579083 ,Rourkela_Sector-5,5G,173.57966178872377,False
LOG-445740 ,Rourkela_Sector-5,4G,173.57966178872377,False
LOG-953164 ,Cuttack_LinkRoad,4G,173.57966178872377,False
LOG-505513 ,Rourkela_Sector-5,5G,173.57966178872377,False
LOG-168323 ,Rourkela_Sector-5,5G,173.57966178872377,False
LOG-385960 ,Cuttack_LinkRoad,5G,173.57966178872377,True
LOG-664983 ,Rourkela_Sector-5,5G,173.57966178872377,False
LOG-512918 ,Bhubaneswar_DLF,4G,173.57966178872377,False
LOG-518458 ,Rourkela_Sector-5,5G,173.57966178872377,False
LOG-155841 ,Rourkela_Sector-5,4G,173.57966178872377,False
LOG-490642 ,Bhubaneswar_DLF,5G,173.57966178872377,False
LOG-298784 ,Rourkela_Sector-5,3G,173.57966178872377,False
LOG-207096 ,Cuttack_LinkRoad,5G,173.57966178872377,False
LOG-192764 ,Bhubaneswar_DLF,5G,173.57966178872377,False
LOG-546790 ,Rourkela_Sector-5,5G,173.57966178872377,False
LOG-710032 ,Rourkela_Sector-5,4G,173.57966178872377,False
LOG-914914 ,Bhubaneswar_DLF,5G,173.57966178872377,False
LOG-633459 ,Rourkela_Sector-5,5G,173.57966178872377,False
LOG-725043 ,Rourkela_Sector-5,4G,173.57966178872377,False
LOG-592148 ,Bhubaneswar_DLF,4G,173.57966178872377,False
LOG-732413 ,Cuttack_LinkRoad,4G,173.57966178872377,False
LOG-468226 ,Bhubaneswar_DLF,5G,173.57966178872377,False
LOG-103696 ,Cuttack_LinkRoad,5G,173.57966178872377,False
LOG-226310 ,Sambalpur_Town,4G,173.57966178872377,False
LOG-775673 ,Rourkela_Sector-5,5G,173.57966178872377,False
LOG-905581 ,Cuttack_LinkRoad,5G,173.57966178872377,False
LOG-939953 ,Cuttack_LinkRoad,5G,173.57966178872377,False
LOG-145740 ,Rourkela_Sector-5,3G,173.57966178872377,False
LOG-206611 ,Sambalpur_Town,5G,173.57966178872377,False
LOG-498172 ,Rourkela_Sector-5,4G,173.57966178872377,False
LOG-568947 ,Rourkela_Sector-5,5G,173.57966178872377,False
LOG-575828 ,Cuttack_LinkRoad,4G,173.57966178872377,False
LOG-873210 ,Bhubaneswar_DLF,4G,173.57966178872377,False
LOG-428785 ,Rourkela_Sector-5,5G,173.57966178872377,False
LOG-688099 ,Rourkela_Sector-5,5G,173.57966178872377,False
LOG-545376 ,Cuttack_LinkRoad,4G,173.57966178872377,False
LOG-806673 ,Cuttack_LinkRoad,5G,173.57966178872377,False
LOG-687520 ,Bhubaneswar_DLF,4G,173.57966178872377,False
LOG-901849 ,Sambalpur_Town,4G,173.57966178872377,False
LOG-780089 ,Rourkela_Sector-5,5G,173.57966178872377,False
LOG-212492 ,Rourkela_Sector-5,5G,173.57966178872377,False
LOG-130099 ,Bhubaneswar_DLF,5G,173.57966178872377,False
LOG-853494 ,Cuttack_LinkRoad,4G,173.57966178872377,False
LOG-523177 ,Rourkela_Sector-5,5G,173.57966178872377,False
LOG-742762 ,Rourkela_Sector-5,3G,173.57966178872377,True
LOG-371400 ,Cuttack_LinkRoad,3G,173.57966178872377,True
LOG-579336 ,Sambalpur_Town,5G,173.57966178872377,True
LOG-867876 ,Bhubaneswar_DLF,5G,173.57966178872377,False
LOG-658969 ,Rourkela_Sector-5,5G,173.57966178872377,False
LOG-191328 ,Sambalpur_Town,3G,173.57966178872377,False
LOG-842800 ,Sambalpur_Town,5G,173.57966178872377,False
LOG-405505 ,Bhubaneswar_DLF,5G,173.57966178872377,False
LOG-557719 ,Cuttack_LinkRoad,4G,173.57966178872377,False
LOG-134540 ,Cuttack_LinkRoad,5G,173.57966178872377,False
LOG-257608 ,Sambalpur_Town,5G,173.57966178872377,False
LOG-184700 ,Cuttack_LinkRoad,5G,173.57966178872377,False
LOG-440676 ,Bhubaneswar_DLF,4G,173.57966178872377,False
LOG-811935 ,Bhubaneswar_DLF,5G,173.57966178872377,False
LOG-489770 ,Bhubaneswar_DLF,5G,173.57966178872377,False
LOG-496087 ,Bhubaneswar_DLF,4G,173.57966178872377,False
LOG-146002 ,Cuttack_LinkRoad,5G,173.57966178872377,False
LOG-149812 ,Sambalpur_Town,4G,173.57966178872377,False
LOG-515842 ,Bhubaneswar_DLF,5G,173.57966178872377,False
LOG-815339 ,Bhubaneswar_DLF,5G,173.57966178872377,False
LOG-357906 ,Bhubaneswar_DLF,5G,173.57966178872377,False
LOG-208946 ,Bhubaneswar_DLF,5G,173.57966178872377,False
LOG-166668 ,Bhubaneswar_DLF,5G,173.57966178872377,False
LOG-199003 ,Rourkela_Sector-5,5G,173.57966178872377,False
LOG-835430 ,Bhubaneswar_DLF,5G,173.57966178872377,False
LOG-320462 ,Rourkela_Sector-5,5G,173.57966178872377,False
LOG-929430 ,Rourkela_Sector-5,5G,173.57966178872377,False
LOG-819174 ,Cuttack_LinkRoad,5G,-50.0,False
LOG-728889 ,Rourkela_Sector-5,5G,173.57966178872377,False
LOG-369956 ,Rourkela_Sector-5,4G,173.57966178872377,False
LOG-161844 ,Rourkela_Sector-5,5G,173.57966178872377,False
LOG-825453 ,Rourkela_Sector-5,5G,173.57966178872377,False
LOG-495395 ,Cuttack_LinkRoad,4G,173.57966178872377,False
LOG-799158 ,Bhubaneswar_DLF,5G,173.57966178872377,False
LOG-174601 ,Sambalpur_Town,5G,173.57966178872377,False
LOG-410001 ,Rourkela_Sector-5,5G,173.57966178872377,False
LOG-487699 ,Rourkela_Sector-5,4G,173.57966178872377,False
LOG-594700 ,Rourkela_Sector-5,5G,173.57966178872377,False
LOG-382844 ,Cuttack_LinkRoad,4G,173.57966178872377,False
LOG-882215 ,Bhubaneswar_DLF,4G,173.57966178872377,False
LOG-532680 ,Sambalpur_Town,5G,9999.0,False
LOG-273423 ,Bhubaneswar_DLF,4G,173.57966178872377,False
LOG-193330 ,Bhubaneswar_DLF,5G,173.57966178872377,False
LOG-325391 ,Cuttack_LinkRoad,5G,173.57966178872377,False
LOG-313606 ,Sambalpur_Town,5G,173.57966178872377,False
LOG-507085 ,Rourkela_Sector-5,4G,173.57966178872377,False
LOG-291387 ,Rourkela_Sector-5,5G,173.57966178872377,False
LOG-341133 ,Bhubaneswar_DLF,5G,173.57966178872377,False
LOG-586904 ,Bhubaneswar_DLF,4G,173.57966178872377,False
LOG-514170 ,Sambalpur_Town,4G,173.57966178872377,True
LOG-786915 ,Bhubaneswar_DLF,3G,173.57966178872377,False
LOG-425497 ,Rourkela_Sector-5,5G,173.57966178872377,False
LOG-575406 ,Sambalpur_Town,5G,173.57966178872377,False
LOG-538242 ,Cuttack_LinkRoad,5G,173.57966178872377,True
LOG-462916 ,Rourkela_Sector-5,4G,173.57966178872377,False
LOG-278048 ,Sambalpur_Town,5G,173.57966178872377,False
LOG-453646 ,Rourkela_Sector-5,4G,173.57966178872377,False
LOG-476087 ,Rourkela_Sector-5,5G,173.57966178872377,False
LOG-471994 ,Sambalpur_Town,4G,173.57966178872377,False
LOG-669383 ,Bhubaneswar_DLF,4G,-50.0,False
LOG-245342 ,Rourkela_Sector-5,4G,173.57966178872377,False
LOG-786268 ,Rourkela_Sector-5,5G,173.57966178872377,False
LOG-901955 ,Cuttack_LinkRoad,5G,173.57966178872377,False
LOG-162433 ,Rourkela_Sector-5,5G,173.57966178872377,False
LOG-644279 ,Bhubaneswar_DLF,5G,173.57966178872377,True
LOG-372919 ,Bhubaneswar_DLF,5G,173.57966178872377,False
LOG-571017 ,Rourkela_Sector-5,4G,173.57966178872377,False
LOG-447139 ,Bhubaneswar_DLF,5G,173.57966178872377,False
LOG-247745 ,Sambalpur_Town,4G,173.57966178872377,False
LOG-747096 ,Bhubaneswar_DLF,5G,173.57966178872377,False
LOG-782416 ,Rourkela_Sector-5,5G,173.57966178872377,False
LOG-237686 ,Rourkela_Sector-5,5G,173.57966178872377,False
LOG-107415 ,Bhubaneswar_DLF,4G,173.57966178872377,True
LOG-870326 ,Sambalpur_Town,5G,173.57966178872377,False
LOG-537100 ,Rourkela_Sector-5,4G,173.57966178872377,False
LOG-878493 ,Rourkela_Sector-5,5G,173.57966178872377,False
LOG-399188 ,Bhubaneswar_DLF,4G,173.57966178872377,False
LOG-812509 ,Bhubaneswar_DLF,5G,173.57966178872377,False
LOG-268616 ,Rourkela_Sector-5,5G,173.57966178872377,False
LOG-149976 ,Cuttack_LinkRoad,4G,173.57966178872377,False
LOG-525468 ,Rourkela_Sector-5,4G,173.57966178872377,False
LOG-365976 ,Cuttack_LinkRoad,5G,173.57966178872377,False
LOG-321883 ,Bhubaneswar_DLF,4G,173.57966178872377,False
LOG-311509 ,Bhubaneswar_DLF,5G,173.57966178872377,False
LOG-596965 ,Rourkela_Sector-5,4G,173.57966178872377,False
LOG-920580 ,Cuttack_LinkRoad,5G,173.57966178872377,False
LOG-863529 ,Rourkela_Sector-5,5G,173.57966178872377,False
LOG-618823 ,Rourkela_Sector-5,5G,173.57966178872377,False
LOG-319526 ,Bhubaneswar_DLF,4G,173.57966178872377,False
LOG-998662 ,Cuttack_LinkRoad,3G,173.57966178872377,False
LOG-447220 ,Rourkela_Sector-5,5G,173.57966178872377,False
LOG-924834 ,Rourkela_Sector-5,4G,173.57966178872377,False
LOG-813087 ,Cuttack_LinkRoad,5G,173.57966178872377,False
LOG-138578 ,Cuttack_LinkRoad,4G,173.57966178872377,False
LOG-714741 ,Rourkela_Sector-5,5G,173.57966178872377,False
LOG-515534 ,Bhubaneswar_DLF,5G,173.57966178872377,False
LOG-962147 ,Bhubaneswar_DLF,5G,173.57966178872377,False
LOG-308859 ,Bhubaneswar_DLF,5G,173.57966178872377,False
LOG-211435 ,Sambalpur_Town,5G,173.57966178872377,False
LOG-840389 ,Rourkela_Sector-5,4G,173.57966178872377,False
LOG-251538 ,Cuttack_LinkRoad,5G,173.57966178872377,True
LOG-982174 ,Bhubaneswar_DLF,4G,173.57966178872377,False
LOG-145475 ,Bhubaneswar_DLF,4G,173.57966178872377,False
LOG-946574 ,Bhubaneswar_DLF,5G,173.57966178872377,False
LOG-840520 ,Sambalpur_Town,5G,173.57966178872377,False
LOG-257636 ,Rourkela_Sector-5,4G,173.57966178872377,False
LOG-253484 ,Rourkela_Sector-5,4G,173.57966178872377,False
LOG-193526 ,Rourkela_Sector-5,3G,173.57966178872377,False
LOG-151001 ,Sambalpur_Town,4G,173.57966178872377,False
LOG-944081 ,Cuttack_LinkRoad,5G,173.57966178872377,False
LOG-292029 ,Bhubaneswar_DLF,4G,173.57966178872377,False
LOG-528733 ,Rourkela_Sector-5,5G,173.57966178872377,False
LOG-768516 ,Sambalpur_Town,5G,173.57966178872377,False
LOG-649999 ,Cuttack_LinkRoad,4G,173.57966178872377,False
LOG-654394 ,Bhubaneswar_DLF,4G,173.57966178872377,False
LOG-951890 ,Rourkela_Sector-5,3G,173.57966178872377,False
LOG-582488 ,Rourkela_Sector-5,5G,173.57966178872377,False
LOG-492573 ,Bhubaneswar_DLF,4G,173.57966178872377,False
LOG-317583 ,Cuttack_LinkRoad,4G,173.57966178872377,False
LOG-463898 ,Rourkela_Sector-5,4G,173.57966178872377,False
LOG-238286 ,Bhubaneswar_DLF,5G,173.57966178872377,False
LOG-327189 ,Rourkela_Sector-5,4G,173.57966178872377,False
LOG-226479 ,Cuttack_LinkRoad,5G,173.57966178872377,False
LOG-520343 ,Bhubaneswar_DLF,4G,173.57966178872377,False
LOG-236213 ,Rourkela_Sector-5,4G,173.57966178872377,False
LOG-653172 ,Bhubaneswar_DLF,4G,173.57966178872377,False
LOG-364852 ,Rourkela_Sector-5,5G,173.57966178872377,False
LOG-904807 ,Rourkela_Sector-5,5G,173.57966178872377,False
LOG-639376 ,Cuttack_LinkRoad,5G,173.57966178872377,False
LOG-419759 ,Rourkela_Sector-5,5G,173.57966178872377,False
LOG-472282 ,Rourkela_Sector-5,3G,173.57966178872377,False
LOG-800406 ,Rourkela_Sector-5,5G,173.57966178872377,False
LOG-372158 ,Rourkela_Sector-5,5G,-50.0,False
LOG-819785 ,Rourkela_Sector-5,4G,173.57966178872377,False
LOG-496489 ,Rourkela_Sector-5,5G,173.57966178872377,False
LOG-802495 ,Bhubaneswar_DLF,4G,173.57966178872377,False
LOG-464986 ,Rourkela_Sector-5,5G,173.57966178872377,False
LOG-590238 ,Cuttack_LinkRoad,5G,173.57966178872377,False
LOG-178077 ,Rourkela_Sector-5,4G,173.57966178872377,False
LOG-239784 ,Rourkela_Sector-5,5G,173.57966178872377,False
LOG-305776 ,Rourkela_Sector-5,5G,173.57966178872377,False
LOG-415018 ,Sambalpur_Town,5G,173.57966178872377,False
LOG-169087 ,Bhubaneswar_DLF,5G,173.57966178872377,False
LOG-898729 ,Cuttack_LinkRoad,4G,173.57966178872377,True
LOG-864629 ,Rourkela_Sector-5,4G,9999.0,False
LOG-913560 ,Cuttack_LinkRoad,5G,173.57966178872377,False
LOG-692656 ,Rourkela_Sector-5,4G,173.57966178872377,False
LOG-843859 ,Rourkela_Sector-5,4G,173.57966178872377,False
LOG-441102 ,Bhubaneswar_DLF,4G,173.57966178872377,False
LOG-395064 ,Rourkela_Sector-5,5G,173.57966178872377,False
LOG-351514 ,Sambalpur_Town,4G,173.57966178872377,False
LOG-242180 ,Rourkela_Sector-5,5G,173.57966178872377,False
LOG-884192 ,Sambalpur_Town,4G,173.57966178872377,False
LOG-535928 ,Bhubaneswar_DLF,3G,173.57966178872377,False
LOG-701891 ,Bhubaneswar_DLF,5G,173.57966178872377,False
LOG-133872 ,Rourkela_Sector-5,5G,173.57966178872377,False
LOG-372872 ,Rourkela_Sector-5,5G,173.57966178872377,False
LOG-457246 ,Sambalpur_Town,5G,-50.0,False
LOG-588535 ,Rourkela_Sector-5,5G,173.57966178872377,False
LOG-484193 ,Bhubaneswar_DLF,4G,173.57966178872377,True
LOG-907015 ,Sambalpur_Town,5G,173.57966178872377,True
LOG-185774 ,Rourkela_Sector-5,5G,173.57966178872377,True
LOG-488518 ,Bhubaneswar_DLF,5G,173.57966178872377,False
LOG-298522 ,Bhubaneswar_DLF,5G,173.57966178872377,False
LOG-320357 ,Rourkela_Sector-5,5G,173.57966178872377,False
LOG-512672 ,Rourkela_Sector-5,4G,173.57966178872377,False
LOG-977550 ,Bhubaneswar_DLF,5G,173.57966178872377,False
LOG-165942 ,Rourkela_Sector-5,3G,173.57966178872377,False
LOG-637977 ,Cuttack_LinkRoad,5G,173.57966178872377,False
LOG-657564 ,Rourkela_Sector-5,4G,173.57966178872377,False
LOG-609565 ,Sambalpur_Town,5G,173.57966178872377,False
LOG-622552 ,Rourkela_Sector-5,4G,173.57966178872377,False
LOG-726256 ,Bhubaneswar_DLF,4G,173.57966178872377,False
LOG-513089 ,Bhubaneswar_DLF,4G,173.57966178872377,False
LOG-899482 ,Rourkela_Sector-5,4G,173.57966178872377,False
LOG-690504 ,Rourkela_Sector-5,3G,173.57966178872377,False
LOG-839804 ,Cuttack_LinkRoad,4G,173.57966178872377,False
LOG-446184 ,Sambalpur_Town,4G,173.57966178872377,True
LOG-645932 ,Rourkela_Sector-5,4G,173.57966178872377,False
LOG-162021 ,Bhubaneswar_DLF,4G,173.57966178872377,False
LOG-792485 ,Rourkela_Sector-5,5G,173.57966178872377,False
LOG-560115 ,Rourkela_Sector-5,5G,173.57966178872377,False
LOG-142291 ,Bhubaneswar_DLF,4G,173.57966178872377,False
LOG-528276 ,Cuttack_LinkRoad,5G,173.57966178872377,False
LOG-494754 ,Rourkela_Sector-5,4G,173.57966178872377,False
LOG-403664 ,Sambalpur_Town,5G,173.57966178872377,False
LOG-125675 ,Rourkela_Sector-5,5G,173.57966178872377,False
LOG-773647 ,Bhubaneswar_DLF,4G,173.57966178872377,False
LOG-362318 ,Bhubaneswar_DLF,5G,173.57966178872377,True
LOG-192268 ,Bhubaneswar_DLF,5G,173.57966178872377,False
LOG-397142 ,Bhubaneswar_DLF,5G,173.57966178872377,False
LOG-808672 ,Rourkela_Sector-5,5G,173.57966178872377,False
LOG-729698 ,Cuttack_LinkRoad,4G,173.57966178872377,False
LOG-437369 ,Cuttack_LinkRoad,5G,173.57966178872377,True
LOG-931246 ,Rourkela_Sector-5,4G,173.57966178872377,False
LOG-447235 ,Cuttack_LinkRoad,5G,173.57966178872377,False
LOG-412863 ,Rourkela_Sector-5,3G,173.57966178872377,True
LOG-229887 ,Cuttack_LinkRoad,5G,173.57966178872377,False
LOG-396063 ,Rourkela_Sector-5,5G,173.57966178872377,False
LOG-435299 ,Rourkela_Sector-5,5G,173.57966178872377,False
LOG-433713 ,Rourkela_Sector-5,5G,173.57966178872377,False
LOG-927760 ,Bhubaneswar_DLF,5G,173.57966178872377,True
LOG-301554 ,Bhubaneswar_DLF,4G,173.57966178872377,False
LOG-911050 ,Rourkela_Sector-5,5G,173.57966178872377,False
LOG-658963 ,Rourkela_Sector-5,5G,173.57966178872377,False
LOG-595010 ,Rourkela_Sector-5,5G,9999.0,False
LOG-905351 ,Bhubaneswar_DLF,4G,173.57966178872377,False
LOG-890605 ,Bhubaneswar_DLF,5G,173.57966178872377,False
LOG-471513 ,Rourkela_Sector-5,5G,173.57966178872377,False
LOG-912832 ,Rourkela_Sector-5,5G,173.57966178872377,False
LOG-281517 ,Cuttack_LinkRoad,4G,173.57966178872377,False
LOG-170305 ,Rourkela_Sector-5,4G,173.57966178872377,False
LOG-792924 ,Rourkela_Sector-5,5G,173.57966178872377,False
LOG-539030 ,Rourkela_Sector-5,5G,173.57966178872377,False
LOG-572963 ,Bhubaneswar_DLF,5G,173.57966178872377,False
LOG-713079 ,Bhubaneswar_DLF,4G,173.57966178872377,False
LOG-259034 ,Bhubaneswar_DLF,5G,173.57966178872377,True
LOG-578108 ,Rourkela_Sector-5,4G,173.57966178872377,False
LOG-694821 ,Cuttack_LinkRoad,5G,173.57966178872377,False
LOG-287256 ,Rourkela_Sector-5,5G,173.57966178872377,False
LOG-576128 ,Cuttack_LinkRoad,5G,173.57966178872377,False
LOG-990023 ,Bhubaneswar_DLF,4G,173.57966178872377,False
LOG-765938 ,Bhubaneswar_DLF,4G,173.57966178872377,False
LOG-755348 ,Rourkela_Sector-5,3G,173.57966178872377,False
LOG-773984 ,Rourkela_Sector-5,5G,173.57966178872377,False
LOG-925626 ,Bhubaneswar_DLF,5G,173.57966178872377,False
LOG-472047 ,Bhubaneswar_DLF,5G,173.57966178872377,False
LOG-493605 ,Rourkela_Sector-5,5G,173.57966178872377,False
LOG-461447 ,Sambalpur_Town,5G,173.57966178872377,True
LOG-342188 ,Sambalpur_Town,5G,173.57966178872377,False
LOG-476047 ,Bhubaneswar_DLF,5G,173.57966178872377,False
LOG-953823 ,Sambalpur_Town,5G,173.57966178872377,False
LOG-337501 ,Rourkela_Sector-5,4G,173.57966178872377,False
LOG-420146 ,Rourkela_Sector-5,5G,173.57966178872377,False
LOG-397675 ,Rourkela_Sector-5,4G,-50.0,False
LOG-808175 ,Bhubaneswar_DLF,5G,173.57966178872377,False
LOG-629274 ,Rourkela_Sector-5,4G,9999.0,True
LOG-918730 ,Sambalpur_Town,5G,173.57966178872377,False
LOG-363625 ,Rourkela_Sector-5,5G,173.57966178872377,False
LOG-942840 ,Rourkela_Sector-5,3G,173.57966178872377,False
LOG-300339 ,Cuttack_LinkRoad,5G,173.57966178872377,False
LOG-746238 ,Rourkela_Sector-5,4G,173.57966178872377,False
LOG-225355 ,Rourkela_Sector-5,4G,173.57966178872377,False
LOG-127798 ,Bhubaneswar_DLF,5G,173.57966178872377,False
LOG-715937 ,Rourkela_Sector-5,4G,173.57966178872377,False
LOG-427031 ,Rourkela_Sector-5,4G,173.57966178872377,False
LOG-119477 ,Rourkela_Sector-5,5G,173.57966178872377,False
LOG-510482 ,Bhubaneswar_DLF,4G,173.57966178872377,False
LOG-317400 ,Sambalpur_Town,4G,173.57966178872377,False
LOG-317060 ,Cuttack_LinkRoad,5G,173.57966178872377,False
LOG-489959 ,Rourkela_Sector-5,5G,173.57966178872377,False
LOG-611181 ,Rourkela_Sector-5,5G,173.57966178872377,False
LOG-607831 ,Bhubaneswar_DLF,4G,173.57966178872377,False
LOG-505105 ,Sambalpur_Town,4G,173.57966178872377,False
LOG-386479 ,Rourkela_Sector-5,4G,173.57966178872377,False
LOG-448754 ,Rourkela_Sector-5,5G,173.57966178872377,False
LOG-373586 ,Cuttack_LinkRoad,5G,173.57966178872377,False
LOG-932721 ,Sambalpur_Town,4G,173.57966178872377,False
LOG-940179 ,Rourkela_Sector-5,5G,173.57966178872377,True
LOG-923759 ,Rourkela_Sector-5,4G,173.57966178872377,False
LOG-434971 ,Rourkela_Sector-5,4G,173.57966178872377,False
LOG-730752 ,Rourkela_Sector-5,5G,173.57966178872377,False
LOG-231184 ,Bhubaneswar_DLF,5G,173.57966178872377,False
LOG-187051 ,Bhubaneswar_DLF,5G,173.57966178872377,False
LOG-250653 ,Bhubaneswar_DLF,4G,173.57966178872377,False
LOG-345300 ,Rourkela_Sector-5,4G,173.57966178872377,False
LOG-684010 ,Rourkela_Sector-5,4G,173.57966178872377,False
LOG-192036 ,Rourkela_Sector-5,5G,173.57966178872377,True
LOG-852922 ,Rourkela_Sector-5,5G,173.57966178872377,False
LOG-247595 ,Cuttack_LinkRoad,4G,9999.0,False
LOG-953392 ,Rourkela_Sector-5,5G,173.57966178872377,False
LOG-872997 ,Rourkela_Sector-5,4G,173.57966178872377,False
LOG-381696 ,Rourkela_Sector-5,5G,173.57966178872377,False
LOG-616612 ,Bhubaneswar_DLF,5G,173.57966178872377,False
LOG-241880 ,Bhubaneswar_DLF,5G,173.57966178872377,False
LOG-335419 ,Cuttack_LinkRoad,5G,173.57966178872377,False
LOG-254692 ,Rourkela_Sector-5,4G,173.57966178872377,False
LOG-363031 ,Cuttack_LinkRoad,5G,173.57966178872377,False
LOG-393946 ,Rourkela_Sector-5,4G,173.57966178872377,False
LOG-709312 ,Rourkela_Sector-5,5G,173.57966178872377,False
LOG-588765 ,Sambalpur_Town,5G,173.57966178872377,False
LOG-870097 ,Rourkela_Sector-5,5G,173.57966178872377,False
LOG-742927 ,Bhubaneswar_DLF,5G,173.57966178872377,False
LOG-706226 ,Rourkela_Sector-5,5G,173.57966178872377,False
LOG-317813 ,Bhubaneswar_DLF,3G,173.57966178872377,False
LOG-876388 ,Cuttack_LinkRoad,5G,173.57966178872377,False
LOG-484890 ,Sambalpur_Town,5G,173.57966178872377,False
LOG-912481 ,Cuttack_LinkRoad,5G,173.57966178872377,False
LOG-439933 ,Bhubaneswar_DLF,5G,173.57966178872377,False
LOG-708814 ,Rourkela_Sector-5,5G,173.57966178872377,False
LOG-501062 ,Bhubaneswar_DLF,4G,173.57966178872377,False
LOG-583779 ,Cuttack_LinkRoad,5G,173.57966178872377,False
LOG-597952 ,Rourkela_Sector-5,5G,173.57966178872377,False
LOG-670508 ,Bhubaneswar_DLF,3G,173.57966178872377,False
LOG-932595 ,Cuttack_LinkRoad,5G,173.57966178872377,False
LOG-496981 ,Bhubaneswar_DLF,5G,173.57966178872377,False
LOG-479270 ,Rourkela_Sector-5,5G,173.57966178872377,False
LOG-967918 ,Sambalpur_Town,5G,173.57966178872377,False
LOG-175277 ,Rourkela_Sector-5,5G,173.57966178872377,False
LOG-619570 ,Rourkela_Sector-5,4G,173.57966178872377,False
LOG-583455 ,Bhubaneswar_DLF,4G,173.57966178872377,False
LOG-990677 ,Rourkela_Sector-5,4G,173.57966178872377,False
LOG-222332 ,Cuttack_LinkRoad,5G,173.57966178872377,False
LOG-334231 ,Rourkela_Sector-5,4G,173.57966178872377,False
LOG-647219 ,Rourkela_Sector-5,5G,173.57966178872377,False
LOG-189116 ,Rourkela_Sector-5,5G,173.57966178872377,False
LOG-351671 ,Sambalpur_Town,5G,173.57966178872377,False
LOG-942065 ,Bhubaneswar_DLF,5G,173.57966178872377,False
LOG-573918 ,Rourkela_Sector-5,4G,173.57966178872377,False
LOG-676201 ,Rourkela_Sector-5,4G,9999.0,False
LOG-874504 ,Rourkela_Sector-5,4G,173.57966178872377,False
LOG-719064 ,Bhubaneswar_DLF,4G,173.57966178872377,False
LOG-125991 ,Rourkela_Sector-5,4G,173.57966178872377,False
LOG-614265 ,Bhubaneswar_DLF,5G,173.57966178872377,False
LOG-810205 ,Bhubaneswar_DLF,5G,173.57966178872377,False
LOG-728380 ,Cuttack_LinkRoad,4G,173.57966178872377,False
LOG-329577 ,Bhubaneswar_DLF,5G,173.57966178872377,False
LOG-810672 ,Bhubaneswar_DLF,3G,173.57966178872377,False
LOG-503777 ,Rourkela_Sector-5,5G,173.57966178872377,False
LOG-861401 ,Cuttack_LinkRoad,5G,173.57966178872377,False
LOG-195556 ,Cuttack_LinkRoad,5G,173.57966178872377,False
LOG-949307 ,Rourkela_Sector-5,4G,173.57966178872377,False
LOG-256989 ,Sambalpur_Town,5G,173.57966178872377,False
LOG-424264 ,Rourkela_Sector-5,4G,173.57966178872377,False
LOG-495204 ,Rourkela_Sector-5,5G,173.57966178872377,False
LOG-606961 ,Rourkela_Sector-5,4G,173.57966178872377,False
LOG-996473 ,Sambalpur_Town,5G,173.57966178872377,False
LOG-752755 ,Bhubaneswar_DLF,5G,173.57966178872377,False
LOG-620616 ,Cuttack_LinkRoad,5G,173.57966178872377,False
LOG-507472 ,Rourkela_Sector-5,5G,173.57966178872377,False
LOG-480634 ,Bhubaneswar_DLF,5G,173.57966178872377,False
LOG-843088 ,Rourkela_Sector-5,4G,173.57966178872377,False
LOG-750443 ,Cuttack_LinkRoad,5G,173.57966178872377,False
LOG-390374 ,Rourkela_Sector-5,5G,173.57966178872377,False
LOG-598682 ,Rourkela_Sector-5,5G,173.57966178872377,False
LOG-159778 ,Rourkela_Sector-5,5G,173.57966178872377,False
LOG-145833 ,Sambalpur_Town,5G,173.57966178872377,False
LOG-909057 ,Bhubaneswar_DLF,5G,173.57966178872377,False
LOG-656376 ,Bhubaneswar_DLF,5G,173.57966178872377,False
LOG-835010 ,Bhubaneswar_DLF,5G,173.57966178872377,False
LOG-466081 ,Sambalpur_Town,5G,173.57966178872377,False
LOG-564507 ,Sambalpur_Town,4G,173.57966178872377,False
LOG-296375 ,Cuttack_LinkRoad,5G,173.57966178872377,False
LOG-176361 ,Rourkela_Sector-5,5G,173.57966178872377,False
LOG-450373 ,Rourkela_Sector-5,5G,173.57966178872377,False
LOG-235189 ,Sambalpur_Town,5G,173.57966178872377,False
LOG-714553 ,Bhubaneswar_DLF,5G,173.57966178872377,False
LOG-622154 ,Rourkela_Sector-5,4G,173.57966178872377,False
LOG-722006 ,Bhubaneswar_DLF,5G,173.57966178872377,False
LOG-422854 ,Sambalpur_Town,3G,173.57966178872377,False
LOG-719164 ,Rourkela_Sector-5,5G,173.57966178872377,False
LOG-130949 ,Bhubaneswar_DLF,4G,9999.0,False
LOG-837242 ,Cuttack_LinkRoad,4G,173.57966178872377,False
LOG-954568 ,Bhubaneswar_DLF,5G,173.57966178872377,False
LOG-211541 ,Rourkela_Sector-5,5G,173.57966178872377,False
LOG-819979 ,Sambalpur_Town,5G,173.57966178872377,False
LOG-161842 ,Sambalpur_Town,4G,173.57966178872377,False
LOG-588019 ,Cuttack_LinkRoad,5G,173.57966178872377,False
LOG-332930 ,Bhubaneswar_DLF,5G,173.57966178872377,False
LOG-389134 ,Rourkela_Sector-5,5G,173.57966178872377,False
LOG-771553 ,Sambalpur_Town,5G,173.57966178872377,False
LOG-392253 ,Rourkela_Sector-5,4G,173.57966178872377,False
LOG-230356 ,Cuttack_LinkRoad,4G,173.57966178872377,False
LOG-868917 ,Sambalpur_Town,5G,173.57966178872377,False
LOG-837090 ,Bhubaneswar_DLF,5G,173.57966178872377,False
LOG-789870 ,Cuttack_LinkRoad,5G,173.57966178872377,False
LOG-887738 ,Cuttack_LinkRoad,4G,-50.0,False
LOG-103849 ,Rourkela_Sector-5,4G,173.57966178872377,True
LOG-112360 ,Bhubaneswar_DLF,5G,173.57966178872377,False
LOG-473216 ,Rourkela_Sector-5,5G,173.57966178872377,False
LOG-877567 ,Bhubaneswar_DLF,4G,173.57966178872377,False
LOG-719055 ,Rourkela_Sector-5,5G,9999.0,False
LOG-361445 ,Bhubaneswar_DLF,5G,173.57966178872377,False
LOG-801160 ,Cuttack_LinkRoad,5G,173.57966178872377,False
LOG-621658 ,Sambalpur_Town,5G,173.57966178872377,False
LOG-530179 ,Rourkela_Sector-5,5G,173.57966178872377,False
LOG-154330 ,Bhubaneswar_DLF,3G,173.57966178872377,False
LOG-151707 ,Bhubaneswar_DLF,5G,173.57966178872377,False
LOG-380833 ,Sambalpur_Town,5G,173.57966178872377,False
LOG-653372 ,Bhubaneswar_DLF,5G,173.57966178872377,False
LOG-140387 ,Bhubaneswar_DLF,4G,173.57966178872377,False
LOG-961248 ,Sambalpur_Town,5G,173.57966178872377,False
LOG-626930 ,Rourkela_Sector-5,5G,173.57966178872377,False
LOG-928569 ,Sambalpur_Town,5G,173.57966178872377,False
LOG-573048 ,Sambalpur_Town,4G,173.57966178872377,False
LOG-286633 ,Sambalpur_Town,5G,173.57966178872377,False
LOG-948692 ,Rourkela_Sector-5,5G,173.57966178872377,False
LOG-770798 ,Bhubaneswar_DLF,5G,173.57966178872377,False
LOG-934874 ,Sambalpur_Town,5G,173.57966178872377,False
LOG-989493 ,Rourkela_Sector-5,3G,173.57966178872377,False
LOG-496210 ,Bhubaneswar_DLF,4G,173.57966178872377,False
LOG-878799 ,Rourkela_Sector-5,5G,173.57966178872377,False
LOG-487988 ,Rourkela_Sector-5,5G,173.57966178872377,False
LOG-461719 ,Bhubaneswar_DLF,5G,173.57966178872377,False
LOG-888245 ,Bhubaneswar_DLF,5G,173.57966178872377,False
LOG-979459 ,Rourkela_Sector-5,4G,173.57966178872377,False
LOG-184381 ,Bhubaneswar_DLF,5G,173.57966178872377,False
LOG-874168 ,Bhubaneswar_DLF,5G,173.57966178872377,False
LOG-941708 ,Bhubaneswar_DLF,3G,173.57966178872377,False
LOG-927675 ,Bhubaneswar_DLF,5G,173.57966178872377,False
LOG-293984 ,Bhubaneswar_DLF,5G,173.57966178872377,False
LOG-160272 ,Bhubaneswar_DLF,4G,-50.0,False
LOG-595916 ,Rourkela_Sector-5,4G,173.57966178872377,False
LOG-797411 ,Bhubaneswar_DLF,4G,173.57966178872377,False
LOG-838096 ,Bhubaneswar_DLF,4G,173.57966178872377,False
LOG-353091 ,Bhubaneswar_DLF,5G,-50.0,False
LOG-952050 ,Rourkela_Sector-5,5G,173.57966178872377,False
LOG-364064 ,Cuttack_LinkRoad,5G,173.57966178872377,False
LOG-206121 ,Rourkela_Sector-5,4G,173.57966178872377,False
LOG-570435 ,Sambalpur_Town,5G,173.57966178872377,False
LOG-701160 ,Rourkela_Sector-5,5G,173.57966178872377,False
LOG-967564 ,Sambalpur_Town,4G,173.57966178872377,False
LOG-364237 ,Bhubaneswar_DLF,5G,173.57966178872377,False
LOG-375049 ,Bhubaneswar_DLF,5G,173.57966178872377,False
LOG-746047 ,Rourkela_Sector-5,5G,173.57966178872377,False
LOG-517567 ,Rourkela_Sector-5,5G,173.57966178872377,False
LOG-393125 ,Rourkela_Sector-5,5G,173.57966178872377,False
LOG-960335 ,Rourkela_Sector-5,5G,173.57966178872377,False
LOG-957253 ,Bhubaneswar_DLF,5G,173.57966178872377,False
LOG-471344 ,Rourkela_Sector-5,5G,173.57966178872377,False
LOG-182289 ,Cuttack_LinkRoad,5G,173.57966178872377,False
LOG-740794 ,Rourkela_Sector-5,5G,173.57966178872377,False
LOG-702801 ,Sambalpur_Town,5G,173.57966178872377,False
LOG-513090 ,Bhubaneswar_DLF,5G,173.57966178872377,False
LOG-806291 ,Rourkela_Sector-5,5G,173.57966178872377,False
LOG-500890 ,Bhubaneswar_DLF,4G,173.57966178872377,True
LOG-412660 ,Rourkela_Sector-5,4G,173.57966178872377,False
LOG-359480 ,Rourkela_Sector-5,5G,173.57966178872377,True
LOG-886331 ,Bhubaneswar_DLF,5G,173.57966178872377,False
LOG-816046 ,Bhubaneswar_DLF,5G,173.57966178872377,False
LOG-588067 ,Sambalpur_Town,4G,173.57966178872377,True
LOG-431356 ,Bhubaneswar_DLF,3G,173.57966178872377,True
LOG-233498 ,Sambalpur_Town,5G,173.57966178872377,False
LOG-354024 ,Sambalpur_Town,4G,173.57966178872377,False
LOG-755258 ,Sambalpur_Town,4G,173.57966178872377,False
LOG-190009 ,Bhubaneswar_DLF,5G,173.57966178872377,False
LOG-823858 ,Rourkela_Sector-5,5G,173.57966178872377,False
LOG-523159 ,Rourkela_Sector-5,5G,173.57966178872377,False
LOG-821755 ,Bhubaneswar_DLF,5G,173.57966178872377,False
LOG-144816 ,Bhubaneswar_DLF,5G,173.57966178872377,False
LOG-104138 ,Rourkela_Sector-5,4G,173.57966178872377,True
LOG-191176 ,Bhubaneswar_DLF,5G,173.57966178872377,False
LOG-438089 ,Rourkela_Sector-5,5G,173.57966178872377,False
LOG-890449 ,Cuttack_LinkRoad,4G,173.57966178872377,False
LOG-896883 ,Rourkela_Sector-5,5G,173.57966178872377,False
LOG-818316 ,Bhubaneswar_DLF,5G,-50.0,False
LOG-456007 ,Cuttack_LinkRoad,5G,173.57966178872377,False
LOG-896710 ,Rourkela_Sector-5,5G,173.57966178872377,False
LOG-321552 ,Bhubaneswar_DLF,5G,173.57966178872377,False
LOG-143764 ,Cuttack_LinkRoad,4G,173.57966178872377,False
LOG-223030 ,Rourkela_Sector-5,5G,173.57966178872377,False
LOG-949375 ,Rourkela_Sector-5,5G,173.57966178872377,False
LOG-719955 ,Rourkela_Sector-5,5G,173.57966178872377,False
LOG-416462 ,Bhubaneswar_DLF,4G,173.57966178872377,False
LOG-989855 ,Bhubaneswar_DLF,4G,173.57966178872377,False
LOG-466142 ,Rourkela_Sector-5,4G,173.57966178872377,False
LOG-160128 ,Bhubaneswar_DLF,5G,173.57966178872377,False
LOG-319128 ,Rourkela_Sector-5,4G,-50.0,True
LOG-908301 ,Cuttack_LinkRoad,4G,173.57966178872377,False
LOG-333540 ,Rourkela_Sector-5,4G,173.57966178872377,False
LOG-105039 ,Cuttack_LinkRoad,5G,173.57966178872377,False
LOG-252353 ,Bhubaneswar_DLF,5G,173.57966178872377,False
LOG-212935 ,Cuttack_LinkRoad,5G,173.57966178872377,False
LOG-634730 ,Bhubaneswar_DLF,5G,173.57966178872377,False
LOG-960220 ,Bhubaneswar_DLF,4G,173.57966178872377,False
LOG-389730 ,Rourkela_Sector-5,5G,173.57966178872377,False
LOG-153053 ,Cuttack_LinkRoad,5G,173.57966178872377,False
LOG-281561 ,Bhubaneswar_DLF,5G,9999.0,False
LOG-838464 ,Bhubaneswar_DLF,5G,173.57966178872377,False
LOG-186346 ,Bhubaneswar_DLF,5G,173.57966178872377,False
LOG-429231 ,Cuttack_LinkRoad,5G,173.57966178872377,False
LOG-505841 ,Bhubaneswar_DLF,4G,173.57966178872377,False
LOG-658685 ,Rourkela_Sector-5,5G,173.57966178872377,False
LOG-420815 ,Bhubaneswar_DLF,4G,173.57966178872377,False
LOG-216214 ,Bhubaneswar_DLF,5G,173.57966178872377,False
LOG-585001 ,Sambalpur_Town,4G,173.57966178872377,False
LOG-953329 ,Cuttack_LinkRoad,5G,173.57966178872377,False
LOG-781509 ,Bhubaneswar_DLF,5G,173.57966178872377,True
LOG-498499 ,Rourkela_Sector-5,5G,173.57966178872377,False
LOG-500826 ,Cuttack_LinkRoad,5G,173.57966178872377,False
LOG-536542 ,Bhubaneswar_DLF,5G,173.57966178872377,False
LOG-377068 ,Sambalpur_Town,4G,173.57966178872377,False
LOG-737431 ,Rourkela_Sector-5,5G,173.57966178872377,False
LOG-472397 ,Rourkela_Sector-5,5G,173.57966178872377,False
LOG-462441 ,Rourkela_Sector-5,4G,173.57966178872377,False
LOG-887301 ,Bhubaneswar_DLF,5G,173.57966178872377,False
LOG-983520 ,Sambalpur_Town,5G,173.57966178872377,True
LOG-887446 ,Rourkela_Sector-5,4G,173.57966178872377,False
LOG-634391 ,Cuttack_LinkRoad,5G,173.57966178872377,False
LOG-575738 ,Bhubaneswar_DLF,4G,173.57966178872377,False
LOG-996749 ,Cuttack_LinkRoad,4G,173.57966178872377,True
LOG-526674 ,Rourkela_Sector-5,4G,173.57966178872377,False
LOG-182409 ,Cuttack_LinkRoad,4G,173.57966178872377,False
LOG-123248 ,Rourkela_Sector-5,5G,173.57966178872377,False
LOG-582376 ,Cuttack_LinkRoad,5G,173.57966178872377,False
LOG-798876 ,Rourkela_Sector-5,3G,173.57966178872377,False
LOG-779530 ,Bhubaneswar_DLF,5G,173.57966178872377,False
LOG-108024 ,Cuttack_LinkRoad,5G,173.57966178872377,False
LOG-575430 ,Rourkela_Sector-5,4G,173.57966178872377,False
LOG-334864 ,Rourkela_Sector-5,5G,173.57966178872377,False
LOG-972379 ,Bhubaneswar_DLF,5G,173.57966178872377,False
LOG-274875 ,Bhubaneswar_DLF,5G,173.57966178872377,False
LOG-453973 ,Bhubaneswar_DLF,5G,173.57966178872377,False
LOG-979140 ,Rourkela_Sector-5,5G,173.57966178872377,False
LOG-973096 ,Rourkela_Sector-5,3G,173.57966178872377,False
LOG-511473 ,Bhubaneswar_DLF,4G,173.57966178872377,False
LOG-243927 ,Rourkela_Sector-5,4G,173.57966178872377,False
LOG-185178 ,Sambalpur_Town,5G,173.57966178872377,False
LOG-987553 ,Rourkela_Sector-5,5G,173.57966178872377,True
LOG-616540 ,Bhubaneswar_DLF,5G,173.57966178872377,False
LOG-906457 ,Rourkela_Sector-5,5G,173.57966178872377,False
LOG-497674 ,Rourkela_Sector-5,5G,173.57966178872377,False
LOG-163610 ,Bhubaneswar_DLF,5G,173.57966178872377,False
LOG-695131 ,Bhubaneswar_DLF,5G,173.57966178872377,False
LOG-731525 ,Rourkela_Sector-5,5G,173.57966178872377,False
LOG-577177 ,Rourkela_Sector-5,3G,173.57966178872377,False
LOG-805191 ,Rourkela_Sector-5,5G,173.57966178872377,False
LOG-798787 ,Cuttack_LinkRoad,4G,173.57966178872377,False
LOG-587025 ,Bhubaneswar_DLF,5G,173.57966178872377,False
LOG-754587 ,Rourkela_Sector-5,5G,173.57966178872377,False
LOG-531722 ,Bhubaneswar_DLF,5G,173.57966178872377,False
LOG-105668 ,Cuttack_LinkRoad,5G,173.57966178872377,False
LOG-322542 ,Sambalpur_Town,5G,173.57966178872377,False
LOG-278267 ,Sambalpur_Town,5G,173.57966178872377,False
LOG-959665 ,Rourkela_Sector-5,4G,173.57966178872377,False
LOG-255489 ,Rourkela_Sector-5,5G,173.57966178872377,False
LOG-444126 ,Rourkela_Sector-5,5G,173.57966178872377,False
LOG-730421 ,Cuttack_LinkRoad,5G,173.57966178872377,False
LOG-897183 ,Sambalpur_Town,5G,173.57966178872377,False
LOG-408362 ,Bhubaneswar_DLF,4G,173.57966178872377,False
LOG-893784 ,Rourkela_Sector-5,5G,173.57966178872377,False
LOG-834412 ,Bhubaneswar_DLF,5G,173.57966178872377,False
LOG-188835 ,Rourkela_Sector-5,5G,173.57966178872377,False
LOG-721781 ,Rourkela_Sector-5,4G,173.57966178872377,False
LOG-915359 ,Bhubaneswar_DLF,5G,173.57966178872377,False
LOG-796454 ,Rourkela_Sector-5,4G,173.57966178872377,False
LOG-201948 ,Rourkela_Sector-5,5G,173.57966178872377,False
LOG-285194 ,Bhubaneswar_DLF,4G,173.57966178872377,True
LOG-653781 ,Rourkela_Sector-5,4G,173.57966178872377,False
LOG-566755 ,Rourkela_Sector-5,4G,173.57966178872377,False
LOG-393851 ,Rourkela_Sector-5,5G,173.57966178872377,False
LOG-824174 ,Sambalpur_Town,5G,173.57966178872377,False
LOG-238368 ,Cuttack_LinkRoad,5G,173.57966178872377,False
LOG-256470 ,Rourkela_Sector-5,5G,173.57966178872377,False
LOG-397986 ,Bhubaneswar_DLF,5G,173.57966178872377,False
LOG-113261 ,Rourkela_Sector-5,4G,173.57966178872377,False
LOG-176709 ,Bhubaneswar_DLF,5G,173.57966178872377,False
LOG-720273 ,Cuttack_LinkRoad,5G,173.57966178872377,False
LOG-468760 ,Sambalpur_Town,4G,173.57966178872377,False
LOG-953605 ,Bhubaneswar_DLF,5G,173.57966178872377,False
LOG-393925 ,Sambalpur_Town,4G,173.57966178872377,False
LOG-375796 ,Sambalpur_Town,4G,173.57966178872377,False
LOG-367247 ,Sambalpur_Town,4G,173.57966178872377,False
LOG-387644 ,Bhubaneswar_DLF,4G,173.57966178872377,False
LOG-870692 ,Rourkela_Sector-5,5G,173.57966178872377,False
LOG-724624 ,Rourkela_Sector-5,5G,173.57966178872377,False
LOG-528745 ,Rourkela_Sector-5,5G,173.57966178872377,False
LOG-737787 ,Rourkela_Sector-5,5G,173.57966178872377,False
LOG-773812 ,Cuttack_LinkRoad,5G,173.57966178872377,False
LOG-935825 ,Bhubaneswar_DLF,4G,173.57966178872377,False
LOG-524390 ,Sambalpur_Town,5G,173.57966178872377,False
LOG-557666 ,Rourkela_Sector-5,5G,173.57966178872377,False
LOG-790796 ,Rourkela_Sector-5,4G,173.57966178872377,False
LOG-409550 ,Cuttack_LinkRoad,5G,173.57966178872377,False
LOG-425203 ,Rourkela_Sector-5,5G,173.57966178872377,False
LOG-771314 ,Rourkela_Sector-5,5G,173.57966178872377,False
LOG-444866 ,Sambalpur_Town,4G,173.57966178872377,False
LOG-875107 ,Cuttack_LinkRoad,4G,173.57966178872377,False
LOG-636644 ,Bhubaneswar_DLF,4G,173.57966178872377,False
LOG-752416 ,Cuttack_LinkRoad,5G,173.57966178872377,False
LOG-102187 ,Bhubaneswar_DLF,4G,173.57966178872377,False
LOG-963675 ,Cuttack_LinkRoad,5G,173.57966178872377,False
LOG-921530 ,Cuttack_LinkRoad,5G,173.57966178872377,False
LOG-585687 ,Rourkela_Sector-5,5G,173.57966178872377,False
LOG-776585 ,Bhubaneswar_DLF,5G,173.57966178872377,False
LOG-758966 ,Rourkela_Sector-5,5G,173.57966178872377,False
LOG-944052 ,Rourkela_Sector-5,4G,173.57966178872377,False
LOG-526044 ,Sambalpur_Town,5G,173.57966178872377,False
LOG-226270 ,Bhubaneswar_DLF,5G,173.57966178872377,False
LOG-900819 ,Cuttack_LinkRoad,5G,173.57966178872377,False
LOG-431607 ,Cuttack_LinkRoad,5G,173.57966178872377,False
LOG-867286 ,Sambalpur_Town,5G,173.57966178872377,False
LOG-865791 ,Sambalpur_Town,4G,173.57966178872377,False
LOG-453827 ,Bhubaneswar_DLF,4G,173.57966178872377,False
LOG-686349 ,Rourkela_Sector-5,4G,173.57966178872377,False
LOG-859785 ,Rourkela_Sector-5,4G,173.57966178872377,False
LOG-181257 ,Bhubaneswar_DLF,5G,173.57966178872377,False
LOG-161753 ,Rourkela_Sector-5,4G,173.57966178872377,False
LOG-971206 ,Bhubaneswar_DLF,5G,173.57966178872377,False
LOG-504303 ,Bhubaneswar_DLF,5G,173.57966178872377,False
LOG-524032 ,Sambalpur_Town,5G,173.57966178872377,False
LOG-123408 ,Cuttack_LinkRoad,5G,173.57966178872377,False
LOG-224116 ,Bhubaneswar_DLF,5G,173.57966178872377,False
LOG-755496 ,Rourkela_Sector-5,5G,173.57966178872377,True
LOG-117413 ,Rourkela_Sector-5,5G,173.57966178872377,False
LOG-737938 ,Rourkela_Sector-5,4G,173.57966178872377,False
LOG-159500 ,Cuttack_LinkRoad,5G,173.57966178872377,False
LOG-970946 ,Rourkela_Sector-5,5G,173.57966178872377,False
LOG-156358 ,Cuttack_LinkRoad,4G,173.57966178872377,False
LOG-166197 ,Bhubaneswar_DLF,5G,173.57966178872377,False
LOG-593992 ,Rourkela_Sector-5,4G,173.57966178872377,False
LOG-848149 ,Rourkela_Sector-5,4G,173.57966178872377,False
LOG-323492 ,Bhubaneswar_DLF,5G,173.57966178872377,False
LOG-885833 ,Bhubaneswar_DLF,5G,173.57966178872377,False
LOG-526070 ,Cuttack_LinkRoad,5G,173.57966178872377,False
LOG-176240 ,Cuttack_LinkRoad,5G,173.57966178872377,False
LOG-335595 ,Bhubaneswar_DLF,5G,173.57966178872377,False
LOG-622710 ,Cuttack_LinkRoad,5G,173.57966178872377,False
LOG-845423 ,Bhubaneswar_DLF,5G,173.57966178872377,False
LOG-378466 ,Sambalpur_Town,5G,173.57966178872377,False
LOG-999485 ,Rourkela_Sector-5,5G,173.57966178872377,False
LOG-106968 ,Cuttack_LinkRoad,4G,173.57966178872377,False
LOG-389662 ,Rourkela_Sector-5,5G,173.57966178872377,False
LOG-938357 ,Rourkela_Sector-5,4G,173.57966178872377,False
LOG-290920 ,Rourkela_Sector-5,5G,173.57966178872377,True
LOG-998332 ,Bhubaneswar_DLF,4G,173.57966178872377,False
LOG-979854 ,Rourkela_Sector-5,5G,173.57966178872377,False
LOG-363844 ,Rourkela_Sector-5,5G,173.57966178872377,False
LOG-980214 ,Sambalpur_Town,5G,173.57966178872377,False
LOG-332076 ,Cuttack_LinkRoad,5G,173.57966178872377,False
LOG-123199 ,Cuttack_LinkRoad,5G,173.57966178872377,False
LOG-537805 ,Cuttack_LinkRoad,5G,173.57966178872377,False
LOG-263187 ,Sambalpur_Town,5G,173.57966178872377,False
LOG-555150 ,Bhubaneswar_DLF,5G,173.57966178872377,False
LOG-609551 ,Rourkela_Sector-5,5G,173.57966178872377,False
LOG-613942 ,Sambalpur_Town,5G,173.57966178872377,False
LOG-809676 ,Cuttack_LinkRoad,5G,173.57966178872377,False
LOG-105520 ,Bhubaneswar_DLF,3G,173.57966178872377,False
LOG-734102 ,Bhubaneswar_DLF,5G,173.57966178872377,False
LOG-267527 ,Bhubaneswar_DLF,4G,173.57966178872377,False
LOG-870644 ,Sambalpur_Town,5G,173.57966178872377,False
LOG-747652 ,Rourkela_Sector-5,5G,173.57966178872377,False
LOG-639243 ,Sambalpur_Town,5G,173.57966178872377,False
LOG-275121 ,Sambalpur_Town,5G,173.57966178872377,False
LOG-769277 ,Bhubaneswar_DLF,4G,173.57966178872377,False
LOG-571797 ,Bhubaneswar_DLF,5G,173.57966178872377,False
LOG-350144 ,Rourkela_Sector-5,4G,173.57966178872377,True
LOG-164925 ,Rourkela_Sector-5,5G,173.57966178872377,False
LOG-469360 ,Rourkela_Sector-5,5G,173.57966178872377,False
LOG-694557 ,Cuttack_LinkRoad,5G,173.57966178872377,False
LOG-403602 ,Bhubaneswar_DLF,5G,173.57966178872377,False
LOG-451181 ,Rourkela_Sector-5,5G,173.57966178872377,False
LOG-776473 ,Rourkela_Sector-5,5G,173.57966178872377,False
LOG-199977 ,Sambalpur_Town,5G,173.57966178872377,False
LOG-605838 ,Rourkela_Sector-5,3G,173.57966178872377,False
LOG-619163 ,Sambalpur_Town,5G,173.57966178872377,False
LOG-583442 ,Rourkela_Sector-5,4G,173.57966178872377,False
LOG-930371 ,Bhubaneswar_DLF,5G,173.57966178872377,False
LOG-129345 ,Rourkela_Sector-5,5G,173.57966178872377,False
LOG-879976 ,Bhubaneswar_DLF,4G,173.57966178872377,False
LOG-472251 ,Bhubaneswar_DLF,4G,173.57966178872377,False
LOG-886086 ,Rourkela_Sector-5,5G,173.57966178872377,False
LOG-593814 ,Bhubaneswar_DLF,5G,173.57966178872377,False
LOG-431310 ,Bhubaneswar_DLF,5G,173.57966178872377,False
LOG-803221 ,Bhubaneswar_DLF,4G,173.57966178872377,False
LOG-197406 ,Cuttack_LinkRoad,5G,173.57966178872377,False
LOG-411442 ,Rourkela_Sector-5,4G,173.57966178872377,False
LOG-407086 ,Bhubaneswar_DLF,5G,173.57966178872377,False
LOG-627741 ,Sambalpur_Town,5G,173.57966178872377,False
LOG-727099 ,Sambalpur_Town,4G,173.57966178872377,False
LOG-679223 ,Sambalpur_Town,3G,173.57966178872377,False
LOG-484583 ,Rourkela_Sector-5,5G,173.57966178872377,False
LOG-798730 ,Cuttack_LinkRoad,4G,173.57966178872377,False
LOG-894760 ,Bhubaneswar_DLF,4G,173.57966178872377,False
LOG-115534 ,Rourkela_Sector-5,4G,173.57966178872377,False
LOG-971712 ,Cuttack_LinkRoad,3G,173.57966178872377,False
LOG-660608 ,Bhubaneswar_DLF,5G,173.57966178872377,False
LOG-673458 ,Rourkela_Sector-5,4G,-50.0,False
LOG-200546 ,Rourkela_Sector-5,4G,173.57966178872377,False
LOG-704489 ,Cuttack_LinkRoad,5G,173.57966178872377,False
LOG-858761 ,Rourkela_Sector-5,5G,173.57966178872377,False
LOG-370784 ,Rourkela_Sector-5,5G,173.57966178872377,False
LOG-331324 ,Bhubaneswar_DLF,4G,173.57966178872377,False
LOG-584273 ,Rourkela_Sector-5,4G,173.57966178872377,True
LOG-785409 ,Sambalpur_Town,5G,173.57966178872377,False
LOG-498834 ,Bhubaneswar_DLF,5G,173.57966178872377,False
LOG-333612 ,Bhubaneswar_DLF,5G,173.57966178872377,False
LOG-811413 ,Sambalpur_Town,5G,173.57966178872377,False
LOG-406081 ,Bhubaneswar_DLF,5G,173.57966178872377,False
LOG-825084 ,Rourkela_Sector-5,5G,173.57966178872377,False
LOG-243279 ,Cuttack_LinkRoad,4G,173.57966178872377,False
LOG-296846 ,Bhubaneswar_DLF,5G,173.57966178872377,True
LOG-788332 ,Rourkela_Sector-5,4G,173.57966178872377,False
LOG-504015 ,Cuttack_LinkRoad,5G,173.57966178872377,False
LOG-826448 ,Cuttack_LinkRoad,3G,173.57966178872377,False
LOG-522132 ,Cuttack_LinkRoad,5G,173.57966178872377,False
LOG-170463 ,Sambalpur_Town,4G,173.57966178872377,False
LOG-193500 ,Cuttack_LinkRoad,5G,173.57966178872377,False
LOG-307772 ,Cuttack_LinkRoad,5G,173.57966178872377,False
LOG-661446 ,Sambalpur_Town,5G,173.57966178872377,False
LOG-184607 ,Rourkela_Sector-5,5G,173.57966178872377,False
LOG-869305 ,Rourkela_Sector-5,4G,173.57966178872377,False
LOG-433840 ,Cuttack_LinkRoad,5G,173.57966178872377,False
LOG-947942 ,Bhubaneswar_DLF,3G,173.57966178872377,False
LOG-220076 ,Rourkela_Sector-5,5G,173.57966178872377,False
LOG-158692 ,Rourkela_Sector-5,3G,173.57966178872377,False
LOG-755129 ,Rourkela_Sector-5,5G,173.57966178872377,False
LOG-817104 ,Bhubaneswar_DLF,5G,173.57966178872377,False
LOG-902242 ,Cuttack_LinkRoad,5G,173.57966178872377,False
LOG-261081 ,Sambalpur_Town,4G,173.57966178872377,False
LOG-211718 ,Cuttack_LinkRoad,5G,173.57966178872377,True
LOG-453076 ,Cuttack_LinkRoad,5G,173.57966178872377,False
LOG-624480 ,Bhubaneswar_DLF,5G,173.57966178872377,False
LOG-347536 ,Rourkela_Sector-5,5G,173.57966178872377,False
LOG-136413 ,Rourkela_Sector-5,5G,173.57966178872377,False
LOG-243888 ,Bhubaneswar_DLF,5G,173.57966178872377,False
LOG-663370 ,Rourkela_Sector-5,4G,173.57966178872377,False
LOG-951480 ,Bhubaneswar_DLF,4G,173.57966178872377,False
LOG-747418 ,Bhubaneswar_DLF,4G,173.57966178872377,False
LOG-675228 ,Bhubaneswar_DLF,5G,173.57966178872377,False
LOG-787490 ,Sambalpur_Town,5G,173.57966178872377,True
LOG-664430 ,Bhubaneswar_DLF,3G,173.57966178872377,False
LOG-622780 ,Rourkela_Sector-5,5G,173.57966178872377,False
LOG-136468 ,Bhubaneswar_DLF,5G,173.57966178872377,False
LOG-766015 ,Bhubaneswar_DLF,4G,173.57966178872377,False
LOG-278969 ,Rourkela_Sector-5,5G,173.57966178872377,False
LOG-523291 ,Rourkela_Sector-5,5G,173.57966178872377,False
LOG-595413 ,Bhubaneswar_DLF,5G,173.57966178872377,False
LOG-336187 ,Sambalpur_Town,5G,173.57966178872377,False
LOG-142056 ,Bhubaneswar_DLF,5G,173.57966178872377,False
LOG-151831 ,Sambalpur_Town,5G,173.57966178872377,False
LOG-945623 ,Cuttack_LinkRoad,5G,173.57966178872377,False
LOG-873952 ,Rourkela_Sector-5,4G,173.57966178872377,False
LOG-526488 ,Cuttack_LinkRoad,5G,173.57966178872377,False
LOG-732405 ,Bhubaneswar_DLF,4G,173.57966178872377,False
LOG-376815 ,Rourkela_Sector-5,5G,173.57966178872377,False
LOG-389192 ,Bhubaneswar_DLF,4G,173.57966178872377,False
LOG-912395 ,Cuttack_LinkRoad,4G,173.57966178872377,False
LOG-668242 ,Rourkela_Sector-5,4G,173.57966178872377,False
LOG-565525 ,Sambalpur_Town,4G,173.57966178872377,False
LOG-333192 ,Cuttack_LinkRoad,5G,173.57966178872377,False
LOG-457574 ,Sambalpur_Town,5G,173.57966178872377,False
LOG-625005 ,Rourkela_Sector-5,5G,173.57966178872377,False
LOG-373820 ,Sambalpur_Town,5G,173.57966178872377,False
LOG-497650 ,Rourkela_Sector-5,5G,173.57966178872377,False
LOG-280882 ,Rourkela_Sector-5,5G,173.57966178872377,False
LOG-218696 ,Cuttack_LinkRoad,5G,173.57966178872377,False
LOG-104994 ,Cuttack_LinkRoad,4G,173.57966178872377,False
LOG-890666 ,Bhubaneswar_DLF,4G,173.57966178872377,False
LOG-169300 ,Bhubaneswar_DLF,5G,173.57966178872377,False
LOG-406093 ,Rourkela_Sector-5,5G,173.57966178872377,False
LOG-661693 ,Bhubaneswar_DLF,4G,173.57966178872377,False
LOG-397016 ,Bhubaneswar_DLF,5G,173.57966178872377,False
LOG-404359 ,Bhubaneswar_DLF,5G,173.57966178872377,False
LOG-647473 ,Bhubaneswar_DLF,5G,173.57966178872377,False
LOG-798802 ,Sambalpur_Town,5G,173.57966178872377,False
LOG-616479 ,Bhubaneswar_DLF,5G,173.57966178872377,False
LOG-544975 ,Cuttack_LinkRoad,4G,173.57966178872377,False
LOG-927585 ,Sambalpur_Town,5G,173.57966178872377,False
LOG-439679 ,Bhubaneswar_DLF,5G,173.57966178872377,False
LOG-757941 ,Rourkela_Sector-5,4G,173.57966178872377,False
LOG-151717 ,Rourkela_Sector-5,4G,173.57966178872377,False
LOG-102763 ,Cuttack_LinkRoad,5G,173.57966178872377,False
LOG-455054 ,Rourkela_Sector-5,4G,173.57966178872377,False
LOG-155480 ,Bhubaneswar_DLF,3G,173.57966178872377,False
LOG-794119 ,Rourkela_Sector-5,4G,173.57966178872377,False
LOG-307139 ,Rourkela_Sector-5,4G,173.57966178872377,False
LOG-218094 ,Bhubaneswar_DLF,4G,173.57966178872377,False
LOG-780667 ,Sambalpur_Town,5G,173.57966178872377,False
LOG-851731 ,Bhubaneswar_DLF,4G,173.57966178872377,False
LOG-635352 ,Sambalpur_Town,4G,173.57966178872377,False
LOG-176848 ,Sambalpur_Town,5G,173.57966178872377,False
LOG-661836 ,Rourkela_Sector-5,5G,173.57966178872377,False
LOG-268017 ,Rourkela_Sector-5,4G,173.57966178872377,False
LOG-892908 ,Cuttack_LinkRoad,3G,173.57966178872377,False
LOG-544972 ,Sambalpur_Town,5G,173.57966178872377,False
LOG-976533 ,Bhubaneswar_DLF,5G,173.57966178872377,False
LOG-626670 ,Sambalpur_Town,4G,173.57966178872377,False
LOG-542899 ,Rourkela_Sector-5,5G,173.57966178872377,False
LOG-581215 ,Rourkela_Sector-5,5G,173.57966178872377,False
LOG-800636 ,Bhubaneswar_DLF,5G,173.57966178872377,False
LOG-585097 ,Bhubaneswar_DLF,5G,173.57966178872377,False
LOG-603516 ,Rourkela_Sector-5,4G,173.57966178872377,False
LOG-520162 ,Rourkela_Sector-5,5G,173.57966178872377,False
LOG-703986 ,Rourkela_Sector-5,5G,173.57966178872377,False
LOG-870050 ,Bhubaneswar_DLF,5G,173.57966178872377,False
LOG-867669 ,Sambalpur_Town,5G,173.57966178872377,False
LOG-145095 ,Sambalpur_Town,4G,173.57966178872377,True
LOG-573146 ,Bhubaneswar_DLF,5G,173.57966178872377,True
LOG-492118 ,Bhubaneswar_DLF,5G,173.57966178872377,False
LOG-913629 ,Bhubaneswar_DLF,5G,173.57966178872377,False
LOG-646298 ,Rourkela_Sector-5,5G,173.57966178872377,False
LOG-517339 ,Rourkela_Sector-5,4G,173.57966178872377,False
LOG-450067 ,Rourkela_Sector-5,5G,173.57966178872377,False
LOG-758250 ,Cuttack_LinkRoad,4G,173.57966178872377,False
LOG-492670 ,Sambalpur_Town,5G,173.57966178872377,False
LOG-209162 ,Bhubaneswar_DLF,5G,173.57966178872377,False
LOG-483071 ,Cuttack_LinkRoad,4G,9999.0,False
LOG-370170 ,Rourkela_Sector-5,4G,173.57966178872377,False
LOG-427069 ,Bhubaneswar_DLF,4G,173.57966178872377,False
LOG-693130 ,Cuttack_LinkRoad,5G,173.57966178872377,False
LOG-395809 ,Bhubaneswar_DLF,5G,173.57966178872377,False
LOG-371421 ,Rourkela_Sector-5,4G,173.57966178872377,False
LOG-273311 ,Sambalpur_Town,5G,173.57966178872377,False
LOG-540880 ,Cuttack_LinkRoad,4G,173.57966178872377,False
LOG-934440 ,Sambalpur_Town,4G,173.57966178872377,False
LOG-901115 ,Cuttack_LinkRoad,4G,173.57966178872377,False
LOG-756030 ,Sambalpur_Town,4G,173.57966178872377,False
LOG-320283 ,Rourkela_Sector-5,5G,173.57966178872377,False
LOG-773249 ,Rourkela_Sector-5,4G,173.57966178872377,False
LOG-548828 ,Rourkela_Sector-5,5G,173.57966178872377,False
LOG-799895 ,Rourkela_Sector-5,5G,173.57966178872377,False
LOG-440686 ,Bhubaneswar_DLF,5G,173.57966178872377,False
LOG-416463 ,Bhubaneswar_DLF,5G,173.57966178872377,False
LOG-345144 ,Bhubaneswar_DLF,4G,173.57966178872377,False
LOG-978499 ,Rourkela_Sector-5,3G,173.57966178872377,False
LOG-776999 ,Sambalpur_Town,5G,173.57966178872377,False
LOG-295784 ,Rourkela_Sector-5,5G,173.57966178872377,False
LOG-876505 ,Rourkela_Sector-5,4G,173.57966178872377,False
LOG-431119 ,Cuttack_LinkRoad,4G,173.57966178872377,False
LOG-263244 ,Cuttack_LinkRoad,4G,173.57966178872377,False
LOG-552413 ,Bhubaneswar_DLF,4G,173.57966178872377,False
LOG-201158 ,Rourkela_Sector-5,4G,173.57966178872377,False
LOG-898009 ,Bhubaneswar_DLF,5G,173.57966178872377,False
LOG-963731 ,Rourkela_Sector-5,4G,173.57966178872377,False
LOG-906608 ,Rourkela_Sector-5,4G,9999.0,False
LOG-163972 ,Bhubaneswar_DLF,4G,173.57966178872377,False
LOG-583007 ,Rourkela_Sector-5,5G,173.57966178872377,True
LOG-534219 ,Rourkela_Sector-5,4G,173.57966178872377,False
LOG-382140 ,Bhubaneswar_DLF,5G,173.57966178872377,False
LOG-725210 ,Sambalpur_Town,5G,173.57966178872377,False
LOG-973030 ,Sambalpur_Town,4G,173.57966178872377,False
LOG-660219 ,Bhubaneswar_DLF,5G,173.57966178872377,False
LOG-748456 ,Rourkela_Sector-5,5G,173.57966178872377,False
LOG-266782 ,Rourkela_Sector-5,4G,173.57966178872377,False
LOG-223099 ,Rourkela_Sector-5,4G,173.57966178872377,False
LOG-658981 ,Bhubaneswar_DLF,4G,173.57966178872377,False
LOG-208944 ,Bhubaneswar_DLF,5G,173.57966178872377,False
LOG-848943 ,Bhubaneswar_DLF,4G,173.57966178872377,False
LOG-831862 ,Bhubaneswar_DLF,5G,173.57966178872377,False
LOG-903806 ,Rourkela_Sector-5,4G,173.57966178872377,False
LOG-347572 ,Bhubaneswar_DLF,5G,173.57966178872377,False
LOG-443615 ,Rourkela_Sector-5,4G,173.57966178872377,False
LOG-670201 ,Bhubaneswar_DLF,5G,173.57966178872377,False
LOG-297097 ,Bhubaneswar_DLF,3G,173.57966178872377,False
LOG-930948 ,Bhubaneswar_DLF,5G,9999.0,True
LOG-712084 ,Bhubaneswar_DLF,4G,173.57966178872377,False
LOG-388213 ,Bhubaneswar_DLF,5G,173.57966178872377,False
LOG-184811 ,Rourkela_Sector-5,4G,173.57966178872377,False
LOG-290121 ,Rourkela_Sector-5,5G,173.57966178872377,False
LOG-857180 ,Bhubaneswar_DLF,5G,173.57966178872377,False
LOG-480172 ,Rourkela_Sector-5,4G,173.57966178872377,False
LOG-663466 ,Bhubaneswar_DLF,4G,173.57966178872377,False
LOG-919253 ,Cuttack_LinkRoad,5G,173.57966178872377,False
LOG-554151 ,Sambalpur_Town,5G,173.57966178872377,False
LOG-641287 ,Sambalpur_Town,4G,173.57966178872377,False
LOG-555738 ,Rourkela_Sector-5,4G,173.57966178872377,False
LOG-400856 ,Sambalpur_Town,5G,173.57966178872377,False
LOG-295623 ,Bhubaneswar_DLF,4G,173.57966178872377,False
LOG-795532 ,Bhubaneswar_DLF,4G,173.57966178872377,False
LOG-395866 ,Rourkela_Sector-5,5G,173.57966178872377,False
LOG-897057 ,Sambalpur_Town,5G,173.57966178872377,False
LOG-298237 ,Rourkela_Sector-5,4G,173.57966178872377,False
LOG-631147 ,Cuttack_LinkRoad,3G,173.57966178872377,False
LOG-735274 ,Rourkela_Sector-5,4G,173.57966178872377,False
LOG-856942 ,Bhubaneswar_DLF,5G,173.57966178872377,False
LOG-383983 ,Bhubaneswar_DLF,5G,173.57966178872377,False
LOG-389360 ,Rourkela_Sector-5,5G,173.57966178872377,False
LOG-939385 ,Rourkela_Sector-5,4G,173.57966178872377,False
LOG-577697 ,Bhubaneswar_DLF,5G,173.57966178872377,False
LOG-553809 ,Rourkela_Sector-5,5G,173.57966178872377,False
LOG-149522 ,Bhubaneswar_DLF,5G,173.57966178872377,False
LOG-330233 ,Bhubaneswar_DLF,5G,173.57966178872377,False
LOG-498102 ,Cuttack_LinkRoad,5G,173.57966178872377,False
LOG-473393 ,Bhubaneswar_DLF,5G,173.57966178872377,False
LOG-107485 ,Rourkela_Sector-5,4G,173.57966178872377,False
LOG-524671 ,Rourkela_Sector-5,5G,173.57966178872377,False
LOG-867344 ,Rourkela_Sector-5,5G,173.57966178872377,False
LOG-212701 ,Sambalpur_Town,5G,173.57966178872377,False
LOG-307352 ,Sambalpur_Town,5G,173.57966178872377,False
LOG-726926 ,Rourkela_Sector-5,5G,173.57966178872377,False
LOG-284514 ,Rourkela_Sector-5,5G,173.57966178872377,False
LOG-545093 ,Sambalpur_Town,5G,173.57966178872377,False
LOG-898658 ,Sambalpur_Town,4G,173.57966178872377,False
LOG-717693 ,Sambalpur_Town,5G,173.57966178872377,False
LOG-909020 ,Cuttack_LinkRoad,5G,173.57966178872377,False
LOG-310048 ,Bhubaneswar_DLF,4G,173.57966178872377,False
LOG-787069 ,Rourkela_Sector-5,5G,173.57966178872377,False
LOG-137019 ,Bhubaneswar_DLF,4G,173.57966178872377,False
LOG-361497 ,Bhubaneswar_DLF,5G,173.57966178872377,False
LOG-689421 ,Bhubaneswar_DLF,5G,173.57966178872377,False
LOG-821818 ,Bhubaneswar_DLF,5G,173.57966178872377,True
LOG-479747 ,Rourkela_Sector-5,3G,173.57966178872377,False
LOG-258598 ,Rourkela_Sector-5,5G,173.57966178872377,False
LOG-752873 ,Bhubaneswar_DLF,5G,173.57966178872377,False
LOG-545414 ,Rourkela_Sector-5,5G,173.57966178872377,False
LOG-869460 ,Bhubaneswar_DLF,5G,173.57966178872377,False
LOG-592750 ,Cuttack_LinkRoad,4G,173.57966178872377,False
LOG-929827 ,Cuttack_LinkRoad,5G,-50.0,False
LOG-517247 ,Bhubaneswar_DLF,4G,173.57966178872377,False
LOG-568758 ,Bhubaneswar_DLF,5G,173.57966178872377,False
LOG-750102 ,Rourkela_Sector-5,4G,173.57966178872377,False
LOG-474743 ,Bhubaneswar_DLF,5G,173.57966178872377,False
LOG-125939 ,Bhubaneswar_DLF,4G,173.57966178872377,False
LOG-253939 ,Bhubaneswar_DLF,5G,173.57966178872377,False
LOG-886635 ,Sambalpur_Town,4G,173.57966178872377,False
LOG-915495 ,Bhubaneswar_DLF,4G,173.57966178872377,True
LOG-715168 ,Rourkela_Sector-5,5G,173.57966178872377,True
LOG-628036 ,Rourkela_Sector-5,4G,173.57966178872377,False
LOG-336094 ,Bhubaneswar_DLF,4G,173.57966178872377,False
LOG-479413 ,Bhubaneswar_DLF,4G,173.57966178872377,False
LOG-967196 ,Sambalpur_Town,5G,173.57966178872377,False
LOG-251956 ,Bhubaneswar_DLF,5G,173.57966178872377,True
LOG-256255 ,Bhubaneswar_DLF,4G,173.57966178872377,False
LOG-564462 ,Bhubaneswar_DLF,5G,173.57966178872377,False
LOG-994468 ,Bhubaneswar_DLF,5G,173.57966178872377,False
LOG-774619 ,Bhubaneswar_DLF,3G,9999.0,False
LOG-791319 ,Bhubaneswar_DLF,5G,173.57966178872377,False
LOG-526673 ,Bhubaneswar_DLF,5G,173.57966178872377,False
LOG-447823 ,Rourkela_Sector-5,5G,173.57966178872377,False
LOG-225829 ,Sambalpur_Town,4G,173.57966178872377,False
LOG-228216 ,Rourkela_Sector-5,3G,173.57966178872377,False
LOG-690189 ,Rourkela_Sector-5,3G,173.57966178872377,False
LOG-867674 ,Rourkela_Sector-5,4G,173.57966178872377,False
LOG-275607 ,Rourkela_Sector-5,5G,173.57966178872377,True
LOG-509319 ,Bhubaneswar_DLF,5G,173.57966178872377,False
LOG-722334 ,Rourkela_Sector-5,5G,173.57966178872377,False
LOG-452156 ,Rourkela_Sector-5,5G,173.57966178872377,False
LOG-702566 ,Bhubaneswar_DLF,5G,9999.0,False
LOG-374535 ,Bhubaneswar_DLF,4G,173.57966178872377,False
LOG-202476 ,Rourkela_Sector-5,4G,173.57966178872377,False
LOG-482865 ,Bhubaneswar_DLF,5G,173.57966178872377,False
LOG-721825 ,Cuttack_LinkRoad,3G,173.57966178872377,False
LOG-967591 ,Sambalpur_Town,3G,173.57966178872377,False
LOG-281429 ,Bhubaneswar_DLF,4G,173.57966178872377,False
LOG-317980 ,Rourkela_Sector-5,5G,173.57966178872377,False
LOG-603551 ,Cuttack_LinkRoad,5G,173.57966178872377,False
LOG-921935 ,Bhubaneswar_DLF,5G,173.57966178872377,False
LOG-586675 ,Rourkela_Sector-5,5G,173.57966178872377,False
LOG-175403 ,Sambalpur_Town,5G,-50.0,True
LOG-688574 ,Bhubaneswar_DLF,4G,173.57966178872377,False
LOG-436986 ,Sambalpur_Town,5G,173.57966178872377,False
LOG-204927 ,Cuttack_LinkRoad,5G,173.57966178872377,False
LOG-901340 ,Bhubaneswar_DLF,5G,173.57966178872377,False
LOG-585833 ,Cuttack_LinkRoad,4G,173.57966178872377,False
LOG-543842 ,Bhubaneswar_DLF,5G,173.57966178872377,False
LOG-399372 ,Bhubaneswar_DLF,5G,173.57966178872377,False
LOG-123386 ,Sambalpur_Town,3G,173.57966178872377,False
LOG-277826 ,Bhubaneswar_DLF,5G,173.57966178872377,True
LOG-604158 ,Sambalpur_Town,4G,173.57966178872377,False
LOG-390446 ,Sambalpur_Town,5G,173.57966178872377,False
LOG-422959 ,Sambalpur_Town,5G,173.57966178872377,False
LOG-352156 ,Cuttack_LinkRoad,5G,173.57966178872377,False
LOG-949776 ,Bhubaneswar_DLF,4G,173.57966178872377,False
LOG-998035 ,Rourkela_Sector-5,4G,173.57966178872377,False
LOG-569450 ,Cuttack_LinkRoad,5G,173.57966178872377,False
LOG-423258 ,Rourkela_Sector-5,5G,173.57966178872377,False
LOG-348724 ,Rourkela_Sector-5,5G,173.57966178872377,False
LOG-301202 ,Rourkela_Sector-5,4G,173.57966178872377,False
LOG-125525 ,Sambalpur_Town,5G,173.57966178872377,False
LOG-179818 ,Sambalpur_Town,5G,173.57966178872377,False
LOG-214589 ,Bhubaneswar_DLF,5G,173.57966178872377,False
LOG-245406 ,Bhubaneswar_DLF,5G,173.57966178872377,True
LOG-719003 ,Bhubaneswar_DLF,4G,173.57966178872377,False
LOG-293839 ,Bhubaneswar_DLF,4G,173.57966178872377,False
LOG-893076 ,Bhubaneswar_DLF,5G,173.57966178872377,False
LOG-463298 ,Rourkela_Sector-5,5G,173.57966178872377,False
LOG-606453 ,Rourkela_Sector-5,5G,173.57966178872377,True
LOG-357438 ,Bhubaneswar_DLF,5G,173.57966178872377,False
LOG-929901 ,Bhubaneswar_DLF,4G,173.57966178872377,False
LOG-526903 ,Bhubaneswar_DLF,5G,173.57966178872377,False
LOG-993041 ,Sambalpur_Town,5G,173.57966178872377,False
LOG-545872 ,Rourkela_Sector-5,5G,173.57966178872377,False
LOG-510591 ,Rourkela_Sector-5,4G,173.57966178872377,False
LOG-607235 ,Bhubaneswar_DLF,5G,173.57966178872377,False
LOG-613951 ,Rourkela_Sector-5,4G,173.57966178872377,False
LOG-427350 ,Rourkela_Sector-5,4G,9999.0,False
LOG-982894 ,Rourkela_Sector-5,4G,173.57966178872377,False
LOG-791967 ,Bhubaneswar_DLF,4G,173.57966178872377,False
LOG-707466 ,Rourkela_Sector-5,5G,173.57966178872377,False
LOG-799746 ,Cuttack_LinkRoad,5G,173.57966178872377,True
LOG-878754 ,Bhubaneswar_DLF,4G,173.57966178872377,False
LOG-539503 ,Rourkela_Sector-5,4G,173.57966178872377,False
LOG-186724 ,Cuttack_LinkRoad,4G,173.57966178872377,False
LOG-853492 ,Rourkela_Sector-5,4G,173.57966178872377,False
LOG-196393 ,Cuttack_LinkRoad,5G,173.57966178872377,False
LOG-700600 ,Sambalpur_Town,5G,173.57966178872377,False
LOG-961756 ,Rourkela_Sector-5,3G,173.57966178872377,False
LOG-695484 ,Sambalpur_Town,4G,173.57966178872377,False
LOG-694302 ,Cuttack_LinkRoad,5G,173.57966178872377,False
LOG-501426 ,Sambalpur_Town,5G,173.57966178872377,False
LOG-766282 ,Bhubaneswar_DLF,5G,173.57966178872377,False
LOG-529505 ,Rourkela_Sector-5,5G,173.57966178872377,False
LOG-622313 ,Sambalpur_Town,5G,173.57966178872377,False
LOG-133340 ,Rourkela_Sector-5,4G,173.57966178872377,False
LOG-401994 ,Rourkela_Sector-5,5G,173.57966178872377,False
LOG-596915 ,Rourkela_Sector-5,4G,173.57966178872377,False
LOG-737999 ,Rourkela_Sector-5,4G,173.57966178872377,False
LOG-839538 ,Bhubaneswar_DLF,4G,173.57966178872377,False
LOG-111094 ,Cuttack_LinkRoad,4G,173.57966178872377,False
LOG-974391 ,Sambalpur_Town,5G,173.57966178872377,False
LOG-892173 ,Rourkela_Sector-5,4G,173.57966178872377,False
LOG-735873 ,Sambalpur_Town,5G,173.57966178872377,False
LOG-565590 ,Sambalpur_Town,3G,173.57966178872377,False
LOG-610491 ,Rourkela_Sector-5,5G,173.57966178872377,False
LOG-484708 ,Rourkela_Sector-5,4G,173.57966178872377,False
LOG-168798 ,Cuttack_LinkRoad,5G,173.57966178872377,False
LOG-301604 ,Bhubaneswar_DLF,5G,173.57966178872377,False
LOG-210130 ,Cuttack_LinkRoad,5G,173.57966178872377,False
LOG-908596 ,Cuttack_LinkRoad,4G,173.57966178872377,True
LOG-790955 ,Bhubaneswar_DLF,5G,173.57966178872377,False
LOG-130257 ,Rourkela_Sector-5,5G,173.57966178872377,False
LOG-507427 ,Bhubaneswar_DLF,4G,173.57966178872377,False
LOG-982421 ,Rourkela_Sector-5,5G,173.57966178872377,False
LOG-152691 ,Bhubaneswar_DLF,5G,173.57966178872377,False
LOG-704056 ,Cuttack_LinkRoad,5G,173.57966178872377,False
LOG-518829 ,Bhubaneswar_DLF,5G,173.57966178872377,False
LOG-638314 ,Sambalpur_Town,4G,173.57966178872377,False
LOG-849450 ,Bhubaneswar_DLF,5G,173.57966178872377,False
LOG-393052 ,Cuttack_LinkRoad,3G,173.57966178872377,False
LOG-643898 ,Bhubaneswar_DLF,5G,173.57966178872377,False
LOG-277718 ,Sambalpur_Town,4G,173.57966178872377,False
LOG-598357 ,Cuttack_LinkRoad,4G,173.57966178872377,False
LOG-425329 ,Rourkela_Sector-5,4G,173.57966178872377,False
LOG-958999 ,Sambalpur_Town,5G,-50.0,False
LOG-278646 ,Bhubaneswar_DLF,5G,173.57966178872377,False
LOG-618420 ,Rourkela_Sector-5,5G,173.57966178872377,False
LOG-322123 ,Bhubaneswar_DLF,4G,173.57966178872377,False
LOG-595236 ,Sambalpur_Town,5G,173.57966178872377,False
LOG-922614 ,Bhubaneswar_DLF,3G,173.57966178872377,False
LOG-591006 ,Rourkela_Sector-5,5G,173.57966178872377,False
LOG-643576 ,Cuttack_LinkRoad,5G,173.57966178872377,False
LOG-965256 ,Cuttack_LinkRoad,5G,173.57966178872377,False
LOG-708713 ,Bhubaneswar_DLF,5G,173.57966178872377,False
LOG-100917 ,Rourkela_Sector-5,4G,173.57966178872377,False
LOG-962034 ,Rourkela_Sector-5,5G,173.57966178872377,False
LOG-951007 ,Cuttack_LinkRoad,5G,173.57966178872377,False
LOG-958950 ,Cuttack_LinkRoad,5G,173.57966178872377,False
LOG-877475 ,Rourkela_Sector-5,4G,173.57966178872377,False
LOG-139104 ,Rourkela_Sector-5,5G,173.57966178872377,False
LOG-773422 ,Rourkela_Sector-5,5G,173.57966178872377,False
LOG-379143 ,Cuttack_LinkRoad,4G,173.57966178872377,False
LOG-362091 ,Rourkela_Sector-5,5G,173.57966178872377,False
LOG-555061 ,Rourkela_Sector-5,5G,173.57966178872377,False
LOG-503157 ,Rourkela_Sector-5,5G,173.57966178872377,False
LOG-685457 ,Bhubaneswar_DLF,4G,173.57966178872377,False
LOG-254542 ,Bhubaneswar_DLF,4G,173.57966178872377,False
LOG-229744 ,Rourkela_Sector-5,4G,173.57966178872377,False
LOG-997116 ,Sambalpur_Town,4G,173.57966178872377,False
LOG-159821 ,Rourkela_Sector-5,3G,173.57966178872377,False
LOG-317741 ,Rourkela_Sector-5,5G,173.57966178872377,False
LOG-349265 ,Sambalpur_Town,5G,173.57966178872377,True
LOG-537651 ,Bhubaneswar_DLF,5G,173.57966178872377,False
LOG-497745 ,Bhubaneswar_DLF,5G,173.57966178872377,False
LOG-314127 ,Rourkela_Sector-5,4G,173.57966178872377,False
LOG-374336 ,Cuttack_LinkRoad,4G,173.57966178872377,False
LOG-436246 ,Bhubaneswar_DLF,5G,173.57966178872377,False
LOG-303834 ,Cuttack_LinkRoad,5G,173.57966178872377,False
LOG-858826 ,Rourkela_Sector-5,4G,173.57966178872377,False
LOG-186795 ,Bhubaneswar_DLF,5G,173.57966178872377,False
LOG-265159 ,Cuttack_LinkRoad,5G,173.57966178872377,False
LOG-428821 ,Sambalpur_Town,4G,173.57966178872377,True
LOG-759987 ,Rourkela_Sector-5,5G,173.57966178872377,False
LOG-343877 ,Cuttack_LinkRoad,4G,173.57966178872377,False
LOG-299298 ,Rourkela_Sector-5,3G,173.57966178872377,False
LOG-598843 ,Bhubaneswar_DLF,5G,173.57966178872377,False
LOG-812793 ,Rourkela_Sector-5,5G,173.57966178872377,False
LOG-236285 ,Bhubaneswar_DLF,4G,173.57966178872377,False
LOG-202412 ,Rourkela_Sector-5,5G,173.57966178872377,False
LOG-643692 ,Rourkela_Sector-5,5G,173.57966178872377,False
LOG-216545 ,Rourkela_Sector-5,4G,173.57966178872377,False
LOG-518596 ,Rourkela_Sector-5,5G,173.57966178872377,False
LOG-322128 ,Sambalpur_Town,5G,173.57966178872377,True
LOG-774533 ,Sambalpur_Town,5G,173.57966178872377,False
LOG-808387 ,Cuttack_LinkRoad,5G,173.57966178872377,False
LOG-910421 ,Rourkela_Sector-5,5G,173.57966178872377,False
LOG-885945 ,Bhubaneswar_DLF,5G,173.57966178872377,False
LOG-470250 ,Cuttack_LinkRoad,5G,173.57966178872377,False
LOG-386663 ,Sambalpur_Town,5G,173.57966178872377,False
LOG-881163 ,Bhubaneswar_DLF,3G,173.57966178872377,False
LOG-908871 ,Cuttack_LinkRoad,4G,173.57966178872377,False
LOG-480714 ,Sambalpur_Town,5G,173.57966178872377,False
LOG-114995 ,Sambalpur_Town,5G,173.57966178872377,False
LOG-123559 ,Rourkela_Sector-5,4G,173.57966178872377,False
LOG-621244 ,Rourkela_Sector-5,4G,173.57966178872377,False
LOG-451193 ,Bhubaneswar_DLF,4G,173.57966178872377,False
LOG-498237 ,Bhubaneswar_DLF,4G,173.57966178872377,False
LOG-722288 ,Rourkela_Sector-5,5G,173.57966178872377,False
LOG-776479 ,Rourkela_Sector-5,5G,173.57966178872377,False
LOG-544755 ,Cuttack_LinkRoad,4G,173.57966178872377,False
LOG-588051 ,Bhubaneswar_DLF,4G,173.57966178872377,False
LOG-925782 ,Rourkela_Sector-5,5G,173.57966178872377,False
LOG-539439 ,Bhubaneswar_DLF,5G,173.57966178872377,False
LOG-125517 ,Bhubaneswar_DLF,5G,173.57966178872377,False
LOG-571869 ,Cuttack_LinkRoad,5G,173.57966178872377,False
LOG-515466 ,Rourkela_Sector-5,5G,173.57966178872377,False
LOG-315558 ,Cuttack_LinkRoad,4G,173.57966178872377,False
LOG-576111 ,Bhubaneswar_DLF,4G,173.57966178872377,False
LOG-975564 ,Rourkela_Sector-5,4G,173.57966178872377,False
LOG-584282 ,Cuttack_LinkRoad,3G,173.57966178872377,False
LOG-560014 ,Rourkela_Sector-5,5G,173.57966178872377,False
LOG-547415 ,Rourkela_Sector-5,4G,173.57966178872377,False
LOG-617039 ,Bhubaneswar_DLF,4G,173.57966178872377,False
LOG-945978 ,Rourkela_Sector-5,5G,173.57966178872377,False
LOG-621396 ,Rourkela_Sector-5,4G,173.57966178872377,False
LOG-205686 ,Cuttack_LinkRoad,5G,173.57966178872377,False
LOG-712439 ,Rourkela_Sector-5,4G,173.57966178872377,False
LOG-365471 ,Sambalpur_Town,5G,173.57966178872377,False
LOG-744606 ,Bhubaneswar_DLF,5G,173.57966178872377,False
LOG-819778 ,Rourkela_Sector-5,5G,173.57966178872377,False
LOG-587602 ,Rourkela_Sector-5,5G,173.57966178872377,False
LOG-798148 ,Bhubaneswar_DLF,5G,173.57966178872377,False
LOG-740233 ,Bhubaneswar_DLF,5G,173.57966178872377,False
LOG-313456 ,Rourkela_Sector-5,5G,173.57966178872377,False
LOG-408974 ,Rourkela_Sector-5,5G,173.57966178872377,False
LOG-152446 ,Cuttack_LinkRoad,5G,173.57966178872377,False
LOG-508376 ,Rourkela_Sector-5,4G,173.57966178872377,False
LOG-811943 ,Sambalpur_Town,4G,173.57966178872377,False
LOG-527214 ,Bhubaneswar_DLF,4G,173.57966178872377,False
LOG-240148 ,Bhubaneswar_DLF,4G,173.57966178872377,False
LOG-693629 ,Rourkela_Sector-5,5G,173.57966178872377,False
LOG-131085 ,Rourkela_Sector-5,5G,9999.0,False
LOG-417715 ,Cuttack_LinkRoad,5G,173.57966178872377,False
LOG-507931 ,Rourkela_Sector-5,4G,173.57966178872377,True
LOG-624006 ,Rourkela_Sector-5,4G,173.57966178872377,False
LOG-490452 ,Bhubaneswar_DLF,5G,173.57966178872377,False
LOG-105750 ,Rourkela_Sector-5,5G,173.57966178872377,False
LOG-440912 ,Bhubaneswar_DLF,4G,173.57966178872377,False
LOG-611760 ,Cuttack_LinkRoad,5G,173.57966178872377,False
LOG-135903 ,Bhubaneswar_DLF,5G,173.57966178872377,False
LOG-303561 ,Sambalpur_Town,4G,173.57966178872377,False
LOG-715324 ,Cuttack_LinkRoad,5G,173.57966178872377,False
LOG-712242 ,Rourkela_Sector-5,4G,173.57966178872377,False
LOG-612493 ,Rourkela_Sector-5,5G,173.57966178872377,False
LOG-527530 ,Bhubaneswar_DLF,4G,-50.0,False
LOG-541441 ,Bhubaneswar_DLF,4G,173.57966178872377,False
LOG-969446 ,Rourkela_Sector-5,5G,173.57966178872377,False
LOG-528395 ,Sambalpur_Town,4G,173.57966178872377,False
LOG-741593 ,Bhubaneswar_DLF,4G,173.57966178872377,False
LOG-605633 ,Rourkela_Sector-5,4G,173.57966178872377,False
LOG-518554 ,Bhubaneswar_DLF,5G,173.57966178872377,False
LOG-585651 ,Rourkela_Sector-5,5G,173.57966178872377,False
LOG-300753 ,Cuttack_LinkRoad,5G,173.57966178872377,False
LOG-132101 ,Bhubaneswar_DLF,4G,173.57966178872377,False
LOG-102775 ,Rourkela_Sector-5,3G,173.57966178872377,False
LOG-735785 ,Rourkela_Sector-5,5G,173.57966178872377,False
LOG-590399 ,Sambalpur_Town,5G,173.57966178872377,False
LOG-145619 ,Bhubaneswar_DLF,4G,173.57966178872377,False
LOG-352388 ,Sambalpur_Town,5G,173.57966178872377,False
LOG-512755 ,Rourkela_Sector-5,5G,173.57966178872377,False
LOG-857634 ,Rourkela_Sector-5,5G,173.57966178872377,False
LOG-943556 ,Rourkela_Sector-5,5G,173.57966178872377,False
LOG-165149 ,Bhubaneswar_DLF,4G,173.57966178872377,False
LOG-126616 ,Rourkela_Sector-5,5G,9999.0,False
LOG-846055 ,Rourkela_Sector-5,5G,173.57966178872377,False
LOG-285639 ,Bhubaneswar_DLF,4G,173.57966178872377,False
LOG-792459 ,Bhubaneswar_DLF,5G,173.57966178872377,False
LOG-306903 ,Rourkela_Sector-5,5G,173.57966178872377,False
LOG-331318 ,Bhubaneswar_DLF,4G,173.57966178872377,False
LOG-948231 ,Cuttack_LinkRoad,4G,173.57966178872377,False
LOG-452365 ,Rourkela_Sector-5,5G,173.57966178872377,False
LOG-387623 ,Rourkela_Sector-5,5G,-50.0,False
LOG-461309 ,Rourkela_Sector-5,5G,173.57966178872377,False
LOG-155863 ,Cuttack_LinkRoad,4G,173.57966178872377,False
LOG-273115 ,Cuttack_LinkRoad,5G,173.57966178872377,False
LOG-969001 ,Rourkela_Sector-5,5G,173.57966178872377,False
LOG-595654 ,Rourkela_Sector-5,5G,173.57966178872377,False
LOG-603323 ,Sambalpur_Town,4G,173.57966178872377,False
LOG-508624 ,Sambalpur_Town,5G,173.57966178872377,False
LOG-877635 ,Bhubaneswar_DLF,5G,173.57966178872377,False
LOG-813340 ,Sambalpur_Town,5G,173.57966178872377,False
LOG-378495 ,Bhubaneswar_DLF,5G,173.57966178872377,False
LOG-235203 ,Cuttack_LinkRoad,4G,173.57966178872377,False
LOG-347908 ,Rourkela_Sector-5,4G,173.57966178872377,False
LOG-931257 ,Bhubaneswar_DLF,4G,173.57966178872377,False
LOG-897781 ,Rourkela_Sector-5,4G,173.57966178872377,True
LOG-292003 ,Cuttack_LinkRoad,5G,173.57966178872377,False
LOG-930686 ,Sambalpur_Town,4G,173.57966178872377,True
LOG-924657 ,Bhubaneswar_DLF,5G,173.57966178872377,False
LOG-597599 ,Rourkela_Sector-5,5G,-50.0,False
LOG-374597 ,Rourkela_Sector-5,4G,173.57966178872377,True
LOG-774174 ,Rourkela_Sector-5,4G,173.57966178872377,False
LOG-773623 ,Rourkela_Sector-5,4G,173.57966178872377,False
LOG-701982 ,Bhubaneswar_DLF,4G,173.57966178872377,False
LOG-640023 ,Sambalpur_Town,3G,173.57966178872377,False
LOG-934325 ,Rourkela_Sector-5,5G,173.57966178872377,False
LOG-800033 ,Rourkela_Sector-5,3G,173.57966178872377,True
LOG-844822 ,Bhubaneswar_DLF,4G,173.57966178872377,True
LOG-669354 ,Rourkela_Sector-5,4G,173.57966178872377,False
LOG-855675 ,Sambalpur_Town,4G,173.57966178872377,False
LOG-234445 ,Rourkela_Sector-5,5G,173.57966178872377,False
LOG-503551 ,Rourkela_Sector-5,4G,173.57966178872377,False
LOG-897124 ,Rourkela_Sector-5,5G,9999.0,False
LOG-669829 ,Rourkela_Sector-5,4G,173.57966178872377,True
LOG-265129 ,Bhubaneswar_DLF,5G,173.57966178872377,False
LOG-691271 ,Rourkela_Sector-5,5G,173.57966178872377,False
LOG-774943 ,Bhubaneswar_DLF,5G,173.57966178872377,False
LOG-253837 ,Bhubaneswar_DLF,5G,173.57966178872377,False
LOG-814647 ,Rourkela_Sector-5,5G,173.57966178872377,False
LOG-971535 ,Rourkela_Sector-5,5G,173.57966178872377,False
LOG-835035 ,Bhubaneswar_DLF,5G,173.57966178872377,False
LOG-277597 ,Bhubaneswar_DLF,5G,173.57966178872377,False
LOG-793590 ,Sambalpur_Town,5G,173.57966178872377,False
LOG-512736 ,Rourkela_Sector-5,5G,173.57966178872377,False
LOG-578454 ,Rourkela_Sector-5,3G,173.57966178872377,False
LOG-545150 ,Rourkela_Sector-5,5G,173.57966178872377,False
LOG-387710 ,Bhubaneswar_DLF,5G,173.57966178872377,False
LOG-959625 ,Bhubaneswar_DLF,5G,173.57966178872377,False
LOG-596440 ,Cuttack_LinkRoad,5G,173.57966178872377,False
LOG-523350 ,Bhubaneswar_DLF,4G,173.57966178872377,False
LOG-503561 ,Rourkela_Sector-5,5G,173.57966178872377,False
LOG-876372 ,Bhubaneswar_DLF,5G,173.57966178872377,False
LOG-745303 ,Sambalpur_Town,5G,173.57966178872377,False
LOG-272257 ,Rourkela_Sector-5,4G,173.57966178872377,False
LOG-870824 ,Bhubaneswar_DLF,4G,173.57966178872377,False
LOG-324021 ,Sambalpur_Town,5G,173.57966178872377,False
LOG-755244 ,Cuttack_LinkRoad,5G,173.57966178872377,False
LOG-695032 ,Cuttack_LinkRoad,5G,173.57966178872377,False
LOG-395599 ,Rourkela_Sector-5,4G,173.57966178872377,False
LOG-608433 ,Bhubaneswar_DLF,5G,173.57966178872377,False
LOG-416363 ,Rourkela_Sector-5,5G,173.57966178872377,False
LOG-932423 ,Bhubaneswar_DLF,5G,173.57966178872377,False
LOG-697904 ,Rourkela_Sector-5,5G,173.57966178872377,False
LOG-711726 ,Cuttack_LinkRoad,5G,173.57966178872377,True
LOG-216841 ,Cuttack_LinkRoad,5G,173.57966178872377,False
LOG-764846 ,Bhubaneswar_DLF,5G,173.57966178872377,False
LOG-269934 ,Rourkela_Sector-5,5G,173.57966178872377,False
LOG-877022 ,Rourkela_Sector-5,5G,173.57966178872377,False
LOG-683158 ,Cuttack_LinkRoad,5G,173.57966178872377,False
LOG-186694 ,Bhubaneswar_DLF,4G,173.57966178872377,False
LOG-337068 ,Cuttack_LinkRoad,4G,173.57966178872377,False
LOG-930288 ,Rourkela_Sector-5,4G,173.57966178872377,False
LOG-201407 ,Bhubaneswar_DLF,4G,173.57966178872377,False
LOG-593960 ,Cuttack_LinkRoad,5G,173.57966178872377,False
LOG-655667 ,Bhubaneswar_DLF,5G,173.57966178872377,False
LOG-951161 ,Bhubaneswar_DLF,4G,173.57966178872377,False
LOG-521594 ,Cuttack_LinkRoad,5G,173.57966178872377,False
LOG-336500 ,Rourkela_Sector-5,5G,173.57966178872377,False
LOG-678641 ,Rourkela_Sector-5,5G,173.57966178872377,False
LOG-805356 ,Bhubaneswar_DLF,5G,173.57966178872377,False
LOG-900463 ,Rourkela_Sector-5,4G,173.57966178872377,False
LOG-311144 ,Cuttack_LinkRoad,5G,173.57966178872377,False
LOG-690270 ,Cuttack_LinkRoad,3G,173.57966178872377,False
LOG-136683 ,Sambalpur_Town,5G,173.57966178872377,False
LOG-214091 ,Bhubaneswar_DLF,5G,173.57966178872377,False
LOG-217797 ,Rourkela_Sector-5,5G,173.57966178872377,False
LOG-510834 ,Rourkela_Sector-5,5G,173.57966178872377,False
LOG-630875 ,Cuttack_LinkRoad,4G,173.57966178872377,False
LOG-424934 ,Rourkela_Sector-5,5G,173.57966178872377,False
LOG-393624 ,Bhubaneswar_DLF,5G,173.57966178872377,False
LOG-853890 ,Cuttack_LinkRoad,5G,173.57966178872377,False
LOG-775887 ,Rourkela_Sector-5,5G,173.57966178872377,False
LOG-385713 ,Rourkela_Sector-5,5G,173.57966178872377,True
LOG-897583 ,Bhubaneswar_DLF,3G,173.57966178872377,False
LOG-564310 ,Sambalpur_Town,5G,173.57966178872377,False
LOG-290246 ,Rourkela_Sector-5,4G,173.57966178872377,False
LOG-669027 ,Sambalpur_Town,5G,173.57966178872377,False
LOG-657242 ,Bhubaneswar_DLF,5G,173.57966178872377,False
LOG-868223 ,Sambalpur_Town,5G,173.57966178872377,False
LOG-209373 ,Rourkela_Sector-5,5G,173.57966178872377,False
LOG-658988 ,Rourkela_Sector-5,3G,173.57966178872377,False
LOG-223728 ,Cuttack_LinkRoad,4G,173.57966178872377,True
LOG-953220 ,Sambalpur_Town,4G,173.57966178872377,False
LOG-695333 ,Bhubaneswar_DLF,4G,173.57966178872377,False
LOG-531058 ,Cuttack_LinkRoad,5G,173.57966178872377,False
LOG-769260 ,Sambalpur_Town,4G,173.57966178872377,True
LOG-966491 ,Rourkela_Sector-5,4G,173.57966178872377,False
LOG-626169 ,Bhubaneswar_DLF,4G,173.57966178872377,False
LOG-907221 ,Sambalpur_Town,5G,173.57966178872377,False
LOG-488227 ,Rourkela_Sector-5,5G,173.57966178872377,False
LOG-188059 ,Rourkela_Sector-5,5G,173.57966178872377,False
LOG-838854 ,Cuttack_LinkRoad,5G,173.57966178872377,False
LOG-932583 ,Rourkela_Sector-5,5G,173.57966178872377,False
LOG-542136 ,Rourkela_Sector-5,4G,173.57966178872377,False
LOG-733676 ,Sambalpur_Town,5G,173.57966178872377,False
LOG-298303 ,Bhubaneswar_DLF,5G,173.57966178872377,False
LOG-611162 ,Cuttack_LinkRoad,5G,173.57966178872377,False
LOG-573573 ,Cuttack_LinkRoad,4G,173.57966178872377,False
LOG-365406 ,Rourkela_Sector-5,5G,173.57966178872377,False
LOG-429125 ,Rourkela_Sector-5,3G,173.57966178872377,False
LOG-181972 ,Rourkela_Sector-5,3G,173.57966178872377,False
LOG-437629 ,Rourkela_Sector-5,4G,173.57966178872377,True
LOG-154722 ,Bhubaneswar_DLF,5G,173.57966178872377,False
LOG-975931 ,Bhubaneswar_DLF,5G,173.57966178872377,False
LOG-281890 ,Bhubaneswar_DLF,4G,173.57966178872377,False
LOG-369045 ,Rourkela_Sector-5,4G,173.57966178872377,False
LOG-217473 ,Rourkela_Sector-5,4G,173.57966178872377,False
LOG-592239 ,Bhubaneswar_DLF,5G,173.57966178872377,False
LOG-370741 ,Bhubaneswar_DLF,5G,173.57966178872377,False
LOG-491775 ,Rourkela_Sector-5,5G,173.57966178872377,False
LOG-623260 ,Bhubaneswar_DLF,4G,173.57966178872377,False
LOG-950341 ,Rourkela_Sector-5,4G,173.57966178872377,False
LOG-958823 ,Rourkela_Sector-5,5G,173.57966178872377,False
LOG-839574 ,Cuttack_LinkRoad,5G,173.57966178872377,False
LOG-425437 ,Rourkela_Sector-5,5G,173.57966178872377,False
LOG-868184 ,Bhubaneswar_DLF,4G,9999.0,False
LOG-256877 ,Rourkela_Sector-5,5G,173.57966178872377,True
LOG-584895 ,Rourkela_Sector-5,5G,173.57966178872377,False
LOG-636162 ,Rourkela_Sector-5,5G,173.57966178872377,False
LOG-848425 ,Sambalpur_Town,5G,173.57966178872377,False
LOG-972834 ,Bhubaneswar_DLF,4G,173.57966178872377,False
LOG-900511 ,Sambalpur_Town,4G,173.57966178872377,False
LOG-543066 ,Bhubaneswar_DLF,4G,-50.0,False
LOG-434923 ,Bhubaneswar_DLF,4G,173.57966178872377,False
LOG-719696 ,Rourkela_Sector-5,5G,173.57966178872377,False
LOG-744894 ,Rourkela_Sector-5,4G,173.57966178872377,False
LOG-220062 ,Rourkela_Sector-5,3G,173.57966178872377,False
LOG-112100 ,Rourkela_Sector-5,4G,173.57966178872377,False
LOG-419165 ,Bhubaneswar_DLF,5G,9999.0,False
LOG-775160 ,Rourkela_Sector-5,4G,173.57966178872377,True
LOG-490270 ,Rourkela_Sector-5,4G,173.57966178872377,False
LOG-294472 ,Rourkela_Sector-5,5G,173.57966178872377,False
LOG-978878 ,Bhubaneswar_DLF,5G,173.57966178872377,False
LOG-915869 ,Bhubaneswar_DLF,4G,-50.0,False
LOG-334196 ,Sambalpur_Town,4G,173.57966178872377,False
LOG-307609 ,Rourkela_Sector-5,5G,173.57966178872377,False
LOG-775302 ,Rourkela_Sector-5,5G,173.57966178872377,False
LOG-383006 ,Rourkela_Sector-5,5G,173.57966178872377,False
LOG-373813 ,Sambalpur_Town,5G,173.57966178872377,False
LOG-809132 ,Rourkela_Sector-5,4G,173.57966178872377,False
LOG-902348 ,Bhubaneswar_DLF,5G,173.57966178872377,False
LOG-373022 ,Bhubaneswar_DLF,5G,173.57966178872377,False
LOG-889417 ,Rourkela_Sector-5,4G,173.57966178872377,False
LOG-591121 ,Rourkela_Sector-5,5G,173.57966178872377,False
LOG-304720 ,Rourkela_Sector-5,4G,173.57966178872377,False
LOG-665523 ,Sambalpur_Town,5G,173.57966178872377,True
LOG-381075 ,Bhubaneswar_DLF,4G,173.57966178872377,False
LOG-192876 ,Bhubaneswar_DLF,3G,173.57966178872377,False
LOG-624624 ,Bhubaneswar_DLF,5G,173.57966178872377,True
LOG-929365 ,Bhubaneswar_DLF,4G,173.57966178872377,False
LOG-407680 ,Bhubaneswar_DLF,3G,173.57966178872377,False
LOG-693792 ,Rourkela_Sector-5,3G,173.57966178872377,False
LOG-723502 ,Rourkela_Sector-5,5G,173.57966178872377,False
LOG-282220 ,Rourkela_Sector-5,5G,173.57966178872377,False
LOG-213936 ,Bhubaneswar_DLF,5G,173.57966178872377,True
LOG-116279 ,Rourkela_Sector-5,5G,173.57966178872377,False
LOG-299737 ,Bhubaneswar_DLF,5G,173.57966178872377,False
LOG-203751 ,Rourkela_Sector-5,5G,173.57966178872377,False
LOG-466577 ,Sambalpur_Town,4G,173.57966178872377,False
LOG-171386 ,Rourkela_Sector-5,5G,173.57966178872377,False
LOG-186124 ,Rourkela_Sector-5,4G,173.57966178872377,False
LOG-467894 ,Sambalpur_Town,4G,173.57966178872377,False
LOG-963917 ,Bhubaneswar_DLF,5G,-50.0,False
LOG-436199 ,Sambalpur_Town,5G,173.57966178872377,False
LOG-191911 ,Rourkela_Sector-5,4G,173.57966178872377,True
LOG-985050 ,Rourkela_Sector-5,5G,173.57966178872377,False
LOG-570489 ,Bhubaneswar_DLF,5G,173.57966178872377,False
LOG-822030 ,Sambalpur_Town,4G,173.57966178872377,False
LOG-547244 ,Rourkela_Sector-5,5G,173.57966178872377,False
LOG-321094 ,Sambalpur_Town,4G,173.57966178872377,False
LOG-476036 ,Bhubaneswar_DLF,4G,173.57966178872377,False
LOG-337723 ,Cuttack_LinkRoad,5G,173.57966178872377,False
LOG-433272 ,Rourkela_Sector-5,4G,173.57966178872377,True
LOG-511324 ,Rourkela_Sector-5,5G,173.57966178872377,False
LOG-938927 ,Sambalpur_Town,4G,173.57966178872377,False
LOG-182806 ,Sambalpur_Town,4G,173.57966178872377,False
LOG-979617 ,Bhubaneswar_DLF,5G,173.57966178872377,False
LOG-831893 ,Rourkela_Sector-5,5G,173.57966178872377,False
LOG-330097 ,Rourkela_Sector-5,4G,173.57966178872377,False
LOG-297478 ,Bhubaneswar_DLF,5G,173.57966178872377,False
LOG-587436 ,Rourkela_Sector-5,3G,173.57966178872377,False
LOG-794879 ,Rourkela_Sector-5,5G,173.57966178872377,False
LOG-411793 ,Rourkela_Sector-5,5G,173.57966178872377,False
LOG-789884 ,Cuttack_LinkRoad,5G,173.57966178872377,False
LOG-589709 ,Rourkela_Sector-5,4G,173.57966178872377,False
LOG-789245 ,Bhubaneswar_DLF,4G,173.57966178872377,False
LOG-537585 ,Bhubaneswar_DLF,5G,173.57966178872377,False
LOG-332204 ,Bhubaneswar_DLF,4G,173.57966178872377,False
LOG-457546 ,Bhubaneswar_DLF,4G,173.57966178872377,False
LOG-917108 ,Rourkela_Sector-5,5G,173.57966178872377,False
LOG-950525 ,Bhubaneswar_DLF,5G,173.57966178872377,False
LOG-540980 ,Cuttack_LinkRoad,5G,173.57966178872377,False
LOG-281871 ,Bhubaneswar_DLF,5G,173.57966178872377,False
LOG-441558 ,Sambalpur_Town,5G,173.57966178872377,False
LOG-598512 ,Cuttack_LinkRoad,4G,173.57966178872377,False
LOG-455239 ,Cuttack_LinkRoad,3G,173.57966178872377,False
LOG-867442 ,Rourkela_Sector-5,5G,173.57966178872377,False
LOG-696595 ,Bhubaneswar_DLF,5G,173.57966178872377,False
LOG-575278 ,Bhubaneswar_DLF,5G,173.57966178872377,False
LOG-981864 ,Rourkela_Sector-5,4G,173.57966178872377,False
LOG-394067 ,Bhubaneswar_DLF,5G,173.57966178872377,False
LOG-479593 ,Rourkela_Sector-5,4G,173.57966178872377,False
LOG-594955 ,Bhubaneswar_DLF,5G,173.57966178872377,False
LOG-335998 ,Bhubaneswar_DLF,4G,173.57966178872377,False
LOG-571604 ,Bhubaneswar_DLF,5G,-50.0,False
LOG-934006 ,Sambalpur_Town,5G,173.57966178872377,False
LOG-536607 ,Rourkela_Sector-5,5G,173.57966178872377,False
LOG-746045 ,Rourkela_Sector-5,5G,173.57966178872377,False
LOG-677952 ,Rourkela_Sector-5,4G,173.57966178872377,False
LOG-953816 ,Sambalpur_Town,5G,173.57966178872377,False
LOG-917459 ,Bhubaneswar_DLF,5G,173.57966178872377,False
LOG-790824 ,Bhubaneswar_DLF,4G,173.57966178872377,False
LOG-396629 ,Rourkela_Sector-5,5G,173.57966178872377,False
LOG-359438 ,Bhubaneswar_DLF,5G,173.57966178872377,False
LOG-250528 ,Rourkela_Sector-5,4G,173.57966178872377,False
LOG-568011 ,Cuttack_LinkRoad,4G,173.57966178872377,False
LOG-397698 ,Cuttack_LinkRoad,5G,173.57966178872377,False
LOG-409066 ,Cuttack_LinkRoad,4G,173.57966178872377,True
LOG-375553 ,Cuttack_LinkRoad,4G,173.57966178872377,False
LOG-824687 ,Bhubaneswar_DLF,5G,173.57966178872377,False
LOG-846760 ,Cuttack_LinkRoad,4G,173.57966178872377,False
LOG-398783 ,Bhubaneswar_DLF,4G,173.57966178872377,True
LOG-331182 ,Bhubaneswar_DLF,3G,173.57966178872377,False
LOG-556843 ,Rourkela_Sector-5,3G,173.57966178872377,False
LOG-906124 ,Rourkela_Sector-5,5G,173.57966178872377,False
LOG-189037 ,Bhubaneswar_DLF,5G,173.57966178872377,False
LOG-834200 ,Bhubaneswar_DLF,5G,173.57966178872377,False
LOG-809560 ,Rourkela_Sector-5,5G,173.57966178872377,False
LOG-848423 ,Cuttack_LinkRoad,5G,173.57966178872377,False
LOG-288487 ,Rourkela_Sector-5,4G,173.57966178872377,False
LOG-118074 ,Rourkela_Sector-5,5G,173.57966178872377,False
LOG-770909 ,Cuttack_LinkRoad,5G,173.57966178872377,False
LOG-392107 ,Bhubaneswar_DLF,4G,9999.0,False
LOG-584672 ,Cuttack_LinkRoad,4G,173.57966178872377,False
LOG-851722 ,Bhubaneswar_DLF,4G,173.57966178872377,False
LOG-856967 ,Sambalpur_Town,5G,173.57966178872377,False
LOG-676553 ,Bhubaneswar_DLF,4G,173.57966178872377,False
LOG-116061 ,Rourkela_Sector-5,4G,173.57966178872377,False
LOG-551442 ,Rourkela_Sector-5,5G,173.57966178872377,False
LOG-259882 ,Rourkela_Sector-5,5G,9999.0,False
LOG-553222 ,Sambalpur_Town,3G,173.57966178872377,False
LOG-737790 ,Rourkela_Sector-5,5G,173.57966178872377,False
LOG-384944 ,Rourkela_Sector-5,5G,173.57966178872377,False
LOG-478336 ,Rourkela_Sector-5,5G,173.57966178872377,False
LOG-602175 ,Cuttack_LinkRoad,5G,173.57966178872377,False
LOG-356505 ,Rourkela_Sector-5,5G,-50.0,False
LOG-731516 ,Sambalpur_Town,5G,173.57966178872377,False
LOG-306548 ,Rourkela_Sector-5,5G,173.57966178872377,False
LOG-562676 ,Rourkela_Sector-5,5G,173.57966178872377,False
LOG-550983 ,Rourkela_Sector-5,4G,9999.0,False
LOG-914486 ,Cuttack_LinkRoad,3G,173.57966178872377,False
LOG-568535 ,Sambalpur_Town,5G,173.57966178872377,False
LOG-596005 ,Rourkela_Sector-5,4G,173.57966178872377,False
LOG-800757 ,Rourkela_Sector-5,5G,173.57966178872377,False
LOG-113233 ,Cuttack_LinkRoad,5G,173.57966178872377,False
LOG-866565 ,Rourkela_Sector-5,3G,173.57966178872377,True
LOG-583236 ,Rourkela_Sector-5,5G,173.57966178872377,False
LOG-780428 ,Rourkela_Sector-5,5G,173.57966178872377,False
LOG-952159 ,Rourkela_Sector-5,5G,173.57966178872377,True
LOG-977042 ,Rourkela_Sector-5,4G,173.57966178872377,False
LOG-432597 ,Rourkela_Sector-5,5G,173.57966178872377,False
LOG-728423 ,Rourkela_Sector-5,5G,9999.0,False
LOG-519048 ,Cuttack_LinkRoad,4G,173.57966178872377,False
LOG-470608 ,Rourkela_Sector-5,5G,173.57966178872377,False
LOG-317314 ,Cuttack_LinkRoad,5G,173.57966178872377,False
LOG-637970 ,Rourkela_Sector-5,5G,173.57966178872377,False
LOG-585514 ,Bhubaneswar_DLF,5G,173.57966178872377,True
LOG-254455 ,Rourkela_Sector-5,5G,173.57966178872377,False
LOG-420304 ,Cuttack_LinkRoad,4G,173.57966178872377,False
LOG-848692 ,Rourkela_Sector-5,4G,173.57966178872377,False
LOG-385810 ,Sambalpur_Town,5G,173.57966178872377,True
LOG-420961 ,Rourkela_Sector-5,5G,173.57966178872377,False
LOG-715486 ,Rourkela_Sector-5,5G,173.57966178872377,False
LOG-527858 ,Sambalpur_Town,5G,173.57966178872377,False
LOG-666118 ,Bhubaneswar_DLF,5G,173.57966178872377,False
LOG-596283 ,Rourkela_Sector-5,5G,173.57966178872377,False
LOG-634522 ,Sambalpur_Town,5G,173.57966178872377,False
LOG-681904 ,Rourkela_Sector-5,5G,173.57966178872377,False
LOG-371365 ,Rourkela_Sector-5,5G,173.57966178872377,False
LOG-242482 ,Sambalpur_Town,5G,173.57966178872377,False
LOG-835415 ,Rourkela_Sector-5,5G,173.57966178872377,False
LOG-816773 ,Sambalpur_Town,5G,173.57966178872377,False
LOG-101051 ,Rourkela_Sector-5,4G,173.57966178872377,False
LOG-996961 ,Cuttack_LinkRoad,5G,173.57966178872377,False
LOG-701206 ,Bhubaneswar_DLF,5G,173.57966178872377,False
LOG-178116 ,Sambalpur_Town,5G,173.57966178872377,False
LOG-484370 ,Bhubaneswar_DLF,5G,173.57966178872377,False
LOG-328931 ,Rourkela_Sector-5,4G,173.57966178872377,False
LOG-406901 ,Bhubaneswar_DLF,3G,173.57966178872377,False
LOG-619385 ,Rourkela_Sector-5,5G,173.57966178872377,False
LOG-483152 ,Cuttack_LinkRoad,4G,173.57966178872377,False
LOG-623562 ,Sambalpur_Town,5G,173.57966178872377,False
LOG-832835 ,Bhubaneswar_DLF,5G,173.57966178872377,False
LOG-326572 ,Cuttack_LinkRoad,5G,173.57966178872377,False
LOG-231379 ,Rourkela_Sector-5,4G,173.57966178872377,False
LOG-681177 ,Bhubaneswar_DLF,5G,173.57966178872377,False
LOG-326256 ,Rourkela_Sector-5,3G,173.57966178872377,False
LOG-922376 ,Bhubaneswar_DLF,5G,173.57966178872377,False
LOG-985987 ,Rourkela_Sector-5,5G,173.57966178872377,False
LOG-662422 ,Cuttack_LinkRoad,4G,173.57966178872377,False
LOG-520539 ,Rourkela_Sector-5,4G,173.57966178872377,False
LOG-609421 ,Bhubaneswar_DLF,4G,173.57966178872377,False
LOG-302834 ,Rourkela_Sector-5,4G,173.57966178872377,False
LOG-580441 ,Cuttack_LinkRoad,5G,173.57966178872377,False
LOG-327579 ,Rourkela_Sector-5,5G,173.57966178872377,False
LOG-650242 ,Bhubaneswar_DLF,5G,173.57966178872377,False
LOG-810381 ,Rourkela_Sector-5,5G,173.57966178872377,False
LOG-452103 ,Cuttack_LinkRoad,3G,173.57966178872377,False
LOG-851287 ,Rourkela_Sector-5,4G,173.57966178872377,False
LOG-835226 ,Cuttack_LinkRoad,4G,173.57966178872377,False
LOG-825787 ,Rourkela_Sector-5,5G,173.57966178872377,True
LOG-367136 ,Cuttack_LinkRoad,4G,173.57966178872377,False
LOG-626249 ,Rourkela_Sector-5,4G,173.57966178872377,False
LOG-636785 ,Rourkela_Sector-5,5G,173.57966178872377,False
LOG-525767 ,Bhubaneswar_DLF,5G,173.57966178872377,False
LOG-880734 ,Rourkela_Sector-5,4G,173.57966178872377,False
LOG-899687 ,Rourkela_Sector-5,5G,173.57966178872377,False
LOG-235639 ,Sambalpur_Town,3G,173.57966178872377,False
LOG-935279 ,Sambalpur_Town,5G,173.57966178872377,False
LOG-860177 ,Cuttack_LinkRoad,5G,173.57966178872377,False
LOG-803363 ,Rourkela_Sector-5,5G,173.57966178872377,False
LOG-120389 ,Rourkela_Sector-5,5G,173.57966178872377,False
LOG-275595 ,Bhubaneswar_DLF,5G,173.57966178872377,False
LOG-485946 ,Rourkela_Sector-5,5G,173.57966178872377,False
LOG-423720 ,Sambalpur_Town,4G,173.57966178872377,False
LOG-930351 ,Rourkela_Sector-5,4G,173.57966178872377,False
LOG-837463 ,Sambalpur_Town,5G,173.57966178872377,False
LOG-103358 ,Bhubaneswar_DLF,5G,173.57966178872377,False
LOG-450679 ,Cuttack_LinkRoad,5G,173.57966178872377,False
LOG-601110 ,Rourkela_Sector-5,4G,173.57966178872377,False
LOG-352557 ,Sambalpur_Town,5G,173.57966178872377,False
LOG-307596 ,Rourkela_Sector-5,5G,173.57966178872377,False
LOG-878776 ,Bhubaneswar_DLF,5G,173.57966178872377,False
LOG-730270 ,Cuttack_LinkRoad,4G,173.57966178872377,False
LOG-328129 ,Rourkela_Sector-5,5G,173.57966178872377,False
LOG-892130 ,Bhubaneswar_DLF,4G,173.57966178872377,False
LOG-428953 ,Bhubaneswar_DLF,3G,173.57966178872377,False
LOG-717367 ,Rourkela_Sector-5,5G,173.57966178872377,True
LOG-155805 ,Bhubaneswar_DLF,5G,173.57966178872377,False
LOG-262421 ,Rourkela_Sector-5,5G,173.57966178872377,False
LOG-307849 ,Rourkela_Sector-5,5G,173.57966178872377,False
LOG-961465 ,Bhubaneswar_DLF,5G,173.57966178872377,False
LOG-338483 ,Bhubaneswar_DLF,5G,173.57966178872377,False
LOG-984671 ,Rourkela_Sector-5,4G,173.57966178872377,False
LOG-492551 ,Sambalpur_Town,5G,173.57966178872377,False
LOG-144041 ,Sambalpur_Town,5G,173.57966178872377,False
LOG-918386 ,Bhubaneswar_DLF,5G,173.57966178872377,False
LOG-370146 ,Bhubaneswar_DLF,5G,173.57966178872377,False
LOG-431927 ,Rourkela_Sector-5,5G,173.57966178872377,False
LOG-207524 ,Cuttack_LinkRoad,5G,173.57966178872377,False
LOG-318306 ,Bhubaneswar_DLF,5G,173.57966178872377,False
LOG-644026 ,Rourkela_Sector-5,4G,173.57966178872377,False
LOG-897135 ,Bhubaneswar_DLF,5G,173.57966178872377,False
LOG-213776 ,Rourkela_Sector-5,4G,173.57966178872377,False
LOG-280494 ,Rourkela_Sector-5,5G,173.57966178872377,False
LOG-292971 ,Bhubaneswar_DLF,4G,173.57966178872377,False
LOG-931156 ,Bhubaneswar_DLF,5G,173.57966178872377,False
LOG-918731 ,Bhubaneswar_DLF,4G,173.57966178872377,False
LOG-377785 ,Bhubaneswar_DLF,5G,173.57966178872377,False
LOG-441678 ,Sambalpur_Town,5G,173.57966178872377,False
LOG-368449 ,Bhubaneswar_DLF,5G,173.57966178872377,False
LOG-853622 ,Bhubaneswar_DLF,5G,173.57966178872377,False
LOG-380926 ,Rourkela_Sector-5,5G,173.57966178872377,False
LOG-440401 ,Rourkela_Sector-5,4G,173.57966178872377,False
LOG-336371 ,Rourkela_Sector-5,5G,173.57966178872377,False
LOG-702251 ,Bhubaneswar_DLF,4G,173.57966178872377,False
LOG-746275 ,Cuttack_LinkRoad,5G,173.57966178872377,False
LOG-775926 ,Rourkela_Sector-5,5G,173.57966178872377,False
LOG-224591 ,Rourkela_Sector-5,5G,9999.0,False
LOG-692054 ,Rourkela_Sector-5,5G,173.57966178872377,False
LOG-630799 ,Rourkela_Sector-5,5G,173.57966178872377,False
LOG-739104 ,Sambalpur_Town,4G,173.57966178872377,False
LOG-600981 ,Bhubaneswar_DLF,5G,173.57966178872377,False
LOG-873720 ,Rourkela_Sector-5,4G,173.57966178872377,False
LOG-366909 ,Cuttack_LinkRoad,4G,173.57966178872377,False
LOG-251426 ,Cuttack_LinkRoad,5G,173.57966178872377,False
LOG-386073 ,Bhubaneswar_DLF,4G,173.57966178872377,False
LOG-259892 ,Rourkela_Sector-5,5G,173.57966178872377,False
LOG-211576 ,Bhubaneswar_DLF,5G,173.57966178872377,False
LOG-522739 ,Rourkela_Sector-5,5G,173.57966178872377,False
LOG-695376 ,Cuttack_LinkRoad,5G,-50.0,False
LOG-177525 ,Bhubaneswar_DLF,4G,173.57966178872377,False
LOG-113780 ,Bhubaneswar_DLF,4G,173.57966178872377,False
LOG-368733 ,Rourkela_Sector-5,5G,173.57966178872377,False
LOG-980096 ,Rourkela_Sector-5,5G,173.57966178872377,False
LOG-544709 ,Rourkela_Sector-5,5G,173.57966178872377,False
LOG-204188 ,Sambalpur_Town,4G,173.57966178872377,False
LOG-717614 ,Rourkela_Sector-5,5G,173.57966178872377,False
LOG-927385 ,Rourkela_Sector-5,5G,173.57966178872377,False
LOG-690073 ,Sambalpur_Town,4G,173.57966178872377,False
LOG-643597 ,Bhubaneswar_DLF,5G,173.57966178872377,False
LOG-678483 ,Cuttack_LinkRoad,3G,173.57966178872377,False
LOG-125901 ,Rourkela_Sector-5,5G,173.57966178872377,False
LOG-778936 ,Bhubaneswar_DLF,3G,173.57966178872377,False
LOG-524724 ,Rourkela_Sector-5,5G,173.57966178872377,False
LOG-567927 ,Cuttack_LinkRoad,5G,173.57966178872377,False
LOG-649752 ,Rourkela_Sector-5,4G,173.57966178872377,False
LOG-378404 ,Bhubaneswar_DLF,4G,173.57966178872377,False
LOG-749285 ,Cuttack_LinkRoad,4G,173.57966178872377,False
LOG-397584 ,Bhubaneswar_DLF,5G,173.57966178872377,False
LOG-457226 ,Bhubaneswar_DLF,4G,173.57966178872377,False
LOG-992015 ,Rourkela_Sector-5,5G,173.57966178872377,False
LOG-680971 ,Rourkela_Sector-5,5G,173.57966178872377,True
LOG-486350 ,Bhubaneswar_DLF,5G,173.57966178872377,False
LOG-272502 ,Bhubaneswar_DLF,4G,173.57966178872377,False
LOG-607994 ,Sambalpur_Town,4G,173.57966178872377,False
LOG-780465 ,Cuttack_LinkRoad,5G,173.57966178872377,False
LOG-702772 ,Bhubaneswar_DLF,5G,173.57966178872377,False
LOG-874107 ,Sambalpur_Town,5G,173.57966178872377,False
LOG-954741 ,Rourkela_Sector-5,5G,173.57966178872377,True
LOG-932359 ,Bhubaneswar_DLF,5G,173.57966178872377,False
LOG-306486 ,Rourkela_Sector-5,4G,173.57966178872377,False
LOG-929378 ,Rourkela_Sector-5,4G,173.57966178872377,False
LOG-549777 ,Cuttack_LinkRoad,4G,173.57966178872377,False
LOG-241449 ,Bhubaneswar_DLF,5G,-50.0,False
LOG-677880 ,Bhubaneswar_DLF,5G,173.57966178872377,True
LOG-238419 ,Bhubaneswar_DLF,5G,173.57966178872377,False
LOG-395920 ,Bhubaneswar_DLF,4G,173.57966178872377,True
LOG-680086 ,Rourkela_Sector-5,5G,173.57966178872377,False
LOG-235370 ,Bhubaneswar_DLF,4G,173.57966178872377,False
LOG-956636 ,Bhubaneswar_DLF,4G,9999.0,False
LOG-972639 ,Cuttack_LinkRoad,5G,173.57966178872377,False
LOG-986788 ,Rourkela_Sector-5,5G,173.57966178872377,False
LOG-548377 ,Rourkela_Sector-5,4G,173.57966178872377,False
LOG-947084 ,Bhubaneswar_DLF,4G,173.57966178872377,False
LOG-591830 ,Cuttack_LinkRoad,5G,-50.0,True
LOG-343767 ,Bhubaneswar_DLF,5G,173.57966178872377,False
LOG-645210 ,Cuttack_LinkRoad,5G,173.57966178872377,False
LOG-527244 ,Sambalpur_Town,4G,173.57966178872377,False
LOG-604677 ,Sambalpur_Town,5G,173.57966178872377,False
LOG-513532 ,Cuttack_LinkRoad,5G,173.57966178872377,False
LOG-963428 ,Cuttack_LinkRoad,5G,173.57966178872377,False
LOG-510184 ,Rourkela_Sector-5,4G,9999.0,True
LOG-916698 ,Cuttack_LinkRoad,5G,173.57966178872377,False
LOG-618895 ,Bhubaneswar_DLF,4G,173.57966178872377,False
LOG-326817 ,Sambalpur_Town,5G,173.57966178872377,False
LOG-517216 ,Rourkela_Sector-5,5G,173.57966178872377,False
LOG-102866 ,Bhubaneswar_DLF,5G,173.57966178872377,False
LOG-212669 ,Bhubaneswar_DLF,5G,173.57966178872377,False
LOG-892330 ,Bhubaneswar_DLF,4G,173.57966178872377,False
LOG-380539 ,Rourkela_Sector-5,5G,173.57966178872377,False
LOG-794379 ,Bhubaneswar_DLF,5G,173.57966178872377,False
LOG-366150 ,Cuttack_LinkRoad,5G,173.57966178872377,False
LOG-789753 ,Bhubaneswar_DLF,4G,173.57966178872377,True
LOG-897388 ,Rourkela_Sector-5,5G,173.57966178872377,False
LOG-543258 ,Cuttack_LinkRoad,5G,173.57966178872377,False
LOG-589415 ,Rourkela_Sector-5,5G,173.57966178872377,True
LOG-457820 ,Rourkela_Sector-5,4G,173.57966178872377,False
LOG-746012 ,Bhubaneswar_DLF,5G,173.57966178872377,False
LOG-687189 ,Cuttack_LinkRoad,4G,173.57966178872377,False
LOG-993659 ,Bhubaneswar_DLF,5G,173.57966178872377,False
LOG-824857 ,Bhubaneswar_DLF,5G,173.57966178872377,False
LOG-588029 ,Rourkela_Sector-5,5G,-50.0,False
LOG-741480 ,Bhubaneswar_DLF,5G,173.57966178872377,False
LOG-272646 ,Rourkela_Sector-5,4G,173.57966178872377,False
LOG-393561 ,Sambalpur_Town,5G,173.57966178872377,False
LOG-450164 ,Cuttack_LinkRoad,5G,173.57966178872377,False
LOG-445783 ,Bhubaneswar_DLF,4G,173.57966178872377,False
LOG-558222 ,Bhubaneswar_DLF,5G,173.57966178872377,False
LOG-194881 ,Cuttack_LinkRoad,5G,173.57966178872377,False
LOG-342934 ,Bhubaneswar_DLF,4G,173.57966178872377,False
LOG-232659 ,Rourkela_Sector-5,5G,173.57966178872377,False
LOG-745976 ,Rourkela_Sector-5,4G,173.57966178872377,False
LOG-601323 ,Bhubaneswar_DLF,5G,173.57966178872377,True
LOG-739872 ,Sambalpur_Town,5G,173.57966178872377,False
LOG-810070 ,Rourkela_Sector-5,5G,173.57966178872377,False
LOG-972999 ,Rourkela_Sector-5,4G,173.57966178872377,False
LOG-847108 ,Bhubaneswar_DLF,5G,173.57966178872377,False
LOG-962318 ,Cuttack_LinkRoad,5G,173.57966178872377,False
LOG-841184 ,Rourkela_Sector-5,4G,173.57966178872377,False
LOG-915864 ,Rourkela_Sector-5,5G,173.57966178872377,False
LOG-279689 ,Bhubaneswar_DLF,4G,173.57966178872377,False
LOG-434517 ,Bhubaneswar_DLF,5G,173.57966178872377,False
LOG-265289 ,Rourkela_Sector-5,5G,173.57966178872377,False
LOG-383028 ,Rourkela_Sector-5,5G,173.57966178872377,False
LOG-367598 ,Bhubaneswar_DLF,5G,173.57966178872377,False
LOG-699248 ,Bhubaneswar_DLF,4G,173.57966178872377,False
LOG-202421 ,Sambalpur_Town,4G,173.57966178872377,False
LOG-338245 ,Bhubaneswar_DLF,4G,173.57966178872377,False
LOG-667906 ,Rourkela_Sector-5,4G,173.57966178872377,True
LOG-147111 ,Bhubaneswar_DLF,5G,173.57966178872377,False
LOG-532829 ,Bhubaneswar_DLF,4G,173.57966178872377,False
LOG-316750 ,Rourkela_Sector-5,4G,173.57966178872377,False
LOG-220592 ,Sambalpur_Town,5G,173.57966178872377,False
LOG-334000 ,Cuttack_LinkRoad,5G,173.57966178872377,False
LOG-880277 ,Rourkela_Sector-5,4G,173.57966178872377,False
LOG-422137 ,Rourkela_Sector-5,5G,173.57966178872377,False
LOG-228652 ,Rourkela_Sector-5,4G,173.57966178872377,False
LOG-608069 ,Rourkela_Sector-5,5G,173.57966178872377,False
LOG-702960 ,Bhubaneswar_DLF,5G,173.57966178872377,False
LOG-874639 ,Bhubaneswar_DLF,5G,173.57966178872377,False
LOG-952557 ,Sambalpur_Town,5G,173.57966178872377,False
LOG-317516 ,Rourkela_Sector-5,5G,173.57966178872377,True
LOG-479653 ,Bhubaneswar_DLF,5G,-50.0,False
LOG-161602 ,Sambalpur_Town,5G,173.57966178872377,False
LOG-303117 ,Bhubaneswar_DLF,4G,173.57966178872377,False
LOG-337069 ,Rourkela_Sector-5,5G,173.57966178872377,False
LOG-666510 ,Rourkela_Sector-5,4G,173.57966178872377,False
LOG-935655 ,Rourkela_Sector-5,5G,173.57966178872377,False
LOG-341084 ,Sambalpur_Town,4G,173.57966178872377,False
LOG-342318 ,Sambalpur_Town,4G,173.57966178872377,False
LOG-689621 ,Sambalpur_Town,5G,173.57966178872377,False
LOG-808092 ,Cuttack_LinkRoad,4G,173.57966178872377,False
LOG-484794 ,Rourkela_Sector-5,5G,173.57966178872377,False
LOG-149420 ,Sambalpur_Town,5G,173.57966178872377,False
LOG-699792 ,Sambalpur_Town,4G,173.57966178872377,False
LOG-626750 ,Rourkela_Sector-5,5G,173.57966178872377,False
LOG-371604 ,Rourkela_Sector-5,5G,173.57966178872377,False
LOG-723607 ,Bhubaneswar_DLF,5G,173.57966178872377,False
LOG-880962 ,Rourkela_Sector-5,4G,173.57966178872377,False
LOG-764635 ,Rourkela_Sector-5,4G,173.57966178872377,False
LOG-768629 ,Sambalpur_Town,5G,173.57966178872377,False
LOG-753881 ,Sambalpur_Town,3G,173.57966178872377,False
LOG-222672 ,Rourkela_Sector-5,4G,173.57966178872377,False
LOG-559158 ,Bhubaneswar_DLF,4G,173.57966178872377,False
LOG-435064 ,Cuttack_LinkRoad,5G,173.57966178872377,False
LOG-613953 ,Bhubaneswar_DLF,4G,173.57966178872377,False
LOG-908985 ,Rourkela_Sector-5,4G,173.57966178872377,False
LOG-517582 ,Cuttack_LinkRoad,5G,173.57966178872377,True
LOG-144036 ,Sambalpur_Town,3G,173.57966178872377,False
LOG-248441 ,Sambalpur_Town,5G,173.57966178872377,False
LOG-242867 ,Rourkela_Sector-5,5G,173.57966178872377,False
LOG-170021 ,Rourkela_Sector-5,4G,173.57966178872377,False
LOG-469349 ,Sambalpur_Town,3G,173.57966178872377,False
LOG-561370 ,Rourkela_Sector-5,5G,173.57966178872377,False
LOG-785503 ,Cuttack_LinkRoad,5G,173.57966178872377,False
LOG-522641 ,Rourkela_Sector-5,4G,173.57966178872377,False
LOG-974641 ,Rourkela_Sector-5,4G,173.57966178872377,False
LOG-437283 ,Bhubaneswar_DLF,4G,173.57966178872377,False
LOG-860592 ,Rourkela_Sector-5,4G,173.57966178872377,False
LOG-629656 ,Sambalpur_Town,4G,173.57966178872377,False
LOG-759981 ,Rourkela_Sector-5,5G,173.57966178872377,False
LOG-683117 ,Sambalpur_Town,3G,173.57966178872377,False
LOG-491180 ,Sambalpur_Town,5G,173.57966178872377,False
LOG-553510 ,Rourkela_Sector-5,4G,173.57966178872377,False
LOG-901151 ,Cuttack_LinkRoad,5G,173.57966178872377,False
LOG-653515 ,Rourkela_Sector-5,5G,173.57966178872377,False
LOG-733718 ,Cuttack_LinkRoad,4G,173.57966178872377,False
LOG-500782 ,Bhubaneswar_DLF,3G,173.57966178872377,False
LOG-112306 ,Rourkela_Sector-5,4G,173.57966178872377,False
LOG-678110 ,Bhubaneswar_DLF,4G,173.57966178872377,True
LOG-124042 ,Bhubaneswar_DLF,5G,173.57966178872377,False
LOG-508302 ,Sambalpur_Town,4G,173.57966178872377,False
LOG-772747 ,Rourkela_Sector-5,5G,173.57966178872377,False
LOG-713712 ,Bhubaneswar_DLF,5G,173.57966178872377,False
LOG-282690 ,Rourkela_Sector-5,5G,173.57966178872377,False
LOG-847410 ,Cuttack_LinkRoad,4G,173.57966178872377,False
LOG-249395 ,Rourkela_Sector-5,3G,173.57966178872377,False
LOG-642307 ,Bhubaneswar_DLF,4G,173.57966178872377,False
LOG-961858 ,Rourkela_Sector-5,5G,173.57966178872377,False
LOG-665151 ,Bhubaneswar_DLF,5G,173.57966178872377,False
LOG-735311 ,Cuttack_LinkRoad,5G,173.57966178872377,False
LOG-765643 ,Cuttack_LinkRoad,5G,173.57966178872377,True
LOG-409143 ,Cuttack_LinkRoad,5G,173.57966178872377,False
LOG-162780 ,Bhubaneswar_DLF,4G,173.57966178872377,False
LOG-909340 ,Sambalpur_Town,3G,173.57966178872377,False
LOG-816944 ,Bhubaneswar_DLF,5G,173.57966178872377,False
LOG-488422 ,Sambalpur_Town,5G,173.57966178872377,False
LOG-999434 ,Bhubaneswar_DLF,4G,173.57966178872377,False
LOG-543441 ,Bhubaneswar_DLF,4G,173.57966178872377,False
LOG-793312 ,Rourkela_Sector-5,4G,173.57966178872377,False
LOG-200706 ,Bhubaneswar_DLF,5G,173.57966178872377,False
LOG-793023 ,Rourkela_Sector-5,5G,173.57966178872377,False
LOG-222019 ,Sambalpur_Town,3G,173.57966178872377,True
LOG-471852 ,Bhubaneswar_DLF,5G,173.57966178872377,False
LOG-816741 ,Sambalpur_Town,4G,173.57966178872377,False
LOG-279001 ,Rourkela_Sector-5,5G,173.57966178872377,False
LOG-895775 ,Rourkela_Sector-5,5G,-50.0,False
LOG-962605 ,Sambalpur_Town,4G,173.57966178872377,False
LOG-200260 ,Rourkela_Sector-5,5G,173.57966178872377,True
LOG-270863 ,Bhubaneswar_DLF,4G,173.57966178872377,False
LOG-784494 ,Sambalpur_Town,5G,173.57966178872377,False
LOG-802461 ,Bhubaneswar_DLF,3G,173.57966178872377,True
LOG-693731 ,Rourkela_Sector-5,5G,173.57966178872377,False
LOG-854471 ,Sambalpur_Town,5G,173.57966178872377,False
LOG-419674 ,Rourkela_Sector-5,5G,173.57966178872377,True
LOG-540015 ,Sambalpur_Town,4G,173.57966178872377,False
LOG-760187 ,Rourkela_Sector-5,4G,173.57966178872377,False
LOG-196143 ,Bhubaneswar_DLF,5G,173.57966178872377,False
LOG-818013 ,Rourkela_Sector-5,5G,173.57966178872377,False
LOG-244771 ,Cuttack_LinkRoad,4G,173.57966178872377,False
LOG-606713 ,Rourkela_Sector-5,4G,173.57966178872377,False
LOG-872332 ,Cuttack_LinkRoad,4G,173.57966178872377,False
LOG-760673 ,Bhubaneswar_DLF,4G,173.57966178872377,False
LOG-768958 ,Rourkela_Sector-5,5G,173.57966178872377,False
LOG-211362 ,Cuttack_LinkRoad,5G,173.57966178872377,False
LOG-870805 ,Bhubaneswar_DLF,5G,173.57966178872377,False
LOG-390951 ,Rourkela_Sector-5,3G,173.57966178872377,False
LOG-824750 ,Rourkela_Sector-5,5G,173.57966178872377,False
LOG-276298 ,Bhubaneswar_DLF,5G,173.57966178872377,False
LOG-683838 ,Rourkela_Sector-5,4G,173.57966178872377,False
LOG-573288 ,Rourkela_Sector-5,5G,173.57966178872377,False
LOG-365702 ,Rourkela_Sector-5,4G,173.57966178872377,False
LOG-412257 ,Bhubaneswar_DLF,4G,173.57966178872377,False
LOG-939431 ,Bhubaneswar_DLF,3G,-50.0,False
LOG-811238 ,Rourkela_Sector-5,5G,173.57966178872377,False
LOG-158219 ,Sambalpur_Town,5G,173.57966178872377,False
LOG-790546 ,Sambalpur_Town,4G,173.57966178872377,False
LOG-789129 ,Rourkela_Sector-5,5G,173.57966178872377,False
LOG-875292 ,Rourkela_Sector-5,5G,173.57966178872377,False
LOG-881624 ,Sambalpur_Town,4G,173.57966178872377,False
LOG-336495 ,Bhubaneswar_DLF,5G,173.57966178872377,False
LOG-677506 ,Rourkela_Sector-5,4G,173.57966178872377,False
LOG-381373 ,Bhubaneswar_DLF,4G,173.57966178872377,False
LOG-961641 ,Cuttack_LinkRoad,5G,173.57966178872377,False
LOG-652165 ,Rourkela_Sector-5,5G,173.57966178872377,False
LOG-289073 ,Cuttack_LinkRoad,5G,173.57966178872377,False
LOG-459281 ,Cuttack_LinkRoad,5G,173.57966178872377,False
LOG-924516 ,Bhubaneswar_DLF,4G,173.57966178872377,False
LOG-968212 ,Sambalpur_Town,5G,173.57966178872377,False
LOG-247878 ,Rourkela_Sector-5,5G,173.57966178872377,False
LOG-319707 ,Bhubaneswar_DLF,4G,173.57966178872377,False
LOG-341249 ,Bhubaneswar_DLF,5G,173.57966178872377,False
LOG-137034 ,Bhubaneswar_DLF,5G,173.57966178872377,False
LOG-271389 ,Rourkela_Sector-5,3G,173.57966178872377,False
LOG-941900 ,Rourkela_Sector-5,5G,173.57966178872377,False
LOG-512310 ,Rourkela_Sector-5,4G,173.57966178872377,False
LOG-813156 ,Rourkela_Sector-5,4G,173.57966178872377,False
LOG-110589 ,Rourkela_Sector-5,4G,173.57966178872377,False
LOG-157221 ,Cuttack_LinkRoad,4G,173.57966178872377,False
LOG-355927 ,Rourkela_Sector-5,5G,173.57966178872377,False
LOG-888089 ,Bhubaneswar_DLF,4G,173.57966178872377,False
LOG-460444 ,Rourkela_Sector-5,4G,173.57966178872377,False
LOG-741517 ,Rourkela_Sector-5,5G,173.57966178872377,False
LOG-925963 ,Rourkela_Sector-5,5G,173.57966178872377,False
LOG-676515 ,Rourkela_Sector-5,4G,173.57966178872377,True
LOG-365308 ,Bhubaneswar_DLF,5G,173.57966178872377,False
LOG-193078 ,Rourkela_Sector-5,4G,173.57966178872377,False
LOG-927679 ,Sambalpur_Town,4G,173.57966178872377,False
LOG-859401 ,Sambalpur_Town,5G,173.57966178872377,False
LOG-674887 ,Bhubaneswar_DLF,5G,173.57966178872377,False
LOG-564761 ,Cuttack_LinkRoad,5G,173.57966178872377,False
LOG-870655 ,Rourkela_Sector-5,5G,173.57966178872377,False
LOG-609668 ,Bhubaneswar_DLF,5G,173.57966178872377,False
LOG-289651 ,Cuttack_LinkRoad,4G,173.57966178872377,False
LOG-600741 ,Rourkela_Sector-5,4G,173.57966178872377,False
LOG-168207 ,Rourkela_Sector-5,4G,173.57966178872377,False
LOG-434199 ,Rourkela_Sector-5,4G,173.57966178872377,False
LOG-988698 ,Bhubaneswar_DLF,5G,173.57966178872377,False
LOG-440414 ,Bhubaneswar_DLF,4G,173.57966178872377,False
LOG-211426 ,Rourkela_Sector-5,5G,173.57966178872377,False
LOG-611081 ,Bhubaneswar_DLF,5G,173.57966178872377,False
LOG-234794 ,Bhubaneswar_DLF,5G,173.57966178872377,False
LOG-956874 ,Cuttack_LinkRoad,5G,173.57966178872377,False
LOG-457776 ,Rourkela_Sector-5,5G,173.57966178872377,False
LOG-795391 ,Cuttack_LinkRoad,5G,173.57966178872377,True
LOG-834595 ,Bhubaneswar_DLF,5G,173.57966178872377,True
LOG-645726 ,Cuttack_LinkRoad,3G,173.57966178872377,False
LOG-683107 ,Cuttack_LinkRoad,5G,173.57966178872377,False
LOG-143856 ,Bhubaneswar_DLF,4G,173.57966178872377,False
LOG-526792 ,Rourkela_Sector-5,5G,173.57966178872377,True
LOG-928370 ,Bhubaneswar_DLF,5G,173.57966178872377,False
LOG-542244 ,Sambalpur_Town,5G,173.57966178872377,False
LOG-159807 ,Bhubaneswar_DLF,5G,173.57966178872377,False
LOG-936309 ,Rourkela_Sector-5,4G,173.57966178872377,False
LOG-590999 ,Rourkela_Sector-5,5G,173.57966178872377,False
LOG-143461 ,Sambalpur_Town,5G,173.57966178872377,False
LOG-717762 ,Rourkela_Sector-5,5G,173.57966178872377,False
LOG-445280 ,Rourkela_Sector-5,5G,173.57966178872377,False
LOG-382579 ,Rourkela_Sector-5,4G,173.57966178872377,False
LOG-839477 ,Sambalpur_Town,5G,173.57966178872377,False
LOG-507407 ,Rourkela_Sector-5,5G,173.57966178872377,False
LOG-971158 ,Bhubaneswar_DLF,5G,173.57966178872377,False
LOG-354730 ,Bhubaneswar_DLF,5G,173.57966178872377,False
LOG-346732 ,Rourkela_Sector-5,5G,173.57966178872377,False
LOG-520602 ,Sambalpur_Town,5G,173.57966178872377,False
LOG-787081 ,Bhubaneswar_DLF,5G,173.57966178872377,False
LOG-679074 ,Bhubaneswar_DLF,4G,173.57966178872377,True
LOG-375848 ,Sambalpur_Town,4G,173.57966178872377,False
LOG-156635 ,Sambalpur_Town,5G,173.57966178872377,False
LOG-452854 ,Bhubaneswar_DLF,5G,173.57966178872377,False
LOG-865197 ,Rourkela_Sector-5,5G,173.57966178872377,False
LOG-345984 ,Cuttack_LinkRoad,4G,173.57966178872377,False
LOG-425137 ,Bhubaneswar_DLF,5G,173.57966178872377,True
LOG-212752 ,Sambalpur_Town,4G,173.57966178872377,False
LOG-311194 ,Sambalpur_Town,5G,173.57966178872377,False
LOG-328584 ,Rourkela_Sector-5,5G,173.57966178872377,False
LOG-518632 ,Sambalpur_Town,4G,173.57966178872377,True
LOG-232886 ,Rourkela_Sector-5,5G,173.57966178872377,False
LOG-178537 ,Bhubaneswar_DLF,5G,173.57966178872377,False
LOG-936690 ,Rourkela_Sector-5,5G,173.57966178872377,False
LOG-771868 ,Sambalpur_Town,5G,173.57966178872377,False
LOG-185166 ,Bhubaneswar_DLF,4G,173.57966178872377,False
LOG-834276 ,Bhubaneswar_DLF,4G,173.57966178872377,False
LOG-475854 ,Sambalpur_Town,5G,173.57966178872377,False
LOG-397843 ,Bhubaneswar_DLF,5G,173.57966178872377,False
LOG-408479 ,Bhubaneswar_DLF,5G,173.57966178872377,False
LOG-933238 ,Sambalpur_Town,4G,173.57966178872377,False
LOG-964285 ,Cuttack_LinkRoad,5G,173.57966178872377,True
LOG-819128 ,Sambalpur_Town,5G,173.57966178872377,False
LOG-397883 ,Sambalpur_Town,5G,173.57966178872377,False
LOG-659073 ,Rourkela_Sector-5,5G,173.57966178872377,False
LOG-263052 ,Bhubaneswar_DLF,4G,173.57966178872377,False
LOG-856079 ,Rourkela_Sector-5,4G,173.57966178872377,False
LOG-587918 ,Bhubaneswar_DLF,5G,173.57966178872377,False
LOG-971448 ,Rourkela_Sector-5,4G,173.57966178872377,False
LOG-494825 ,Cuttack_LinkRoad,5G,173.57966178872377,False
LOG-166253 ,Rourkela_Sector-5,5G,173.57966178872377,False
LOG-578697 ,Rourkela_Sector-5,5G,173.57966178872377,False
LOG-715416 ,Rourkela_Sector-5,5G,173.57966178872377,False
LOG-261081 ,Rourkela_Sector-5,4G,173.57966178872377,False
LOG-735254 ,Bhubaneswar_DLF,4G,173.57966178872377,False
LOG-237854 ,Rourkela_Sector-5,5G,173.57966178872377,False
LOG-723640 ,Rourkela_Sector-5,5G,173.57966178872377,False
LOG-519149 ,Rourkela_Sector-5,5G,173.57966178872377,False
LOG-963586 ,Cuttack_LinkRoad,4G,173.57966178872377,False
LOG-763667 ,Cuttack_LinkRoad,4G,173.57966178872377,False
LOG-847567 ,Rourkela_Sector-5,5G,173.57966178872377,False
LOG-861569 ,Cuttack_LinkRoad,4G,173.57966178872377,False
LOG-732585 ,Bhubaneswar_DLF,4G,173.57966178872377,False
LOG-831234 ,Rourkela_Sector-5,5G,173.57966178872377,False
LOG-662634 ,Bhubaneswar_DLF,5G,173.57966178872377,False
LOG-212138 ,Rourkela_Sector-5,4G,173.57966178872377,False
LOG-412916 ,Cuttack_LinkRoad,5G,173.57966178872377,False
LOG-140149 ,Rourkela_Sector-5,5G,173.57966178872377,False
LOG-448844 ,Sambalpur_Town,5G,173.57966178872377,False
LOG-782886 ,Rourkela_Sector-5,5G,173.57966178872377,False
LOG-983190 ,Bhubaneswar_DLF,4G,173.57966178872377,False
LOG-578928 ,Sambalpur_Town,5G,173.57966178872377,False
LOG-228447 ,Rourkela_Sector-5,5G,173.57966178872377,False
LOG-561693 ,Bhubaneswar_DLF,5G,173.57966178872377,False
LOG-105695 ,Rourkela_Sector-5,4G,173.57966178872377,False
LOG-663457 ,Bhubaneswar_DLF,5G,173.57966178872377,False
LOG-934379 ,Rourkela_Sector-5,5G,173.57966178872377,False
LOG-278296 ,Rourkela_Sector-5,5G,-50.0,False
LOG-932297 ,Bhubaneswar_DLF,4G,173.57966178872377,False
LOG-780913 ,Bhubaneswar_DLF,4G,173.57966178872377,False
LOG-466645 ,Bhubaneswar_DLF,4G,173.57966178872377,False
LOG-422554 ,Rourkela_Sector-5,5G,173.57966178872377,False
LOG-465898 ,Rourkela_Sector-5,4G,173.57966178872377,False
LOG-453039 ,Bhubaneswar_DLF,5G,173.57966178872377,False
LOG-810386 ,Bhubaneswar_DLF,4G,173.57966178872377,False
LOG-412849 ,Rourkela_Sector-5,5G,173.57966178872377,False
LOG-292994 ,Rourkela_Sector-5,4G,173.57966178872377,False
LOG-477844 ,Rourkela_Sector-5,5G,173.57966178872377,False
LOG-960346 ,Rourkela_Sector-5,4G,173.57966178872377,False
LOG-101881 ,Rourkela_Sector-5,4G,173.57966178872377,False
LOG-409509 ,Rourkela_Sector-5,5G,-50.0,False
LOG-621144 ,Bhubaneswar_DLF,4G,173.57966178872377,True
LOG-179211 ,Bhubaneswar_DLF,5G,173.57966178872377,False
LOG-256078 ,Rourkela_Sector-5,3G,173.57966178872377,False
LOG-403342 ,Rourkela_Sector-5,4G,173.57966178872377,False
LOG-987081 ,Rourkela_Sector-5,3G,173.57966178872377,False
LOG-525659 ,Bhubaneswar_DLF,5G,173.57966178872377,False
LOG-327203 ,Sambalpur_Town,5G,173.57966178872377,False
LOG-819846 ,Bhubaneswar_DLF,4G,173.57966178872377,False
LOG-761237 ,Cuttack_LinkRoad,4G,173.57966178872377,False
LOG-139553 ,Cuttack_LinkRoad,5G,173.57966178872377,False
LOG-607353 ,Rourkela_Sector-5,5G,173.57966178872377,False
LOG-498138 ,Rourkela_Sector-5,5G,173.57966178872377,False
LOG-760046 ,Bhubaneswar_DLF,4G,173.57966178872377,False
LOG-132766 ,Rourkela_Sector-5,4G,173.57966178872377,False
LOG-918438 ,Bhubaneswar_DLF,5G,173.57966178872377,False
LOG-655710 ,Cuttack_LinkRoad,5G,173.57966178872377,False
LOG-374349 ,Cuttack_LinkRoad,5G,173.57966178872377,False
LOG-579806 ,Rourkela_Sector-5,5G,173.57966178872377,False
LOG-254599 ,Bhubaneswar_DLF,4G,173.57966178872377,True
LOG-866843 ,Bhubaneswar_DLF,5G,173.57966178872377,False
LOG-511659 ,Cuttack_LinkRoad,4G,173.57966178872377,False
LOG-509740 ,Cuttack_LinkRoad,4G,173.57966178872377,False
LOG-478621 ,Sambalpur_Town,5G,173.57966178872377,True
LOG-128202 ,Rourkela_Sector-5,5G,173.57966178872377,False
LOG-539358 ,Bhubaneswar_DLF,4G,173.57966178872377,False
LOG-948124 ,Rourkela_Sector-5,5G,173.57966178872377,False
LOG-837744 ,Rourkela_Sector-5,4G,173.57966178872377,False
LOG-120855 ,Sambalpur_Town,5G,173.57966178872377,False
LOG-576963 ,Sambalpur_Town,4G,173.57966178872377,False
LOG-815732 ,Rourkela_Sector-5,5G,173.57966178872377,False
LOG-911527 ,Rourkela_Sector-5,5G,173.57966178872377,False
LOG-411385 ,Rourkela_Sector-5,5G,173.57966178872377,False
LOG-727407 ,Cuttack_LinkRoad,3G,173.57966178872377,False
LOG-676291 ,Rourkela_Sector-5,3G,173.57966178872377,False
LOG-561595 ,Rourkela_Sector-5,5G,173.57966178872377,False
LOG-194837 ,Rourkela_Sector-5,5G,173.57966178872377,False
LOG-323068 ,Bhubaneswar_DLF,5G,173.57966178872377,False
LOG-456427 ,Sambalpur_Town,5G,173.57966178872377,False
LOG-223805 ,Rourkela_Sector-5,4G,173.57966178872377,False
LOG-980278 ,Bhubaneswar_DLF,5G,173.57966178872377,False
LOG-909359 ,Rourkela_Sector-5,4G,173.57966178872377,False
LOG-215657 ,Bhubaneswar_DLF,4G,173.57966178872377,False
LOG-953062 ,Bhubaneswar_DLF,5G,173.57966178872377,False
LOG-204428 ,Rourkela_Sector-5,4G,173.57966178872377,False
LOG-222035 ,Rourkela_Sector-5,5G,173.57966178872377,False
LOG-545563 ,Cuttack_LinkRoad,5G,173.57966178872377,False
LOG-330780 ,Rourkela_Sector-5,4G,173.57966178872377,False
LOG-841570 ,Bhubaneswar_DLF,5G,173.57966178872377,False
LOG-169518 ,Rourkela_Sector-5,5G,173.57966178872377,False
LOG-276355 ,Rourkela_Sector-5,4G,173.57966178872377,False
LOG-967758 ,Bhubaneswar_DLF,4G,173.57966178872377,False
LOG-767565 ,Cuttack_LinkRoad,5G,173.57966178872377,False
LOG-220243 ,Bhubaneswar_DLF,4G,173.57966178872377,False
LOG-899180 ,Rourkela_Sector-5,5G,173.57966178872377,False
LOG-496308 ,Bhubaneswar_DLF,3G,173.57966178872377,False
LOG-153311 ,Bhubaneswar_DLF,5G,173.57966178872377,False
LOG-122692 ,Bhubaneswar_DLF,4G,173.57966178872377,True
LOG-749242 ,Bhubaneswar_DLF,4G,173.57966178872377,False
LOG-779222 ,Rourkela_Sector-5,5G,173.57966178872377,False
LOG-492179 ,Bhubaneswar_DLF,4G,173.57966178872377,False
LOG-321468 ,Bhubaneswar_DLF,4G,173.57966178872377,False
LOG-441651 ,Rourkela_Sector-5,4G,173.57966178872377,True
LOG-180152 ,Bhubaneswar_DLF,5G,173.57966178872377,False
LOG-563685 ,Rourkela_Sector-5,5G,173.57966178872377,False
LOG-629214 ,Rourkela_Sector-5,4G,173.57966178872377,False
LOG-103969 ,Sambalpur_Town,5G,173.57966178872377,False
LOG-135733 ,Rourkela_Sector-5,4G,173.57966178872377,False
LOG-431999 ,Rourkela_Sector-5,5G,173.57966178872377,False
LOG-141743 ,Bhubaneswar_DLF,5G,173.57966178872377,False
LOG-754481 ,Sambalpur_Town,5G,173.57966178872377,True
LOG-270948 ,Sambalpur_Town,3G,173.57966178872377,False
LOG-993877 ,Bhubaneswar_DLF,4G,173.57966178872377,False
LOG-120323 ,Rourkela_Sector-5,5G,173.57966178872377,False
LOG-623293 ,Sambalpur_Town,4G,173.57966178872377,False
LOG-378572 ,Bhubaneswar_DLF,5G,173.57966178872377,False
LOG-658866 ,Rourkela_Sector-5,4G,173.57966178872377,False
LOG-710774 ,Cuttack_LinkRoad,5G,173.57966178872377,False
LOG-601793 ,Rourkela_Sector-5,4G,173.57966178872377,False
LOG-426284 ,Rourkela_Sector-5,5G,173.57966178872377,False
LOG-881738 ,Cuttack_LinkRoad,4G,173.57966178872377,False
LOG-731613 ,Bhubaneswar_DLF,5G,173.57966178872377,False
LOG-970261 ,Rourkela_Sector-5,5G,173.57966178872377,False
LOG-368508 ,Rourkela_Sector-5,5G,173.57966178872377,False
LOG-491011 ,Bhubaneswar_DLF,4G,173.57966178872377,False
LOG-528565 ,Rourkela_Sector-5,5G,173.57966178872377,False
LOG-756051 ,Rourkela_Sector-5,4G,173.57966178872377,False
LOG-882259 ,Bhubaneswar_DLF,5G,173.57966178872377,False
LOG-719886 ,Sambalpur_Town,5G,173.57966178872377,False
LOG-821827 ,Bhubaneswar_DLF,5G,173.57966178872377,False
LOG-276968 ,Cuttack_LinkRoad,4G,173.57966178872377,False
LOG-157062 ,Cuttack_LinkRoad,4G,173.57966178872377,False
LOG-328338 ,Bhubaneswar_DLF,3G,173.57966178872377,False
LOG-835122 ,Rourkela_Sector-5,4G,173.57966178872377,False
LOG-769221 ,Sambalpur_Town,5G,173.57966178872377,True
LOG-327909 ,Bhubaneswar_DLF,4G,173.57966178872377,False
LOG-606995 ,Rourkela_Sector-5,5G,173.57966178872377,False
LOG-188302 ,Rourkela_Sector-5,4G,173.57966178872377,False
LOG-688216 ,Cuttack_LinkRoad,5G,173.57966178872377,False
LOG-838591 ,Rourkela_Sector-5,4G,173.57966178872377,False
LOG-665635 ,Rourkela_Sector-5,5G,173.57966178872377,True
LOG-627409 ,Bhubaneswar_DLF,5G,173.57966178872377,False
LOG-183793 ,Sambalpur_Town,5G,173.57966178872377,False
LOG-652452 ,Bhubaneswar_DLF,5G,173.57966178872377,True
LOG-387635 ,Rourkela_Sector-5,5G,173.57966178872377,False
LOG-683510 ,Rourkela_Sector-5,4G,173.57966178872377,False
LOG-778525 ,Bhubaneswar_DLF,4G,173.57966178872377,False
LOG-628036 ,Rourkela_Sector-5,5G,173.57966178872377,False
LOG-650841 ,Bhubaneswar_DLF,5G,173.57966178872377,False
LOG-216547 ,Rourkela_Sector-5,5G,173.57966178872377,False
LOG-684668 ,Sambalpur_Town,4G,173.57966178872377,False
LOG-144331 ,Bhubaneswar_DLF,5G,173.57966178872377,False
LOG-851393 ,Rourkela_Sector-5,5G,173.57966178872377,False
LOG-744905 ,Sambalpur_Town,5G,173.57966178872377,False
LOG-925992 ,Rourkela_Sector-5,5G,173.57966178872377,False
LOG-940297 ,Rourkela_Sector-5,5G,173.57966178872377,True
LOG-700198 ,Cuttack_LinkRoad,5G,173.57966178872377,False
LOG-497891 ,Rourkela_Sector-5,5G,173.57966178872377,False
LOG-600201 ,Bhubaneswar_DLF,5G,173.57966178872377,False
LOG-602237 ,Rourkela_Sector-5,5G,173.57966178872377,False
LOG-964418 ,Rourkela_Sector-5,4G,173.57966178872377,False
LOG-831576 ,Rourkela_Sector-5,5G,173.57966178872377,False
LOG-110068 ,Cuttack_LinkRoad,5G,173.57966178872377,False
LOG-678748 ,Bhubaneswar_DLF,5G,173.57966178872377,False
LOG-987198 ,Rourkela_Sector-5,4G,173.57966178872377,False
LOG-670706 ,Rourkela_Sector-5,4G,173.57966178872377,False
LOG-388350 ,Sambalpur_Town,4G,173.57966178872377,False
LOG-752468 ,Sambalpur_Town,5G,173.57966178872377,False
LOG-886719 ,Bhubaneswar_DLF,5G,173.57966178872377,False
LOG-122337 ,Cuttack_LinkRoad,5G,173.57966178872377,False
LOG-251738 ,Cuttack_LinkRoad,5G,173.57966178872377,False
LOG-347667 ,Rourkela_Sector-5,5G,173.57966178872377,False
LOG-756521 ,Rourkela_Sector-5,4G,173.57966178872377,False
LOG-614241 ,Rourkela_Sector-5,4G,173.57966178872377,False
LOG-987099 ,Cuttack_LinkRoad,5G,173.57966178872377,True
LOG-452215 ,Cuttack_LinkRoad,5G,173.57966178872377,False
LOG-198064 ,Bhubaneswar_DLF,5G,173.57966178872377,False
LOG-468655 ,Rourkela_Sector-5,5G,173.57966178872377,False
LOG-582605 ,Bhubaneswar_DLF,4G,173.57966178872377,False
LOG-507974 ,Cuttack_LinkRoad,5G,173.57966178872377,False
LOG-558996 ,Sambalpur_Town,3G,173.57966178872377,False
LOG-870974 ,Rourkela_Sector-5,5G,173.57966178872377,False
LOG-627466 ,Bhubaneswar_DLF,5G,173.57966178872377,False
LOG-656119 ,Rourkela_Sector-5,5G,173.57966178872377,False
LOG-233248 ,Cuttack_LinkRoad,4G,173.57966178872377,False
LOG-203306 ,Bhubaneswar_DLF,5G,9999.0,False
LOG-264726 ,Rourkela_Sector-5,5G,173.57966178872377,False
LOG-878580 ,Cuttack_LinkRoad,5G,173.57966178872377,False
LOG-807910 ,Rourkela_Sector-5,5G,173.57966178872377,False
LOG-474169 ,Cuttack_LinkRoad,5G,173.57966178872377,False
LOG-800270 ,Rourkela_Sector-5,5G,173.57966178872377,False
LOG-190417 ,Bhubaneswar_DLF,4G,173.57966178872377,False
LOG-813611 ,Sambalpur_Town,4G,173.57966178872377,False
LOG-528638 ,Rourkela_Sector-5,5G,173.57966178872377,False
LOG-111984 ,Bhubaneswar_DLF,4G,173.57966178872377,False
LOG-189312 ,Bhubaneswar_DLF,5G,173.57966178872377,False
LOG-292458 ,Rourkela_Sector-5,4G,173.57966178872377,False
LOG-183291 ,Bhubaneswar_DLF,5G,173.57966178872377,False
LOG-893567 ,Cuttack_LinkRoad,5G,173.57966178872377,False
LOG-624608 ,Sambalpur_Town,5G,173.57966178872377,False
LOG-587387 ,Sambalpur_Town,4G,173.57966178872377,False
LOG-777044 ,Bhubaneswar_DLF,5G,173.57966178872377,False
LOG-975206 ,Cuttack_LinkRoad,5G,173.57966178872377,False
LOG-515105 ,Cuttack_LinkRoad,5G,173.57966178872377,False
LOG-851209 ,Bhubaneswar_DLF,5G,173.57966178872377,False
LOG-460215 ,Rourkela_Sector-5,4G,173.57966178872377,False
LOG-804259 ,Bhubaneswar_DLF,5G,173.57966178872377,False
LOG-355083 ,Cuttack_LinkRoad,4G,173.57966178872377,False
LOG-734151 ,Bhubaneswar_DLF,5G,173.57966178872377,False
LOG-141777 ,Cuttack_LinkRoad,5G,173.57966178872377,False
LOG-146250 ,Rourkela_Sector-5,4G,173.57966178872377,False
LOG-959466 ,Sambalpur_Town,4G,173.57966178872377,False
LOG-991372 ,Bhubaneswar_DLF,5G,173.57966178872377,False
LOG-402274 ,Bhubaneswar_DLF,5G,173.57966178872377,False
LOG-575147 ,Rourkela_Sector-5,4G,173.57966178872377,False
LOG-804706 ,Rourkela_Sector-5,5G,173.57966178872377,False
LOG-840122 ,Cuttack_LinkRoad,4G,173.57966178872377,False
LOG-115216 ,Sambalpur_Town,5G,173.57966178872377,False
LOG-446293 ,Rourkela_Sector-5,4G,173.57966178872377,False
LOG-627297 ,Rourkela_Sector-5,5G,173.57966178872377,False
LOG-976336 ,Rourkela_Sector-5,5G,173.57966178872377,False
LOG-784687 ,Rourkela_Sector-5,5G,173.57966178872377,False
LOG-245281 ,Rourkela_Sector-5,3G,173.57966178872377,False
LOG-803803 ,Cuttack_LinkRoad,4G,173.57966178872377,False
LOG-639317 ,Sambalpur_Town,5G,173.57966178872377,False
LOG-560829 ,Rourkela_Sector-5,5G,173.57966178872377,False
LOG-834803 ,Bhubaneswar_DLF,5G,173.57966178872377,False
LOG-288069 ,Rourkela_Sector-5,5G,173.57966178872377,False
LOG-464315 ,Rourkela_Sector-5,5G,173.57966178872377,False
LOG-214456 ,Rourkela_Sector-5,5G,173.57966178872377,False
LOG-424703 ,Bhubaneswar_DLF,5G,173.57966178872377,False
LOG-951324 ,Rourkela_Sector-5,5G,173.57966178872377,False
LOG-956841 ,Bhubaneswar_DLF,4G,173.57966178872377,False
LOG-919497 ,Rourkela_Sector-5,5G,173.57966178872377,False
LOG-866759 ,Rourkela_Sector-5,5G,173.57966178872377,False
LOG-482688 ,Rourkela_Sector-5,5G,173.57966178872377,False
LOG-469484 ,Sambalpur_Town,4G,173.57966178872377,False
LOG-133783 ,Cuttack_LinkRoad,4G,173.57966178872377,False
LOG-134152 ,Sambalpur_Town,4G,173.57966178872377,True
LOG-683029 ,Rourkela_Sector-5,5G,173.57966178872377,False
LOG-993481 ,Rourkela_Sector-5,5G,173.57966178872377,False
LOG-544718 ,Rourkela_Sector-5,4G,173.57966178872377,False
LOG-653380 ,Rourkela_Sector-5,5G,173.57966178872377,False
LOG-248725 ,Cuttack_LinkRoad,5G,173.57966178872377,False
LOG-591215 ,Rourkela_Sector-5,4G,173.57966178872377,False
LOG-854924 ,Rourkela_Sector-5,5G,173.57966178872377,False
LOG-271541 ,Bhubaneswar_DLF,5G,173.57966178872377,False
LOG-878424 ,Bhubaneswar_DLF,5G,173.57966178872377,False
LOG-448627 ,Sambalpur_Town,5G,173.57966178872377,False
LOG-421898 ,Rourkela_Sector-5,5G,173.57966178872377,False
LOG-785338 ,Bhubaneswar_DLF,5G,173.57966178872377,False
LOG-187592 ,Rourkela_Sector-5,4G,173.57966178872377,False
LOG-456687 ,Sambalpur_Town,5G,173.57966178872377,False
LOG-143169 ,Bhubaneswar_DLF,5G,173.57966178872377,True
LOG-541503 ,Bhubaneswar_DLF,5G,173.57966178872377,False
LOG-154745 ,Rourkela_Sector-5,4G,173.57966178872377,False
LOG-734456 ,Cuttack_LinkRoad,5G,173.57966178872377,True
LOG-738273 ,Rourkela_Sector-5,4G,173.57966178872377,False
LOG-891975 ,Bhubaneswar_DLF,4G,173.57966178872377,False
LOG-811752 ,Sambalpur_Town,4G,173.57966178872377,False
LOG-121067 ,Sambalpur_Town,5G,173.57966178872377,False
LOG-151033 ,Bhubaneswar_DLF,4G,173.57966178872377,False
LOG-145256 ,Cuttack_LinkRoad,5G,173.57966178872377,False
LOG-845993 ,Rourkela_Sector-5,5G,173.57966178872377,False
LOG-339455 ,Cuttack_LinkRoad,5G,173.57966178872377,False
LOG-602264 ,Bhubaneswar_DLF,4G,173.57966178872377,False
LOG-300417 ,Bhubaneswar_DLF,5G,173.57966178872377,False
LOG-186803 ,Sambalpur_Town,4G,173.57966178872377,False
LOG-303814 ,Cuttack_LinkRoad,5G,173.57966178872377,False
LOG-218843 ,Rourkela_Sector-5,5G,173.57966178872377,False
LOG-579809 ,Cuttack_LinkRoad,4G,173.57966178872377,False
LOG-653280 ,Rourkela_Sector-5,5G,173.57966178872377,False
LOG-312603 ,Cuttack_LinkRoad,4G,173.57966178872377,True
LOG-673091 ,Bhubaneswar_DLF,4G,173.57966178872377,False
LOG-472119 ,Rourkela_Sector-5,5G,173.57966178872377,False
LOG-818837 ,Bhubaneswar_DLF,5G,173.57966178872377,False
LOG-244282 ,Bhubaneswar_DLF,5G,173.57966178872377,False
LOG-576545 ,Bhubaneswar_DLF,5G,173.57966178872377,False
LOG-126270 ,Rourkela_Sector-5,5G,173.57966178872377,False
LOG-555224 ,Rourkela_Sector-5,5G,173.57966178872377,False
LOG-869217 ,Cuttack_LinkRoad,4G,173.57966178872377,False
LOG-631740 ,Rourkela_Sector-5,5G,173.57966178872377,False
LOG-403630 ,Bhubaneswar_DLF,4G,173.57966178872377,False
LOG-114859 ,Bhubaneswar_DLF,5G,173.57966178872377,False
LOG-656371 ,Rourkela_Sector-5,5G,173.57966178872377,True
LOG-954140 ,Bhubaneswar_DLF,5G,173.57966178872377,False
LOG-211462 ,Bhubaneswar_DLF,4G,173.57966178872377,False
LOG-247735 ,Bhubaneswar_DLF,5G,173.57966178872377,False
LOG-979508 ,Rourkela_Sector-5,4G,173.57966178872377,False
LOG-349737 ,Bhubaneswar_DLF,5G,173.57966178872377,False
LOG-381197 ,Rourkela_Sector-5,5G,173.57966178872377,False
LOG-242157 ,Cuttack_LinkRoad,5G,173.57966178872377,False
LOG-451889 ,Rourkela_Sector-5,5G,173.57966178872377,True
LOG-290167 ,Sambalpur_Town,5G,173.57966178872377,False
LOG-693805 ,Bhubaneswar_DLF,4G,173.57966178872377,False
LOG-776513 ,Sambalpur_Town,4G,173.57966178872377,True
LOG-236319 ,Bhubaneswar_DLF,4G,173.57966178872377,False
LOG-514027 ,Rourkela_Sector-5,4G,173.57966178872377,False
LOG-326453 ,Sambalpur_Town,4G,173.57966178872377,False
LOG-236645 ,Rourkela_Sector-5,4G,173.57966178872377,False
LOG-612035 ,Rourkela_Sector-5,5G,173.57966178872377,False
LOG-703555 ,Rourkela_Sector-5,5G,173.57966178872377,False
LOG-238261 ,Sambalpur_Town,5G,173.57966178872377,False
LOG-442221 ,Bhubaneswar_DLF,5G,173.57966178872377,False
LOG-536862 ,Bhubaneswar_DLF,4G,173.57966178872377,False
LOG-438767 ,Cuttack_LinkRoad,5G,173.57966178872377,False
LOG-231004 ,Bhubaneswar_DLF,4G,173.57966178872377,False
LOG-605187 ,Cuttack_LinkRoad,4G,173.57966178872377,False
LOG-153687 ,Rourkela_Sector-5,5G,173.57966178872377,True
LOG-954744 ,Cuttack_LinkRoad,5G,173.57966178872377,False
LOG-207615 ,Rourkela_Sector-5,5G,173.57966178872377,False
LOG-493120 ,Rourkela_Sector-5,5G,173.57966178872377,False
LOG-651852 ,Bhubaneswar_DLF,5G,173.57966178872377,False
LOG-915267 ,Bhubaneswar_DLF,5G,173.57966178872377,False
LOG-631985 ,Bhubaneswar_DLF,5G,173.57966178872377,False
LOG-704453 ,Rourkela_Sector-5,5G,173.57966178872377,False
LOG-829282 ,Rourkela_Sector-5,5G,173.57966178872377,False
LOG-682111 ,Bhubaneswar_DLF,5G,173.57966178872377,False
LOG-633903 ,Bhubaneswar_DLF,4G,173.57966178872377,False
LOG-606554 ,Rourkela_Sector-5,5G,173.57966178872377,False
LOG-700724 ,Bhubaneswar_DLF,4G,173.57966178872377,False
LOG-815879 ,Rourkela_Sector-5,4G,173.57966178872377,False
LOG-482706 ,Rourkela_Sector-5,4G,173.57966178872377,False
LOG-957549 ,Rourkela_Sector-5,5G,173.57966178872377,False
LOG-659070 ,Sambalpur_Town,5G,173.57966178872377,False
LOG-178533 ,Bhubaneswar_DLF,5G,173.57966178872377,False
LOG-340011 ,Rourkela_Sector-5,5G,173.57966178872377,False
LOG-289327 ,Bhubaneswar_DLF,4G,173.57966178872377,False
LOG-605168 ,Cuttack_LinkRoad,5G,173.57966178872377,False
LOG-172684 ,Bhubaneswar_DLF,3G,173.57966178872377,False
LOG-550134 ,Cuttack_LinkRoad,4G,173.57966178872377,False
LOG-881453 ,Rourkela_Sector-5,5G,173.57966178872377,False
LOG-839644 ,Cuttack_LinkRoad,4G,173.57966178872377,False
LOG-965990 ,Bhubaneswar_DLF,5G,173.57966178872377,False
LOG-316621 ,Rourkela_Sector-5,5G,173.57966178872377,False
LOG-335295 ,Bhubaneswar_DLF,5G,173.57966178872377,False
LOG-967854 ,Sambalpur_Town,4G,173.57966178872377,False
LOG-875723 ,Cuttack_LinkRoad,5G,173.57966178872377,False
LOG-881712 ,Bhubaneswar_DLF,4G,173.57966178872377,False
LOG-893070 ,Rourkela_Sector-5,5G,173.57966178872377,False
LOG-923851 ,Bhubaneswar_DLF,5G,173.57966178872377,False
LOG-657665 ,Rourkela_Sector-5,5G,173.57966178872377,False
LOG-730532 ,Rourkela_Sector-5,5G,173.57966178872377,False
LOG-798476 ,Bhubaneswar_DLF,5G,173.57966178872377,False
LOG-837651 ,Sambalpur_Town,5G,173.57966178872377,False
LOG-647670 ,Bhubaneswar_DLF,4G,173.57966178872377,False
LOG-870663 ,Rourkela_Sector-5,5G,173.57966178872377,False
LOG-811423 ,Bhubaneswar_DLF,3G,173.57966178872377,False
LOG-253466 ,Sambalpur_Town,5G,173.57966178872377,False
LOG-954221 ,Cuttack_LinkRoad,5G,173.57966178872377,False
LOG-334318 ,Bhubaneswar_DLF,5G,173.57966178872377,False
LOG-472778 ,Sambalpur_Town,5G,173.57966178872377,False
LOG-231936 ,Cuttack_LinkRoad,4G,173.57966178872377,False
LOG-986004 ,Rourkela_Sector-5,4G,173.57966178872377,False
LOG-747952 ,Rourkela_Sector-5,4G,173.57966178872377,True
LOG-776315 ,Sambalpur_Town,4G,173.57966178872377,False
LOG-472818 ,Bhubaneswar_DLF,4G,173.57966178872377,False
LOG-203533 ,Rourkela_Sector-5,4G,173.57966178872377,False
LOG-968277 ,Bhubaneswar_DLF,4G,173.57966178872377,False
LOG-347997 ,Bhubaneswar_DLF,5G,173.57966178872377,False
LOG-169590 ,Sambalpur_Town,5G,173.57966178872377,False
LOG-489919 ,Rourkela_Sector-5,4G,173.57966178872377,False
LOG-428615 ,Bhubaneswar_DLF,5G,173.57966178872377,True
LOG-603692 ,Sambalpur_Town,4G,173.57966178872377,False
LOG-581530 ,Rourkela_Sector-5,5G,173.57966178872377,False
LOG-615795 ,Rourkela_Sector-5,4G,173.57966178872377,False
LOG-405442 ,Sambalpur_Town,5G,173.57966178872377,False
LOG-556324 ,Bhubaneswar_DLF,5G,173.57966178872377,False
LOG-344936 ,Bhubaneswar_DLF,5G,173.57966178872377,False
LOG-673212 ,Bhubaneswar_DLF,4G,173.57966178872377,False
LOG-509925 ,Rourkela_Sector-5,5G,173.57966178872377,True
LOG-109726 ,Sambalpur_Town,4G,173.57966178872377,False
LOG-291896 ,Rourkela_Sector-5,4G,173.57966178872377,False
LOG-140542 ,Rourkela_Sector-5,5G,173.57966178872377,False
LOG-513461 ,Rourkela_Sector-5,3G,173.57966178872377,False
LOG-134753 ,Rourkela_Sector-5,5G,173.57966178872377,False
LOG-966220 ,Cuttack_LinkRoad,4G,173.57966178872377,False
LOG-383460 ,Cuttack_LinkRoad,5G,173.57966178872377,False
LOG-333979 ,Sambalpur_Town,5G,173.57966178872377,False
LOG-708986 ,Bhubaneswar_DLF,5G,173.57966178872377,False
LOG-378104 ,Cuttack_LinkRoad,4G,173.57966178872377,False
LOG-130791 ,Bhubaneswar_DLF,4G,173.57966178872377,False
LOG-387360 ,Cuttack_LinkRoad,5G,173.57966178872377,False
LOG-426571 ,Cuttack_LinkRoad,5G,173.57966178872377,False
LOG-998902 ,Rourkela_Sector-5,3G,173.57966178872377,False
LOG-697578 ,Rourkela_Sector-5,5G,173.57966178872377,False
LOG-671302 ,Rourkela_Sector-5,5G,173.57966178872377,False
LOG-235150 ,Bhubaneswar_DLF,5G,173.57966178872377,False
LOG-150519 ,Sambalpur_Town,5G,173.57966178872377,False
LOG-890474 ,Rourkela_Sector-5,4G,173.57966178872377,False
LOG-673340 ,Rourkela_Sector-5,4G,173.57966178872377,False
LOG-114389 ,Rourkela_Sector-5,5G,173.57966178872377,False
LOG-458105 ,Cuttack_LinkRoad,4G,173.57966178872377,False
LOG-692399 ,Rourkela_Sector-5,4G,173.57966178872377,True
LOG-991490 ,Rourkela_Sector-5,5G,173.57966178872377,False
LOG-980147 ,Rourkela_Sector-5,5G,173.57966178872377,False
LOG-937165 ,Bhubaneswar_DLF,4G,173.57966178872377,False
LOG-921186 ,Bhubaneswar_DLF,5G,173.57966178872377,False
LOG-972318 ,Cuttack_LinkRoad,5G,173.57966178872377,False
LOG-257753 ,Rourkela_Sector-5,4G,173.57966178872377,False
LOG-713812 ,Bhubaneswar_DLF,4G,173.57966178872377,True
LOG-443150 ,Rourkela_Sector-5,3G,173.57966178872377,False
LOG-911136 ,Rourkela_Sector-5,5G,173.57966178872377,False
LOG-597488 ,Bhubaneswar_DLF,4G,173.57966178872377,False
LOG-194913 ,Rourkela_Sector-5,4G,173.57966178872377,False
LOG-718396 ,Bhubaneswar_DLF,3G,173.57966178872377,False
LOG-879091 ,Rourkela_Sector-5,4G,173.57966178872377,True
LOG-369637 ,Rourkela_Sector-5,3G,173.57966178872377,False
LOG-169639 ,Sambalpur_Town,3G,-50.0,False
LOG-331452 ,Bhubaneswar_DLF,5G,173.57966178872377,False
LOG-416527 ,Cuttack_LinkRoad,4G,173.57966178872377,False
LOG-758354 ,Cuttack_LinkRoad,5G,173.57966178872377,False
LOG-824640 ,Bhubaneswar_DLF,4G,173.57966178872377,False
LOG-409378 ,Cuttack_LinkRoad,3G,173.57966178872377,False
LOG-752962 ,Bhubaneswar_DLF,5G,173.57966178872377,False
LOG-586084 ,Rourkela_Sector-5,5G,173.57966178872377,False
LOG-629882 ,Rourkela_Sector-5,4G,173.57966178872377,False
LOG-861195 ,Bhubaneswar_DLF,5G,173.57966178872377,True
LOG-369515 ,Rourkela_Sector-5,5G,173.57966178872377,False
LOG-671603 ,Rourkela_Sector-5,5G,173.57966178872377,False
LOG-838924 ,Rourkela_Sector-5,5G,173.57966178872377,False
LOG-751539 ,Rourkela_Sector-5,4G,173.57966178872377,False
LOG-332520 ,Rourkela_Sector-5,5G,173.57966178872377,False
LOG-703814 ,Rourkela_Sector-5,5G,173.57966178872377,False
LOG-343459 ,Rourkela_Sector-5,3G,173.57966178872377,False
LOG-771986 ,Rourkela_Sector-5,4G,173.57966178872377,False
LOG-972437 ,Bhubaneswar_DLF,5G,173.57966178872377,False
LOG-337330 ,Rourkela_Sector-5,5G,173.57966178872377,False
LOG-205573 ,Sambalpur_Town,4G,173.57966178872377,False
LOG-237900 ,Cuttack_LinkRoad,5G,173.57966178872377,False
LOG-419658 ,Bhubaneswar_DLF,4G,173.57966178872377,False
LOG-600364 ,Cuttack_LinkRoad,4G,173.57966178872377,False
LOG-605740 ,Rourkela_Sector-5,5G,173.57966178872377,False
LOG-335707 ,Rourkela_Sector-5,4G,173.57966178872377,False
LOG-808024 ,Sambalpur_Town,5G,173.57966178872377,False
LOG-604917 ,Rourkela_Sector-5,5G,173.57966178872377,False
LOG-773243 ,Sambalpur_Town,3G,173.57966178872377,False
LOG-798419 ,Bhubaneswar_DLF,5G,173.57966178872377,False
LOG-577294 ,Rourkela_Sector-5,4G,173.57966178872377,False
LOG-798292 ,Bhubaneswar_DLF,4G,173.57966178872377,False
LOG-623116 ,Bhubaneswar_DLF,5G,173.57966178872377,False
LOG-554485 ,Rourkela_Sector-5,3G,173.57966178872377,False
LOG-613066 ,Rourkela_Sector-5,5G,173.57966178872377,False
LOG-962418 ,Cuttack_LinkRoad,5G,173.57966178872377,False
LOG-972391 ,Bhubaneswar_DLF,4G,173.57966178872377,False
LOG-364179 ,Rourkela_Sector-5,5G,173.57966178872377,False
LOG-209767 ,Rourkela_Sector-5,4G,173.57966178872377,False
LOG-533961 ,Sambalpur_Town,4G,173.57966178872377,False
LOG-641529 ,Bhubaneswar_DLF,5G,173.57966178872377,False
LOG-677263 ,Bhubaneswar_DLF,5G,173.57966178872377,False
LOG-254226 ,Sambalpur_Town,5G,173.57966178872377,False
LOG-591818 ,Rourkela_Sector-5,4G,173.57966178872377,False
LOG-156396 ,Bhubaneswar_DLF,5G,173.57966178872377,False
LOG-592443 ,Cuttack_LinkRoad,5G,173.57966178872377,False
LOG-218920 ,Cuttack_LinkRoad,5G,173.57966178872377,False
LOG-506547 ,Rourkela_Sector-5,5G,173.57966178872377,False
LOG-294999 ,Rourkela_Sector-5,4G,173.57966178872377,False
LOG-710514 ,Cuttack_LinkRoad,3G,173.57966178872377,False
LOG-709007 ,Rourkela_Sector-5,5G,173.57966178872377,False
LOG-163014 ,Sambalpur_Town,5G,173.57966178872377,False
LOG-663634 ,Rourkela_Sector-5,4G,173.57966178872377,False
LOG-694699 ,Rourkela_Sector-5,5G,173.57966178872377,False
LOG-285550 ,Rourkela_Sector-5,4G,173.57966178872377,False
LOG-767614 ,Cuttack_LinkRoad,5G,173.57966178872377,False
LOG-286806 ,Sambalpur_Town,5G,173.57966178872377,False
LOG-521837 ,Bhubaneswar_DLF,3G,173.57966178872377,False
LOG-438585 ,Sambalpur_Town,5G,173.57966178872377,False
LOG-146121 ,Rourkela_Sector-5,5G,173.57966178872377,False
LOG-836778 ,Rourkela_Sector-5,5G,173.57966178872377,False
LOG-422341 ,Cuttack_LinkRoad,3G,173.57966178872377,False
LOG-184577 ,Sambalpur_Town,4G,173.57966178872377,True
LOG-456778 ,Cuttack_LinkRoad,5G,173.57966178872377,False
LOG-349106 ,Cuttack_LinkRoad,4G,-50.0,False
LOG-535647 ,Rourkela_Sector-5,5G,173.57966178872377,False
LOG-592461 ,Rourkela_Sector-5,5G,173.57966178872377,False
LOG-986643 ,Sambalpur_Town,4G,173.57966178872377,False
LOG-760197 ,Rourkela_Sector-5,4G,173.57966178872377,False
LOG-605200 ,Rourkela_Sector-5,5G,173.57966178872377,True
LOG-583241 ,Bhubaneswar_DLF,5G,173.57966178872377,False
LOG-576379 ,Rourkela_Sector-5,5G,173.57966178872377,False
LOG-572295 ,Cuttack_LinkRoad,4G,173.57966178872377,False
LOG-505831 ,Rourkela_Sector-5,4G,173.57966178872377,False
LOG-625754 ,Cuttack_LinkRoad,4G,173.57966178872377,False
LOG-917203 ,Bhubaneswar_DLF,4G,173.57966178872377,False
LOG-446030 ,Bhubaneswar_DLF,4G,173.57966178872377,False
LOG-428055 ,Bhubaneswar_DLF,4G,173.57966178872377,False
LOG-853926 ,Rourkela_Sector-5,5G,173.57966178872377,False
LOG-513962 ,Bhubaneswar_DLF,5G,173.57966178872377,False
LOG-188422 ,Bhubaneswar_DLF,5G,173.57966178872377,True
LOG-603100 ,Bhubaneswar_DLF,5G,173.57966178872377,False
LOG-435513 ,Rourkela_Sector-5,4G,173.57966178872377,False
LOG-888325 ,Rourkela_Sector-5,4G,173.57966178872377,False
LOG-392717 ,Rourkela_Sector-5,5G,173.57966178872377,False
LOG-721195 ,Bhubaneswar_DLF,4G,173.57966178872377,False
LOG-832722 ,Rourkela_Sector-5,5G,173.57966178872377,False
LOG-986388 ,Sambalpur_Town,5G,173.57966178872377,False
LOG-842820 ,Bhubaneswar_DLF,4G,173.57966178872377,False
LOG-882381 ,Cuttack_LinkRoad,5G,173.57966178872377,False
LOG-526583 ,Cuttack_LinkRoad,5G,173.57966178872377,False
LOG-252271 ,Rourkela_Sector-5,5G,173.57966178872377,False
LOG-453548 ,Cuttack_LinkRoad,4G,173.57966178872377,False
LOG-829688 ,Bhubaneswar_DLF,4G,173.57966178872377,False
LOG-944156 ,Sambalpur_Town,5G,173.57966178872377,False
LOG-972565 ,Sambalpur_Town,5G,173.57966178872377,False
LOG-267477 ,Rourkela_Sector-5,3G,173.57966178872377,False
LOG-329304 ,Rourkela_Sector-5,5G,173.57966178872377,False
LOG-640277 ,Bhubaneswar_DLF,4G,173.57966178872377,False
LOG-915363 ,Bhubaneswar_DLF,5G,173.57966178872377,False
LOG-895722 ,Rourkela_Sector-5,4G,173.57966178872377,False
LOG-745424 ,Rourkela_Sector-5,4G,173.57966178872377,False
LOG-442022 ,Rourkela_Sector-5,5G,173.57966178872377,False
LOG-452621 ,Bhubaneswar_DLF,4G,173.57966178872377,False
LOG-572697 ,Sambalpur_Town,5G,173.57966178872377,False
LOG-831658 ,Cuttack_LinkRoad,4G,173.57966178872377,False
LOG-750587 ,Bhubaneswar_DLF,4G,173.57966178872377,False
LOG-785493 ,Rourkela_Sector-5,5G,173.57966178872377,False
LOG-867976 ,Rourkela_Sector-5,4G,173.57966178872377,False
LOG-729974 ,Bhubaneswar_DLF,5G,173.57966178872377,False
LOG-469430 ,Cuttack_LinkRoad,5G,173.57966178872377,False
LOG-578705 ,Rourkela_Sector-5,4G,173.57966178872377,False
LOG-402619 ,Bhubaneswar_DLF,5G,173.57966178872377,False
LOG-706954 ,Sambalpur_Town,5G,9999.0,False
LOG-458766 ,Sambalpur_Town,5G,173.57966178872377,False
LOG-813016 ,Rourkela_Sector-5,5G,173.57966178872377,False
LOG-759993 ,Rourkela_Sector-5,5G,173.57966178872377,False
LOG-510520 ,Rourkela_Sector-5,5G,173.57966178872377,False
LOG-207573 ,Bhubaneswar_DLF,4G,173.57966178872377,False
LOG-853180 ,Sambalpur_Town,4G,9999.0,False
LOG-932978 ,Rourkela_Sector-5,4G,173.57966178872377,False
LOG-369152 ,Rourkela_Sector-5,5G,173.57966178872377,False
LOG-410435 ,Sambalpur_Town,4G,173.57966178872377,False
LOG-258477 ,Cuttack_LinkRoad,4G,173.57966178872377,False
LOG-348141 ,Sambalpur_Town,5G,173.57966178872377,False
LOG-398530 ,Rourkela_Sector-5,4G,173.57966178872377,False
LOG-715197 ,Bhubaneswar_DLF,4G,173.57966178872377,False
LOG-251899 ,Rourkela_Sector-5,5G,173.57966178872377,False
LOG-919472 ,Rourkela_Sector-5,4G,173.57966178872377,False
LOG-684642 ,Bhubaneswar_DLF,5G,173.57966178872377,False
LOG-440687 ,Rourkela_Sector-5,5G,173.57966178872377,False
LOG-642445 ,Rourkela_Sector-5,5G,173.57966178872377,False
LOG-659603 ,Sambalpur_Town,4G,173.57966178872377,False
LOG-398076 ,Rourkela_Sector-5,5G,173.57966178872377,False
LOG-514380 ,Cuttack_LinkRoad,5G,9999.0,False
LOG-769774 ,Rourkela_Sector-5,4G,173.57966178872377,True
LOG-882957 ,Cuttack_LinkRoad,4G,173.57966178872377,True
LOG-232018 ,Rourkela_Sector-5,4G,173.57966178872377,False
LOG-901125 ,Cuttack_LinkRoad,5G,173.57966178872377,False
LOG-389385 ,Rourkela_Sector-5,4G,173.57966178872377,False
LOG-195790 ,Bhubaneswar_DLF,5G,173.57966178872377,False
LOG-696543 ,Cuttack_LinkRoad,5G,173.57966178872377,False
LOG-820117 ,Rourkela_Sector-5,5G,173.57966178872377,False
LOG-272275 ,Rourkela_Sector-5,4G,173.57966178872377,False
LOG-817221 ,Sambalpur_Town,4G,173.57966178872377,True
LOG-361439 ,Sambalpur_Town,4G,173.57966178872377,False
LOG-111350 ,Rourkela_Sector-5,5G,173.57966178872377,False
LOG-810872 ,Rourkela_Sector-5,5G,173.57966178872377,False
LOG-418953 ,Rourkela_Sector-5,5G,173.57966178872377,False
LOG-201894 ,Rourkela_Sector-5,3G,173.57966178872377,False
LOG-459701 ,Sambalpur_Town,5G,173.57966178872377,False
LOG-536048 ,Bhubaneswar_DLF,5G,173.57966178872377,False
LOG-656016 ,Bhubaneswar_DLF,4G,173.57966178872377,False
LOG-379720 ,Sambalpur_Town,5G,173.57966178872377,False
LOG-522217 ,Bhubaneswar_DLF,4G,173.57966178872377,False
LOG-620841 ,Bhubaneswar_DLF,4G,173.57966178872377,False
LOG-183384 ,Rourkela_Sector-5,4G,173.57966178872377,False
LOG-100390 ,Rourkela_Sector-5,5G,173.57966178872377,False
LOG-580751 ,Bhubaneswar_DLF,5G,173.57966178872377,False
LOG-931868 ,Rourkela_Sector-5,5G,173.57966178872377,False
LOG-635857 ,Rourkela_Sector-5,5G,173.57966178872377,False
LOG-506245 ,Rourkela_Sector-5,4G,173.57966178872377,False
LOG-122490 ,Rourkela_Sector-5,5G,173.57966178872377,False
LOG-932307 ,Bhubaneswar_DLF,4G,173.57966178872377,False
LOG-594080 ,Bhubaneswar_DLF,5G,173.57966178872377,False
LOG-892299 ,Rourkela_Sector-5,4G,173.57966178872377,False
LOG-705108 ,Rourkela_Sector-5,5G,173.57966178872377,False
LOG-461659 ,Bhubaneswar_DLF,5G,173.57966178872377,False
LOG-371265 ,Rourkela_Sector-5,5G,173.57966178872377,False
LOG-101539 ,Bhubaneswar_DLF,4G,173.57966178872377,False
LOG-510243 ,Cuttack_LinkRoad,5G,173.57966178872377,False
LOG-489546 ,Rourkela_Sector-5,5G,173.57966178872377,False
LOG-960661 ,Cuttack_LinkRoad,5G,173.57966178872377,False
LOG-412579 ,Cuttack_LinkRoad,5G,173.57966178872377,False
LOG-615584 ,Rourkela_Sector-5,4G,173.57966178872377,False
LOG-163965 ,Rourkela_Sector-5,4G,173.57966178872377,False
LOG-615249 ,Sambalpur_Town,5G,173.57966178872377,False
LOG-473192 ,Rourkela_Sector-5,5G,173.57966178872377,False
LOG-982876 ,Cuttack_LinkRoad,5G,173.57966178872377,True
LOG-432066 ,Bhubaneswar_DLF,3G,173.57966178872377,False
LOG-197799 ,Rourkela_Sector-5,5G,173.57966178872377,False
LOG-193948 ,Rourkela_Sector-5,4G,173.57966178872377,False
LOG-576055 ,Bhubaneswar_DLF,4G,173.57966178872377,False
LOG-243314 ,Bhubaneswar_DLF,4G,173.57966178872377,False
LOG-348099 ,Bhubaneswar_DLF,4G,173.57966178872377,False
LOG-895379 ,Sambalpur_Town,5G,173.57966178872377,False
LOG-867610 ,Cuttack_LinkRoad,3G,173.57966178872377,False
LOG-826826 ,Rourkela_Sector-5,4G,173.57966178872377,False
LOG-859066 ,Sambalpur_Town,5G,-50.0,False
LOG-355821 ,Cuttack_LinkRoad,4G,173.57966178872377,False
LOG-817176 ,Sambalpur_Town,4G,173.57966178872377,False
LOG-410929 ,Bhubaneswar_DLF,4G,173.57966178872377,False
LOG-886939 ,Cuttack_LinkRoad,5G,173.57966178872377,False
LOG-560188 ,Bhubaneswar_DLF,4G,173.57966178872377,True
LOG-782511 ,Rourkela_Sector-5,5G,173.57966178872377,False
LOG-111618 ,Sambalpur_Town,4G,173.57966178872377,False
LOG-436430 ,Rourkela_Sector-5,3G,173.57966178872377,False
LOG-378266 ,Rourkela_Sector-5,4G,173.57966178872377,False
LOG-762714 ,Sambalpur_Town,5G,173.57966178872377,False
LOG-996030 ,Rourkela_Sector-5,4G,173.57966178872377,False
LOG-710724 ,Sambalpur_Town,5G,173.57966178872377,False
LOG-310448 ,Cuttack_LinkRoad,4G,173.57966178872377,False
LOG-595919 ,Rourkela_Sector-5,4G,173.57966178872377,False
LOG-236109 ,Bhubaneswar_DLF,5G,173.57966178872377,False
LOG-128633 ,Cuttack_LinkRoad,5G,173.57966178872377,False
LOG-910927 ,Bhubaneswar_DLF,4G,173.57966178872377,False
LOG-950982 ,Sambalpur_Town,5G,173.57966178872377,False
LOG-312456 ,Sambalpur_Town,4G,-50.0,False
LOG-398627 ,Rourkela_Sector-5,5G,173.57966178872377,False
LOG-475325 ,Rourkela_Sector-5,5G,173.57966178872377,False
LOG-566589 ,Sambalpur_Town,4G,173.57966178872377,False
LOG-396213 ,Bhubaneswar_DLF,4G,173.57966178872377,False
LOG-238442 ,Rourkela_Sector-5,5G,173.57966178872377,False
LOG-744161 ,Cuttack_LinkRoad,4G,173.57966178872377,False
LOG-171947 ,Sambalpur_Town,5G,173.57966178872377,True
LOG-270205 ,Bhubaneswar_DLF,4G,173.57966178872377,False
LOG-851395 ,Bhubaneswar_DLF,5G,173.57966178872377,False
LOG-195761 ,Bhubaneswar_DLF,5G,173.57966178872377,False
LOG-475897 ,Cuttack_LinkRoad,5G,173.57966178872377,False
LOG-653214 ,Sambalpur_Town,5G,173.57966178872377,False
LOG-986214 ,Sambalpur_Town,5G,173.57966178872377,False
LOG-204700 ,Bhubaneswar_DLF,5G,173.57966178872377,False
LOG-436128 ,Cuttack_LinkRoad,3G,173.57966178872377,False
LOG-536606 ,Sambalpur_Town,5G,173.57966178872377,False
LOG-673881 ,Rourkela_Sector-5,5G,173.57966178872377,False
LOG-962041 ,Rourkela_Sector-5,4G,173.57966178872377,False
LOG-105209 ,Sambalpur_Town,5G,173.57966178872377,False
LOG-750988 ,Rourkela_Sector-5,5G,173.57966178872377,False
LOG-499749 ,Rourkela_Sector-5,5G,173.57966178872377,False
LOG-710885 ,Rourkela_Sector-5,5G,173.57966178872377,False
LOG-369355 ,Rourkela_Sector-5,5G,173.57966178872377,False
LOG-109927 ,Rourkela_Sector-5,5G,173.57966178872377,False
LOG-832823 ,Rourkela_Sector-5,4G,173.57966178872377,False
LOG-741621 ,Sambalpur_Town,5G,173.57966178872377,False
LOG-255666 ,Cuttack_LinkRoad,5G,173.57966178872377,False
LOG-830212 ,Cuttack_LinkRoad,5G,173.57966178872377,False
LOG-308785 ,Rourkela_Sector-5,5G,173.57966178872377,False
LOG-438526 ,Cuttack_LinkRoad,5G,173.57966178872377,False
LOG-239005 ,Cuttack_LinkRoad,4G,173.57966178872377,False
LOG-728068 ,Bhubaneswar_DLF,4G,173.57966178872377,False
LOG-664984 ,Rourkela_Sector-5,4G,173.57966178872377,False
LOG-296521 ,Bhubaneswar_DLF,5G,173.57966178872377,False
LOG-429760 ,Cuttack_LinkRoad,3G,173.57966178872377,False
LOG-549764 ,Bhubaneswar_DLF,5G,173.57966178872377,False
LOG-257195 ,Cuttack_LinkRoad,5G,173.57966178872377,False
LOG-501013 ,Bhubaneswar_DLF,5G,173.57966178872377,False
LOG-150013 ,Bhubaneswar_DLF,4G,173.57966178872377,False
LOG-501562 ,Cuttack_LinkRoad,5G,173.57966178872377,False
LOG-316486 ,Rourkela_Sector-5,4G,173.57966178872377,False
LOG-526888 ,Bhubaneswar_DLF,4G,173.57966178872377,False
LOG-510869 ,Sambalpur_Town,5G,173.57966178872377,False
LOG-935988 ,Cuttack_LinkRoad,4G,173.57966178872377,False
LOG-863638 ,Rourkela_Sector-5,5G,173.57966178872377,False
LOG-650428 ,Rourkela_Sector-5,5G,-50.0,False
LOG-363328 ,Bhubaneswar_DLF,5G,173.57966178872377,False
LOG-527709 ,Sambalpur_Town,4G,173.57966178872377,False
LOG-780206 ,Bhubaneswar_DLF,5G,173.57966178872377,False
LOG-211361 ,Bhubaneswar_DLF,4G,173.57966178872377,False
LOG-777555 ,Rourkela_Sector-5,3G,173.57966178872377,False
LOG-892038 ,Cuttack_LinkRoad,4G,173.57966178872377,False
LOG-497172 ,Cuttack_LinkRoad,5G,173.57966178872377,False
LOG-116555 ,Sambalpur_Town,5G,173.57966178872377,False
LOG-624213 ,Rourkela_Sector-5,5G,173.57966178872377,False
LOG-714673 ,Cuttack_LinkRoad,4G,173.57966178872377,False
LOG-511906 ,Bhubaneswar_DLF,3G,173.57966178872377,False
LOG-420646 ,Bhubaneswar_DLF,4G,173.57966178872377,False
LOG-355658 ,Cuttack_LinkRoad,5G,173.57966178872377,False
LOG-542065 ,Rourkela_Sector-5,5G,173.57966178872377,False
LOG-781707 ,Rourkela_Sector-5,4G,173.57966178872377,False
LOG-854085 ,Cuttack_LinkRoad,5G,173.57966178872377,False
LOG-203844 ,Bhubaneswar_DLF,5G,173.57966178872377,False
LOG-191321 ,Rourkela_Sector-5,4G,173.57966178872377,False
LOG-935488 ,Bhubaneswar_DLF,5G,173.57966178872377,False
LOG-819211 ,Bhubaneswar_DLF,5G,173.57966178872377,False
LOG-198234 ,Sambalpur_Town,5G,173.57966178872377,False
LOG-574718 ,Rourkela_Sector-5,5G,173.57966178872377,False
LOG-851993 ,Cuttack_LinkRoad,4G,173.57966178872377,False
LOG-825571 ,Rourkela_Sector-5,5G,173.57966178872377,False
LOG-928282 ,Rourkela_Sector-5,4G,173.57966178872377,False
LOG-571761 ,Rourkela_Sector-5,5G,173.57966178872377,False
LOG-389987 ,Sambalpur_Town,5G,173.57966178872377,False
LOG-424464 ,Rourkela_Sector-5,5G,173.57966178872377,False
LOG-654081 ,Cuttack_LinkRoad,5G,-50.0,False
LOG-773217 ,Bhubaneswar_DLF,4G,173.57966178872377,False
LOG-119627 ,Sambalpur_Town,4G,173.57966178872377,False
LOG-423966 ,Cuttack_LinkRoad,5G,173.57966178872377,False
LOG-577317 ,Cuttack_LinkRoad,5G,-50.0,True
LOG-322633 ,Sambalpur_Town,4G,173.57966178872377,False
LOG-417942 ,Bhubaneswar_DLF,5G,173.57966178872377,False
LOG-848728 ,Cuttack_LinkRoad,5G,173.57966178872377,False
LOG-799476 ,Rourkela_Sector-5,5G,173.57966178872377,False
LOG-437462 ,Rourkela_Sector-5,4G,173.57966178872377,False
LOG-466330 ,Bhubaneswar_DLF,5G,173.57966178872377,False
LOG-882479 ,Bhubaneswar_DLF,5G,173.57966178872377,False
LOG-450046 ,Bhubaneswar_DLF,4G,173.57966178872377,False
LOG-521773 ,Bhubaneswar_DLF,3G,173.57966178872377,False
LOG-433478 ,Rourkela_Sector-5,5G,173.57966178872377,False
LOG-568379 ,Bhubaneswar_DLF,5G,173.57966178872377,False
LOG-468863 ,Rourkela_Sector-5,5G,173.57966178872377,False
LOG-223099 ,Sambalpur_Town,5G,173.57966178872377,False
LOG-833362 ,Sambalpur_Town,5G,173.57966178872377,False
LOG-797974 ,Sambalpur_Town,5G,173.57966178872377,False
LOG-374864 ,Rourkela_Sector-5,4G,173.57966178872377,False
LOG-419752 ,Bhubaneswar_DLF,4G,173.57966178872377,False
LOG-207449 ,Sambalpur_Town,5G,173.57966178872377,False
LOG-202828 ,Sambalpur_Town,4G,173.57966178872377,False
LOG-226613 ,Cuttack_LinkRoad,5G,173.57966178872377,False
LOG-172095 ,Bhubaneswar_DLF,5G,173.57966178872377,False
LOG-730212 ,Bhubaneswar_DLF,4G,173.57966178872377,False
LOG-577910 ,Cuttack_LinkRoad,4G,173.57966178872377,False
LOG-720740 ,Rourkela_Sector-5,5G,173.57966178872377,False
LOG-187593 ,Bhubaneswar_DLF,5G,173.57966178872377,True
LOG-791252 ,Cuttack_LinkRoad,5G,173.57966178872377,False
LOG-993407 ,Cuttack_LinkRoad,5G,173.57966178872377,False
LOG-439386 ,Bhubaneswar_DLF,4G,173.57966178872377,False
LOG-226202 ,Bhubaneswar_DLF,5G,173.57966178872377,False
LOG-177606 ,Sambalpur_Town,5G,173.57966178872377,False
