Session_ID,Device_Used,Search_Query_Raw,Time_On_Page_Sec,Purchase_Made
SESS-203904,Mobile,summer dress,29.781313459209645,0
SESS-339499,Tablet,  shoes leather  ,29.781313459209645,0
SESS-777997,Desktop,  shoes leather  ,29.781313459209645,0
SESS-541633,Tablet,summer dress,29.781313459209645,0
SESS-421502,Mobile,summer dress,29.781313459209645,1
SESS-485156,Desktop,N/A,29.781313459209645,0
SESS-941798,Mobile, leather shoes ,29.781313459209645,0
SESS-606085,Mobile,,29.781313459209645,0
SESS-534246,Mobile, leather shoes ,29.781313459209645,0
SESS-599437,Tablet,  shoes leather  ,29.781313459209645,1
SESS-810751,Tablet, leather shoes ,29.781313459209645,0
SESS-484250,BOT_UNKNOWN,  shoes leather  ,40056.57333111015,0
SESS-265959,Mobile,IPHONE 14,29.781313459209645,0
SESS-108559,Mobile,  shoes leather  ,29.781313459209645,0
SESS-937060,Tablet, leather shoes ,29.781313459209645,0
SESS-512622,Mobile,IPHONE 14,29.781313459209645,0
SESS-553795,Mobile,IPHONE 14,29.781313459209645,0
SESS-198140,Desktop,summer dress,29.781313459209645,1
SESS-968955,Mobile,  shoes leather  ,40056.57333111015,0
SESS-972666,Desktop, leather shoes ,29.781313459209645,0
SESS-910118,Mobile,  shoes leather  ,29.781313459209645,0
SESS-136244,BOT_UNKNOWN,,29.781313459209645,0
SESS-712693,Tablet, leather shoes ,29.781313459209645,0
SESS-230154,Mobile,N/A,29.781313459209645,0
SESS-590409,Desktop,summer dress,29.781313459209645,0
SESS-143328,Mobile,IPHONE 14,29.781313459209645,0
SESS-170654,Desktop,summer dress,29.781313459209645,0
SESS-411803,Tablet,,29.781313459209645,1
SESS-153766,Mobile, leather shoes ,29.781313459209645,0
SESS-144179,Mobile,  shoes leather  ,29.781313459209645,1
SESS-546878,Desktop,  shoes leather  ,29.781313459209645,0
SESS-992009,Mobile, leather shoes ,29.781313459209645,0
SESS-863299,Desktop,N/A,29.781313459209645,0
SESS-793747,Desktop, leather shoes ,29.781313459209645,0
SESS-196282,Desktop,,29.781313459209645,0
SESS-737500,Mobile, leather shoes ,29.781313459209645,0
SESS-460819,Mobile,IPHONE 14,29.781313459209645,0
SESS-288226,Mobile,  shoes leather  ,29.781313459209645,0
SESS-635500,Desktop,,29.781313459209645,0
SESS-887424,Mobile, leather shoes ,29.781313459209645,0
SESS-154083,Desktop,,29.781313459209645,0
SESS-757162,Desktop,summer dress,29.781313459209645,0
SESS-286352,Mobile, leather shoes ,29.781313459209645,0
SESS-122126,Mobile,summer dress,29.781313459209645,0
SESS-458323,BOT_UNKNOWN,IPHONE 14,29.781313459209645,0
SESS-702112,Desktop,  shoes leather  ,29.781313459209645,0
SESS-770813,Mobile,IPHONE 14,29.781313459209645,0
SESS-752509,Mobile,N/A,29.781313459209645,0
SESS-318718,Desktop,summer dress,29.781313459209645,0
SESS-215712,Mobile,IPHONE 14,29.781313459209645,0
SESS-129835,Desktop,summer dress,29.781313459209645,0
SESS-192743,Mobile, leather shoes ,29.781313459209645,0
SESS-157395,Mobile,summer dress,29.781313459209645,0
SESS-433980,Mobile,IPHONE 14,29.781313459209645,0
SESS-777016,Mobile, leather shoes ,29.781313459209645,0
SESS-859899,Tablet,IPHONE 14,40056.57333111015,0
SESS-543566,Desktop, leather shoes ,29.781313459209645,0
SESS-831198,Mobile,IPHONE 14,29.781313459209645,0
SESS-503341,Mobile, leather shoes ,29.781313459209645,1
SESS-530791,Mobile,,29.781313459209645,0
SESS-350404,Mobile,,29.781313459209645,0
SESS-158084,Mobile,summer dress,29.781313459209645,1
SESS-129824,Mobile,summer dress,29.781313459209645,0
SESS-668506,Desktop, leather shoes ,29.781313459209645,1
SESS-678347,Mobile,N/A,29.781313459209645,0
SESS-596320,Desktop,N/A,29.781313459209645,0
SESS-643789,Mobile, leather shoes ,29.781313459209645,0
SESS-771955,Desktop,  shoes leather  ,29.781313459209645,0
SESS-471073,Tablet,IPHONE 14,29.781313459209645,0
SESS-837981,Desktop,summer dress,29.781313459209645,0
SESS-604585,Mobile,,29.781313459209645,1
SESS-812477,Desktop,summer dress,29.781313459209645,0
SESS-759764,Desktop,,29.781313459209645,0
SESS-612427,Desktop,  shoes leather  ,29.781313459209645,1
SESS-509701,Mobile,N/A,29.781313459209645,0
SESS-856055,Mobile,IPHONE 14,29.781313459209645,1
SESS-805824,Mobile,summer dress,29.781313459209645,1
SESS-463283,Mobile, leather shoes ,29.781313459209645,0
SESS-524495,Desktop,summer dress,29.781313459209645,0
SESS-213149,Desktop,summer dress,29.781313459209645,0
SESS-309093,Tablet,IPHONE 14,29.781313459209645,0
SESS-583420,Desktop,IPHONE 14,29.781313459209645,0
SESS-167334,Mobile,,29.781313459209645,0
SESS-649697,Mobile,N/A,29.781313459209645,0
SESS-132932,Mobile,,29.781313459209645,0
SESS-969716,Mobile, leather shoes ,29.781313459209645,0
SESS-238276,Desktop, leather shoes ,29.781313459209645,0
SESS-177100,Tablet, leather shoes ,29.781313459209645,0
SESS-412629,Mobile,IPHONE 14,29.781313459209645,0
SESS-139502,Mobile,N/A,29.781313459209645,0
SESS-911350,Mobile,IPHONE 14,29.781313459209645,0
SESS-652747,Desktop,,29.781313459209645,0
SESS-363443,Desktop,summer dress,29.781313459209645,0
SESS-754560,Tablet,N/A,29.781313459209645,0
SESS-383557,Mobile,IPHONE 14,29.781313459209645,0
SESS-372232,Tablet,,29.781313459209645,1
SESS-995422,Desktop,summer dress,29.781313459209645,0
SESS-216524,Tablet, leather shoes ,29.781313459209645,0
SESS-582475,Mobile,IPHONE 14,29.781313459209645,0
SESS-677827,Mobile, leather shoes ,29.781313459209645,0
SESS-981126,Desktop,IPHONE 14,29.781313459209645,0
SESS-912059,Desktop, leather shoes ,29.781313459209645,0
SESS-289234,Mobile,N/A,29.781313459209645,0
SESS-897498,Mobile,summer dress,29.781313459209645,0
SESS-110744,Mobile,N/A,29.781313459209645,0
SESS-756284,Desktop,summer dress,29.781313459209645,1
SESS-107583,Desktop,summer dress,29.781313459209645,0
SESS-132744,Mobile,,29.781313459209645,0
SESS-155951,Desktop,summer dress,29.781313459209645,0
SESS-286885,Mobile,summer dress,29.781313459209645,1
SESS-371610,Desktop,IPHONE 14,29.781313459209645,0
SESS-582740,Desktop,summer dress,29.781313459209645,0
SESS-323671,Desktop,IPHONE 14,29.781313459209645,0
SESS-270365,Mobile,summer dress,29.781313459209645,0
SESS-326616,Desktop, leather shoes ,29.781313459209645,0
SESS-716516,Mobile, leather shoes ,29.781313459209645,0
SESS-444452,Desktop, leather shoes ,40056.57333111015,0
SESS-390194,Desktop,IPHONE 14,29.781313459209645,0
SESS-610575,Desktop,IPHONE 14,29.781313459209645,0
SESS-339402,Mobile,IPHONE 14,29.781313459209645,0
SESS-237233,Mobile,summer dress,29.781313459209645,0
SESS-166266,Mobile, leather shoes ,29.781313459209645,0
SESS-885864,Mobile,  shoes leather  ,29.781313459209645,0
SESS-807758,Desktop,N/A,29.781313459209645,1
SESS-790955,Desktop,IPHONE 14,29.781313459209645,0
SESS-765755,Mobile, leather shoes ,29.781313459209645,0
SESS-571451,Mobile, leather shoes ,29.781313459209645,0
SESS-945627,Desktop,N/A,29.781313459209645,0
SESS-689319,Mobile,  shoes leather  ,29.781313459209645,1
SESS-755785,Desktop, leather shoes ,29.781313459209645,0
SESS-634465,Mobile,summer dress,29.781313459209645,0
SESS-988483,Mobile, leather shoes ,29.781313459209645,0
SESS-104227,Mobile,IPHONE 14,29.781313459209645,0
SESS-783285,Mobile,IPHONE 14,29.781313459209645,0
SESS-789578,Desktop, leather shoes ,29.781313459209645,1
SESS-395363,Desktop,summer dress,29.781313459209645,0
SESS-125670,Mobile,  shoes leather  ,29.781313459209645,0
SESS-947672,Mobile,,29.781313459209645,0
SESS-828911,Tablet, leather shoes ,29.781313459209645,1
SESS-705974,Desktop,  shoes leather  ,29.781313459209645,0
SESS-283552,Mobile, leather shoes ,29.781313459209645,0
SESS-214744,Mobile,IPHONE 14,29.781313459209645,0
SESS-875666,Mobile,summer dress,29.781313459209645,0
SESS-446874,BOT_UNKNOWN, leather shoes ,29.781313459209645,0
SESS-412907,Desktop,summer dress,29.781313459209645,1
SESS-809022,Mobile,N/A,40056.57333111015,0
SESS-942657,Tablet,summer dress,29.781313459209645,0
SESS-100881,Mobile,  shoes leather  ,29.781313459209645,0
SESS-631837,Mobile,summer dress,40056.57333111015,0
SESS-200878,Desktop,summer dress,29.781313459209645,0
SESS-903162,Desktop,IPHONE 14,29.781313459209645,0
SESS-461366,Desktop, leather shoes ,29.781313459209645,0
SESS-152142,Tablet,N/A,29.781313459209645,0
SESS-761349,Desktop, leather shoes ,29.781313459209645,0
SESS-795413,Mobile, leather shoes ,29.781313459209645,1
SESS-699814,Mobile,IPHONE 14,29.781313459209645,0
SESS-464404,Desktop,,29.781313459209645,0
SESS-480990,Mobile, leather shoes ,40056.57333111015,0
SESS-353982,Desktop,summer dress,29.781313459209645,0
SESS-936841,Mobile,summer dress,29.781313459209645,0
SESS-960964,Mobile,summer dress,29.781313459209645,0
SESS-196313,Mobile,summer dress,29.781313459209645,0
SESS-125567,Desktop, leather shoes ,29.781313459209645,1
SESS-361374,Desktop,summer dress,29.781313459209645,0
SESS-461865,Mobile,summer dress,29.781313459209645,0
SESS-446043,Desktop, leather shoes ,29.781313459209645,1
SESS-700128,Mobile, leather shoes ,40056.57333111015,0
SESS-876784,Desktop,  shoes leather  ,29.781313459209645,0
SESS-776858,Desktop,summer dress,29.781313459209645,1
SESS-696791,Desktop,IPHONE 14,29.781313459209645,0
SESS-683153,Desktop,N/A,29.781313459209645,0
SESS-277392,BOT_UNKNOWN,summer dress,29.781313459209645,0
SESS-409402,Mobile,  shoes leather  ,29.781313459209645,0
SESS-880420,Mobile,summer dress,29.781313459209645,0
SESS-141643,Desktop,  shoes leather  ,29.781313459209645,1
SESS-688993,Tablet,IPHONE 14,29.781313459209645,0
SESS-145733,Mobile,N/A,29.781313459209645,0
SESS-295597,Mobile, leather shoes ,29.781313459209645,1
SESS-747798,Mobile,N/A,29.781313459209645,0
SESS-168259,Mobile, leather shoes ,29.781313459209645,0
SESS-487214,Mobile,IPHONE 14,29.781313459209645,1
SESS-413602,Mobile,IPHONE 14,29.781313459209645,0
SESS-973064,Desktop,,29.781313459209645,0
SESS-619574,Desktop, leather shoes ,29.781313459209645,0
SESS-432262,Mobile, leather shoes ,29.781313459209645,0
SESS-676192,Mobile,,29.781313459209645,0
SESS-982171,Desktop, leather shoes ,29.781313459209645,0
SESS-390126,Mobile, leather shoes ,29.781313459209645,0
SESS-547028,Mobile,IPHONE 14,29.781313459209645,1
SESS-698878,Mobile, leather shoes ,29.781313459209645,1
SESS-173901,Mobile,summer dress,29.781313459209645,1
SESS-948452,Mobile,  shoes leather  ,29.781313459209645,0
SESS-144221,Mobile,IPHONE 14,29.781313459209645,0
SESS-817111,Mobile, leather shoes ,29.781313459209645,0
SESS-833008,BOT_UNKNOWN,N/A,29.781313459209645,0
SESS-936573,Mobile, leather shoes ,29.781313459209645,0
SESS-500462,Tablet,  shoes leather  ,29.781313459209645,0
SESS-782820,Mobile,,29.781313459209645,0
SESS-394731,Tablet, leather shoes ,29.781313459209645,0
SESS-673587,Mobile,summer dress,29.781313459209645,0
SESS-294801,Mobile,,29.781313459209645,0
SESS-930926,Mobile,  shoes leather  ,29.781313459209645,0
SESS-252303,Mobile,summer dress,29.781313459209645,0
SESS-338467,Desktop, leather shoes ,29.781313459209645,0
SESS-182619,Mobile,  shoes leather  ,29.781313459209645,1
SESS-925988,Desktop, leather shoes ,29.781313459209645,1
SESS-800073,Mobile,  shoes leather  ,29.781313459209645,0
SESS-695483,Tablet,IPHONE 14,29.781313459209645,0
SESS-927132,Desktop,summer dress,29.781313459209645,0
SESS-223768,Mobile, leather shoes ,40056.57333111015,0
SESS-873348,Mobile,IPHONE 14,29.781313459209645,0
SESS-170901,BOT_UNKNOWN,IPHONE 14,40056.57333111015,0
SESS-860374,Mobile,IPHONE 14,29.781313459209645,0
SESS-740501,BOT_UNKNOWN, leather shoes ,29.781313459209645,1
SESS-982545,Mobile,IPHONE 14,29.781313459209645,0
SESS-689773,Mobile,,29.781313459209645,0
SESS-875189,Mobile, leather shoes ,29.781313459209645,1
SESS-457724,Mobile, leather shoes ,29.781313459209645,0
SESS-773784,Mobile,  shoes leather  ,29.781313459209645,1
SESS-396371,Mobile,IPHONE 14,29.781313459209645,1
SESS-395573,Mobile,IPHONE 14,29.781313459209645,0
SESS-953929,Desktop,N/A,29.781313459209645,0
SESS-544750,Mobile,IPHONE 14,29.781313459209645,1
SESS-716653,Mobile,summer dress,29.781313459209645,0
SESS-124815,Mobile,,29.781313459209645,0
SESS-917443,Desktop,N/A,29.781313459209645,0
SESS-896154,Desktop, leather shoes ,29.781313459209645,0
SESS-312230,BOT_UNKNOWN,  shoes leather  ,29.781313459209645,0
SESS-469467,Mobile,IPHONE 14,29.781313459209645,0
SESS-243294,Desktop,  shoes leather  ,29.781313459209645,0
SESS-988716,Desktop, leather shoes ,29.781313459209645,0
SESS-616986,Desktop,  shoes leather  ,29.781313459209645,0
SESS-769550,Desktop,IPHONE 14,29.781313459209645,0
SESS-402976,Mobile,N/A,29.781313459209645,1
SESS-166285,Desktop, leather shoes ,29.781313459209645,0
SESS-101728,Mobile,N/A,29.781313459209645,1
SESS-476520,Mobile,IPHONE 14,29.781313459209645,0
SESS-681103,Desktop,,29.781313459209645,0
SESS-466816,Desktop, leather shoes ,29.781313459209645,0
SESS-818634,Mobile, leather shoes ,29.781313459209645,0
SESS-327756,Mobile, leather shoes ,29.781313459209645,0
SESS-167332,Desktop, leather shoes ,29.781313459209645,0
SESS-177096,Mobile, leather shoes ,29.781313459209645,0
SESS-672778,BOT_UNKNOWN,IPHONE 14,29.781313459209645,0
SESS-431690,Mobile, leather shoes ,29.781313459209645,0
SESS-677888,Desktop,  shoes leather  ,29.781313459209645,0
SESS-979943,Mobile,summer dress,29.781313459209645,0
SESS-132828,Mobile, leather shoes ,29.781313459209645,0
SESS-616469,Mobile,summer dress,29.781313459209645,0
SESS-301636,Desktop,N/A,29.781313459209645,1
SESS-477419,Mobile,IPHONE 14,29.781313459209645,0
SESS-544541,Mobile,IPHONE 14,40056.57333111015,0
SESS-766551,Mobile,N/A,29.781313459209645,0
SESS-822330,BOT_UNKNOWN, leather shoes ,29.781313459209645,0
SESS-275799,BOT_UNKNOWN,IPHONE 14,29.781313459209645,0
SESS-813389,Mobile, leather shoes ,29.781313459209645,0
SESS-876928,Mobile,,29.781313459209645,1
SESS-572104,Mobile, leather shoes ,29.781313459209645,0
SESS-429659,Mobile, leather shoes ,29.781313459209645,0
SESS-270775,Desktop,  shoes leather  ,40056.57333111015,0
SESS-971855,Mobile,summer dress,29.781313459209645,0
SESS-846935,Mobile,N/A,29.781313459209645,1
SESS-963939,Tablet,IPHONE 14,29.781313459209645,0
SESS-912857,Mobile, leather shoes ,29.781313459209645,0
SESS-901500,Desktop,summer dress,29.781313459209645,0
SESS-720411,Desktop, leather shoes ,29.781313459209645,0
SESS-678878,Mobile,IPHONE 14,29.781313459209645,0
SESS-148197,Desktop,IPHONE 14,29.781313459209645,0
SESS-882571,Mobile,summer dress,29.781313459209645,0
SESS-975228,Desktop,summer dress,29.781313459209645,0
SESS-212818,Desktop, leather shoes ,29.781313459209645,0
SESS-718403,Desktop,summer dress,29.781313459209645,0
SESS-658967,Mobile,summer dress,29.781313459209645,0
SESS-343008,Mobile,IPHONE 14,29.781313459209645,0
SESS-879950,Mobile,summer dress,29.781313459209645,0
SESS-109578,Mobile, leather shoes ,40056.57333111015,0
SESS-893612,Desktop,N/A,29.781313459209645,0
SESS-456709,Mobile, leather shoes ,40056.57333111015,0
SESS-592876,Mobile,IPHONE 14,29.781313459209645,0
SESS-899840,Mobile,  shoes leather  ,29.781313459209645,0
SESS-139287,Mobile, leather shoes ,29.781313459209645,0
SESS-887509,Desktop,  shoes leather  ,29.781313459209645,0
SESS-870581,Desktop, leather shoes ,29.781313459209645,0
SESS-491915,Mobile,summer dress,29.781313459209645,0
SESS-690414,Mobile, leather shoes ,29.781313459209645,0
SESS-696371,Mobile,N/A,29.781313459209645,0
SESS-671693,Mobile,IPHONE 14,29.781313459209645,0
SESS-632304,Tablet,  shoes leather  ,29.781313459209645,1
SESS-842945,Mobile,IPHONE 14,29.781313459209645,0
SESS-531699,Desktop,summer dress,29.781313459209645,0
SESS-647126,Desktop,summer dress,29.781313459209645,0
SESS-729743,Mobile, leather shoes ,29.781313459209645,0
SESS-714322,Mobile, leather shoes ,29.781313459209645,0
SESS-902553,BOT_UNKNOWN, leather shoes ,29.781313459209645,0
SESS-859211,Desktop,  shoes leather  ,29.781313459209645,0
SESS-504000,Mobile, leather shoes ,29.781313459209645,1
SESS-678994,Tablet,IPHONE 14,29.781313459209645,0
SESS-878299,Mobile,IPHONE 14,29.781313459209645,0
SESS-635149,Mobile,IPHONE 14,29.781313459209645,0
SESS-798537,Tablet,summer dress,29.781313459209645,0
SESS-475418,Mobile,summer dress,29.781313459209645,0
SESS-564319,Mobile,summer dress,29.781313459209645,0
SESS-712303,Desktop,  shoes leather  ,29.781313459209645,0
SESS-683409,Mobile,N/A,29.781313459209645,0
SESS-627826,Mobile, leather shoes ,29.781313459209645,1
SESS-753983,Desktop, leather shoes ,40056.57333111015,0
SESS-230673,Desktop,N/A,29.781313459209645,0
SESS-830562,Mobile,IPHONE 14,29.781313459209645,0
SESS-988069,Mobile, leather shoes ,29.781313459209645,0
SESS-172129,Desktop,IPHONE 14,29.781313459209645,0
SESS-934721,Mobile, leather shoes ,29.781313459209645,1
SESS-641913,Mobile, leather shoes ,29.781313459209645,0
SESS-124330,Desktop,  shoes leather  ,29.781313459209645,0
SESS-541928,Tablet,summer dress,29.781313459209645,0
SESS-509486,Mobile,N/A,29.781313459209645,0
SESS-785265,Desktop,IPHONE 14,40056.57333111015,0
SESS-419161,Mobile,summer dress,29.781313459209645,1
SESS-442223,Desktop,N/A,29.781313459209645,0
SESS-783996,Mobile,,40056.57333111015,0
SESS-453569,Mobile,IPHONE 14,29.781313459209645,0
SESS-813943,Desktop,  shoes leather  ,29.781313459209645,1
SESS-870089,Mobile, leather shoes ,29.781313459209645,0
SESS-475783,Mobile,N/A,29.781313459209645,0
SESS-297334,Desktop,IPHONE 14,29.781313459209645,1
SESS-286490,BOT_UNKNOWN,N/A,29.781313459209645,0
SESS-851465,Mobile,N/A,29.781313459209645,1
SESS-489304,Mobile,  shoes leather  ,29.781313459209645,1
SESS-636916,Mobile, leather shoes ,29.781313459209645,0
SESS-698364,Desktop,summer dress,29.781313459209645,0
SESS-119987,Mobile, leather shoes ,29.781313459209645,0
SESS-381299,Mobile,IPHONE 14,29.781313459209645,0
SESS-841367,Mobile, leather shoes ,29.781313459209645,1
SESS-174495,Mobile,IPHONE 14,29.781313459209645,0
SESS-342670,Mobile,summer dress,29.781313459209645,0
SESS-357285,Tablet,IPHONE 14,29.781313459209645,0
SESS-375840,Mobile,N/A,29.781313459209645,0
SESS-320327,Desktop,N/A,29.781313459209645,0
SESS-340679,Mobile,IPHONE 14,29.781313459209645,0
SESS-374360,Tablet, leather shoes ,29.781313459209645,0
SESS-208919,Tablet, leather shoes ,29.781313459209645,1
SESS-121488,Mobile,summer dress,29.781313459209645,1
SESS-379707,Desktop,N/A,29.781313459209645,0
SESS-811729,Mobile, leather shoes ,29.781313459209645,0
SESS-751416,Desktop,summer dress,29.781313459209645,0
SESS-896226,Mobile,IPHONE 14,29.781313459209645,0
SESS-178346,Desktop,  shoes leather  ,29.781313459209645,0
SESS-311593,Mobile,IPHONE 14,29.781313459209645,0
SESS-210214,Mobile,summer dress,29.781313459209645,1
SESS-550153,Desktop,,29.781313459209645,1
SESS-973829,Desktop, leather shoes ,40056.57333111015,0
SESS-291341,Mobile, leather shoes ,29.781313459209645,0
SESS-724308,Mobile, leather shoes ,29.781313459209645,1
SESS-639282,Mobile, leather shoes ,29.781313459209645,1
SESS-735500,Mobile, leather shoes ,29.781313459209645,1
SESS-504731,Mobile,summer dress,29.781313459209645,0
SESS-735827,Mobile,,29.781313459209645,0
SESS-922154,Desktop,IPHONE 14,29.781313459209645,1
SESS-723781,Mobile,,29.781313459209645,0
SESS-741266,Mobile,IPHONE 14,29.781313459209645,0
SESS-187311,Mobile,IPHONE 14,29.781313459209645,0
SESS-409517,Desktop, leather shoes ,29.781313459209645,0
SESS-553205,Desktop,  shoes leather  ,29.781313459209645,0
SESS-307495,Desktop,summer dress,29.781313459209645,0
SESS-630662,Desktop,summer dress,29.781313459209645,1
SESS-922848,Desktop,IPHONE 14,29.781313459209645,0
SESS-302923,Desktop,summer dress,29.781313459209645,0
SESS-580560,Tablet,N/A,29.781313459209645,0
SESS-328583,Tablet,IPHONE 14,29.781313459209645,0
SESS-452590,Tablet, leather shoes ,29.781313459209645,0
SESS-835160,Mobile,IPHONE 14,29.781313459209645,0
SESS-257895,Mobile,IPHONE 14,29.781313459209645,0
SESS-869659,Desktop,IPHONE 14,29.781313459209645,0
SESS-576506,Desktop,IPHONE 14,40056.57333111015,1
SESS-129667,Tablet,N/A,29.781313459209645,0
SESS-985913,Tablet, leather shoes ,29.781313459209645,1
SESS-382442,Mobile, leather shoes ,29.781313459209645,0
SESS-719318,Desktop, leather shoes ,29.781313459209645,1
SESS-236847,Mobile,N/A,29.781313459209645,0
SESS-387616,Mobile, leather shoes ,29.781313459209645,0
SESS-915581,Mobile, leather shoes ,29.781313459209645,0
SESS-837147,Mobile,IPHONE 14,40056.57333111015,0
SESS-386125,Tablet,summer dress,29.781313459209645,0
SESS-569120,Mobile,IPHONE 14,29.781313459209645,0
SESS-558809,Mobile, leather shoes ,29.781313459209645,0
SESS-363018,Mobile,IPHONE 14,29.781313459209645,1
SESS-920721,Desktop,,29.781313459209645,0
SESS-231283,Desktop,summer dress,29.781313459209645,0
SESS-732740,Desktop,IPHONE 14,29.781313459209645,0
SESS-619517,Mobile,summer dress,29.781313459209645,0
SESS-236225,Tablet,,40056.57333111015,0
SESS-816932,Mobile,  shoes leather  ,29.781313459209645,0
SESS-426042,Mobile,,29.781313459209645,0
SESS-434212,Mobile,  shoes leather  ,29.781313459209645,0
SESS-410313,Mobile,  shoes leather  ,29.781313459209645,0
SESS-559701,Desktop,  shoes leather  ,29.781313459209645,0
SESS-843309,Mobile, leather shoes ,29.781313459209645,1
SESS-770074,Mobile,  shoes leather  ,29.781313459209645,0
SESS-233784,BOT_UNKNOWN,summer dress,29.781313459209645,0
SESS-237522,Mobile, leather shoes ,29.781313459209645,0
SESS-664974,BOT_UNKNOWN,,29.781313459209645,0
SESS-856402,Mobile,summer dress,29.781313459209645,1
SESS-990605,Mobile,  shoes leather  ,29.781313459209645,0
SESS-600849,Mobile, leather shoes ,29.781313459209645,0
SESS-872711,Mobile, leather shoes ,29.781313459209645,0
SESS-342810,Mobile,IPHONE 14,29.781313459209645,0
SESS-677861,Mobile, leather shoes ,29.781313459209645,0
SESS-359070,Tablet, leather shoes ,29.781313459209645,0
SESS-146197,Desktop,summer dress,29.781313459209645,0
SESS-230107,Mobile,  shoes leather  ,29.781313459209645,0
SESS-161513,Mobile, leather shoes ,29.781313459209645,0
SESS-537332,Desktop,IPHONE 14,29.781313459209645,1
SESS-483175,BOT_UNKNOWN,summer dress,29.781313459209645,0
SESS-956125,Desktop,IPHONE 14,29.781313459209645,1
SESS-614440,Mobile,  shoes leather  ,29.781313459209645,0
SESS-574833,Mobile, leather shoes ,29.781313459209645,0
SESS-851951,Mobile,  shoes leather  ,29.781313459209645,0
SESS-826827,Mobile,summer dress,29.781313459209645,0
SESS-655524,Tablet,IPHONE 14,29.781313459209645,1
SESS-717010,Mobile,summer dress,29.781313459209645,0
SESS-522226,Mobile,IPHONE 14,29.781313459209645,0
SESS-448671,Mobile,,29.781313459209645,0
SESS-799338,Mobile,IPHONE 14,40056.57333111015,1
SESS-896997,Mobile,IPHONE 14,29.781313459209645,0
SESS-776823,Desktop,summer dress,29.781313459209645,0
SESS-848121,Mobile,N/A,29.781313459209645,0
SESS-267605,Desktop,,29.781313459209645,0
SESS-826125,Mobile,N/A,29.781313459209645,0
SESS-498553,Mobile,summer dress,29.781313459209645,0
SESS-201776,Desktop,  shoes leather  ,29.781313459209645,0
SESS-335969,Desktop, leather shoes ,29.781313459209645,0
SESS-523991,Mobile,IPHONE 14,29.781313459209645,0
SESS-745480,Mobile,summer dress,29.781313459209645,0
SESS-332227,Desktop,IPHONE 14,29.781313459209645,0
SESS-231891,Desktop,summer dress,29.781313459209645,0
SESS-253347,BOT_UNKNOWN, leather shoes ,29.781313459209645,0
SESS-353194,Tablet,summer dress,29.781313459209645,0
SESS-582848,Mobile,IPHONE 14,29.781313459209645,1
SESS-839090,Mobile,summer dress,29.781313459209645,0
SESS-146601,Mobile,summer dress,29.781313459209645,0
SESS-785807,Tablet, leather shoes ,29.781313459209645,0
SESS-909079,Mobile,IPHONE 14,29.781313459209645,0
SESS-586474,Mobile,,29.781313459209645,0
SESS-983497,Desktop,IPHONE 14,29.781313459209645,0
SESS-633702,Mobile, leather shoes ,29.781313459209645,1
SESS-962638,Tablet,IPHONE 14,29.781313459209645,0
SESS-852949,Desktop,,29.781313459209645,0
SESS-212021,Mobile,,29.781313459209645,0
SESS-923829,BOT_UNKNOWN, leather shoes ,29.781313459209645,0
SESS-759649,Mobile,summer dress,29.781313459209645,0
SESS-724796,Mobile, leather shoes ,29.781313459209645,1
SESS-717734,Tablet,summer dress,29.781313459209645,1
SESS-170967,Mobile,summer dress,29.781313459209645,0
SESS-663119,Desktop, leather shoes ,29.781313459209645,0
SESS-767707,Desktop,N/A,29.781313459209645,1
SESS-172350,Mobile, leather shoes ,29.781313459209645,0
SESS-835295,Desktop, leather shoes ,29.781313459209645,0
SESS-754010,Mobile,  shoes leather  ,29.781313459209645,0
SESS-600121,Tablet,  shoes leather  ,29.781313459209645,0
SESS-291324,Tablet,summer dress,29.781313459209645,1
SESS-519712,Mobile, leather shoes ,29.781313459209645,0
SESS-653243,Tablet,N/A,40056.57333111015,0
SESS-421248,Desktop, leather shoes ,29.781313459209645,0
SESS-514115,Mobile,  shoes leather  ,29.781313459209645,0
SESS-164289,Mobile,  shoes leather  ,29.781313459209645,1
SESS-430993,Desktop,IPHONE 14,29.781313459209645,0
SESS-556603,Tablet,,29.781313459209645,0
SESS-561058,Desktop,summer dress,29.781313459209645,0
SESS-559299,Desktop,IPHONE 14,29.781313459209645,0
SESS-944759,Mobile,summer dress,29.781313459209645,0
SESS-159973,Mobile,N/A,29.781313459209645,0
SESS-494212,Tablet, leather shoes ,29.781313459209645,0
SESS-527193,Desktop,  shoes leather  ,29.781313459209645,0
SESS-904596,Tablet,summer dress,29.781313459209645,0
SESS-247138,Mobile,IPHONE 14,29.781313459209645,0
SESS-834849,Mobile,IPHONE 14,40056.57333111015,1
SESS-788519,Tablet,,29.781313459209645,0
SESS-180292,Mobile, leather shoes ,29.781313459209645,0
SESS-331075,Desktop,,29.781313459209645,0
SESS-984255,BOT_UNKNOWN,summer dress,29.781313459209645,0
SESS-977624,Mobile, leather shoes ,29.781313459209645,0
SESS-818545,Mobile, leather shoes ,29.781313459209645,0
SESS-335318,Mobile,IPHONE 14,40056.57333111015,0
SESS-838469,Mobile,IPHONE 14,29.781313459209645,0
SESS-335875,Mobile,  shoes leather  ,29.781313459209645,0
SESS-336564,Mobile, leather shoes ,29.781313459209645,0
SESS-185291,Mobile, leather shoes ,29.781313459209645,0
SESS-231562,Mobile,,29.781313459209645,0
SESS-324222,Desktop, leather shoes ,29.781313459209645,0
SESS-474140,Mobile,summer dress,29.781313459209645,0
SESS-976045,Mobile,IPHONE 14,29.781313459209645,0
SESS-160364,Mobile, leather shoes ,29.781313459209645,0
SESS-282709,Desktop, leather shoes ,29.781313459209645,0
SESS-126211,Mobile,summer dress,29.781313459209645,0
SESS-235633,Mobile,IPHONE 14,29.781313459209645,0
SESS-919891,Mobile,summer dress,29.781313459209645,0
SESS-343519,Mobile,summer dress,29.781313459209645,0
SESS-129056,Mobile, leather shoes ,29.781313459209645,0
SESS-673369,Mobile,IPHONE 14,29.781313459209645,0
SESS-106219,Desktop,N/A,29.781313459209645,0
SESS-895449,BOT_UNKNOWN,summer dress,29.781313459209645,0
SESS-520492,Mobile,summer dress,29.781313459209645,0
SESS-405052,Desktop, leather shoes ,29.781313459209645,0
SESS-873557,Mobile,IPHONE 14,29.781313459209645,0
SESS-988824,BOT_UNKNOWN,IPHONE 14,29.781313459209645,0
SESS-369758,BOT_UNKNOWN,IPHONE 14,29.781313459209645,0
SESS-729312,Mobile, leather shoes ,40056.57333111015,0
SESS-258790,Desktop,IPHONE 14,29.781313459209645,0
SESS-285324,Desktop,IPHONE 14,29.781313459209645,0
SESS-253180,Desktop,,29.781313459209645,0
SESS-435447,Desktop,summer dress,29.781313459209645,0
SESS-371297,Mobile,summer dress,29.781313459209645,1
SESS-117598,Desktop,,29.781313459209645,0
SESS-130996,Mobile,  shoes leather  ,29.781313459209645,0
SESS-718874,Mobile,IPHONE 14,29.781313459209645,0
SESS-901696,Mobile,IPHONE 14,29.781313459209645,0
SESS-654276,Mobile,N/A,29.781313459209645,0
SESS-314875,Mobile,N/A,29.781313459209645,0
SESS-822407,Desktop,,29.781313459209645,0
SESS-782925,Mobile,N/A,29.781313459209645,0
SESS-367128,Tablet,IPHONE 14,29.781313459209645,0
SESS-820515,Mobile, leather shoes ,29.781313459209645,0
SESS-928205,Mobile, leather shoes ,29.781313459209645,0
SESS-726039,Mobile,summer dress,29.781313459209645,0
SESS-652729,Mobile,summer dress,29.781313459209645,0
SESS-372820,Mobile,  shoes leather  ,29.781313459209645,0
SESS-814575,Desktop,summer dress,29.781313459209645,0
SESS-157521,Desktop,summer dress,29.781313459209645,0
SESS-109822,Mobile,summer dress,29.781313459209645,1
SESS-827428,Mobile, leather shoes ,29.781313459209645,0
SESS-105597,Desktop,,29.781313459209645,0
SESS-707421,BOT_UNKNOWN, leather shoes ,29.781313459209645,0
SESS-154993,Mobile,IPHONE 14,29.781313459209645,0
SESS-599275,Desktop, leather shoes ,29.781313459209645,1
SESS-160326,Desktop,IPHONE 14,29.781313459209645,0
SESS-631646,Mobile, leather shoes ,40056.57333111015,0
SESS-592835,Mobile, leather shoes ,29.781313459209645,0
SESS-372991,Tablet,IPHONE 14,29.781313459209645,0
SESS-842173,Mobile,N/A,29.781313459209645,0
SESS-119000,Mobile, leather shoes ,29.781313459209645,0
SESS-344323,Mobile,,29.781313459209645,0
SESS-923913,Desktop, leather shoes ,29.781313459209645,1
SESS-332314,Desktop,summer dress,29.781313459209645,1
SESS-905198,Mobile, leather shoes ,29.781313459209645,0
SESS-889625,Mobile,N/A,29.781313459209645,0
SESS-743853,Desktop, leather shoes ,29.781313459209645,0
SESS-938875,Mobile,  shoes leather  ,29.781313459209645,0
SESS-126696,Desktop, leather shoes ,29.781313459209645,0
SESS-181831,Desktop,summer dress,29.781313459209645,0
SESS-313087,Desktop, leather shoes ,29.781313459209645,0
SESS-931675,Tablet,IPHONE 14,29.781313459209645,1
SESS-870350,Mobile, leather shoes ,29.781313459209645,1
SESS-257233,Mobile,N/A,29.781313459209645,0
SESS-431976,Tablet,summer dress,29.781313459209645,0
SESS-982828,Mobile,summer dress,29.781313459209645,0
SESS-278553,Mobile,  shoes leather  ,29.781313459209645,0
SESS-118704,Desktop,  shoes leather  ,29.781313459209645,0
SESS-961291,Tablet,,29.781313459209645,0
SESS-269150,Desktop,IPHONE 14,29.781313459209645,0
SESS-310015,Desktop,  shoes leather  ,29.781313459209645,1
SESS-202168,Mobile, leather shoes ,29.781313459209645,0
SESS-246435,Mobile,,29.781313459209645,0
SESS-584323,Mobile, leather shoes ,29.781313459209645,0
SESS-804504,Mobile, leather shoes ,29.781313459209645,0
SESS-333039,Tablet, leather shoes ,29.781313459209645,0
SESS-785517,Desktop,IPHONE 14,29.781313459209645,0
SESS-934523,Mobile, leather shoes ,29.781313459209645,0
SESS-497824,Mobile,summer dress,29.781313459209645,0
SESS-713968,Mobile, leather shoes ,29.781313459209645,0
SESS-831334,Mobile,summer dress,29.781313459209645,0
SESS-379683,Mobile,,29.781313459209645,1
SESS-107174,BOT_UNKNOWN,N/A,29.781313459209645,0
SESS-890142,Mobile,IPHONE 14,29.781313459209645,0
SESS-904747,Mobile, leather shoes ,29.781313459209645,0
SESS-400339,Desktop,  shoes leather  ,29.781313459209645,0
SESS-708856,Mobile,N/A,29.781313459209645,0
SESS-809477,Mobile,IPHONE 14,29.781313459209645,0
SESS-884129,Desktop, leather shoes ,29.781313459209645,0
SESS-135928,Mobile, leather shoes ,29.781313459209645,0
SESS-853350,Tablet,,29.781313459209645,0
SESS-478849,Mobile,  shoes leather  ,29.781313459209645,0
SESS-843015,Desktop,summer dress,29.781313459209645,0
SESS-703844,BOT_UNKNOWN, leather shoes ,29.781313459209645,0
SESS-741314,Mobile,IPHONE 14,29.781313459209645,0
SESS-726703,Desktop,summer dress,40056.57333111015,1
SESS-207694,Mobile, leather shoes ,29.781313459209645,1
SESS-537824,Mobile,IPHONE 14,29.781313459209645,0
SESS-756320,Desktop, leather shoes ,29.781313459209645,0
SESS-212172,Mobile,IPHONE 14,29.781313459209645,0
SESS-880014,Tablet, leather shoes ,29.781313459209645,0
SESS-681768,BOT_UNKNOWN, leather shoes ,29.781313459209645,0
SESS-139334,BOT_UNKNOWN,IPHONE 14,29.781313459209645,0
SESS-244376,Mobile,  shoes leather  ,29.781313459209645,0
SESS-478061,Mobile, leather shoes ,29.781313459209645,1
SESS-447568,Mobile, leather shoes ,29.781313459209645,0
SESS-533458,Desktop,,29.781313459209645,1
SESS-816592,Desktop, leather shoes ,29.781313459209645,0
SESS-850006,Desktop,summer dress,29.781313459209645,1
SESS-109354,Desktop, leather shoes ,29.781313459209645,1
SESS-137071,Mobile,IPHONE 14,29.781313459209645,1
SESS-205659,Mobile,IPHONE 14,29.781313459209645,1
SESS-938726,Mobile,IPHONE 14,29.781313459209645,0
SESS-460166,Mobile, leather shoes ,29.781313459209645,1
SESS-940633,Mobile,  shoes leather  ,29.781313459209645,0
SESS-703113,Desktop,summer dress,29.781313459209645,0
SESS-268333,Mobile,summer dress,29.781313459209645,0
SESS-622041,Desktop,IPHONE 14,29.781313459209645,0
SESS-409650,Desktop,,29.781313459209645,1
SESS-979852,Desktop,summer dress,29.781313459209645,0
SESS-565164,Mobile,summer dress,29.781313459209645,0
SESS-252709,Mobile,,29.781313459209645,0
SESS-804093,Mobile,summer dress,29.781313459209645,1
SESS-929363,Desktop, leather shoes ,29.781313459209645,0
SESS-726141,Mobile,summer dress,29.781313459209645,0
SESS-700057,Desktop, leather shoes ,29.781313459209645,0
SESS-191973,Desktop,IPHONE 14,29.781313459209645,0
SESS-689345,Tablet,  shoes leather  ,29.781313459209645,0
SESS-793580,Desktop, leather shoes ,29.781313459209645,0
SESS-647188,Desktop, leather shoes ,29.781313459209645,0
SESS-769506,Tablet,IPHONE 14,29.781313459209645,0
SESS-524941,Desktop,summer dress,29.781313459209645,0
SESS-866384,Mobile, leather shoes ,29.781313459209645,1
SESS-616266,Desktop,,29.781313459209645,0
SESS-259018,Mobile,summer dress,29.781313459209645,0
SESS-113926,Mobile,summer dress,29.781313459209645,0
SESS-464708,Mobile,IPHONE 14,29.781313459209645,1
SESS-587765,Tablet,summer dress,29.781313459209645,0
SESS-765144,Tablet,IPHONE 14,29.781313459209645,0
SESS-616458,Desktop,N/A,29.781313459209645,0
SESS-583456,Mobile, leather shoes ,29.781313459209645,0
SESS-920814,Mobile, leather shoes ,29.781313459209645,0
SESS-358835,Tablet, leather shoes ,29.781313459209645,1
SESS-513919,Mobile,  shoes leather  ,29.781313459209645,1
SESS-179993,Mobile,summer dress,29.781313459209645,1
SESS-353916,Tablet,IPHONE 14,29.781313459209645,0
SESS-464988,Mobile, leather shoes ,29.781313459209645,0
SESS-515042,Desktop,summer dress,29.781313459209645,0
SESS-691747,Mobile,  shoes leather  ,29.781313459209645,0
SESS-299659,Tablet, leather shoes ,29.781313459209645,0
SESS-262478,Tablet,summer dress,29.781313459209645,1
SESS-240673,Tablet,IPHONE 14,29.781313459209645,0
SESS-167068,Desktop,IPHONE 14,29.781313459209645,0
SESS-271728,Desktop,IPHONE 14,29.781313459209645,0
SESS-152890,Desktop,,29.781313459209645,0
SESS-952257,Mobile,summer dress,29.781313459209645,0
SESS-937913,Desktop,summer dress,29.781313459209645,1
SESS-550279,Desktop,summer dress,29.781313459209645,0
SESS-467187,Desktop, leather shoes ,29.781313459209645,0
SESS-913123,Mobile,summer dress,29.781313459209645,1
SESS-764478,Desktop,IPHONE 14,29.781313459209645,0
SESS-643608,Mobile, leather shoes ,29.781313459209645,0
SESS-694555,Desktop, leather shoes ,29.781313459209645,0
SESS-379649,Desktop, leather shoes ,29.781313459209645,0
SESS-304423,Desktop, leather shoes ,29.781313459209645,1
SESS-928718,Tablet,summer dress,29.781313459209645,0
SESS-746959,Desktop,IPHONE 14,29.781313459209645,0
SESS-770067,Desktop,,29.781313459209645,0
SESS-280118,Mobile, leather shoes ,29.781313459209645,0
SESS-405144,Mobile,,29.781313459209645,0
SESS-744169,Mobile,IPHONE 14,29.781313459209645,0
SESS-167290,Mobile, leather shoes ,29.781313459209645,0
SESS-429175,Mobile,  shoes leather  ,29.781313459209645,0
SESS-241965,Mobile,summer dress,29.781313459209645,0
SESS-251173,Mobile,summer dress,29.781313459209645,0
SESS-286019,Desktop,summer dress,29.781313459209645,0
SESS-697098,Mobile, leather shoes ,29.781313459209645,1
SESS-223241,Mobile, leather shoes ,29.781313459209645,0
SESS-360997,Mobile,IPHONE 14,29.781313459209645,1
SESS-497894,Mobile, leather shoes ,29.781313459209645,0
SESS-539892,Desktop,N/A,29.781313459209645,0
SESS-543785,Desktop,IPHONE 14,29.781313459209645,0
SESS-360789,BOT_UNKNOWN,  shoes leather  ,29.781313459209645,0
SESS-354646,Mobile, leather shoes ,29.781313459209645,0
SESS-447340,Mobile,summer dress,29.781313459209645,0
SESS-599214,Mobile,IPHONE 14,29.781313459209645,0
SESS-423500,Desktop,N/A,29.781313459209645,0
SESS-543175,Desktop,summer dress,29.781313459209645,0
SESS-915302,BOT_UNKNOWN, leather shoes ,29.781313459209645,0
SESS-880896,Mobile, leather shoes ,29.781313459209645,0
SESS-951348,Tablet,summer dress,29.781313459209645,0
SESS-918088,Desktop,,29.781313459209645,0
SESS-970401,Desktop,summer dress,29.781313459209645,0
SESS-363607,Desktop,IPHONE 14,29.781313459209645,0
SESS-628784,Mobile,IPHONE 14,29.781313459209645,0
SESS-234358,Mobile,IPHONE 14,29.781313459209645,0
SESS-721206,Desktop,summer dress,29.781313459209645,0
SESS-895014,Desktop, leather shoes ,29.781313459209645,1
SESS-476602,BOT_UNKNOWN,summer dress,40056.57333111015,0
SESS-662900,Mobile, leather shoes ,29.781313459209645,0
SESS-658657,Mobile, leather shoes ,29.781313459209645,0
SESS-285457,Desktop,N/A,29.781313459209645,0
SESS-873269,Mobile, leather shoes ,29.781313459209645,0
SESS-897724,Desktop,,29.781313459209645,0
SESS-947609,Desktop,IPHONE 14,29.781313459209645,0
SESS-693649,Tablet,,29.781313459209645,0
SESS-467945,Mobile,IPHONE 14,29.781313459209645,0
SESS-146695,Mobile, leather shoes ,29.781313459209645,0
SESS-787802,Tablet,summer dress,29.781313459209645,0
SESS-949840,Tablet,summer dress,29.781313459209645,0
SESS-522441,Desktop, leather shoes ,29.781313459209645,0
SESS-305011,Tablet,summer dress,29.781313459209645,1
SESS-784969,Desktop,N/A,29.781313459209645,0
SESS-172672,Mobile,,29.781313459209645,0
SESS-275576,Mobile,,29.781313459209645,1
SESS-624945,Mobile,summer dress,29.781313459209645,1
SESS-839652,Desktop,summer dress,29.781313459209645,0
SESS-474989,Mobile,,29.781313459209645,0
SESS-401350,Desktop,IPHONE 14,29.781313459209645,0
SESS-586992,Desktop, leather shoes ,29.781313459209645,0
SESS-616632,Mobile,,29.781313459209645,0
SESS-478848,Mobile,IPHONE 14,29.781313459209645,0
SESS-475101,Mobile,IPHONE 14,29.781313459209645,0
SESS-467365,Mobile,N/A,29.781313459209645,0
SESS-294979,Mobile,summer dress,29.781313459209645,0
SESS-796284,Mobile,  shoes leather  ,29.781313459209645,0
SESS-996687,Desktop,IPHONE 14,29.781313459209645,0
SESS-665369,Mobile,summer dress,29.781313459209645,0
SESS-878648,Desktop, leather shoes ,29.781313459209645,0
SESS-899583,Mobile, leather shoes ,29.781313459209645,0
SESS-240477,Desktop,summer dress,29.781313459209645,1
SESS-441143,Mobile,summer dress,29.781313459209645,1
SESS-241455,Tablet,summer dress,29.781313459209645,0
SESS-757169,Mobile,IPHONE 14,29.781313459209645,0
SESS-641819,Desktop, leather shoes ,29.781313459209645,0
SESS-176932,Mobile, leather shoes ,29.781313459209645,0
SESS-248559,Desktop,summer dress,29.781313459209645,0
SESS-690239,Mobile,summer dress,29.781313459209645,0
SESS-866152,Mobile,IPHONE 14,29.781313459209645,0
SESS-637961,Desktop,IPHONE 14,29.781313459209645,1
SESS-295233,Mobile, leather shoes ,29.781313459209645,0
SESS-216363,Mobile,IPHONE 14,29.781313459209645,1
SESS-219990,Mobile,summer dress,29.781313459209645,0
SESS-510637,Desktop, leather shoes ,29.781313459209645,0
SESS-690348,Desktop,,29.781313459209645,0
SESS-375025,Desktop, leather shoes ,29.781313459209645,1
SESS-538228,Mobile,IPHONE 14,29.781313459209645,0
SESS-141852,Tablet,,29.781313459209645,0
SESS-329294,Mobile,IPHONE 14,40056.57333111015,0
SESS-154988,Desktop,  shoes leather  ,29.781313459209645,0
SESS-434900,Desktop,IPHONE 14,40056.57333111015,0
SESS-665274,Desktop,N/A,29.781313459209645,0
SESS-479459,Desktop, leather shoes ,29.781313459209645,0
SESS-751114,Desktop, leather shoes ,29.781313459209645,0
SESS-836151,Desktop,  shoes leather  ,29.781313459209645,0
SESS-764233,Mobile,IPHONE 14,40056.57333111015,0
SESS-156149,Mobile,N/A,29.781313459209645,0
SESS-635327,Mobile,summer dress,29.781313459209645,0
SESS-882787,Mobile,summer dress,29.781313459209645,0
SESS-470088,Mobile,,29.781313459209645,0
SESS-381289,Desktop,summer dress,29.781313459209645,0
SESS-905545,Mobile,  shoes leather  ,29.781313459209645,1
SESS-762243,Tablet,  shoes leather  ,29.781313459209645,0
SESS-304357,Mobile,  shoes leather  ,29.781313459209645,0
SESS-761187,Mobile,N/A,29.781313459209645,0
SESS-996810,Desktop,N/A,29.781313459209645,0
SESS-619380,Mobile,  shoes leather  ,29.781313459209645,0
SESS-234497,Mobile,IPHONE 14,29.781313459209645,0
SESS-501703,Mobile,  shoes leather  ,29.781313459209645,0
SESS-227076,Mobile,N/A,29.781313459209645,0
SESS-796247,Desktop,summer dress,29.781313459209645,0
SESS-672897,Mobile,summer dress,29.781313459209645,0
SESS-590833,Mobile,IPHONE 14,29.781313459209645,1
SESS-890567,Tablet,IPHONE 14,29.781313459209645,0
SESS-331596,Mobile,summer dress,29.781313459209645,0
SESS-878157,Mobile,summer dress,29.781313459209645,0
SESS-244366,Mobile,summer dress,29.781313459209645,0
SESS-507315,Mobile,summer dress,29.781313459209645,1
SESS-167853,BOT_UNKNOWN, leather shoes ,29.781313459209645,1
SESS-523059,Mobile,summer dress,29.781313459209645,0
SESS-301047,Desktop,summer dress,29.781313459209645,0
SESS-421144,Desktop,summer dress,29.781313459209645,0
SESS-144974,Desktop,summer dress,29.781313459209645,0
SESS-269506,Mobile,IPHONE 14,29.781313459209645,0
SESS-339005,Mobile,,29.781313459209645,1
SESS-271627,BOT_UNKNOWN, leather shoes ,29.781313459209645,0
SESS-205279,Desktop,summer dress,29.781313459209645,1
SESS-974570,Mobile, leather shoes ,29.781313459209645,1
SESS-797282,Mobile, leather shoes ,29.781313459209645,0
SESS-695058,Tablet, leather shoes ,29.781313459209645,0
SESS-771363,Mobile,summer dress,29.781313459209645,0
SESS-191109,BOT_UNKNOWN,  shoes leather  ,29.781313459209645,0
SESS-348242,Desktop, leather shoes ,29.781313459209645,1
SESS-220582,Desktop,summer dress,29.781313459209645,0
SESS-277687,Mobile,N/A,29.781313459209645,0
SESS-367359,Mobile,,29.781313459209645,0
SESS-149996,Mobile,summer dress,29.781313459209645,0
SESS-801476,Desktop,summer dress,29.781313459209645,1
SESS-205834,Mobile, leather shoes ,29.781313459209645,0
SESS-141181,BOT_UNKNOWN,  shoes leather  ,29.781313459209645,0
SESS-214024,Tablet,IPHONE 14,40056.57333111015,0
SESS-854142,Mobile,  shoes leather  ,29.781313459209645,0
SESS-693345,Desktop,summer dress,29.781313459209645,0
SESS-291714,Desktop,summer dress,29.781313459209645,0
SESS-197656,Mobile,IPHONE 14,29.781313459209645,0
SESS-680718,Desktop, leather shoes ,40056.57333111015,0
SESS-221516,Desktop,N/A,29.781313459209645,0
SESS-453960,Mobile,  shoes leather  ,29.781313459209645,0
SESS-410257,Desktop,IPHONE 14,29.781313459209645,0
SESS-335349,Mobile,,29.781313459209645,0
SESS-833269,Desktop,,29.781313459209645,0
SESS-664311,Desktop,,29.781313459209645,0
SESS-672181,Mobile, leather shoes ,29.781313459209645,0
SESS-801542,Mobile,IPHONE 14,29.781313459209645,0
SESS-556812,BOT_UNKNOWN,IPHONE 14,29.781313459209645,0
SESS-731951,Mobile, leather shoes ,29.781313459209645,1
SESS-394309,Mobile,,29.781313459209645,0
SESS-869737,Mobile,IPHONE 14,29.781313459209645,0
SESS-318688,Mobile,,29.781313459209645,0
SESS-802781,Mobile,IPHONE 14,29.781313459209645,0
SESS-383395,Mobile,summer dress,29.781313459209645,0
SESS-635286,Mobile, leather shoes ,29.781313459209645,0
SESS-158900,Mobile,N/A,29.781313459209645,0
SESS-125780,Mobile,IPHONE 14,29.781313459209645,0
SESS-794744,Mobile, leather shoes ,29.781313459209645,0
SESS-532811,Desktop, leather shoes ,29.781313459209645,1
SESS-953464,Mobile,IPHONE 14,29.781313459209645,0
SESS-305467,Mobile, leather shoes ,29.781313459209645,0
SESS-216334,Desktop, leather shoes ,29.781313459209645,0
SESS-544616,Tablet, leather shoes ,29.781313459209645,0
SESS-548441,Tablet, leather shoes ,29.781313459209645,0
SESS-593784,Mobile, leather shoes ,29.781313459209645,0
SESS-611174,Mobile,N/A,29.781313459209645,0
SESS-727689,Desktop,IPHONE 14,29.781313459209645,1
SESS-700615,Mobile, leather shoes ,29.781313459209645,1
SESS-579600,Mobile,N/A,29.781313459209645,0
SESS-343487,Mobile,summer dress,29.781313459209645,0
SESS-176911,Mobile,summer dress,29.781313459209645,0
SESS-824359,Desktop,  shoes leather  ,29.781313459209645,0
SESS-321797,Mobile, leather shoes ,29.781313459209645,0
SESS-190788,Mobile, leather shoes ,29.781313459209645,0
SESS-934438,Tablet,IPHONE 14,40056.57333111015,0
SESS-206904,Desktop,summer dress,29.781313459209645,0
SESS-891973,Desktop,,40056.57333111015,0
SESS-233676,Desktop,,29.781313459209645,0
SESS-283441,Mobile,,29.781313459209645,0
SESS-168011,Mobile,IPHONE 14,29.781313459209645,1
SESS-261098,Mobile,IPHONE 14,29.781313459209645,0
SESS-714301,Desktop, leather shoes ,29.781313459209645,0
SESS-325080,Mobile, leather shoes ,29.781313459209645,0
SESS-750531,Mobile, leather shoes ,29.781313459209645,0
SESS-988160,Mobile,summer dress,29.781313459209645,0
SESS-936741,Mobile,IPHONE 14,29.781313459209645,0
SESS-746205,Tablet,IPHONE 14,29.781313459209645,1
SESS-690144,Mobile, leather shoes ,29.781313459209645,0
SESS-467361,Mobile,IPHONE 14,29.781313459209645,0
SESS-477765,Tablet,N/A,29.781313459209645,0
SESS-100975,Mobile, leather shoes ,29.781313459209645,0
SESS-332405,Desktop,N/A,29.781313459209645,0
SESS-985630,Mobile,N/A,29.781313459209645,0
SESS-263183,Desktop,summer dress,29.781313459209645,0
SESS-713799,Desktop,summer dress,29.781313459209645,0
SESS-484415,Mobile,summer dress,29.781313459209645,1
SESS-749586,Tablet,IPHONE 14,29.781313459209645,1
SESS-359626,Mobile,N/A,29.781313459209645,0
SESS-121223,Mobile,IPHONE 14,29.781313459209645,0
SESS-654851,Mobile, leather shoes ,29.781313459209645,0
SESS-484206,Mobile,summer dress,29.781313459209645,0
SESS-467469,Desktop,IPHONE 14,29.781313459209645,0
SESS-638836,Mobile,  shoes leather  ,29.781313459209645,0
SESS-527579,Mobile, leather shoes ,29.781313459209645,0
SESS-703489,Mobile,,29.781313459209645,0
SESS-861060,Desktop,summer dress,29.781313459209645,0
SESS-313143,Mobile,  shoes leather  ,29.781313459209645,1
SESS-490873,Tablet,N/A,40056.57333111015,0
SESS-577498,Mobile,summer dress,29.781313459209645,0
SESS-150476,Mobile, leather shoes ,29.781313459209645,0
SESS-901716,Mobile,IPHONE 14,29.781313459209645,0
SESS-841627,Desktop, leather shoes ,29.781313459209645,0
SESS-205345,Mobile,IPHONE 14,29.781313459209645,0
SESS-299951,Mobile,IPHONE 14,40056.57333111015,0
SESS-662277,Mobile,summer dress,29.781313459209645,0
SESS-715439,Mobile,IPHONE 14,29.781313459209645,0
SESS-214596,Mobile, leather shoes ,29.781313459209645,0
SESS-421298,Desktop, leather shoes ,29.781313459209645,0
SESS-797844,Mobile,  shoes leather  ,40056.57333111015,0
SESS-200514,Tablet, leather shoes ,29.781313459209645,0
SESS-491031,Mobile,IPHONE 14,29.781313459209645,0
SESS-857201,Mobile,IPHONE 14,29.781313459209645,0
SESS-839283,Tablet, leather shoes ,29.781313459209645,0
SESS-414635,BOT_UNKNOWN, leather shoes ,29.781313459209645,0
SESS-830957,Tablet,summer dress,29.781313459209645,0
SESS-375834,Desktop,summer dress,29.781313459209645,0
SESS-325051,BOT_UNKNOWN,summer dress,29.781313459209645,0
SESS-630847,Mobile,summer dress,29.781313459209645,0
SESS-822775,Desktop,IPHONE 14,29.781313459209645,0
SESS-923554,BOT_UNKNOWN,summer dress,29.781313459209645,0
SESS-122016,Desktop,N/A,29.781313459209645,0
SESS-824263,Mobile,summer dress,29.781313459209645,1
SESS-916421,Mobile,N/A,29.781313459209645,0
SESS-270487,Mobile,summer dress,40056.57333111015,0
SESS-618737,Tablet, leather shoes ,29.781313459209645,0
SESS-938198,Mobile, leather shoes ,29.781313459209645,0
SESS-264332,Mobile,summer dress,29.781313459209645,0
SESS-506081,Mobile, leather shoes ,29.781313459209645,0
SESS-650355,Tablet, leather shoes ,29.781313459209645,1
SESS-659807,Mobile,,29.781313459209645,0
SESS-677250,Mobile, leather shoes ,29.781313459209645,0
SESS-377505,Mobile,  shoes leather  ,29.781313459209645,0
SESS-864154,Mobile,,29.781313459209645,0
SESS-668230,Desktop,IPHONE 14,29.781313459209645,1
SESS-323061,BOT_UNKNOWN,IPHONE 14,29.781313459209645,0
SESS-933831,Desktop,summer dress,29.781313459209645,1
SESS-421961,Desktop,N/A,29.781313459209645,0
SESS-734403,Mobile, leather shoes ,29.781313459209645,0
SESS-137023,Mobile, leather shoes ,29.781313459209645,0
SESS-860617,Desktop,N/A,29.781313459209645,0
SESS-140895,Desktop,IPHONE 14,29.781313459209645,0
SESS-487080,Mobile, leather shoes ,29.781313459209645,0
SESS-674869,Mobile, leather shoes ,29.781313459209645,0
SESS-757959,BOT_UNKNOWN,summer dress,40056.57333111015,0
SESS-162762,Desktop,summer dress,29.781313459209645,0
SESS-281274,Mobile, leather shoes ,29.781313459209645,0
SESS-561594,Desktop,IPHONE 14,29.781313459209645,0
SESS-619998,Mobile,N/A,29.781313459209645,0
SESS-912268,Desktop,  shoes leather  ,29.781313459209645,0
SESS-257671,Tablet,summer dress,29.781313459209645,1
SESS-286556,Tablet,,29.781313459209645,0
SESS-717844,Desktop,IPHONE 14,29.781313459209645,0
SESS-355923,Desktop,,40056.57333111015,0
SESS-749554,Desktop, leather shoes ,40056.57333111015,0
SESS-302020,Tablet, leather shoes ,29.781313459209645,0
SESS-457178,Desktop,N/A,29.781313459209645,1
SESS-295768,Mobile,N/A,29.781313459209645,0
SESS-615609,Mobile,summer dress,29.781313459209645,1
SESS-658552,Mobile,  shoes leather  ,29.781313459209645,0
SESS-663169,Mobile,summer dress,29.781313459209645,1
SESS-883324,Desktop,summer dress,29.781313459209645,0
SESS-472462,Mobile,summer dress,29.781313459209645,0
SESS-912282,Tablet,  shoes leather  ,29.781313459209645,1
SESS-104237,Mobile, leather shoes ,29.781313459209645,0
SESS-484476,Desktop,,29.781313459209645,0
SESS-342642,Mobile,  shoes leather  ,29.781313459209645,0
SESS-497368,Desktop, leather shoes ,29.781313459209645,0
SESS-951257,Mobile,IPHONE 14,40056.57333111015,0
SESS-235182,Mobile,N/A,29.781313459209645,1
SESS-522763,Mobile, leather shoes ,29.781313459209645,0
SESS-506864,Mobile, leather shoes ,29.781313459209645,0
SESS-630895,Tablet, leather shoes ,29.781313459209645,0
SESS-787547,Mobile,IPHONE 14,29.781313459209645,0
SESS-949532,Mobile,IPHONE 14,29.781313459209645,0
SESS-107578,Mobile, leather shoes ,29.781313459209645,0
SESS-619204,Mobile, leather shoes ,29.781313459209645,0
SESS-180313,Tablet,summer dress,29.781313459209645,0
SESS-313266,Mobile, leather shoes ,29.781313459209645,1
SESS-101081,Tablet,IPHONE 14,29.781313459209645,0
SESS-499300,Tablet, leather shoes ,29.781313459209645,0
SESS-946272,Mobile,summer dress,29.781313459209645,0
SESS-810469,Desktop, leather shoes ,29.781313459209645,0
SESS-826575,Desktop,IPHONE 14,29.781313459209645,0
SESS-359461,Mobile,IPHONE 14,29.781313459209645,0
SESS-233031,Mobile, leather shoes ,29.781313459209645,0
SESS-881867,Mobile, leather shoes ,29.781313459209645,0
SESS-287971,Mobile, leather shoes ,29.781313459209645,0
SESS-153697,Mobile,  shoes leather  ,29.781313459209645,1
SESS-868135,Mobile,IPHONE 14,40056.57333111015,0
SESS-564131,Desktop,  shoes leather  ,29.781313459209645,0
SESS-359766,Mobile, leather shoes ,29.781313459209645,0
SESS-945422,Mobile,IPHONE 14,29.781313459209645,0
SESS-421749,Tablet, leather shoes ,29.781313459209645,1
SESS-639518,Mobile, leather shoes ,29.781313459209645,0
SESS-479051,Mobile,  shoes leather  ,29.781313459209645,0
SESS-382983,Desktop,IPHONE 14,29.781313459209645,1
SESS-596623,Mobile,N/A,29.781313459209645,0
SESS-621843,Mobile, leather shoes ,29.781313459209645,0
SESS-133426,Mobile,summer dress,29.781313459209645,0
SESS-106533,Mobile,N/A,29.781313459209645,1
SESS-308481,Mobile,N/A,29.781313459209645,0
SESS-695687,Mobile, leather shoes ,29.781313459209645,0
SESS-119945,Mobile,IPHONE 14,29.781313459209645,0
SESS-377775,Desktop,IPHONE 14,29.781313459209645,1
SESS-470503,Desktop, leather shoes ,29.781313459209645,0
SESS-656075,Mobile, leather shoes ,29.781313459209645,0
SESS-198776,Desktop,N/A,29.781313459209645,0
SESS-412222,Mobile,summer dress,29.781313459209645,0
SESS-511591,Mobile,N/A,29.781313459209645,1
SESS-499830,Mobile,IPHONE 14,29.781313459209645,0
SESS-453867,BOT_UNKNOWN,,29.781313459209645,0
SESS-179312,Mobile,  shoes leather  ,29.781313459209645,0
SESS-549954,Desktop, leather shoes ,29.781313459209645,0
SESS-396664,Desktop, leather shoes ,29.781313459209645,0
SESS-960830,Mobile,,29.781313459209645,0
SESS-188746,Mobile,summer dress,29.781313459209645,0
SESS-345104,Mobile,IPHONE 14,29.781313459209645,0
SESS-373911,Mobile, leather shoes ,29.781313459209645,0
SESS-710207,Mobile,N/A,29.781313459209645,0
SESS-892398,Mobile, leather shoes ,29.781313459209645,1
SESS-424379,Tablet, leather shoes ,29.781313459209645,0
SESS-517693,Mobile,summer dress,29.781313459209645,0
SESS-373580,Mobile,IPHONE 14,29.781313459209645,0
SESS-152518,Mobile,N/A,29.781313459209645,0
SESS-978662,Desktop,,29.781313459209645,1
SESS-435909,Desktop,  shoes leather  ,29.781313459209645,0
SESS-979896,Mobile, leather shoes ,29.781313459209645,0
SESS-172747,Mobile,  shoes leather  ,29.781313459209645,1
SESS-169137,Mobile,summer dress,29.781313459209645,1
SESS-187349,Mobile,summer dress,29.781313459209645,0
SESS-512079,Desktop,summer dress,29.781313459209645,0
SESS-412855,Mobile,,29.781313459209645,0
SESS-440692,Mobile, leather shoes ,29.781313459209645,0
SESS-673132,Mobile,N/A,29.781313459209645,0
SESS-920676,BOT_UNKNOWN,IPHONE 14,29.781313459209645,0
SESS-826078,Tablet, leather shoes ,29.781313459209645,0
SESS-993363,Mobile, leather shoes ,29.781313459209645,0
SESS-200529,Tablet,  shoes leather  ,29.781313459209645,0
SESS-858617,Mobile,N/A,29.781313459209645,0
SESS-312561,Desktop,,29.781313459209645,0
SESS-298344,Mobile,,29.781313459209645,0
SESS-458787,Tablet, leather shoes ,29.781313459209645,0
SESS-157634,Mobile, leather shoes ,29.781313459209645,0
SESS-341710,Mobile,,29.781313459209645,0
SESS-369327,Mobile,,29.781313459209645,0
SESS-591004,Desktop, leather shoes ,29.781313459209645,0
SESS-370413,Tablet,IPHONE 14,29.781313459209645,0
SESS-824924,Mobile, leather shoes ,29.781313459209645,1
SESS-295539,Mobile,summer dress,29.781313459209645,1
SESS-874561,Mobile, leather shoes ,29.781313459209645,0
SESS-887055,Mobile,  shoes leather  ,29.781313459209645,1
SESS-844490,Mobile,  shoes leather  ,40056.57333111015,0
SESS-616451,Mobile,  shoes leather  ,29.781313459209645,0
SESS-988178,Tablet,summer dress,29.781313459209645,0
SESS-379237,Desktop,summer dress,29.781313459209645,0
SESS-680564,Mobile,summer dress,29.781313459209645,0
SESS-788059,Desktop, leather shoes ,29.781313459209645,0
SESS-199403,Mobile,,29.781313459209645,0
SESS-879113,Mobile, leather shoes ,29.781313459209645,1
SESS-549142,Mobile,  shoes leather  ,29.781313459209645,0
SESS-238005,Desktop, leather shoes ,29.781313459209645,0
SESS-419687,Mobile,summer dress,29.781313459209645,1
SESS-272205,Tablet, leather shoes ,29.781313459209645,0
SESS-256499,Desktop, leather shoes ,29.781313459209645,0
SESS-116990,Desktop,IPHONE 14,29.781313459209645,0
SESS-461802,Desktop,N/A,29.781313459209645,0
SESS-984310,Desktop, leather shoes ,29.781313459209645,0
SESS-429404,Desktop,,29.781313459209645,0
SESS-249698,Mobile,,29.781313459209645,1
SESS-692817,Desktop, leather shoes ,29.781313459209645,0
SESS-466885,Desktop,IPHONE 14,29.781313459209645,0
SESS-232164,Desktop,summer dress,29.781313459209645,1
SESS-191840,Desktop,IPHONE 14,29.781313459209645,0
SESS-282378,Mobile,,29.781313459209645,1
SESS-522802,Tablet,IPHONE 14,29.781313459209645,0
SESS-128770,BOT_UNKNOWN,IPHONE 14,29.781313459209645,0
SESS-525792,Desktop, leather shoes ,29.781313459209645,0
SESS-179165,Mobile,,29.781313459209645,0
SESS-123545,Mobile,,29.781313459209645,0
SESS-589616,Mobile,,29.781313459209645,0
SESS-824046,Desktop,summer dress,29.781313459209645,0
SESS-405672,Mobile,,29.781313459209645,0
SESS-857707,Mobile, leather shoes ,29.781313459209645,0
SESS-341765,Mobile, leather shoes ,29.781313459209645,0
SESS-361196,BOT_UNKNOWN,N/A,29.781313459209645,0
SESS-281204,Mobile, leather shoes ,29.781313459209645,0
SESS-617230,Mobile,,29.781313459209645,0
SESS-857387,Mobile,IPHONE 14,29.781313459209645,0
SESS-386624,Desktop,summer dress,29.781313459209645,0
SESS-207247,Mobile,IPHONE 14,29.781313459209645,0
SESS-339931,BOT_UNKNOWN,N/A,29.781313459209645,1
SESS-976751,Desktop,IPHONE 14,29.781313459209645,0
SESS-307994,Mobile,summer dress,29.781313459209645,0
SESS-110426,Desktop, leather shoes ,29.781313459209645,0
SESS-954816,Mobile, leather shoes ,29.781313459209645,0
SESS-207070,Desktop, leather shoes ,29.781313459209645,0
SESS-551734,Mobile,IPHONE 14,29.781313459209645,0
SESS-382589,Mobile,  shoes leather  ,29.781313459209645,0
SESS-368251,Mobile, leather shoes ,29.781313459209645,0
SESS-379506,BOT_UNKNOWN,N/A,29.781313459209645,0
SESS-232409,Desktop,summer dress,29.781313459209645,1
SESS-962378,Desktop, leather shoes ,29.781313459209645,0
SESS-941149,Mobile,summer dress,29.781313459209645,0
SESS-957337,Tablet, leather shoes ,29.781313459209645,0
SESS-874086,Tablet, leather shoes ,29.781313459209645,0
SESS-491176,BOT_UNKNOWN,summer dress,29.781313459209645,0
SESS-167837,Mobile,  shoes leather  ,29.781313459209645,0
SESS-418167,Mobile,IPHONE 14,29.781313459209645,1
SESS-335764,Desktop, leather shoes ,29.781313459209645,0
SESS-846100,BOT_UNKNOWN,summer dress,29.781313459209645,1
SESS-434315,Desktop,IPHONE 14,40056.57333111015,0
SESS-235583,Tablet,,29.781313459209645,0
SESS-237539,Mobile, leather shoes ,29.781313459209645,0
SESS-240306,Mobile, leather shoes ,29.781313459209645,0
SESS-700626,Desktop,IPHONE 14,29.781313459209645,0
SESS-258657,Desktop,summer dress,29.781313459209645,0
SESS-975108,Mobile,IPHONE 14,29.781313459209645,0
SESS-364475,Desktop, leather shoes ,29.781313459209645,0
SESS-985509,Desktop, leather shoes ,29.781313459209645,0
SESS-451934,Mobile, leather shoes ,29.781313459209645,0
SESS-819830,Desktop,IPHONE 14,29.781313459209645,1
SESS-325482,Mobile, leather shoes ,29.781313459209645,0
SESS-397298,Tablet,IPHONE 14,29.781313459209645,0
SESS-238495,Tablet,  shoes leather  ,29.781313459209645,0
SESS-855216,Desktop,N/A,29.781313459209645,0
SESS-638720,Desktop, leather shoes ,29.781313459209645,0
SESS-788891,Mobile,IPHONE 14,29.781313459209645,0
SESS-176144,Mobile,IPHONE 14,29.781313459209645,1
SESS-779825,Tablet,summer dress,29.781313459209645,0
SESS-424006,Mobile, leather shoes ,29.781313459209645,0
SESS-910572,Desktop, leather shoes ,29.781313459209645,0
SESS-173493,Desktop,summer dress,40056.57333111015,1
SESS-847839,Desktop, leather shoes ,29.781313459209645,0
SESS-408955,Mobile, leather shoes ,29.781313459209645,0
SESS-670800,Desktop, leather shoes ,29.781313459209645,0
SESS-862331,Mobile,IPHONE 14,29.781313459209645,0
SESS-368019,Mobile,N/A,29.781313459209645,1
SESS-113500,Desktop,,29.781313459209645,0
SESS-867324,Desktop,IPHONE 14,29.781313459209645,0
SESS-226445,Mobile,N/A,29.781313459209645,0
SESS-131378,Mobile,IPHONE 14,29.781313459209645,0
SESS-164911,Mobile, leather shoes ,29.781313459209645,0
SESS-679702,Desktop,  shoes leather  ,29.781313459209645,0
SESS-380301,Mobile, leather shoes ,29.781313459209645,0
SESS-321132,Mobile,IPHONE 14,29.781313459209645,0
SESS-903374,Tablet,summer dress,29.781313459209645,0
SESS-482709,Desktop,N/A,29.781313459209645,0
SESS-462332,Mobile, leather shoes ,29.781313459209645,0
SESS-357397,Mobile,IPHONE 14,29.781313459209645,0
SESS-913762,Mobile,  shoes leather  ,29.781313459209645,1
SESS-359380,Mobile, leather shoes ,29.781313459209645,0
SESS-555229,Mobile,,29.781313459209645,0
SESS-577616,Mobile,IPHONE 14,29.781313459209645,1
SESS-139320,Tablet, leather shoes ,29.781313459209645,0
SESS-271570,Mobile,  shoes leather  ,29.781313459209645,0
SESS-424579,Mobile,summer dress,29.781313459209645,0
SESS-301294,Tablet,summer dress,40056.57333111015,0
SESS-811065,Mobile, leather shoes ,29.781313459209645,0
SESS-343243,Mobile, leather shoes ,29.781313459209645,0
SESS-495645,Mobile,N/A,29.781313459209645,0
SESS-478811,Desktop,IPHONE 14,29.781313459209645,0
SESS-391706,Desktop,summer dress,29.781313459209645,0
SESS-705791,Desktop, leather shoes ,29.781313459209645,0
SESS-153935,Mobile,summer dress,29.781313459209645,0
SESS-865976,Desktop,  shoes leather  ,29.781313459209645,0
SESS-533154,Mobile,IPHONE 14,29.781313459209645,0
SESS-960483,Desktop,IPHONE 14,29.781313459209645,1
SESS-946017,Desktop,,29.781313459209645,1
SESS-916277,Tablet,,29.781313459209645,0
SESS-610254,Mobile,summer dress,29.781313459209645,1
SESS-557011,BOT_UNKNOWN,summer dress,29.781313459209645,0
SESS-457482,Mobile,summer dress,29.781313459209645,0
SESS-311769,Mobile,IPHONE 14,29.781313459209645,1
SESS-353417,Mobile,  shoes leather  ,29.781313459209645,0
SESS-721568,Mobile, leather shoes ,29.781313459209645,1
SESS-333469,Tablet,summer dress,29.781313459209645,1
SESS-977189,Desktop,N/A,29.781313459209645,0
SESS-598262,Mobile,summer dress,29.781313459209645,0
SESS-720894,Desktop,summer dress,29.781313459209645,0
SESS-128831,Mobile,summer dress,29.781313459209645,0
SESS-706228,Mobile,summer dress,29.781313459209645,0
SESS-581014,Mobile,,29.781313459209645,0
SESS-472174,Desktop, leather shoes ,40056.57333111015,0
SESS-654935,Desktop,IPHONE 14,29.781313459209645,0
SESS-750926,Desktop,summer dress,29.781313459209645,0
SESS-904536,Tablet,summer dress,40056.57333111015,0
SESS-163252,Mobile,IPHONE 14,29.781313459209645,0
SESS-166968,Mobile,,29.781313459209645,0
SESS-324381,Desktop,summer dress,29.781313459209645,0
SESS-270188,Mobile, leather shoes ,29.781313459209645,0
SESS-210666,Desktop, leather shoes ,29.781313459209645,0
SESS-148462,Desktop,IPHONE 14,29.781313459209645,0
SESS-234873,Mobile,IPHONE 14,29.781313459209645,0
SESS-263600,Mobile, leather shoes ,29.781313459209645,0
SESS-984999,Mobile,,29.781313459209645,0
SESS-412146,Mobile,IPHONE 14,29.781313459209645,0
SESS-694891,Mobile,summer dress,29.781313459209645,0
SESS-150088,Mobile,summer dress,29.781313459209645,0
SESS-799037,Desktop,IPHONE 14,29.781313459209645,0
SESS-969459,Mobile,IPHONE 14,29.781313459209645,1
SESS-197207,Desktop,,29.781313459209645,0
SESS-579552,Desktop,  shoes leather  ,29.781313459209645,0
SESS-478977,Desktop,summer dress,29.781313459209645,0
SESS-917949,Mobile, leather shoes ,29.781313459209645,0
SESS-708112,Mobile, leather shoes ,29.781313459209645,0
SESS-240986,Desktop,summer dress,29.781313459209645,1
SESS-712804,Desktop,  shoes leather  ,29.781313459209645,1
SESS-989512,Mobile,N/A,29.781313459209645,0
SESS-374862,Mobile,IPHONE 14,29.781313459209645,0
SESS-702657,Desktop, leather shoes ,29.781313459209645,0
SESS-676410,Desktop,IPHONE 14,29.781313459209645,1
SESS-395049,Desktop, leather shoes ,29.781313459209645,0
SESS-781761,BOT_UNKNOWN, leather shoes ,29.781313459209645,0
SESS-269541,Mobile, leather shoes ,29.781313459209645,1
SESS-888010,Tablet,summer dress,29.781313459209645,0
SESS-297971,Desktop,summer dress,29.781313459209645,0
SESS-783195,Desktop,  shoes leather  ,29.781313459209645,1
SESS-137916,Mobile, leather shoes ,29.781313459209645,0
SESS-987407,Mobile, leather shoes ,29.781313459209645,0
SESS-618306,Mobile,N/A,29.781313459209645,0
SESS-249547,Mobile, leather shoes ,29.781313459209645,0
SESS-883511,Tablet, leather shoes ,29.781313459209645,0
SESS-145164,Mobile, leather shoes ,29.781313459209645,0
SESS-693452,Mobile, leather shoes ,29.781313459209645,0
SESS-459827,Mobile, leather shoes ,29.781313459209645,0
SESS-311244,Mobile, leather shoes ,29.781313459209645,0
SESS-303151,Desktop, leather shoes ,40056.57333111015,0
SESS-822394,Desktop,IPHONE 14,29.781313459209645,0
SESS-129121,BOT_UNKNOWN,IPHONE 14,29.781313459209645,0
SESS-790789,Mobile,N/A,29.781313459209645,0
SESS-949136,BOT_UNKNOWN, leather shoes ,29.781313459209645,0
SESS-635529,BOT_UNKNOWN,summer dress,29.781313459209645,0
SESS-503328,Desktop, leather shoes ,29.781313459209645,0
SESS-233117,Mobile,  shoes leather  ,29.781313459209645,0
SESS-782881,Mobile,summer dress,29.781313459209645,0
SESS-761374,Mobile,IPHONE 14,29.781313459209645,0
SESS-812043,Mobile,IPHONE 14,29.781313459209645,0
SESS-805326,Desktop,IPHONE 14,29.781313459209645,0
SESS-585808,Mobile,IPHONE 14,29.781313459209645,1
SESS-955749,Desktop, leather shoes ,29.781313459209645,0
SESS-664285,Desktop, leather shoes ,29.781313459209645,0
SESS-469224,Mobile,IPHONE 14,29.781313459209645,0
SESS-584702,Mobile, leather shoes ,29.781313459209645,0
SESS-947845,Desktop, leather shoes ,29.781313459209645,0
SESS-560551,Mobile, leather shoes ,29.781313459209645,0
SESS-366990,Mobile,summer dress,29.781313459209645,0
SESS-635585,Mobile,summer dress,29.781313459209645,0
SESS-245094,Mobile,,29.781313459209645,0
SESS-354077,Mobile,  shoes leather  ,29.781313459209645,0
SESS-165708,Desktop,IPHONE 14,29.781313459209645,0
SESS-320223,Desktop,IPHONE 14,29.781313459209645,0
SESS-359842,Mobile,,29.781313459209645,0
SESS-390040,Desktop,N/A,29.781313459209645,0
SESS-285822,Mobile, leather shoes ,29.781313459209645,0
SESS-723889,Mobile,N/A,29.781313459209645,0
SESS-870852,Desktop, leather shoes ,29.781313459209645,0
SESS-657958,Desktop,summer dress,29.781313459209645,0
SESS-748990,Desktop,summer dress,29.781313459209645,0
SESS-847838,Mobile,,29.781313459209645,0
SESS-723735,Tablet,  shoes leather  ,29.781313459209645,1
SESS-484475,Mobile,,29.781313459209645,0
SESS-994654,Mobile, leather shoes ,29.781313459209645,1
SESS-142982,BOT_UNKNOWN, leather shoes ,29.781313459209645,0
SESS-380405,Mobile,  shoes leather  ,29.781313459209645,0
SESS-922957,Desktop,summer dress,40056.57333111015,0
SESS-817122,Desktop,N/A,29.781313459209645,1
SESS-319667,Mobile, leather shoes ,29.781313459209645,0
SESS-867922,Mobile,IPHONE 14,29.781313459209645,0
SESS-754372,Mobile, leather shoes ,29.781313459209645,0
SESS-181379,Desktop,  shoes leather  ,29.781313459209645,0
SESS-435293,Mobile, leather shoes ,29.781313459209645,0
SESS-799933,Mobile,,29.781313459209645,1
SESS-242401,Desktop, leather shoes ,29.781313459209645,0
SESS-790486,Mobile, leather shoes ,29.781313459209645,0
SESS-260274,Mobile, leather shoes ,29.781313459209645,0
SESS-952098,Desktop,,29.781313459209645,0
SESS-516579,Mobile,summer dress,29.781313459209645,0
SESS-991636,Mobile,  shoes leather  ,29.781313459209645,0
SESS-129314,Tablet, leather shoes ,29.781313459209645,0
SESS-631056,Mobile, leather shoes ,29.781313459209645,0
SESS-968945,Mobile, leather shoes ,29.781313459209645,0
SESS-104908,Mobile,N/A,29.781313459209645,0
SESS-245287,Mobile,summer dress,40056.57333111015,0
SESS-242449,Mobile,N/A,29.781313459209645,0
SESS-883356,Tablet,N/A,29.781313459209645,0
SESS-641997,Desktop,,29.781313459209645,0
SESS-704870,Mobile,IPHONE 14,29.781313459209645,0
SESS-518157,Tablet,summer dress,29.781313459209645,0
SESS-198509,BOT_UNKNOWN,,29.781313459209645,0
SESS-289295,Mobile,  shoes leather  ,29.781313459209645,0
SESS-156088,Mobile, leather shoes ,29.781313459209645,0
SESS-762472,Desktop,IPHONE 14,29.781313459209645,0
SESS-402220,Mobile,IPHONE 14,29.781313459209645,0
SESS-932735,Mobile,summer dress,29.781313459209645,0
SESS-446525,Mobile,summer dress,29.781313459209645,0
SESS-549963,Mobile,summer dress,29.781313459209645,0
SESS-367793,Desktop,N/A,29.781313459209645,0
SESS-355267,Mobile,summer dress,29.781313459209645,0
SESS-290123,Mobile,summer dress,29.781313459209645,0
SESS-427229,Desktop,  shoes leather  ,29.781313459209645,0
SESS-357539,Desktop,summer dress,29.781313459209645,0
SESS-963849,Mobile,N/A,40056.57333111015,0
SESS-411723,Mobile,IPHONE 14,29.781313459209645,0
SESS-262762,Mobile, leather shoes ,29.781313459209645,0
SESS-792938,Mobile, leather shoes ,29.781313459209645,0
SESS-789195,Mobile,summer dress,29.781313459209645,1
SESS-917964,Desktop,IPHONE 14,29.781313459209645,0
SESS-463174,Mobile,,29.781313459209645,0
SESS-374312,Mobile,,29.781313459209645,0
SESS-111409,Mobile,N/A,29.781313459209645,0
SESS-918140,Desktop,,29.781313459209645,0
SESS-170850,Desktop,,29.781313459209645,0
SESS-411647,Desktop, leather shoes ,29.781313459209645,0
SESS-925727,Mobile,summer dress,29.781313459209645,1
SESS-764745,Mobile,summer dress,29.781313459209645,0
SESS-872610,Mobile,summer dress,29.781313459209645,0
SESS-406904,Mobile,IPHONE 14,29.781313459209645,0
SESS-232757,Mobile,IPHONE 14,29.781313459209645,0
SESS-161730,Mobile, leather shoes ,29.781313459209645,0
SESS-469094,Mobile, leather shoes ,29.781313459209645,0
SESS-803487,Mobile, leather shoes ,29.781313459209645,0
SESS-257132,Mobile,  shoes leather  ,29.781313459209645,0
SESS-847353,Desktop, leather shoes ,29.781313459209645,0
SESS-561899,Mobile, leather shoes ,29.781313459209645,0
SESS-150288,Desktop,,29.781313459209645,0
SESS-668322,BOT_UNKNOWN,summer dress,29.781313459209645,0
SESS-632162,Desktop,N/A,40056.57333111015,0
SESS-233271,Tablet, leather shoes ,29.781313459209645,0
SESS-736026,Desktop, leather shoes ,29.781313459209645,0
SESS-532285,Desktop,IPHONE 14,29.781313459209645,0
SESS-684463,Desktop,  shoes leather  ,29.781313459209645,0
SESS-657100,Tablet, leather shoes ,29.781313459209645,0
SESS-608683,Mobile, leather shoes ,29.781313459209645,0
SESS-833269,Desktop,summer dress,29.781313459209645,0
SESS-669266,Mobile,  shoes leather  ,29.781313459209645,0
SESS-757826,Mobile,summer dress,29.781313459209645,0
SESS-652236,Mobile, leather shoes ,29.781313459209645,0
SESS-301538,Mobile,  shoes leather  ,29.781313459209645,0
SESS-303536,Desktop, leather shoes ,29.781313459209645,1
SESS-270435,Mobile, leather shoes ,29.781313459209645,1
SESS-573836,Mobile,N/A,29.781313459209645,0
SESS-299425,Desktop,  shoes leather  ,29.781313459209645,0
SESS-459726,Tablet, leather shoes ,29.781313459209645,0
SESS-973904,Mobile,IPHONE 14,29.781313459209645,0
SESS-762205,Desktop, leather shoes ,29.781313459209645,0
SESS-351169,Desktop,N/A,29.781313459209645,1
SESS-267665,Mobile,  shoes leather  ,40056.57333111015,1
SESS-879514,Mobile,summer dress,29.781313459209645,0
SESS-399244,Desktop,summer dress,29.781313459209645,0
SESS-914853,Desktop,IPHONE 14,29.781313459209645,0
SESS-285239,Desktop, leather shoes ,29.781313459209645,1
SESS-180511,Mobile, leather shoes ,29.781313459209645,0
SESS-709606,Mobile,IPHONE 14,29.781313459209645,0
SESS-354411,Mobile,summer dress,29.781313459209645,0
SESS-514567,Mobile,IPHONE 14,29.781313459209645,0
SESS-780933,Mobile, leather shoes ,40056.57333111015,0
SESS-889301,Mobile, leather shoes ,29.781313459209645,0
SESS-702036,Mobile,  shoes leather  ,29.781313459209645,0
SESS-837509,Desktop,IPHONE 14,29.781313459209645,0
SESS-386413,Mobile,IPHONE 14,29.781313459209645,0
SESS-168316,Mobile,IPHONE 14,29.781313459209645,0
SESS-781535,Desktop,IPHONE 14,29.781313459209645,1
SESS-764081,Mobile,summer dress,29.781313459209645,0
SESS-402249,Mobile,summer dress,29.781313459209645,0
SESS-286031,Desktop,IPHONE 14,29.781313459209645,0
SESS-986381,Mobile,N/A,29.781313459209645,0
SESS-472118,Desktop,summer dress,29.781313459209645,1
SESS-921245,Mobile, leather shoes ,29.781313459209645,0
SESS-529220,BOT_UNKNOWN,IPHONE 14,29.781313459209645,1
SESS-168933,Mobile,IPHONE 14,29.781313459209645,0
SESS-814894,Mobile, leather shoes ,29.781313459209645,1
SESS-770582,Mobile,IPHONE 14,29.781313459209645,0
SESS-102579,Desktop,,29.781313459209645,1
SESS-962488,Mobile,  shoes leather  ,29.781313459209645,1
SESS-358582,BOT_UNKNOWN, leather shoes ,29.781313459209645,0
SESS-277800,Mobile,IPHONE 14,29.781313459209645,0
SESS-410007,Mobile,summer dress,29.781313459209645,0
SESS-898943,Mobile, leather shoes ,29.781313459209645,0
SESS-299331,Desktop,IPHONE 14,29.781313459209645,0
SESS-447785,Mobile,summer dress,29.781313459209645,0
SESS-296249,Mobile,summer dress,29.781313459209645,0
SESS-890729,Desktop,summer dress,29.781313459209645,0
SESS-873165,Desktop,,29.781313459209645,0
SESS-579306,Mobile,IPHONE 14,29.781313459209645,0
SESS-615533,Mobile, leather shoes ,29.781313459209645,1
SESS-675252,Mobile,  shoes leather  ,29.781313459209645,0
SESS-946027,Tablet,IPHONE 14,40056.57333111015,0
SESS-424604,Desktop,summer dress,29.781313459209645,0
SESS-451909,Mobile,N/A,40056.57333111015,1
SESS-583608,Desktop,IPHONE 14,29.781313459209645,0
SESS-356142,BOT_UNKNOWN,,29.781313459209645,0
SESS-441092,Mobile,summer dress,29.781313459209645,1
SESS-605370,Mobile,IPHONE 14,29.781313459209645,0
SESS-582037,Mobile,,29.781313459209645,0
SESS-509735,Mobile,IPHONE 14,29.781313459209645,0
SESS-627283,Mobile,N/A,29.781313459209645,0
SESS-184724,Mobile,summer dress,29.781313459209645,0
SESS-186407,Mobile,summer dress,29.781313459209645,0
SESS-597765,Desktop,IPHONE 14,29.781313459209645,0
SESS-400232,BOT_UNKNOWN,IPHONE 14,29.781313459209645,0
SESS-773862,Desktop,summer dress,29.781313459209645,0
SESS-819065,Mobile,N/A,29.781313459209645,0
SESS-392260,Mobile,summer dress,29.781313459209645,0
SESS-898287,Mobile, leather shoes ,29.781313459209645,0
SESS-429639,Mobile,N/A,29.781313459209645,0
SESS-246948,Mobile,,29.781313459209645,0
SESS-574401,Mobile, leather shoes ,29.781313459209645,0
SESS-967358,Mobile,,29.781313459209645,0
SESS-605005,Desktop,summer dress,29.781313459209645,0
SESS-776491,Mobile, leather shoes ,29.781313459209645,0
SESS-137794,Tablet,  shoes leather  ,29.781313459209645,1
SESS-118007,Mobile,summer dress,29.781313459209645,0
SESS-867207,Mobile,summer dress,29.781313459209645,0
SESS-909025,Mobile, leather shoes ,29.781313459209645,0
SESS-752924,Mobile, leather shoes ,29.781313459209645,0
SESS-572768,Mobile,IPHONE 14,29.781313459209645,0
SESS-499913,Desktop,IPHONE 14,29.781313459209645,0
SESS-375252,Mobile, leather shoes ,29.781313459209645,0
SESS-662622,Mobile, leather shoes ,29.781313459209645,0
SESS-456246,Desktop, leather shoes ,29.781313459209645,0
SESS-248013,Mobile,N/A,29.781313459209645,0
SESS-944699,Desktop,IPHONE 14,40056.57333111015,1
SESS-153906,Mobile, leather shoes ,29.781313459209645,1
SESS-950342,Desktop,  shoes leather  ,29.781313459209645,1
SESS-457034,Mobile,IPHONE 14,29.781313459209645,0
SESS-726000,Tablet,IPHONE 14,29.781313459209645,0
SESS-281679,Desktop,summer dress,29.781313459209645,0
SESS-704357,Mobile,IPHONE 14,29.781313459209645,0
SESS-327482,Mobile,summer dress,29.781313459209645,0
SESS-531135,Desktop,N/A,29.781313459209645,0
SESS-925859,Mobile, leather shoes ,29.781313459209645,0
SESS-759358,Desktop,IPHONE 14,29.781313459209645,1
SESS-846338,Desktop,  shoes leather  ,29.781313459209645,0
SESS-142332,Desktop, leather shoes ,29.781313459209645,0
SESS-338595,Desktop, leather shoes ,29.781313459209645,1
SESS-692715,Desktop,N/A,29.781313459209645,0
SESS-789341,Mobile,  shoes leather  ,29.781313459209645,0
SESS-933575,Mobile, leather shoes ,29.781313459209645,1
SESS-795068,Mobile,N/A,29.781313459209645,0
SESS-325397,Mobile,summer dress,29.781313459209645,0
SESS-715554,Mobile, leather shoes ,29.781313459209645,0
SESS-497223,Mobile, leather shoes ,29.781313459209645,0
SESS-576549,Mobile,summer dress,29.781313459209645,0
SESS-298499,Desktop,IPHONE 14,29.781313459209645,0
SESS-512253,BOT_UNKNOWN,  shoes leather  ,29.781313459209645,0
SESS-727066,Mobile, leather shoes ,29.781313459209645,0
SESS-653953,Mobile,IPHONE 14,29.781313459209645,0
SESS-528173,Mobile, leather shoes ,29.781313459209645,0
SESS-764382,Mobile,IPHONE 14,29.781313459209645,0
SESS-821412,Desktop, leather shoes ,29.781313459209645,0
SESS-569216,BOT_UNKNOWN,N/A,29.781313459209645,0
SESS-352013,Mobile,summer dress,29.781313459209645,0
SESS-658829,Mobile,IPHONE 14,29.781313459209645,0
SESS-862751,Mobile,N/A,29.781313459209645,0
SESS-112838,Mobile, leather shoes ,29.781313459209645,1
SESS-703712,Tablet, leather shoes ,29.781313459209645,0
SESS-272356,BOT_UNKNOWN,  shoes leather  ,29.781313459209645,1
SESS-163722,Desktop, leather shoes ,29.781313459209645,0
SESS-320039,Mobile,,29.781313459209645,0
SESS-978393,Desktop, leather shoes ,29.781313459209645,0
SESS-899541,BOT_UNKNOWN,,29.781313459209645,0
SESS-192802,Tablet, leather shoes ,29.781313459209645,1
SESS-176671,Desktop, leather shoes ,29.781313459209645,1
SESS-125172,Mobile,,29.781313459209645,0
SESS-471763,Desktop, leather shoes ,29.781313459209645,0
SESS-252308,Desktop,summer dress,29.781313459209645,0
SESS-262701,Mobile, leather shoes ,29.781313459209645,1
SESS-490703,Tablet,summer dress,29.781313459209645,0
SESS-470988,Mobile,IPHONE 14,40056.57333111015,0
SESS-111442,Mobile,,29.781313459209645,0
SESS-942136,Mobile, leather shoes ,29.781313459209645,0
SESS-860247,Mobile,IPHONE 14,29.781313459209645,1
SESS-894596,Mobile,N/A,29.781313459209645,0
SESS-979519,Desktop, leather shoes ,29.781313459209645,1
SESS-147914,Mobile,,29.781313459209645,0
SESS-714090,Mobile, leather shoes ,40056.57333111015,0
SESS-765170,Mobile, leather shoes ,29.781313459209645,1
SESS-181854,Desktop,summer dress,29.781313459209645,0
SESS-799734,Mobile, leather shoes ,29.781313459209645,0
SESS-454793,Desktop,  shoes leather  ,29.781313459209645,1
SESS-400245,Mobile,N/A,29.781313459209645,1
SESS-396218,Tablet,  shoes leather  ,29.781313459209645,1
SESS-427575,Tablet,IPHONE 14,29.781313459209645,0
SESS-582188,Mobile,,29.781313459209645,0
SESS-902096,Mobile, leather shoes ,29.781313459209645,0
SESS-421540,Tablet,summer dress,29.781313459209645,0
SESS-851376,Mobile,N/A,29.781313459209645,1
SESS-507548,Mobile,  shoes leather  ,29.781313459209645,0
SESS-758093,Tablet,summer dress,29.781313459209645,1
SESS-450805,Mobile,  shoes leather  ,29.781313459209645,0
SESS-902307,Mobile,IPHONE 14,40056.57333111015,0
SESS-445448,Mobile,summer dress,29.781313459209645,0
SESS-382890,Mobile,,29.781313459209645,1
SESS-800870,Mobile, leather shoes ,29.781313459209645,0
SESS-674075,Mobile,  shoes leather  ,29.781313459209645,0
SESS-126955,Mobile,N/A,29.781313459209645,0
SESS-449551,Mobile,IPHONE 14,29.781313459209645,0
SESS-874520,Desktop,  shoes leather  ,29.781313459209645,0
SESS-776033,Mobile, leather shoes ,29.781313459209645,0
SESS-731358,Mobile, leather shoes ,29.781313459209645,1
SESS-346438,Desktop,  shoes leather  ,29.781313459209645,1
SESS-478716,Mobile, leather shoes ,29.781313459209645,1
SESS-260496,Mobile, leather shoes ,29.781313459209645,0
SESS-990724,Desktop,summer dress,29.781313459209645,0
SESS-656509,Desktop,  shoes leather  ,29.781313459209645,1
SESS-396194,Desktop,IPHONE 14,29.781313459209645,0
SESS-426611,Mobile,IPHONE 14,29.781313459209645,0
SESS-453696,Desktop,summer dress,29.781313459209645,0
SESS-484346,Mobile, leather shoes ,29.781313459209645,0
SESS-697026,Mobile, leather shoes ,29.781313459209645,0
SESS-509820,Mobile,summer dress,29.781313459209645,0
SESS-947221,Desktop,,29.781313459209645,1
SESS-604320,Desktop,N/A,29.781313459209645,0
SESS-481131,Mobile,IPHONE 14,29.781313459209645,0
SESS-248065,Desktop, leather shoes ,29.781313459209645,0
SESS-139393,Desktop,N/A,29.781313459209645,0
SESS-113946,Mobile, leather shoes ,29.781313459209645,0
SESS-743924,Mobile, leather shoes ,29.781313459209645,0
SESS-403310,Desktop,IPHONE 14,29.781313459209645,0
SESS-950469,BOT_UNKNOWN,N/A,29.781313459209645,0
SESS-664998,Mobile,IPHONE 14,29.781313459209645,0
SESS-823172,Desktop,  shoes leather  ,29.781313459209645,0
SESS-770774,Desktop,IPHONE 14,29.781313459209645,0
SESS-552837,Desktop,IPHONE 14,29.781313459209645,0
SESS-407476,Mobile,IPHONE 14,29.781313459209645,0
SESS-331793,Mobile,,29.781313459209645,0
SESS-693528,Mobile,summer dress,29.781313459209645,0
SESS-532261,Desktop,summer dress,29.781313459209645,1
SESS-673979,Desktop, leather shoes ,29.781313459209645,1
SESS-358443,Mobile, leather shoes ,29.781313459209645,0
SESS-926332,Mobile, leather shoes ,29.781313459209645,1
SESS-878952,Mobile, leather shoes ,29.781313459209645,0
SESS-861552,Desktop,  shoes leather  ,29.781313459209645,0
SESS-825205,BOT_UNKNOWN,,29.781313459209645,0
SESS-382668,Tablet,,29.781313459209645,0
SESS-274568,Mobile,,29.781313459209645,0
SESS-252023,Desktop, leather shoes ,29.781313459209645,0
SESS-755956,Mobile,IPHONE 14,29.781313459209645,0
SESS-956353,Mobile,,29.781313459209645,0
SESS-512219,Mobile,  shoes leather  ,40056.57333111015,1
SESS-326054,Mobile,IPHONE 14,29.781313459209645,0
SESS-687755,Desktop,  shoes leather  ,29.781313459209645,1
SESS-190033,Desktop,,29.781313459209645,0
SESS-837763,Tablet,IPHONE 14,29.781313459209645,0
SESS-446506,Mobile, leather shoes ,29.781313459209645,0
SESS-114303,Mobile,  shoes leather  ,29.781313459209645,0
SESS-792765,Desktop,summer dress,29.781313459209645,0
SESS-869360,Mobile,,29.781313459209645,0
SESS-433758,Mobile,summer dress,29.781313459209645,0
SESS-232193,Desktop,IPHONE 14,29.781313459209645,0
SESS-903517,Mobile,,29.781313459209645,0
SESS-820574,Mobile, leather shoes ,29.781313459209645,0
SESS-576533,Desktop,summer dress,40056.57333111015,0
SESS-755610,Mobile, leather shoes ,29.781313459209645,0
SESS-937383,Mobile,N/A,29.781313459209645,0
SESS-743592,Mobile,N/A,29.781313459209645,0
SESS-872174,Mobile,summer dress,29.781313459209645,1
SESS-742467,Tablet, leather shoes ,29.781313459209645,1
SESS-743785,Tablet,summer dress,29.781313459209645,0
SESS-486746,Mobile,IPHONE 14,29.781313459209645,0
SESS-469701,Desktop, leather shoes ,29.781313459209645,0
SESS-677289,Tablet, leather shoes ,29.781313459209645,0
SESS-653180,Desktop,IPHONE 14,29.781313459209645,0
SESS-337047,Desktop, leather shoes ,29.781313459209645,0
SESS-239179,BOT_UNKNOWN,N/A,29.781313459209645,0
SESS-236306,Desktop, leather shoes ,29.781313459209645,0
SESS-762540,Desktop,summer dress,29.781313459209645,1
SESS-886738,Mobile,  shoes leather  ,29.781313459209645,0
SESS-598854,BOT_UNKNOWN,N/A,29.781313459209645,0
SESS-163243,Desktop,IPHONE 14,29.781313459209645,0
SESS-637777,Mobile, leather shoes ,29.781313459209645,0
SESS-922888,Mobile,N/A,29.781313459209645,0
SESS-436354,Mobile,N/A,29.781313459209645,0
SESS-572513,Desktop,  shoes leather  ,29.781313459209645,0
SESS-532500,Desktop, leather shoes ,29.781313459209645,0
SESS-717910,Mobile,IPHONE 14,29.781313459209645,0
SESS-197915,BOT_UNKNOWN,,29.781313459209645,0
SESS-325051,BOT_UNKNOWN,IPHONE 14,29.781313459209645,0
SESS-534493,Mobile,IPHONE 14,29.781313459209645,0
SESS-735169,Desktop, leather shoes ,29.781313459209645,0
SESS-755327,Desktop,  shoes leather  ,29.781313459209645,0
SESS-231184,Mobile,N/A,29.781313459209645,0
SESS-385175,Mobile, leather shoes ,29.781313459209645,0
SESS-714812,Desktop,N/A,29.781313459209645,1
SESS-167766,Mobile,summer dress,29.781313459209645,0
SESS-500005,Mobile,IPHONE 14,29.781313459209645,0
SESS-289326,Tablet, leather shoes ,29.781313459209645,0
SESS-694164,Desktop, leather shoes ,29.781313459209645,0
SESS-440993,Mobile,summer dress,29.781313459209645,0
SESS-610184,Desktop,IPHONE 14,29.781313459209645,0
SESS-149617,Mobile, leather shoes ,29.781313459209645,0
SESS-520136,Tablet,summer dress,29.781313459209645,0
SESS-142570,Mobile, leather shoes ,29.781313459209645,0
SESS-177277,Mobile, leather shoes ,29.781313459209645,0
SESS-274352,Mobile,IPHONE 14,29.781313459209645,1
SESS-183008,Mobile,summer dress,29.781313459209645,0
SESS-731372,Mobile,summer dress,29.781313459209645,0
SESS-851850,Mobile, leather shoes ,29.781313459209645,0
SESS-809395,BOT_UNKNOWN, leather shoes ,29.781313459209645,0
SESS-670356,Mobile, leather shoes ,29.781313459209645,0
SESS-242310,Mobile,,29.781313459209645,0
SESS-290774,Tablet, leather shoes ,29.781313459209645,0
SESS-556182,Mobile,,29.781313459209645,0
SESS-271312,Mobile,IPHONE 14,29.781313459209645,0
SESS-289761,Tablet, leather shoes ,29.781313459209645,1
SESS-569182,Desktop,N/A,29.781313459209645,0
SESS-890788,Desktop,summer dress,29.781313459209645,0
SESS-525063,Desktop, leather shoes ,29.781313459209645,0
SESS-683886,Mobile, leather shoes ,29.781313459209645,0
SESS-423209,Mobile, leather shoes ,29.781313459209645,0
SESS-912935,Mobile, leather shoes ,29.781313459209645,0
SESS-291251,Mobile, leather shoes ,29.781313459209645,0
SESS-995827,Tablet, leather shoes ,29.781313459209645,0
SESS-309211,Mobile,  shoes leather  ,29.781313459209645,0
SESS-781096,Desktop,,29.781313459209645,1
SESS-404079,Mobile, leather shoes ,29.781313459209645,0
SESS-290952,Mobile,N/A,29.781313459209645,0
SESS-769883,Mobile,  shoes leather  ,29.781313459209645,1
SESS-671747,Mobile, leather shoes ,29.781313459209645,0
SESS-640992,Mobile,N/A,29.781313459209645,0
SESS-855183,Mobile,IPHONE 14,29.781313459209645,1
SESS-638703,Desktop,summer dress,29.781313459209645,0
SESS-315359,Mobile,IPHONE 14,29.781313459209645,0
SESS-960341,Mobile, leather shoes ,29.781313459209645,0
SESS-234542,Desktop,,29.781313459209645,0
SESS-852298,Desktop,IPHONE 14,29.781313459209645,0
SESS-343196,Desktop, leather shoes ,29.781313459209645,0
SESS-274341,Desktop, leather shoes ,29.781313459209645,0
SESS-519890,Tablet,IPHONE 14,29.781313459209645,0
SESS-253089,Desktop, leather shoes ,29.781313459209645,0
SESS-288818,Mobile,  shoes leather  ,29.781313459209645,0
SESS-370676,Mobile, leather shoes ,29.781313459209645,1
SESS-225342,Mobile,,29.781313459209645,0
SESS-970860,Mobile,summer dress,29.781313459209645,1
SESS-420828,Mobile,,29.781313459209645,0
SESS-102444,Mobile,N/A,29.781313459209645,1
SESS-331165,Desktop, leather shoes ,29.781313459209645,0
SESS-217160,Desktop,,29.781313459209645,0
SESS-779189,Desktop,summer dress,29.781313459209645,0
SESS-580733,Mobile,summer dress,29.781313459209645,0
SESS-589463,Mobile, leather shoes ,29.781313459209645,0
SESS-566045,Desktop,summer dress,29.781313459209645,0
SESS-860430,Desktop, leather shoes ,29.781313459209645,1
SESS-714811,Desktop, leather shoes ,29.781313459209645,0
SESS-649448,Mobile,  shoes leather  ,29.781313459209645,1
SESS-962603,Mobile,IPHONE 14,29.781313459209645,0
SESS-340823,Mobile,summer dress,29.781313459209645,1
SESS-513520,Mobile,N/A,29.781313459209645,0
SESS-368648,Tablet, leather shoes ,40056.57333111015,0
SESS-535929,Tablet,summer dress,29.781313459209645,0
SESS-884974,Desktop,IPHONE 14,29.781313459209645,0
SESS-882121,Tablet,summer dress,29.781313459209645,0
SESS-967279,Desktop,summer dress,40056.57333111015,0
SESS-137486,Mobile, leather shoes ,29.781313459209645,0
SESS-853247,Mobile, leather shoes ,29.781313459209645,0
SESS-874932,Desktop,N/A,29.781313459209645,1
SESS-995327,Desktop,N/A,29.781313459209645,0
SESS-799873,Mobile, leather shoes ,29.781313459209645,0
SESS-448658,Desktop,IPHONE 14,29.781313459209645,0
SESS-727293,Desktop, leather shoes ,29.781313459209645,0
SESS-834415,Mobile,summer dress,29.781313459209645,0
SESS-901258,Mobile,N/A,40056.57333111015,0
SESS-758525,Desktop, leather shoes ,29.781313459209645,0
SESS-538795,Desktop,summer dress,29.781313459209645,0
SESS-762859,Desktop, leather shoes ,29.781313459209645,0
SESS-224443,Mobile,  shoes leather  ,29.781313459209645,0
SESS-541278,Desktop,N/A,29.781313459209645,0
SESS-790978,Desktop,summer dress,29.781313459209645,0
SESS-582792,Tablet,summer dress,29.781313459209645,0
SESS-640057,BOT_UNKNOWN, leather shoes ,29.781313459209645,0
SESS-833547,Desktop,  shoes leather  ,29.781313459209645,1
SESS-873639,Mobile,N/A,29.781313459209645,0
SESS-850535,Mobile,  shoes leather  ,29.781313459209645,0
SESS-680575,Mobile,N/A,40056.57333111015,0
SESS-666099,Mobile, leather shoes ,29.781313459209645,0
SESS-676803,Desktop,N/A,29.781313459209645,0
SESS-521017,Desktop, leather shoes ,29.781313459209645,0
SESS-969695,Tablet,IPHONE 14,29.781313459209645,0
SESS-980828,Mobile,  shoes leather  ,29.781313459209645,0
SESS-501998,Tablet, leather shoes ,29.781313459209645,0
SESS-530470,Mobile, leather shoes ,29.781313459209645,0
SESS-420168,Mobile,  shoes leather  ,29.781313459209645,0
SESS-198527,Mobile,IPHONE 14,29.781313459209645,0
SESS-624146,Tablet,N/A,29.781313459209645,1
SESS-847371,Tablet,IPHONE 14,29.781313459209645,0
SESS-391801,Mobile,summer dress,29.781313459209645,0
SESS-417442,Mobile,IPHONE 14,29.781313459209645,0
SESS-292228,Desktop,N/A,40056.57333111015,0
SESS-468239,Desktop,summer dress,29.781313459209645,0
SESS-834117,BOT_UNKNOWN,,29.781313459209645,0
SESS-316735,Mobile, leather shoes ,29.781313459209645,1
SESS-123995,Mobile, leather shoes ,29.781313459209645,0
SESS-750497,Mobile,N/A,29.781313459209645,0
SESS-951294,Mobile,IPHONE 14,40056.57333111015,1
SESS-819793,Desktop,IPHONE 14,29.781313459209645,0
SESS-109573,Mobile,  shoes leather  ,29.781313459209645,0
SESS-622316,Tablet,,29.781313459209645,0
SESS-588879,Desktop, leather shoes ,29.781313459209645,1
SESS-587072,Mobile,summer dress,29.781313459209645,0
SESS-894336,Desktop, leather shoes ,29.781313459209645,0
SESS-858516,Mobile, leather shoes ,29.781313459209645,0
SESS-863307,Mobile, leather shoes ,29.781313459209645,0
SESS-223017,Desktop,N/A,29.781313459209645,0
SESS-439793,Mobile,IPHONE 14,29.781313459209645,1
SESS-332304,Desktop, leather shoes ,29.781313459209645,0
SESS-174078,Mobile,IPHONE 14,29.781313459209645,0
SESS-966040,Mobile,  shoes leather  ,29.781313459209645,1
SESS-904966,Desktop, leather shoes ,29.781313459209645,0
SESS-576610,Mobile,N/A,29.781313459209645,0
SESS-932430,Desktop, leather shoes ,29.781313459209645,0
SESS-455637,Desktop,summer dress,29.781313459209645,0
SESS-531668,Mobile, leather shoes ,29.781313459209645,0
SESS-292498,Mobile,summer dress,29.781313459209645,1
SESS-192440,Mobile, leather shoes ,29.781313459209645,1
SESS-513836,BOT_UNKNOWN,N/A,29.781313459209645,0
SESS-936157,Mobile,,29.781313459209645,0
SESS-512337,Mobile, leather shoes ,29.781313459209645,0
SESS-614802,Mobile,,29.781313459209645,0
SESS-945110,Mobile,IPHONE 14,29.781313459209645,0
SESS-168518,Desktop,  shoes leather  ,29.781313459209645,0
SESS-826496,BOT_UNKNOWN, leather shoes ,29.781313459209645,0
SESS-396483,Mobile,N/A,40056.57333111015,0
SESS-569998,Mobile,N/A,29.781313459209645,0
SESS-811984,Desktop, leather shoes ,29.781313459209645,0
SESS-236382,BOT_UNKNOWN,summer dress,29.781313459209645,0
SESS-375985,BOT_UNKNOWN,  shoes leather  ,29.781313459209645,0
SESS-225221,Desktop, leather shoes ,29.781313459209645,0
SESS-316954,Mobile,IPHONE 14,29.781313459209645,0
SESS-561185,Mobile,summer dress,29.781313459209645,0
SESS-257471,Desktop,IPHONE 14,29.781313459209645,0
SESS-783126,BOT_UNKNOWN,,29.781313459209645,0
SESS-484743,Mobile,IPHONE 14,29.781313459209645,0
SESS-306574,Mobile,summer dress,29.781313459209645,0
SESS-173168,Mobile,IPHONE 14,29.781313459209645,0
SESS-960037,Mobile,IPHONE 14,29.781313459209645,0
SESS-640232,Desktop,summer dress,29.781313459209645,0
SESS-941170,Desktop,  shoes leather  ,40056.57333111015,0
SESS-607579,Desktop,IPHONE 14,29.781313459209645,1
SESS-960712,Mobile,summer dress,29.781313459209645,1
SESS-308089,Mobile,,40056.57333111015,0
SESS-655566,Desktop,summer dress,29.781313459209645,1
SESS-459963,Mobile,N/A,29.781313459209645,1
SESS-282332,Tablet, leather shoes ,29.781313459209645,0
SESS-777595,Mobile,  shoes leather  ,29.781313459209645,0
SESS-836954,Desktop,IPHONE 14,29.781313459209645,0
SESS-844219,Mobile,summer dress,29.781313459209645,0
SESS-502002,Desktop,  shoes leather  ,40056.57333111015,0
SESS-898151,Mobile, leather shoes ,29.781313459209645,0
SESS-933312,Mobile,IPHONE 14,40056.57333111015,0
SESS-353118,Mobile,  shoes leather  ,29.781313459209645,0
SESS-769420,Desktop,summer dress,29.781313459209645,1
SESS-163070,Mobile,IPHONE 14,29.781313459209645,0
SESS-778218,Desktop,,29.781313459209645,0
SESS-141815,Mobile,IPHONE 14,29.781313459209645,0
SESS-659685,Mobile,IPHONE 14,29.781313459209645,0
SESS-268985,Desktop, leather shoes ,29.781313459209645,0
SESS-729016,Desktop, leather shoes ,40056.57333111015,1
SESS-885276,Mobile,IPHONE 14,29.781313459209645,0
SESS-641548,Tablet,summer dress,29.781313459209645,0
SESS-558249,Mobile,IPHONE 14,29.781313459209645,1
SESS-548069,BOT_UNKNOWN,summer dress,29.781313459209645,0
SESS-638932,Mobile, leather shoes ,29.781313459209645,0
SESS-190444,Desktop, leather shoes ,29.781313459209645,0
SESS-526838,Tablet,  shoes leather  ,29.781313459209645,0
SESS-881592,Mobile, leather shoes ,29.781313459209645,0
SESS-763786,Tablet,  shoes leather  ,29.781313459209645,0
SESS-926847,Mobile, leather shoes ,29.781313459209645,0
SESS-605827,Mobile,IPHONE 14,29.781313459209645,0
SESS-199077,Desktop,IPHONE 14,29.781313459209645,1
SESS-999674,Tablet,IPHONE 14,40056.57333111015,0
SESS-864769,Mobile,N/A,29.781313459209645,0
SESS-501160,Mobile, leather shoes ,29.781313459209645,0
SESS-266758,Desktop,summer dress,29.781313459209645,0
SESS-193006,Mobile, leather shoes ,29.781313459209645,0
SESS-374716,Desktop, leather shoes ,29.781313459209645,0
SESS-534372,Mobile,IPHONE 14,29.781313459209645,0
SESS-557708,Desktop, leather shoes ,29.781313459209645,0
SESS-533783,BOT_UNKNOWN, leather shoes ,29.781313459209645,0
SESS-739080,Mobile,IPHONE 14,29.781313459209645,0
SESS-773049,Desktop, leather shoes ,29.781313459209645,0
SESS-986072,Mobile, leather shoes ,29.781313459209645,0
SESS-742843,Mobile,IPHONE 14,29.781313459209645,0
SESS-268765,Mobile, leather shoes ,29.781313459209645,0
SESS-213497,Mobile,IPHONE 14,29.781313459209645,0
SESS-835116,Mobile,  shoes leather  ,29.781313459209645,0
SESS-743918,Desktop,N/A,29.781313459209645,0
SESS-492126,Mobile, leather shoes ,29.781313459209645,0
SESS-833514,Mobile,summer dress,29.781313459209645,0
SESS-763201,Mobile,IPHONE 14,29.781313459209645,0
SESS-371904,Desktop,IPHONE 14,29.781313459209645,0
SESS-345084,Mobile,summer dress,29.781313459209645,0
SESS-399955,Mobile, leather shoes ,29.781313459209645,0
SESS-735621,Desktop,IPHONE 14,29.781313459209645,0
SESS-540396,Desktop, leather shoes ,29.781313459209645,0
SESS-586376,Mobile, leather shoes ,29.781313459209645,0
SESS-361984,Desktop,IPHONE 14,29.781313459209645,0
SESS-189017,Desktop, leather shoes ,29.781313459209645,0
SESS-725405,Mobile,IPHONE 14,29.781313459209645,0
SESS-256844,Desktop,N/A,29.781313459209645,1
SESS-401759,Mobile,IPHONE 14,29.781313459209645,0
SESS-291000,Mobile,,29.781313459209645,0
SESS-253185,Mobile,summer dress,29.781313459209645,0
SESS-324359,Mobile,IPHONE 14,29.781313459209645,0
SESS-390136,Desktop,IPHONE 14,29.781313459209645,1
SESS-375674,Mobile,,29.781313459209645,1
SESS-478481,Mobile,  shoes leather  ,29.781313459209645,0
SESS-761351,Mobile,summer dress,29.781313459209645,0
SESS-322780,Mobile,summer dress,29.781313459209645,0
SESS-184515,Desktop,summer dress,29.781313459209645,0
SESS-620372,Mobile,N/A,29.781313459209645,0
SESS-473866,Mobile,,29.781313459209645,0
SESS-526884,Mobile,IPHONE 14,29.781313459209645,0
SESS-198629,Tablet,N/A,29.781313459209645,0
SESS-174954,Mobile,N/A,29.781313459209645,0
SESS-873828,Mobile, leather shoes ,29.781313459209645,0
SESS-237545,Mobile, leather shoes ,29.781313459209645,1
SESS-219804,BOT_UNKNOWN,IPHONE 14,29.781313459209645,0
SESS-803982,Mobile,summer dress,29.781313459209645,0
SESS-334156,Desktop,,29.781313459209645,0
SESS-651976,Mobile,IPHONE 14,29.781313459209645,0
SESS-582163,Mobile,  shoes leather  ,29.781313459209645,0
SESS-775979,BOT_UNKNOWN, leather shoes ,29.781313459209645,0
SESS-744234,Tablet,IPHONE 14,29.781313459209645,0
SESS-337723,Mobile, leather shoes ,29.781313459209645,0
SESS-608866,Desktop,IPHONE 14,29.781313459209645,0
SESS-842590,Mobile,  shoes leather  ,40056.57333111015,0
SESS-336093,Tablet,,40056.57333111015,0
SESS-862595,Mobile,IPHONE 14,29.781313459209645,0
SESS-598867,Desktop, leather shoes ,29.781313459209645,0
SESS-529737,Mobile,  shoes leather  ,29.781313459209645,1
SESS-459639,Mobile,IPHONE 14,29.781313459209645,0
SESS-490320,Desktop, leather shoes ,29.781313459209645,0
SESS-570191,Desktop,,29.781313459209645,0
SESS-787437,Desktop,summer dress,29.781313459209645,0
SESS-510665,Mobile,IPHONE 14,29.781313459209645,1
SESS-251381,Mobile,IPHONE 14,29.781313459209645,1
SESS-227686,Desktop,N/A,29.781313459209645,0
SESS-958198,Mobile,N/A,29.781313459209645,0
SESS-355231,Desktop,summer dress,29.781313459209645,0
SESS-520744,BOT_UNKNOWN, leather shoes ,40056.57333111015,1
SESS-659638,Mobile,,29.781313459209645,0
SESS-458656,Mobile,summer dress,29.781313459209645,0
SESS-780119,Mobile,IPHONE 14,29.781313459209645,0
SESS-947956,Desktop,IPHONE 14,29.781313459209645,0
SESS-918213,BOT_UNKNOWN,,29.781313459209645,0
SESS-350585,Mobile, leather shoes ,29.781313459209645,0
SESS-162972,Desktop,IPHONE 14,29.781313459209645,0
SESS-914375,Tablet,IPHONE 14,29.781313459209645,0
SESS-947497,Desktop,IPHONE 14,29.781313459209645,0
SESS-519838,Mobile,IPHONE 14,29.781313459209645,0
SESS-203755,Desktop, leather shoes ,29.781313459209645,0
SESS-369517,Mobile, leather shoes ,29.781313459209645,0
SESS-252049,Mobile, leather shoes ,29.781313459209645,1
SESS-574984,BOT_UNKNOWN,N/A,29.781313459209645,0
SESS-406413,Mobile,N/A,29.781313459209645,0
SESS-126805,Mobile, leather shoes ,40056.57333111015,0
SESS-789229,Mobile, leather shoes ,29.781313459209645,0
SESS-706146,Mobile,IPHONE 14,29.781313459209645,0
SESS-684264,Desktop,N/A,29.781313459209645,0
SESS-730726,Desktop,N/A,29.781313459209645,0
SESS-683880,Mobile, leather shoes ,29.781313459209645,0
SESS-980735,Desktop,,29.781313459209645,1
SESS-480771,Mobile,IPHONE 14,29.781313459209645,0
SESS-232541,Mobile,  shoes leather  ,29.781313459209645,1
SESS-234739,Mobile, leather shoes ,29.781313459209645,0
SESS-763256,Mobile,summer dress,29.781313459209645,1
SESS-286808,Mobile,summer dress,29.781313459209645,0
SESS-250497,Desktop,summer dress,29.781313459209645,0
SESS-381405,Desktop,N/A,29.781313459209645,0
SESS-476500,Mobile,IPHONE 14,29.781313459209645,0
SESS-206542,Mobile,,29.781313459209645,0
SESS-240998,Mobile, leather shoes ,29.781313459209645,0
SESS-727084,Mobile, leather shoes ,29.781313459209645,0
SESS-356083,BOT_UNKNOWN, leather shoes ,29.781313459209645,0
SESS-622808,Mobile,  shoes leather  ,40056.57333111015,0
SESS-677207,Mobile, leather shoes ,29.781313459209645,0
SESS-997019,Mobile, leather shoes ,29.781313459209645,0
SESS-782625,Mobile,,29.781313459209645,0
SESS-499197,Desktop, leather shoes ,29.781313459209645,0
SESS-895932,Mobile,summer dress,29.781313459209645,0
SESS-940865,Mobile,summer dress,29.781313459209645,0
SESS-888887,Desktop,IPHONE 14,40056.57333111015,0
SESS-994337,Desktop,IPHONE 14,29.781313459209645,0
SESS-701111,Desktop,,29.781313459209645,1
SESS-488339,BOT_UNKNOWN, leather shoes ,29.781313459209645,0
SESS-299137,Mobile,summer dress,29.781313459209645,0
SESS-577325,Mobile,IPHONE 14,40056.57333111015,0
SESS-310279,Tablet, leather shoes ,29.781313459209645,0
SESS-717545,Mobile,IPHONE 14,29.781313459209645,0
SESS-513497,Desktop,,40056.57333111015,0
SESS-584371,Desktop,summer dress,29.781313459209645,0
SESS-949153,Tablet, leather shoes ,29.781313459209645,0
SESS-629504,Desktop,  shoes leather  ,29.781313459209645,0
SESS-365650,Desktop,summer dress,29.781313459209645,0
SESS-160616,Mobile,summer dress,29.781313459209645,0
SESS-964123,Tablet, leather shoes ,29.781313459209645,0
SESS-884249,Desktop,  shoes leather  ,29.781313459209645,1
SESS-580969,Mobile,summer dress,29.781313459209645,0
SESS-751314,Tablet,N/A,29.781313459209645,0
SESS-937346,Tablet,summer dress,29.781313459209645,0
SESS-825010,Desktop,N/A,29.781313459209645,1
SESS-452698,Mobile, leather shoes ,29.781313459209645,0
SESS-300810,Mobile,IPHONE 14,29.781313459209645,0
SESS-847017,Tablet, leather shoes ,29.781313459209645,0
SESS-613810,Desktop,  shoes leather  ,29.781313459209645,0
SESS-795844,Desktop, leather shoes ,29.781313459209645,1
SESS-549707,Mobile,IPHONE 14,29.781313459209645,0
SESS-401977,Desktop,  shoes leather  ,29.781313459209645,0
SESS-252360,Mobile,IPHONE 14,29.781313459209645,1
SESS-569132,Tablet,  shoes leather  ,29.781313459209645,0
SESS-164057,Mobile,summer dress,29.781313459209645,0
SESS-798270,BOT_UNKNOWN,IPHONE 14,29.781313459209645,0
SESS-141738,Desktop,N/A,29.781313459209645,0
SESS-595519,Mobile, leather shoes ,29.781313459209645,0
SESS-617240,Tablet,summer dress,29.781313459209645,0
SESS-890198,Desktop,summer dress,29.781313459209645,0
SESS-201033,Mobile, leather shoes ,29.781313459209645,0
SESS-452774,Desktop,N/A,29.781313459209645,0
SESS-743842,Mobile, leather shoes ,29.781313459209645,0
SESS-901371,Mobile, leather shoes ,29.781313459209645,0
SESS-610236,Mobile, leather shoes ,29.781313459209645,0
SESS-379542,Desktop,IPHONE 14,29.781313459209645,0
SESS-105009,Mobile,IPHONE 14,29.781313459209645,0
SESS-866975,Mobile, leather shoes ,29.781313459209645,0
SESS-472682,Mobile,summer dress,29.781313459209645,0
SESS-630400,Desktop,  shoes leather  ,29.781313459209645,0
SESS-933251,Desktop, leather shoes ,29.781313459209645,0
SESS-613882,Mobile,  shoes leather  ,29.781313459209645,0
SESS-960300,Desktop,N/A,29.781313459209645,0
SESS-403364,Mobile,summer dress,29.781313459209645,0
SESS-877718,Desktop,summer dress,29.781313459209645,1
SESS-777037,Mobile, leather shoes ,29.781313459209645,0
SESS-995157,Tablet,summer dress,29.781313459209645,0
SESS-337161,BOT_UNKNOWN, leather shoes ,29.781313459209645,0
SESS-965025,Mobile,,29.781313459209645,0
SESS-291113,Desktop,N/A,29.781313459209645,0
SESS-815609,Desktop,IPHONE 14,40056.57333111015,0
SESS-497331,Mobile,IPHONE 14,29.781313459209645,0
SESS-728963,Tablet,,29.781313459209645,0
SESS-602900,Mobile,IPHONE 14,29.781313459209645,0
SESS-167310,Mobile,N/A,29.781313459209645,0
SESS-212163,Mobile, leather shoes ,29.781313459209645,0
SESS-389195,Mobile,,29.781313459209645,0
SESS-817297,Desktop,IPHONE 14,29.781313459209645,1
SESS-510157,Desktop,IPHONE 14,29.781313459209645,1
SESS-516207,Tablet,IPHONE 14,29.781313459209645,1
SESS-777796,Tablet,,29.781313459209645,0
SESS-593382,Desktop,  shoes leather  ,29.781313459209645,0
SESS-125802,Desktop, leather shoes ,29.781313459209645,0
SESS-205672,Mobile,summer dress,29.781313459209645,1
SESS-292354,Mobile, leather shoes ,40056.57333111015,0
SESS-332309,Mobile,summer dress,29.781313459209645,0
SESS-785667,Desktop,IPHONE 14,29.781313459209645,1
SESS-302526,Mobile,summer dress,29.781313459209645,0
SESS-464655,Tablet,,29.781313459209645,0
SESS-531136,Mobile, leather shoes ,29.781313459209645,0
SESS-958963,Desktop,IPHONE 14,29.781313459209645,0
SESS-411508,Tablet,,29.781313459209645,1
SESS-798592,Desktop,IPHONE 14,29.781313459209645,1
SESS-964248,Desktop,  shoes leather  ,29.781313459209645,0
SESS-488432,Mobile,IPHONE 14,29.781313459209645,1
SESS-896574,Mobile,,29.781313459209645,0
SESS-487473,BOT_UNKNOWN,  shoes leather  ,29.781313459209645,0
SESS-909084,Tablet,IPHONE 14,29.781313459209645,0
SESS-903534,Desktop,  shoes leather  ,29.781313459209645,0
SESS-727301,Desktop,  shoes leather  ,29.781313459209645,0
SESS-199878,Desktop,summer dress,40056.57333111015,0
SESS-350080,Mobile,IPHONE 14,29.781313459209645,0
SESS-833779,Mobile,IPHONE 14,29.781313459209645,0
SESS-602420,Desktop,summer dress,29.781313459209645,0
SESS-996030,Mobile, leather shoes ,29.781313459209645,1
SESS-821367,Mobile,IPHONE 14,40056.57333111015,0
SESS-258495,Mobile, leather shoes ,29.781313459209645,0
SESS-284226,Tablet, leather shoes ,29.781313459209645,0
SESS-839817,Desktop,,29.781313459209645,0
SESS-683751,BOT_UNKNOWN,,29.781313459209645,0
SESS-504737,Mobile,summer dress,29.781313459209645,0
SESS-976386,Mobile,IPHONE 14,29.781313459209645,0
SESS-105945,Mobile,,29.781313459209645,0
SESS-626574,Tablet,summer dress,29.781313459209645,0
SESS-978932,Mobile, leather shoes ,29.781313459209645,0
SESS-944869,Mobile,summer dress,29.781313459209645,1
SESS-598569,BOT_UNKNOWN,  shoes leather  ,29.781313459209645,0
SESS-643308,Desktop,summer dress,29.781313459209645,0
SESS-892620,Desktop,summer dress,29.781313459209645,0
SESS-905894,Desktop, leather shoes ,29.781313459209645,0
SESS-301973,Mobile,IPHONE 14,29.781313459209645,0
SESS-462729,Mobile,IPHONE 14,29.781313459209645,1
SESS-127721,Mobile, leather shoes ,29.781313459209645,0
SESS-641166,Mobile,N/A,29.781313459209645,0
SESS-480420,Tablet,IPHONE 14,29.781313459209645,0
SESS-467839,BOT_UNKNOWN,  shoes leather  ,29.781313459209645,0
SESS-559675,Desktop,  shoes leather  ,29.781313459209645,1
SESS-998305,Mobile,  shoes leather  ,29.781313459209645,1
SESS-343870,Mobile,  shoes leather  ,29.781313459209645,1
SESS-920071,Desktop,IPHONE 14,29.781313459209645,0
SESS-406906,Mobile, leather shoes ,29.781313459209645,0
SESS-966598,Mobile,IPHONE 14,29.781313459209645,1
SESS-403778,Tablet,summer dress,29.781313459209645,0
SESS-158784,Desktop,summer dress,40056.57333111015,0
SESS-654633,Mobile,summer dress,29.781313459209645,0
SESS-198559,Desktop, leather shoes ,29.781313459209645,0
SESS-999569,Mobile,summer dress,29.781313459209645,0
SESS-595409,Mobile, leather shoes ,29.781313459209645,0
SESS-945297,Mobile,  shoes leather  ,29.781313459209645,0
SESS-179079,Mobile,  shoes leather  ,29.781313459209645,0
SESS-383875,Mobile, leather shoes ,29.781313459209645,0
SESS-672453,Desktop,,29.781313459209645,0
SESS-554552,Desktop, leather shoes ,29.781313459209645,0
SESS-348863,Mobile, leather shoes ,29.781313459209645,1
SESS-728339,Mobile,IPHONE 14,40056.57333111015,0
SESS-218663,Mobile,,29.781313459209645,0
SESS-613059,Mobile,N/A,29.781313459209645,0
SESS-960099,Desktop,summer dress,29.781313459209645,0
SESS-192993,Desktop, leather shoes ,29.781313459209645,1
SESS-384937,Mobile, leather shoes ,29.781313459209645,1
SESS-200485,Mobile,summer dress,29.781313459209645,0
SESS-663928,Desktop, leather shoes ,29.781313459209645,1
SESS-162951,Mobile,IPHONE 14,29.781313459209645,1
SESS-941770,Mobile,IPHONE 14,29.781313459209645,0
SESS-800059,Desktop, leather shoes ,29.781313459209645,0
SESS-816981,Mobile, leather shoes ,29.781313459209645,0
SESS-372515,Mobile,IPHONE 14,29.781313459209645,0
SESS-246565,Tablet, leather shoes ,29.781313459209645,0
SESS-210237,Mobile, leather shoes ,29.781313459209645,0
SESS-163087,Mobile, leather shoes ,29.781313459209645,0
SESS-993943,BOT_UNKNOWN,,29.781313459209645,0
SESS-207411,Desktop, leather shoes ,40056.57333111015,0
SESS-907543,Tablet, leather shoes ,29.781313459209645,0
SESS-384504,Desktop,summer dress,29.781313459209645,0
SESS-170147,Mobile,,29.781313459209645,0
SESS-995827,BOT_UNKNOWN,N/A,29.781313459209645,0
SESS-818205,Mobile, leather shoes ,29.781313459209645,0
SESS-186361,Desktop, leather shoes ,29.781313459209645,0
SESS-309795,Mobile,N/A,29.781313459209645,0
SESS-564739,BOT_UNKNOWN, leather shoes ,29.781313459209645,0
SESS-950249,Tablet, leather shoes ,29.781313459209645,1
SESS-856675,Desktop,  shoes leather  ,29.781313459209645,0
SESS-513388,Mobile,IPHONE 14,40056.57333111015,0
SESS-677385,Desktop,,29.781313459209645,0
SESS-896732,Mobile, leather shoes ,29.781313459209645,0
SESS-781696,BOT_UNKNOWN,,29.781313459209645,0
SESS-829116,Mobile, leather shoes ,29.781313459209645,0
SESS-636375,BOT_UNKNOWN,  shoes leather  ,29.781313459209645,0
SESS-491582,Mobile,summer dress,29.781313459209645,0
SESS-494505,Desktop,,29.781313459209645,0
SESS-437706,Mobile,N/A,29.781313459209645,0
SESS-181172,Desktop, leather shoes ,29.781313459209645,0
SESS-622751,Mobile,,29.781313459209645,0
SESS-543111,Mobile,N/A,29.781313459209645,0
SESS-722231,Desktop,N/A,29.781313459209645,0
SESS-821745,Desktop,,29.781313459209645,0
SESS-906386,Mobile,IPHONE 14,29.781313459209645,1
SESS-216386,Desktop, leather shoes ,29.781313459209645,0
SESS-941441,Mobile,N/A,29.781313459209645,0
SESS-160374,Mobile,IPHONE 14,29.781313459209645,1
SESS-926719,Desktop,N/A,29.781313459209645,0
SESS-744727,Mobile,IPHONE 14,29.781313459209645,0
SESS-363227,BOT_UNKNOWN,  shoes leather  ,29.781313459209645,0
SESS-198842,Mobile,IPHONE 14,29.781313459209645,0
SESS-600676,Mobile, leather shoes ,29.781313459209645,1
SESS-853742,Desktop,IPHONE 14,29.781313459209645,0
SESS-768939,Desktop,N/A,29.781313459209645,0
SESS-760006,Mobile,N/A,29.781313459209645,0
SESS-813712,Mobile,,29.781313459209645,0
SESS-397513,Mobile, leather shoes ,29.781313459209645,1
SESS-115398,Mobile, leather shoes ,29.781313459209645,0
SESS-825781,Desktop, leather shoes ,40056.57333111015,0
SESS-543123,Mobile,summer dress,29.781313459209645,1
SESS-168749,Desktop,summer dress,29.781313459209645,0
SESS-171922,Mobile, leather shoes ,29.781313459209645,1
SESS-888774,Desktop,IPHONE 14,29.781313459209645,0
SESS-812776,Tablet,  shoes leather  ,29.781313459209645,1
SESS-234572,Desktop, leather shoes ,40056.57333111015,0
SESS-943461,Mobile,N/A,29.781313459209645,0
SESS-281604,Desktop,IPHONE 14,29.781313459209645,0
SESS-305108,Desktop, leather shoes ,29.781313459209645,0
SESS-993845,Desktop, leather shoes ,29.781313459209645,0
SESS-714048,Mobile, leather shoes ,29.781313459209645,0
SESS-802190,Mobile,IPHONE 14,29.781313459209645,0
SESS-200524,Tablet, leather shoes ,29.781313459209645,0
SESS-242642,Desktop,IPHONE 14,29.781313459209645,0
SESS-743704,Mobile,N/A,29.781313459209645,0
SESS-946532,BOT_UNKNOWN, leather shoes ,29.781313459209645,1
SESS-101340,Desktop,,29.781313459209645,0
SESS-288737,Desktop,summer dress,29.781313459209645,0
SESS-449529,Desktop,,29.781313459209645,0
SESS-412774,Desktop,N/A,29.781313459209645,0
SESS-187065,Tablet,  shoes leather  ,29.781313459209645,0
SESS-298545,Mobile, leather shoes ,29.781313459209645,0
SESS-677929,Mobile,summer dress,29.781313459209645,0
SESS-462335,Mobile,summer dress,29.781313459209645,0
SESS-360513,Mobile,IPHONE 14,29.781313459209645,0
SESS-481731,Mobile,  shoes leather  ,40056.57333111015,0
SESS-762343,Mobile,  shoes leather  ,29.781313459209645,0
SESS-946081,Mobile, leather shoes ,29.781313459209645,0
SESS-890012,Desktop,summer dress,29.781313459209645,0
SESS-533356,Mobile,N/A,29.781313459209645,0
SESS-877702,Mobile,summer dress,29.781313459209645,0
SESS-563565,Desktop,summer dress,29.781313459209645,0
SESS-858946,Desktop, leather shoes ,29.781313459209645,0
SESS-904099,Desktop,summer dress,29.781313459209645,0
SESS-102299,Desktop,,29.781313459209645,0
SESS-693060,Desktop,,29.781313459209645,0
SESS-996036,Tablet,IPHONE 14,29.781313459209645,0
SESS-189729,Mobile,,29.781313459209645,0
SESS-290051,Desktop, leather shoes ,29.781313459209645,0
SESS-828780,Mobile,summer dress,29.781313459209645,0
SESS-341063,Mobile,IPHONE 14,29.781313459209645,0
SESS-449876,Mobile, leather shoes ,29.781313459209645,0
SESS-440289,Desktop,IPHONE 14,29.781313459209645,0
SESS-588049,Desktop,  shoes leather  ,29.781313459209645,1
SESS-737704,Mobile, leather shoes ,29.781313459209645,0
SESS-437974,Desktop, leather shoes ,40056.57333111015,0
SESS-401869,Mobile,IPHONE 14,29.781313459209645,0
SESS-424413,Mobile, leather shoes ,29.781313459209645,1
SESS-466276,Mobile,  shoes leather  ,29.781313459209645,0
SESS-749662,Mobile,summer dress,29.781313459209645,1
SESS-420147,Mobile, leather shoes ,29.781313459209645,0
SESS-759079,Mobile,summer dress,29.781313459209645,1
SESS-477378,Mobile,summer dress,29.781313459209645,0
SESS-587015,Desktop,  shoes leather  ,29.781313459209645,0
SESS-997365,Desktop,IPHONE 14,29.781313459209645,0
SESS-717835,Tablet,summer dress,29.781313459209645,1
SESS-302857,BOT_UNKNOWN, leather shoes ,29.781313459209645,0
SESS-983690,BOT_UNKNOWN,IPHONE 14,29.781313459209645,0
SESS-521247,Mobile,summer dress,29.781313459209645,0
SESS-499532,Mobile,N/A,29.781313459209645,0
SESS-430491,Mobile,  shoes leather  ,29.781313459209645,0
SESS-710914,Desktop, leather shoes ,29.781313459209645,0
SESS-368877,Mobile,N/A,29.781313459209645,0
SESS-743716,Desktop, leather shoes ,29.781313459209645,0
SESS-711950,Mobile,IPHONE 14,29.781313459209645,0
SESS-631637,Mobile,N/A,29.781313459209645,1
SESS-280917,Mobile, leather shoes ,29.781313459209645,0
SESS-482476,Desktop, leather shoes ,29.781313459209645,0
SESS-964366,Desktop, leather shoes ,29.781313459209645,0
SESS-938193,Mobile, leather shoes ,29.781313459209645,0
SESS-203065,BOT_UNKNOWN,N/A,29.781313459209645,0
SESS-768531,Mobile,N/A,29.781313459209645,0
SESS-548492,Desktop,  shoes leather  ,29.781313459209645,0
SESS-583492,Mobile, leather shoes ,29.781313459209645,0
SESS-848079,Mobile,IPHONE 14,29.781313459209645,0
SESS-306111,Desktop, leather shoes ,29.781313459209645,1
SESS-236393,Mobile, leather shoes ,29.781313459209645,0
SESS-653718,Desktop, leather shoes ,29.781313459209645,0
SESS-449249,Mobile, leather shoes ,29.781313459209645,0
SESS-802753,Desktop, leather shoes ,29.781313459209645,0
SESS-817726,Mobile,N/A,29.781313459209645,0
SESS-667461,Tablet,  shoes leather  ,29.781313459209645,0
SESS-969130,Tablet, leather shoes ,29.781313459209645,0
SESS-142794,Mobile, leather shoes ,29.781313459209645,1
SESS-760876,BOT_UNKNOWN,N/A,29.781313459209645,1
SESS-782408,Desktop,  shoes leather  ,29.781313459209645,0
SESS-694475,Mobile,IPHONE 14,29.781313459209645,0
SESS-811481,Desktop,summer dress,29.781313459209645,0
SESS-835510,Mobile, leather shoes ,29.781313459209645,0
SESS-439347,BOT_UNKNOWN, leather shoes ,29.781313459209645,0
SESS-423835,Mobile,IPHONE 14,29.781313459209645,0
SESS-759828,Mobile,summer dress,29.781313459209645,0
SESS-741900,Tablet,,29.781313459209645,0
SESS-166697,Mobile, leather shoes ,29.781313459209645,0
SESS-594097,Mobile,  shoes leather  ,29.781313459209645,0
SESS-946676,Mobile, leather shoes ,29.781313459209645,0
SESS-219619,Mobile, leather shoes ,29.781313459209645,0
SESS-530028,BOT_UNKNOWN,,29.781313459209645,0
SESS-992754,Mobile,IPHONE 14,29.781313459209645,0
SESS-787047,Mobile,IPHONE 14,29.781313459209645,0
SESS-958676,Mobile,IPHONE 14,29.781313459209645,1
SESS-500567,Mobile,  shoes leather  ,29.781313459209645,0
SESS-854488,Desktop, leather shoes ,29.781313459209645,0
SESS-116489,Desktop, leather shoes ,29.781313459209645,0
SESS-413894,Desktop,  shoes leather  ,29.781313459209645,0
SESS-157240,Mobile, leather shoes ,29.781313459209645,0
SESS-375282,Mobile, leather shoes ,29.781313459209645,0
SESS-222376,Desktop,IPHONE 14,29.781313459209645,0
SESS-749202,Desktop,summer dress,29.781313459209645,0
SESS-567998,Mobile,IPHONE 14,29.781313459209645,0
SESS-347483,Tablet,summer dress,29.781313459209645,0
SESS-554841,Mobile, leather shoes ,29.781313459209645,0
SESS-311653,Mobile,IPHONE 14,29.781313459209645,0
SESS-294001,Mobile,summer dress,29.781313459209645,0
SESS-353822,Desktop,  shoes leather  ,29.781313459209645,0
SESS-149204,Mobile, leather shoes ,29.781313459209645,0
SESS-976664,Mobile,summer dress,29.781313459209645,1
SESS-650209,Mobile,IPHONE 14,29.781313459209645,0
SESS-279224,Mobile,  shoes leather  ,29.781313459209645,0
SESS-932205,Desktop,summer dress,29.781313459209645,0
SESS-673820,Mobile, leather shoes ,29.781313459209645,0
SESS-412035,Mobile,IPHONE 14,29.781313459209645,0
SESS-740112,Mobile,N/A,29.781313459209645,0
SESS-115620,Desktop,summer dress,29.781313459209645,0
SESS-596337,Mobile,summer dress,29.781313459209645,1
SESS-548417,Mobile,IPHONE 14,29.781313459209645,0
SESS-374491,Desktop,,29.781313459209645,0
SESS-257321,Tablet,,29.781313459209645,1
SESS-519209,Desktop,summer dress,29.781313459209645,0
SESS-660400,Mobile, leather shoes ,29.781313459209645,0
SESS-369417,Mobile, leather shoes ,29.781313459209645,0
SESS-188717,Mobile, leather shoes ,29.781313459209645,0
SESS-960373,Mobile,N/A,29.781313459209645,0
SESS-211438,Mobile, leather shoes ,40056.57333111015,0
SESS-434552,Mobile,N/A,29.781313459209645,0
SESS-447622,BOT_UNKNOWN,IPHONE 14,29.781313459209645,1
SESS-686627,Mobile,IPHONE 14,29.781313459209645,0
SESS-384802,Desktop,IPHONE 14,29.781313459209645,1
SESS-631986,Mobile,IPHONE 14,29.781313459209645,1
SESS-395647,Mobile, leather shoes ,29.781313459209645,1
SESS-847917,Mobile,  shoes leather  ,29.781313459209645,0
SESS-249899,Mobile,,29.781313459209645,0
SESS-776362,Mobile,IPHONE 14,29.781313459209645,0
SESS-266958,Mobile,N/A,29.781313459209645,0
SESS-196752,Tablet,summer dress,29.781313459209645,0
SESS-489415,Desktop, leather shoes ,29.781313459209645,0
SESS-235299,Desktop,IPHONE 14,29.781313459209645,0
SESS-334716,Desktop,summer dress,29.781313459209645,0
SESS-246335,Tablet,IPHONE 14,29.781313459209645,0
SESS-592583,Desktop,  shoes leather  ,29.781313459209645,0
SESS-385140,Mobile,N/A,29.781313459209645,0
SESS-724186,Desktop, leather shoes ,29.781313459209645,0
SESS-380108,Desktop, leather shoes ,29.781313459209645,0
SESS-927576,Mobile,IPHONE 14,29.781313459209645,0
SESS-102772,Tablet, leather shoes ,29.781313459209645,0
SESS-906371,Tablet,IPHONE 14,29.781313459209645,0
SESS-126648,Desktop, leather shoes ,29.781313459209645,0
SESS-189805,Desktop, leather shoes ,29.781313459209645,0
SESS-883764,Desktop,N/A,29.781313459209645,0
SESS-826942,Tablet,N/A,29.781313459209645,0
SESS-179506,Mobile, leather shoes ,29.781313459209645,1
SESS-443384,Desktop,  shoes leather  ,29.781313459209645,1
SESS-740391,Tablet,summer dress,29.781313459209645,0
SESS-646717,Mobile, leather shoes ,29.781313459209645,0
SESS-550158,Mobile,IPHONE 14,29.781313459209645,0
SESS-523457,Mobile,,29.781313459209645,1
SESS-975604,Mobile, leather shoes ,29.781313459209645,0
SESS-605457,Mobile, leather shoes ,29.781313459209645,0
SESS-867426,Desktop, leather shoes ,29.781313459209645,0
SESS-175118,Mobile,IPHONE 14,29.781313459209645,0
SESS-419745,Tablet,  shoes leather  ,29.781313459209645,0
SESS-879490,Tablet,N/A,29.781313459209645,1
SESS-566317,Mobile,IPHONE 14,29.781313459209645,1
SESS-316024,Desktop,N/A,29.781313459209645,0
SESS-805302,BOT_UNKNOWN,IPHONE 14,29.781313459209645,0
SESS-538065,Mobile, leather shoes ,29.781313459209645,0
SESS-452537,BOT_UNKNOWN, leather shoes ,29.781313459209645,0
SESS-729327,Mobile,,29.781313459209645,0
SESS-379344,Mobile, leather shoes ,29.781313459209645,0
SESS-671461,Mobile,IPHONE 14,29.781313459209645,0
SESS-111808,Mobile, leather shoes ,29.781313459209645,0
SESS-518567,Mobile,  shoes leather  ,29.781313459209645,0
SESS-509751,Mobile,  shoes leather  ,29.781313459209645,0
SESS-995305,Desktop,  shoes leather  ,29.781313459209645,0
SESS-240085,Mobile, leather shoes ,29.781313459209645,0
SESS-532394,Desktop, leather shoes ,29.781313459209645,0
SESS-711402,Mobile, leather shoes ,29.781313459209645,0
SESS-942396,Mobile,N/A,29.781313459209645,0
SESS-286930,Desktop,IPHONE 14,29.781313459209645,0
SESS-755285,Desktop,summer dress,29.781313459209645,0
SESS-412590,Desktop, leather shoes ,29.781313459209645,0
SESS-599316,Mobile,  shoes leather  ,29.781313459209645,0
SESS-338530,Mobile,summer dress,29.781313459209645,0
SESS-717187,Mobile,summer dress,29.781313459209645,0
SESS-293103,Desktop,summer dress,29.781313459209645,0
SESS-416361,Mobile,N/A,29.781313459209645,0
SESS-182053,Desktop, leather shoes ,29.781313459209645,0
SESS-997589,Mobile,  shoes leather  ,29.781313459209645,0
SESS-653390,Mobile,summer dress,29.781313459209645,1
SESS-702407,Desktop,summer dress,29.781313459209645,0
SESS-356877,Mobile,summer dress,29.781313459209645,0
SESS-821580,Tablet,IPHONE 14,29.781313459209645,0
SESS-793620,Desktop, leather shoes ,29.781313459209645,0
SESS-975081,Tablet, leather shoes ,40056.57333111015,0
SESS-359363,Mobile, leather shoes ,29.781313459209645,0
SESS-406742,Mobile,summer dress,29.781313459209645,1
SESS-360994,Mobile,  shoes leather  ,29.781313459209645,1
SESS-297951,Desktop, leather shoes ,29.781313459209645,0
SESS-647651,Mobile, leather shoes ,29.781313459209645,0
SESS-249411,Mobile,summer dress,29.781313459209645,0
SESS-421880,Desktop, leather shoes ,29.781313459209645,0
SESS-518480,Mobile, leather shoes ,29.781313459209645,0
SESS-217230,Desktop, leather shoes ,29.781313459209645,0
SESS-139628,Desktop, leather shoes ,29.781313459209645,0
SESS-636364,Tablet,summer dress,29.781313459209645,0
SESS-344826,Desktop, leather shoes ,29.781313459209645,0
SESS-704488,Desktop,summer dress,29.781313459209645,0
SESS-882962,Desktop, leather shoes ,29.781313459209645,1
SESS-156398,Mobile,N/A,29.781313459209645,0
SESS-672012,Desktop, leather shoes ,29.781313459209645,0
SESS-462459,BOT_UNKNOWN,,29.781313459209645,0
SESS-418442,Tablet, leather shoes ,29.781313459209645,1
SESS-330004,Mobile,  shoes leather  ,29.781313459209645,0
SESS-340236,Desktop,,29.781313459209645,0
SESS-441238,Desktop,N/A,29.781313459209645,0
SESS-561886,Mobile, leather shoes ,29.781313459209645,0
SESS-994542,Desktop,N/A,29.781313459209645,0
SESS-410641,Mobile,IPHONE 14,29.781313459209645,0
SESS-814016,BOT_UNKNOWN,summer dress,29.781313459209645,0
SESS-960195,Mobile, leather shoes ,29.781313459209645,1
SESS-512190,Mobile,,29.781313459209645,0
SESS-102394,Mobile,  shoes leather  ,29.781313459209645,0
SESS-526179,Mobile, leather shoes ,29.781313459209645,0
SESS-612150,Desktop,N/A,29.781313459209645,0
SESS-676103,Tablet,summer dress,29.781313459209645,0
SESS-243265,Mobile,summer dress,29.781313459209645,0
SESS-576240,Mobile, leather shoes ,29.781313459209645,0
SESS-772232,Mobile,  shoes leather  ,40056.57333111015,0
SESS-191266,Mobile,,29.781313459209645,0
SESS-953010,Desktop, leather shoes ,29.781313459209645,0
SESS-715432,Mobile,IPHONE 14,29.781313459209645,0
SESS-302303,Mobile,IPHONE 14,29.781313459209645,0
SESS-542857,Mobile,IPHONE 14,29.781313459209645,0
SESS-758891,Desktop,IPHONE 14,29.781313459209645,0
SESS-136694,Mobile,summer dress,29.781313459209645,0
SESS-798002,Mobile,summer dress,29.781313459209645,0
SESS-349693,Tablet,  shoes leather  ,29.781313459209645,0
SESS-407970,BOT_UNKNOWN,IPHONE 14,29.781313459209645,0
SESS-671397,Mobile,summer dress,29.781313459209645,1
SESS-409766,Mobile, leather shoes ,29.781313459209645,0
SESS-295115,BOT_UNKNOWN, leather shoes ,29.781313459209645,0
SESS-806903,Mobile,IPHONE 14,29.781313459209645,0
SESS-225795,Desktop,IPHONE 14,29.781313459209645,1
SESS-605669,Desktop,,29.781313459209645,0
SESS-246781,Mobile,  shoes leather  ,29.781313459209645,0
SESS-326838,Desktop,,29.781313459209645,0
SESS-140038,Desktop, leather shoes ,29.781313459209645,0
SESS-218171,Desktop, leather shoes ,29.781313459209645,0
SESS-642182,Mobile,summer dress,29.781313459209645,0
SESS-190252,Mobile,IPHONE 14,29.781313459209645,1
SESS-512229,Mobile,summer dress,29.781313459209645,0
SESS-756715,Mobile,summer dress,29.781313459209645,0
SESS-475360,Desktop, leather shoes ,29.781313459209645,0
SESS-271354,Mobile, leather shoes ,29.781313459209645,1
SESS-262380,Mobile, leather shoes ,29.781313459209645,0
SESS-191908,Tablet,IPHONE 14,29.781313459209645,0
SESS-458601,Tablet,summer dress,29.781313459209645,0
SESS-204027,Desktop, leather shoes ,29.781313459209645,1
SESS-251549,Tablet, leather shoes ,29.781313459209645,0
SESS-986882,Tablet, leather shoes ,29.781313459209645,0
SESS-718836,Mobile,IPHONE 14,29.781313459209645,0
SESS-746669,BOT_UNKNOWN,IPHONE 14,29.781313459209645,0
SESS-939702,Desktop,N/A,29.781313459209645,0
SESS-994954,Desktop, leather shoes ,29.781313459209645,0
SESS-522833,Desktop,,29.781313459209645,0
SESS-934201,Desktop,summer dress,29.781313459209645,0
SESS-396865,Mobile,N/A,29.781313459209645,0
SESS-586235,Mobile, leather shoes ,29.781313459209645,0
SESS-618205,BOT_UNKNOWN,  shoes leather  ,29.781313459209645,0
SESS-925032,Tablet,summer dress,29.781313459209645,0
SESS-192258,Mobile,IPHONE 14,29.781313459209645,0
SESS-293244,BOT_UNKNOWN, leather shoes ,29.781313459209645,0
SESS-924494,Desktop,IPHONE 14,29.781313459209645,0
SESS-667990,Desktop,IPHONE 14,29.781313459209645,0
SESS-256025,Mobile,summer dress,29.781313459209645,0
SESS-494752,Mobile, leather shoes ,29.781313459209645,0
SESS-919701,Mobile, leather shoes ,29.781313459209645,0
SESS-325368,Mobile, leather shoes ,29.781313459209645,0
SESS-443423,Mobile, leather shoes ,29.781313459209645,0
SESS-513607,Tablet, leather shoes ,29.781313459209645,0
SESS-337759,Desktop,  shoes leather  ,29.781313459209645,0
SESS-756841,Desktop, leather shoes ,29.781313459209645,0
SESS-662158,Mobile,N/A,29.781313459209645,0
SESS-585173,Mobile, leather shoes ,29.781313459209645,0
SESS-334150,Tablet, leather shoes ,29.781313459209645,0
SESS-275465,Mobile,IPHONE 14,29.781313459209645,0
SESS-481118,Mobile, leather shoes ,29.781313459209645,0
SESS-124686,Mobile,,29.781313459209645,1
SESS-548373,Mobile,summer dress,29.781313459209645,0
SESS-608437,Desktop,summer dress,29.781313459209645,0
SESS-452484,Tablet,summer dress,29.781313459209645,0
SESS-191518,Mobile, leather shoes ,29.781313459209645,0
SESS-811058,Mobile,  shoes leather  ,29.781313459209645,0
SESS-581461,Mobile,IPHONE 14,29.781313459209645,0
SESS-206156,Mobile,summer dress,29.781313459209645,0
SESS-112247,Mobile,N/A,29.781313459209645,0
SESS-535567,Desktop,N/A,29.781313459209645,0
SESS-261735,Desktop,  shoes leather  ,29.781313459209645,0
SESS-155158,Mobile, leather shoes ,29.781313459209645,0
SESS-332264,Mobile,summer dress,29.781313459209645,0
SESS-505567,Mobile,IPHONE 14,29.781313459209645,0
SESS-774907,Mobile,IPHONE 14,29.781313459209645,0
SESS-292092,Desktop, leather shoes ,29.781313459209645,1
SESS-305239,Mobile, leather shoes ,29.781313459209645,0
SESS-939056,Tablet,,29.781313459209645,0
SESS-471021,Tablet,summer dress,29.781313459209645,1
SESS-530792,Mobile,summer dress,29.781313459209645,0
SESS-619556,BOT_UNKNOWN, leather shoes ,29.781313459209645,0
SESS-834071,Tablet, leather shoes ,29.781313459209645,0
SESS-554828,Desktop,IPHONE 14,29.781313459209645,0
SESS-908436,Mobile, leather shoes ,29.781313459209645,0
SESS-971730,BOT_UNKNOWN,,29.781313459209645,0
SESS-557000,Desktop,IPHONE 14,29.781313459209645,0
SESS-119827,Mobile, leather shoes ,40056.57333111015,1
SESS-749373,Mobile,N/A,29.781313459209645,0
SESS-313486,Mobile, leather shoes ,29.781313459209645,0
SESS-707593,Mobile, leather shoes ,29.781313459209645,0
SESS-580037,Mobile,summer dress,29.781313459209645,0
SESS-700398,BOT_UNKNOWN,,29.781313459209645,0
SESS-556473,BOT_UNKNOWN, leather shoes ,29.781313459209645,0
SESS-403598,Mobile,IPHONE 14,29.781313459209645,0
SESS-388572,Desktop, leather shoes ,29.781313459209645,0
SESS-784401,Desktop,summer dress,29.781313459209645,0
SESS-238551,Mobile,N/A,29.781313459209645,0
SESS-830472,Mobile,,29.781313459209645,0
SESS-507823,Mobile, leather shoes ,29.781313459209645,0
SESS-296159,Desktop,  shoes leather  ,29.781313459209645,0
SESS-602121,Tablet, leather shoes ,29.781313459209645,0
SESS-480832,BOT_UNKNOWN,IPHONE 14,29.781313459209645,0
SESS-194843,Mobile,N/A,29.781313459209645,0
SESS-150404,Desktop, leather shoes ,29.781313459209645,0
SESS-879310,Mobile,,29.781313459209645,0
SESS-187126,Desktop,summer dress,29.781313459209645,0
SESS-748172,Mobile,summer dress,29.781313459209645,0
SESS-465459,Mobile,summer dress,29.781313459209645,0
SESS-918440,Desktop,summer dress,29.781313459209645,0
SESS-527516,Mobile,IPHONE 14,29.781313459209645,0
SESS-676585,Mobile, leather shoes ,29.781313459209645,0
SESS-102646,Mobile,IPHONE 14,29.781313459209645,0
SESS-375398,Tablet,  shoes leather  ,29.781313459209645,0
SESS-676901,Mobile,summer dress,29.781313459209645,0
SESS-992484,Mobile,IPHONE 14,29.781313459209645,1
SESS-472719,Desktop,IPHONE 14,29.781313459209645,0
SESS-445437,Mobile, leather shoes ,29.781313459209645,0
SESS-389541,Mobile,N/A,29.781313459209645,0
SESS-165465,BOT_UNKNOWN, leather shoes ,29.781313459209645,0
SESS-584971,Mobile, leather shoes ,29.781313459209645,0
SESS-768270,Mobile,,40056.57333111015,0
SESS-564519,Mobile,N/A,29.781313459209645,0
SESS-680504,Mobile,IPHONE 14,29.781313459209645,0
SESS-101604,Mobile,summer dress,29.781313459209645,0
SESS-459544,Desktop, leather shoes ,40056.57333111015,0
SESS-645168,Mobile,summer dress,29.781313459209645,0
SESS-392452,Tablet, leather shoes ,29.781313459209645,0
SESS-950839,Tablet,,29.781313459209645,1
SESS-882409,Desktop,N/A,29.781313459209645,0
SESS-538679,Mobile,summer dress,29.781313459209645,0
SESS-307974,Mobile, leather shoes ,29.781313459209645,0
SESS-325205,Mobile,IPHONE 14,29.781313459209645,0
SESS-261015,Tablet, leather shoes ,29.781313459209645,0
SESS-700667,Mobile, leather shoes ,29.781313459209645,0
SESS-618072,Mobile, leather shoes ,29.781313459209645,0
SESS-175348,Desktop,  shoes leather  ,29.781313459209645,0
SESS-631759,Mobile, leather shoes ,29.781313459209645,0
SESS-444781,Mobile,  shoes leather  ,29.781313459209645,0
SESS-626976,Tablet,  shoes leather  ,29.781313459209645,0
SESS-402037,Desktop, leather shoes ,29.781313459209645,0
SESS-949412,Mobile,,29.781313459209645,0
SESS-229966,BOT_UNKNOWN,N/A,29.781313459209645,0
SESS-332844,Desktop,  shoes leather  ,29.781313459209645,0
SESS-557388,BOT_UNKNOWN,IPHONE 14,29.781313459209645,0
SESS-778156,Desktop, leather shoes ,29.781313459209645,0
SESS-803026,Mobile, leather shoes ,29.781313459209645,0
SESS-269092,Tablet, leather shoes ,29.781313459209645,0
SESS-493175,Mobile, leather shoes ,29.781313459209645,0
SESS-701035,Mobile,summer dress,29.781313459209645,0
SESS-218293,Mobile,IPHONE 14,29.781313459209645,0
SESS-373413,Mobile,summer dress,29.781313459209645,0
SESS-644538,Tablet, leather shoes ,29.781313459209645,0
SESS-399583,Desktop,,29.781313459209645,0
SESS-319277,Mobile, leather shoes ,29.781313459209645,0
SESS-834091,Tablet,IPHONE 14,40056.57333111015,0
SESS-881857,Mobile, leather shoes ,29.781313459209645,0
SESS-118025,Mobile,,29.781313459209645,0
SESS-248332,Tablet,summer dress,29.781313459209645,0
SESS-290409,Desktop,IPHONE 14,29.781313459209645,1
SESS-757336,Mobile,IPHONE 14,29.781313459209645,0
SESS-363353,Mobile,IPHONE 14,29.781313459209645,0
SESS-877380,Mobile, leather shoes ,29.781313459209645,0
SESS-629773,BOT_UNKNOWN,IPHONE 14,29.781313459209645,0
SESS-252597,Desktop,IPHONE 14,29.781313459209645,0
SESS-678733,Desktop,IPHONE 14,29.781313459209645,0
SESS-937982,Tablet,summer dress,29.781313459209645,0
SESS-674502,Desktop,summer dress,29.781313459209645,0
SESS-166677,Mobile,summer dress,29.781313459209645,0
SESS-172691,Mobile,IPHONE 14,29.781313459209645,1
SESS-173503,Mobile,IPHONE 14,29.781313459209645,1
SESS-524301,Desktop, leather shoes ,29.781313459209645,0
SESS-996173,Desktop,  shoes leather  ,29.781313459209645,0
SESS-759994,Desktop,,29.781313459209645,0
SESS-250162,Mobile, leather shoes ,29.781313459209645,1
SESS-478988,Mobile,IPHONE 14,29.781313459209645,0
SESS-589803,Desktop,IPHONE 14,29.781313459209645,0
SESS-362538,Desktop,summer dress,29.781313459209645,0
SESS-735826,Mobile, leather shoes ,29.781313459209645,1
SESS-646253,Mobile,,29.781313459209645,0
SESS-356062,Desktop,IPHONE 14,29.781313459209645,0
SESS-695970,Mobile, leather shoes ,29.781313459209645,1
SESS-253196,Desktop,summer dress,29.781313459209645,0
SESS-109488,Desktop,summer dress,29.781313459209645,1
SESS-350245,Mobile,N/A,29.781313459209645,0
SESS-975630,Tablet, leather shoes ,29.781313459209645,0
SESS-986002,Desktop, leather shoes ,29.781313459209645,0
SESS-861773,Mobile,summer dress,29.781313459209645,0
SESS-164091,Desktop, leather shoes ,29.781313459209645,0
SESS-109713,Desktop,N/A,29.781313459209645,0
SESS-478215,Tablet,N/A,29.781313459209645,1
SESS-846008,Desktop,N/A,29.781313459209645,0
SESS-595459,Desktop,,29.781313459209645,0
SESS-876488,Mobile,IPHONE 14,29.781313459209645,0
SESS-286325,Mobile, leather shoes ,29.781313459209645,1
SESS-199693,Mobile,IPHONE 14,29.781313459209645,0
SESS-578939,Mobile,IPHONE 14,29.781313459209645,0
SESS-460861,Mobile,IPHONE 14,29.781313459209645,0
SESS-439371,BOT_UNKNOWN,summer dress,29.781313459209645,1
SESS-387325,Mobile,IPHONE 14,29.781313459209645,0
SESS-290027,Mobile, leather shoes ,29.781313459209645,0
SESS-733883,Mobile,summer dress,29.781313459209645,0
SESS-343585,Tablet, leather shoes ,29.781313459209645,0
SESS-492030,Desktop, leather shoes ,29.781313459209645,0
SESS-746284,Mobile,IPHONE 14,29.781313459209645,0
SESS-972401,Desktop,summer dress,29.781313459209645,0
SESS-436180,Desktop,summer dress,29.781313459209645,1
SESS-879811,Mobile, leather shoes ,29.781313459209645,1
SESS-413332,Desktop,summer dress,29.781313459209645,0
SESS-955112,Mobile,summer dress,29.781313459209645,0
SESS-589826,Desktop,IPHONE 14,29.781313459209645,0
SESS-580592,Mobile, leather shoes ,29.781313459209645,0
SESS-733917,Mobile, leather shoes ,29.781313459209645,0
SESS-343906,Mobile,summer dress,29.781313459209645,0
SESS-290658,Desktop, leather shoes ,29.781313459209645,0
SESS-895732,Mobile,,29.781313459209645,0
SESS-209441,Mobile, leather shoes ,29.781313459209645,0
SESS-874471,Desktop,summer dress,29.781313459209645,0
SESS-190838,Mobile,IPHONE 14,29.781313459209645,0
SESS-672389,Mobile,,29.781313459209645,1
SESS-466921,Mobile,  shoes leather  ,29.781313459209645,0
SESS-823801,Mobile,N/A,29.781313459209645,0
SESS-309739,Mobile,IPHONE 14,29.781313459209645,0
SESS-600327,Desktop, leather shoes ,29.781313459209645,1
SESS-176813,BOT_UNKNOWN,,40056.57333111015,0
SESS-860902,Mobile,summer dress,29.781313459209645,0
SESS-670573,Mobile,N/A,29.781313459209645,1
SESS-265668,Mobile,,29.781313459209645,0
SESS-128525,Desktop,,29.781313459209645,0
SESS-289830,Mobile,IPHONE 14,29.781313459209645,0
SESS-122908,Desktop,summer dress,29.781313459209645,0
SESS-772418,Desktop, leather shoes ,29.781313459209645,0
SESS-137339,Mobile,summer dress,29.781313459209645,0
SESS-817913,BOT_UNKNOWN,,29.781313459209645,0
SESS-352785,Mobile,summer dress,29.781313459209645,1
SESS-507740,Mobile,IPHONE 14,29.781313459209645,0
SESS-848509,Desktop, leather shoes ,29.781313459209645,0
SESS-203663,Desktop,IPHONE 14,29.781313459209645,0
SESS-447349,Desktop,IPHONE 14,29.781313459209645,0
SESS-300541,Mobile, leather shoes ,29.781313459209645,0
SESS-771565,Mobile,,29.781313459209645,1
SESS-257688,Mobile,summer dress,29.781313459209645,0
SESS-337261,Mobile,summer dress,29.781313459209645,0
SESS-727063,Desktop,N/A,29.781313459209645,1
SESS-564300,Mobile,summer dress,29.781313459209645,0
SESS-972983,Desktop,summer dress,29.781313459209645,0
SESS-602899,Mobile, leather shoes ,29.781313459209645,0
SESS-767207,Mobile,summer dress,29.781313459209645,0
SESS-140825,Tablet, leather shoes ,29.781313459209645,1
SESS-508096,Mobile,IPHONE 14,29.781313459209645,0
SESS-370987,BOT_UNKNOWN,summer dress,29.781313459209645,0
SESS-754304,Desktop,  shoes leather  ,29.781313459209645,0
SESS-389062,Mobile,N/A,29.781313459209645,0
SESS-341417,Mobile,IPHONE 14,29.781313459209645,0
SESS-231738,Desktop,N/A,29.781313459209645,0
SESS-750560,Mobile,summer dress,29.781313459209645,0
SESS-497885,Tablet, leather shoes ,29.781313459209645,0
SESS-766548,Desktop,summer dress,29.781313459209645,0
SESS-558786,Tablet,summer dress,29.781313459209645,1
SESS-205393,Mobile,N/A,29.781313459209645,0
SESS-758975,Mobile,N/A,29.781313459209645,0
SESS-578836,Desktop,IPHONE 14,29.781313459209645,0
SESS-889942,Mobile,summer dress,29.781313459209645,0
SESS-557262,Desktop,IPHONE 14,29.781313459209645,0
SESS-576786,Mobile,  shoes leather  ,29.781313459209645,0
SESS-372043,Desktop,N/A,29.781313459209645,0
SESS-605648,Mobile,IPHONE 14,29.781313459209645,1
SESS-868329,Desktop,,29.781313459209645,0
SESS-393268,Mobile, leather shoes ,29.781313459209645,0
SESS-900658,Mobile, leather shoes ,29.781313459209645,1
SESS-832072,Desktop, leather shoes ,29.781313459209645,0
SESS-969356,Mobile,summer dress,29.781313459209645,1
SESS-483103,Mobile,IPHONE 14,29.781313459209645,0
SESS-141550,Tablet, leather shoes ,29.781313459209645,0
SESS-996105,Tablet,  shoes leather  ,29.781313459209645,0
SESS-446698,Desktop,IPHONE 14,29.781313459209645,0
SESS-188562,Mobile,  shoes leather  ,29.781313459209645,0
SESS-987402,Mobile,summer dress,29.781313459209645,0
SESS-599900,Desktop,summer dress,29.781313459209645,0
SESS-613766,Desktop,N/A,29.781313459209645,0
SESS-473691,Mobile, leather shoes ,29.781313459209645,0
SESS-362074,Mobile, leather shoes ,29.781313459209645,0
SESS-176844,Desktop, leather shoes ,29.781313459209645,0
SESS-325761,Desktop,,29.781313459209645,0
SESS-894198,Mobile, leather shoes ,29.781313459209645,0
SESS-437620,Desktop,,29.781313459209645,1
SESS-840055,Mobile,N/A,29.781313459209645,0
SESS-459822,Mobile,  shoes leather  ,29.781313459209645,0
SESS-913775,Desktop, leather shoes ,29.781313459209645,0
SESS-868328,Desktop, leather shoes ,29.781313459209645,0
SESS-458129,Mobile,,29.781313459209645,0
SESS-739328,Mobile,IPHONE 14,29.781313459209645,0
SESS-738386,Desktop,IPHONE 14,29.781313459209645,0
SESS-467243,Mobile,,29.781313459209645,0
SESS-227439,Mobile, leather shoes ,29.781313459209645,0
SESS-893032,Mobile, leather shoes ,29.781313459209645,0
SESS-390629,Mobile, leather shoes ,29.781313459209645,0
SESS-177492,Tablet,,29.781313459209645,0
SESS-578248,Mobile, leather shoes ,29.781313459209645,0
SESS-927258,Desktop,N/A,29.781313459209645,0
SESS-467551,Desktop,summer dress,29.781313459209645,1
SESS-636879,Desktop,IPHONE 14,29.781313459209645,0
SESS-739387,Desktop,IPHONE 14,29.781313459209645,0
SESS-731686,Desktop, leather shoes ,29.781313459209645,0
SESS-152157,Mobile,  shoes leather  ,29.781313459209645,0
SESS-784569,Mobile, leather shoes ,29.781313459209645,1
SESS-640964,Mobile, leather shoes ,29.781313459209645,0
SESS-110186,Desktop,summer dress,29.781313459209645,0
SESS-709121,Mobile, leather shoes ,29.781313459209645,1
SESS-830204,Mobile,N/A,29.781313459209645,0
SESS-607351,Tablet, leather shoes ,29.781313459209645,0
SESS-589130,Desktop,summer dress,29.781313459209645,1
SESS-139810,Tablet,  shoes leather  ,29.781313459209645,0
SESS-986396,Mobile,  shoes leather  ,29.781313459209645,0
SESS-526434,BOT_UNKNOWN, leather shoes ,29.781313459209645,0
SESS-615938,Desktop,,29.781313459209645,1
SESS-444459,Mobile,IPHONE 14,40056.57333111015,0
SESS-710264,Mobile, leather shoes ,29.781313459209645,0
SESS-105046,Desktop, leather shoes ,29.781313459209645,0
SESS-824192,Mobile,,29.781313459209645,0
SESS-428837,Desktop,,29.781313459209645,1
SESS-573205,Tablet, leather shoes ,29.781313459209645,0
SESS-624352,Mobile, leather shoes ,29.781313459209645,0
SESS-731149,Mobile,IPHONE 14,29.781313459209645,0
SESS-545427,Mobile,summer dress,29.781313459209645,0
SESS-750016,Desktop,IPHONE 14,29.781313459209645,0
SESS-338241,Tablet,summer dress,29.781313459209645,0
SESS-960520,Mobile,IPHONE 14,29.781313459209645,0
SESS-140606,Mobile,IPHONE 14,29.781313459209645,1
SESS-122226,Mobile,,29.781313459209645,0
SESS-680365,Desktop,,29.781313459209645,0
SESS-242979,Desktop,N/A,29.781313459209645,1
SESS-251436,Mobile, leather shoes ,29.781313459209645,0
SESS-591506,Desktop,IPHONE 14,29.781313459209645,0
SESS-957690,Mobile,N/A,40056.57333111015,0
SESS-703484,Desktop,IPHONE 14,29.781313459209645,0
SESS-910930,Tablet,  shoes leather  ,29.781313459209645,0
SESS-371711,Mobile, leather shoes ,29.781313459209645,0
SESS-148322,Desktop,summer dress,29.781313459209645,0
SESS-490298,Mobile,summer dress,29.781313459209645,0
SESS-122772,Mobile, leather shoes ,29.781313459209645,0
SESS-909741,Desktop, leather shoes ,29.781313459209645,0
SESS-325931,Desktop,IPHONE 14,29.781313459209645,0
SESS-855957,Desktop,summer dress,29.781313459209645,0
SESS-547449,BOT_UNKNOWN,IPHONE 14,29.781313459209645,0
SESS-865936,Mobile, leather shoes ,29.781313459209645,0
SESS-693152,Desktop, leather shoes ,29.781313459209645,0
SESS-216541,Tablet,IPHONE 14,29.781313459209645,1
SESS-931888,Mobile,IPHONE 14,29.781313459209645,0
SESS-446991,Tablet, leather shoes ,29.781313459209645,0
SESS-645165,Mobile, leather shoes ,29.781313459209645,0
SESS-121563,Mobile, leather shoes ,29.781313459209645,0
SESS-292211,Desktop,N/A,29.781313459209645,1
SESS-890539,Tablet,,29.781313459209645,0
SESS-297705,Mobile,IPHONE 14,29.781313459209645,0
SESS-785538,Mobile,,29.781313459209645,1
SESS-938658,Mobile,N/A,29.781313459209645,0
SESS-919605,Desktop,summer dress,29.781313459209645,0
SESS-938513,Mobile,  shoes leather  ,29.781313459209645,0
SESS-946396,Mobile, leather shoes ,29.781313459209645,0
SESS-487640,Tablet,N/A,29.781313459209645,0
SESS-427924,Mobile, leather shoes ,29.781313459209645,0
SESS-240513,Mobile,IPHONE 14,29.781313459209645,1
SESS-334793,BOT_UNKNOWN, leather shoes ,29.781313459209645,0
SESS-722074,Mobile, leather shoes ,29.781313459209645,1
SESS-314558,Desktop,N/A,29.781313459209645,0
SESS-907112,Mobile,  shoes leather  ,29.781313459209645,0
SESS-523146,Mobile,  shoes leather  ,29.781313459209645,0
SESS-598355,Mobile,IPHONE 14,29.781313459209645,0
SESS-221170,Tablet,summer dress,29.781313459209645,0
SESS-163382,Mobile,  shoes leather  ,29.781313459209645,0
SESS-936654,Mobile,N/A,29.781313459209645,0
SESS-564935,Desktop, leather shoes ,29.781313459209645,0
SESS-838182,Desktop,  shoes leather  ,29.781313459209645,0
SESS-922185,Mobile,summer dress,29.781313459209645,0
SESS-716061,Desktop,summer dress,29.781313459209645,0
SESS-562485,Desktop,summer dress,29.781313459209645,1
SESS-263272,Desktop, leather shoes ,29.781313459209645,0
SESS-903608,Mobile,  shoes leather  ,29.781313459209645,1
SESS-258673,Mobile, leather shoes ,29.781313459209645,0
SESS-534076,Mobile, leather shoes ,29.781313459209645,0
SESS-125707,BOT_UNKNOWN,IPHONE 14,29.781313459209645,0
SESS-908133,Desktop, leather shoes ,29.781313459209645,1
SESS-697265,Desktop,IPHONE 14,29.781313459209645,0
SESS-294582,Mobile,IPHONE 14,29.781313459209645,0
SESS-193960,Mobile,,29.781313459209645,0
SESS-965747,Mobile,summer dress,29.781313459209645,0
SESS-541818,Mobile,N/A,29.781313459209645,0
SESS-179613,Mobile,N/A,29.781313459209645,0
SESS-181727,Mobile,IPHONE 14,29.781313459209645,0
SESS-243499,Desktop,  shoes leather  ,40056.57333111015,0
SESS-217631,Desktop, leather shoes ,29.781313459209645,0
SESS-162717,Mobile, leather shoes ,40056.57333111015,0
SESS-147366,BOT_UNKNOWN, leather shoes ,29.781313459209645,0
SESS-513792,Tablet,IPHONE 14,29.781313459209645,1
SESS-340518,Mobile, leather shoes ,29.781313459209645,0
SESS-163778,Mobile, leather shoes ,29.781313459209645,0
SESS-380442,Mobile,N/A,29.781313459209645,0
SESS-829971,Mobile, leather shoes ,29.781313459209645,0
SESS-549494,Mobile, leather shoes ,29.781313459209645,0
SESS-296092,Desktop, leather shoes ,29.781313459209645,0
SESS-359637,Mobile,IPHONE 14,29.781313459209645,0
SESS-933656,Desktop, leather shoes ,29.781313459209645,0
SESS-939475,BOT_UNKNOWN, leather shoes ,29.781313459209645,0
SESS-698086,Desktop,IPHONE 14,29.781313459209645,0
SESS-322092,Mobile, leather shoes ,29.781313459209645,0
SESS-759700,Desktop,summer dress,29.781313459209645,0
SESS-556749,Desktop,,29.781313459209645,1
SESS-270891,Mobile, leather shoes ,29.781313459209645,0
SESS-449653,Desktop,IPHONE 14,29.781313459209645,0
SESS-713949,Mobile,summer dress,29.781313459209645,0
SESS-795780,Tablet,IPHONE 14,29.781313459209645,0
SESS-626735,Desktop,IPHONE 14,29.781313459209645,0
SESS-181578,Desktop,IPHONE 14,29.781313459209645,0
SESS-925765,Desktop,summer dress,29.781313459209645,0
SESS-374227,Mobile,  shoes leather  ,29.781313459209645,0
SESS-807054,Mobile, leather shoes ,29.781313459209645,0
SESS-547539,Desktop,,29.781313459209645,0
SESS-440709,Mobile,,29.781313459209645,0
SESS-470080,Desktop, leather shoes ,29.781313459209645,0
SESS-208866,Mobile,IPHONE 14,40056.57333111015,0
SESS-876149,Tablet,summer dress,29.781313459209645,0
SESS-554820,Mobile,,29.781313459209645,0
SESS-319262,Mobile,  shoes leather  ,29.781313459209645,0
SESS-943479,Mobile,IPHONE 14,29.781313459209645,0
SESS-207841,Mobile,IPHONE 14,29.781313459209645,0
SESS-482256,Tablet,summer dress,29.781313459209645,0
SESS-708866,Mobile,N/A,29.781313459209645,0
SESS-352181,Mobile,,29.781313459209645,0
SESS-625399,Mobile,,29.781313459209645,0
SESS-939494,Mobile,summer dress,29.781313459209645,0
SESS-350954,Tablet, leather shoes ,29.781313459209645,0
SESS-681989,Tablet,summer dress,29.781313459209645,0
SESS-884776,Mobile, leather shoes ,29.781313459209645,0
SESS-374156,Desktop,summer dress,29.781313459209645,0
SESS-930126,Mobile,  shoes leather  ,29.781313459209645,0
SESS-468749,Desktop,IPHONE 14,29.781313459209645,0
SESS-707855,Desktop,IPHONE 14,29.781313459209645,0
SESS-274333,Mobile, leather shoes ,29.781313459209645,0
SESS-690595,Tablet,,29.781313459209645,0
SESS-935900,Mobile,  shoes leather  ,29.781313459209645,0
SESS-487046,Mobile,  shoes leather  ,29.781313459209645,0
SESS-117172,Mobile,summer dress,29.781313459209645,0
SESS-748666,Mobile,N/A,29.781313459209645,0
SESS-124467,Mobile,summer dress,29.781313459209645,0
SESS-836613,Desktop,,29.781313459209645,0
SESS-655547,Mobile, leather shoes ,29.781313459209645,0
SESS-643016,Mobile, leather shoes ,29.781313459209645,0
SESS-187793,Mobile, leather shoes ,29.781313459209645,0
SESS-541283,Mobile,,29.781313459209645,0
SESS-687119,Desktop,  shoes leather  ,29.781313459209645,0
SESS-440936,BOT_UNKNOWN, leather shoes ,29.781313459209645,0
SESS-222425,Tablet,  shoes leather  ,29.781313459209645,0
SESS-882623,Mobile,summer dress,29.781313459209645,1
SESS-576801,Mobile,summer dress,29.781313459209645,0
SESS-592740,Desktop,summer dress,40056.57333111015,0
SESS-427274,Desktop,summer dress,29.781313459209645,0
SESS-425470,Mobile, leather shoes ,29.781313459209645,1
SESS-301596,Mobile,  shoes leather  ,29.781313459209645,0
SESS-436667,Tablet, leather shoes ,29.781313459209645,0
SESS-521802,Mobile,summer dress,29.781313459209645,0
SESS-133449,Mobile,IPHONE 14,29.781313459209645,0
SESS-245949,Desktop,  shoes leather  ,29.781313459209645,0
SESS-193054,Mobile, leather shoes ,29.781313459209645,0
SESS-425414,Desktop, leather shoes ,29.781313459209645,0
SESS-595080,Desktop,IPHONE 14,29.781313459209645,0
SESS-825763,BOT_UNKNOWN,summer dress,29.781313459209645,0
SESS-570204,Mobile,IPHONE 14,29.781313459209645,0
SESS-848973,Mobile,summer dress,29.781313459209645,0
SESS-630436,Mobile,IPHONE 14,29.781313459209645,0
SESS-497479,Mobile, leather shoes ,29.781313459209645,0
SESS-235635,Desktop, leather shoes ,29.781313459209645,0
SESS-781409,Mobile,,29.781313459209645,0
SESS-385402,Desktop,summer dress,29.781313459209645,0
SESS-936076,Mobile,N/A,29.781313459209645,0
SESS-697053,Desktop,IPHONE 14,29.781313459209645,0
SESS-976070,Desktop,N/A,29.781313459209645,0
SESS-687341,Mobile, leather shoes ,29.781313459209645,0
SESS-867237,BOT_UNKNOWN, leather shoes ,40056.57333111015,0
SESS-904401,Desktop,N/A,29.781313459209645,0
SESS-349516,Desktop,IPHONE 14,29.781313459209645,0
SESS-361105,Desktop, leather shoes ,29.781313459209645,0
SESS-323519,Mobile, leather shoes ,29.781313459209645,0
SESS-926421,Mobile,N/A,29.781313459209645,0
SESS-369179,BOT_UNKNOWN,summer dress,29.781313459209645,0
SESS-249377,BOT_UNKNOWN, leather shoes ,29.781313459209645,0
SESS-459044,BOT_UNKNOWN,N/A,40056.57333111015,0
SESS-633049,Mobile,IPHONE 14,29.781313459209645,0
SESS-690723,Desktop, leather shoes ,29.781313459209645,0
SESS-589603,Mobile,summer dress,40056.57333111015,1
SESS-803316,Tablet,IPHONE 14,29.781313459209645,0
SESS-206087,Mobile,N/A,29.781313459209645,1
SESS-451833,Tablet,  shoes leather  ,29.781313459209645,0
SESS-638164,Mobile,IPHONE 14,29.781313459209645,0
SESS-170976,Mobile,IPHONE 14,29.781313459209645,0
SESS-583820,Desktop,  shoes leather  ,29.781313459209645,0
SESS-947641,Desktop,summer dress,29.781313459209645,0
SESS-644731,Mobile,IPHONE 14,29.781313459209645,0
SESS-940617,Mobile,  shoes leather  ,29.781313459209645,0
SESS-215678,Desktop,IPHONE 14,29.781313459209645,0
SESS-637203,Mobile, leather shoes ,29.781313459209645,0
SESS-553400,Mobile,,29.781313459209645,1
SESS-799472,Mobile, leather shoes ,29.781313459209645,0
SESS-803508,Tablet,IPHONE 14,29.781313459209645,0
SESS-185006,Mobile,summer dress,29.781313459209645,0
SESS-896028,Mobile, leather shoes ,29.781313459209645,1
SESS-289574,Mobile,IPHONE 14,29.781313459209645,0
SESS-198445,Desktop, leather shoes ,29.781313459209645,0
SESS-690308,Desktop,summer dress,29.781313459209645,0
SESS-825844,Mobile,IPHONE 14,29.781313459209645,0
SESS-335184,Desktop,,29.781313459209645,0
SESS-418696,Mobile,,29.781313459209645,0
SESS-308329,Mobile, leather shoes ,29.781313459209645,1
SESS-749070,Tablet,,29.781313459209645,0
SESS-495492,Mobile,IPHONE 14,29.781313459209645,0
SESS-159590,Tablet,  shoes leather  ,29.781313459209645,0
SESS-437618,Mobile, leather shoes ,29.781313459209645,0
SESS-920817,Mobile,,29.781313459209645,1
SESS-818185,Tablet, leather shoes ,29.781313459209645,0
SESS-333686,Desktop,N/A,40056.57333111015,1
SESS-139232,Desktop, leather shoes ,29.781313459209645,0
SESS-756647,Desktop,IPHONE 14,29.781313459209645,0
SESS-614409,Desktop,N/A,29.781313459209645,0
SESS-966944,Mobile,N/A,29.781313459209645,0
SESS-109092,Desktop, leather shoes ,29.781313459209645,0
SESS-424848,Desktop,summer dress,29.781313459209645,1
SESS-706731,Desktop,N/A,29.781313459209645,0
SESS-215232,Desktop, leather shoes ,29.781313459209645,0
SESS-614079,Mobile, leather shoes ,29.781313459209645,1
SESS-705127,Desktop,IPHONE 14,29.781313459209645,0
SESS-501439,Mobile,N/A,29.781313459209645,0
SESS-520119,Mobile, leather shoes ,29.781313459209645,0
SESS-347590,Mobile,N/A,29.781313459209645,0
SESS-254352,Tablet,N/A,29.781313459209645,0
SESS-328541,Mobile,IPHONE 14,29.781313459209645,0
SESS-729964,Mobile, leather shoes ,29.781313459209645,0
SESS-169037,Mobile,N/A,29.781313459209645,0
SESS-647694,Mobile,,29.781313459209645,1
SESS-606528,Desktop,N/A,29.781313459209645,0
SESS-643176,Mobile, leather shoes ,29.781313459209645,0
SESS-336038,Tablet,  shoes leather  ,29.781313459209645,1
SESS-103224,Mobile,,29.781313459209645,0
SESS-573724,BOT_UNKNOWN, leather shoes ,29.781313459209645,0
SESS-900217,Mobile,  shoes leather  ,29.781313459209645,0
SESS-818118,Mobile,summer dress,29.781313459209645,0
SESS-944817,Mobile, leather shoes ,29.781313459209645,0
SESS-908640,Desktop, leather shoes ,29.781313459209645,0
SESS-929470,Mobile,IPHONE 14,29.781313459209645,0
SESS-699214,Mobile,N/A,29.781313459209645,0
SESS-405657,Tablet, leather shoes ,29.781313459209645,0
SESS-108514,Mobile,summer dress,29.781313459209645,0
SESS-975229,Mobile,summer dress,29.781313459209645,1
SESS-974578,Mobile, leather shoes ,29.781313459209645,0
SESS-748686,Tablet,  shoes leather  ,29.781313459209645,0
SESS-959321,Mobile, leather shoes ,29.781313459209645,1
SESS-266169,Mobile, leather shoes ,29.781313459209645,0
SESS-924290,Mobile,,29.781313459209645,0
SESS-611664,BOT_UNKNOWN, leather shoes ,29.781313459209645,0
SESS-154680,Desktop,  shoes leather  ,29.781313459209645,0
SESS-166908,Mobile,N/A,29.781313459209645,0
SESS-206995,Mobile,  shoes leather  ,29.781313459209645,0
SESS-451175,Desktop, leather shoes ,29.781313459209645,0
SESS-399290,Mobile,,29.781313459209645,0
SESS-498050,Desktop,summer dress,29.781313459209645,0
SESS-639710,Mobile,N/A,29.781313459209645,1
SESS-776957,Desktop,,29.781313459209645,0
SESS-112516,Mobile,N/A,29.781313459209645,1
SESS-324096,Desktop,IPHONE 14,29.781313459209645,0
SESS-466041,Tablet,IPHONE 14,29.781313459209645,1
SESS-990336,Mobile,summer dress,29.781313459209645,0
SESS-839865,Desktop,summer dress,29.781313459209645,0
SESS-161553,Desktop,  shoes leather  ,29.781313459209645,0
SESS-733670,Mobile,,29.781313459209645,0
SESS-396839,Desktop,N/A,29.781313459209645,0
SESS-491412,Mobile,summer dress,29.781313459209645,1
SESS-102565,Mobile,summer dress,29.781313459209645,0
SESS-320412,Mobile,,29.781313459209645,1
SESS-454199,Mobile,,29.781313459209645,0
SESS-535693,Mobile,  shoes leather  ,29.781313459209645,0
SESS-976244,Tablet, leather shoes ,29.781313459209645,0
SESS-713504,Mobile,  shoes leather  ,29.781313459209645,0
SESS-181604,Desktop,IPHONE 14,29.781313459209645,0
SESS-304913,Desktop,N/A,29.781313459209645,0
SESS-772403,Mobile,N/A,29.781313459209645,0
SESS-122211,Mobile,summer dress,29.781313459209645,0
SESS-417612,Mobile,N/A,29.781313459209645,0
SESS-584389,Desktop,N/A,29.781313459209645,0
SESS-138188,Mobile, leather shoes ,29.781313459209645,0
SESS-174002,BOT_UNKNOWN, leather shoes ,29.781313459209645,1
SESS-128823,Mobile,,29.781313459209645,0
SESS-319258,Mobile, leather shoes ,29.781313459209645,1
SESS-220605,Mobile,IPHONE 14,29.781313459209645,0
SESS-147612,Desktop, leather shoes ,29.781313459209645,0
SESS-879531,Mobile,IPHONE 14,29.781313459209645,0
SESS-283358,Mobile, leather shoes ,29.781313459209645,0
SESS-190923,Desktop,summer dress,29.781313459209645,0
SESS-960180,Desktop,,29.781313459209645,1
SESS-554843,Desktop,,29.781313459209645,0
SESS-932379,Mobile,summer dress,29.781313459209645,0
SESS-287794,Mobile,N/A,29.781313459209645,0
SESS-744951,Desktop, leather shoes ,29.781313459209645,0
SESS-131430,Mobile, leather shoes ,29.781313459209645,0
SESS-916030,Mobile, leather shoes ,29.781313459209645,0
SESS-597236,Desktop, leather shoes ,29.781313459209645,0
SESS-318409,Mobile, leather shoes ,29.781313459209645,0
SESS-180197,Mobile,,29.781313459209645,0
SESS-373663,Desktop, leather shoes ,29.781313459209645,0
SESS-883881,Mobile,,29.781313459209645,0
SESS-979066,Mobile,,29.781313459209645,1
SESS-452167,Desktop,summer dress,29.781313459209645,0
SESS-557785,Mobile,N/A,29.781313459209645,1
SESS-284770,Mobile,summer dress,29.781313459209645,0
SESS-556376,Desktop,,29.781313459209645,0
SESS-985206,Mobile,IPHONE 14,29.781313459209645,0
SESS-293802,Mobile,summer dress,29.781313459209645,0
SESS-599436,Tablet,IPHONE 14,29.781313459209645,0
SESS-290172,Mobile,  shoes leather  ,29.781313459209645,0
SESS-606387,Tablet,summer dress,29.781313459209645,0
SESS-626300,Desktop,,29.781313459209645,0
SESS-356212,Mobile, leather shoes ,29.781313459209645,1
SESS-856444,Mobile, leather shoes ,29.781313459209645,0
SESS-313477,Desktop,  shoes leather  ,29.781313459209645,1
SESS-648805,Mobile, leather shoes ,29.781313459209645,0
SESS-387487,Mobile, leather shoes ,29.781313459209645,0
SESS-885690,Mobile,IPHONE 14,29.781313459209645,0
SESS-493453,Mobile,summer dress,29.781313459209645,0
SESS-337792,Mobile, leather shoes ,29.781313459209645,0
SESS-880238,Mobile,IPHONE 14,29.781313459209645,0
SESS-458269,Mobile, leather shoes ,29.781313459209645,0
SESS-902003,Mobile,,29.781313459209645,0
SESS-386230,Mobile,N/A,29.781313459209645,0
SESS-794580,Mobile,N/A,29.781313459209645,1
SESS-601855,Mobile,  shoes leather  ,29.781313459209645,0
SESS-126969,Mobile,summer dress,29.781313459209645,0
SESS-629610,Desktop, leather shoes ,29.781313459209645,1
SESS-903063,Mobile,  shoes leather  ,29.781313459209645,0
SESS-462373,Mobile,N/A,29.781313459209645,1
SESS-304061,Desktop,N/A,29.781313459209645,0
SESS-333140,Mobile,summer dress,29.781313459209645,0
SESS-849485,Mobile, leather shoes ,29.781313459209645,0
SESS-384721,Desktop,,29.781313459209645,0
SESS-768815,Desktop, leather shoes ,29.781313459209645,0
SESS-505311,Desktop, leather shoes ,29.781313459209645,0
SESS-749707,Mobile,summer dress,40056.57333111015,0
SESS-746130,Mobile,summer dress,29.781313459209645,0
SESS-704605,Mobile, leather shoes ,29.781313459209645,0
SESS-228572,Desktop,summer dress,29.781313459209645,0
SESS-242039,Mobile,IPHONE 14,29.781313459209645,0
SESS-979064,Desktop,summer dress,29.781313459209645,0
SESS-150109,Desktop,summer dress,40056.57333111015,0
SESS-371446,Mobile,summer dress,29.781313459209645,1
SESS-967703,Mobile,N/A,29.781313459209645,0
SESS-968660,Mobile,IPHONE 14,29.781313459209645,0
SESS-272595,Mobile,IPHONE 14,29.781313459209645,1
SESS-456689,BOT_UNKNOWN,N/A,29.781313459209645,0
SESS-799991,Desktop,summer dress,29.781313459209645,0
SESS-615256,Mobile,,29.781313459209645,0
SESS-457404,Desktop, leather shoes ,29.781313459209645,1
SESS-362394,Mobile, leather shoes ,29.781313459209645,0
SESS-113120,Desktop,IPHONE 14,29.781313459209645,0
SESS-756900,Mobile,,29.781313459209645,0
SESS-459566,Mobile,  shoes leather  ,29.781313459209645,0
SESS-114739,Tablet,N/A,29.781313459209645,0
SESS-724920,Tablet, leather shoes ,29.781313459209645,0
SESS-693239,Tablet,,29.781313459209645,0
SESS-888794,Desktop,  shoes leather  ,29.781313459209645,0
SESS-637920,Mobile, leather shoes ,29.781313459209645,0
SESS-127967,Mobile,summer dress,29.781313459209645,0
SESS-317125,Desktop, leather shoes ,29.781313459209645,0
SESS-209138,Mobile, leather shoes ,29.781313459209645,0
SESS-833969,Mobile,summer dress,40056.57333111015,1
SESS-433221,Desktop, leather shoes ,29.781313459209645,0
SESS-958029,Mobile,summer dress,29.781313459209645,1
SESS-350374,Desktop,IPHONE 14,29.781313459209645,0
SESS-558624,Desktop,summer dress,29.781313459209645,0
SESS-847105,Desktop,  shoes leather  ,29.781313459209645,0
SESS-851970,Mobile,summer dress,29.781313459209645,0
SESS-336114,Desktop,  shoes leather  ,29.781313459209645,0
SESS-553038,Mobile, leather shoes ,29.781313459209645,0
SESS-901462,Mobile,IPHONE 14,40056.57333111015,0
SESS-669639,Desktop,summer dress,29.781313459209645,1
SESS-713317,Desktop,summer dress,29.781313459209645,1
SESS-576415,BOT_UNKNOWN,IPHONE 14,29.781313459209645,1
SESS-471294,Mobile,N/A,29.781313459209645,1
SESS-288796,Desktop,IPHONE 14,29.781313459209645,0
SESS-824380,Mobile,IPHONE 14,29.781313459209645,0
SESS-223316,Mobile,IPHONE 14,29.781313459209645,0
SESS-709263,Tablet, leather shoes ,29.781313459209645,0
SESS-840412,Mobile,,29.781313459209645,0
SESS-986014,Desktop,  shoes leather  ,29.781313459209645,0
SESS-396234,Mobile,IPHONE 14,29.781313459209645,0
SESS-724596,Mobile, leather shoes ,29.781313459209645,0
SESS-288807,Mobile,  shoes leather  ,29.781313459209645,0
SESS-722271,BOT_UNKNOWN, leather shoes ,29.781313459209645,0
SESS-629410,Desktop,IPHONE 14,29.781313459209645,0
SESS-654235,Mobile,summer dress,29.781313459209645,0
SESS-882082,Mobile, leather shoes ,29.781313459209645,0
SESS-619353,Mobile,summer dress,29.781313459209645,0
SESS-759050,Tablet,IPHONE 14,29.781313459209645,0
SESS-457575,BOT_UNKNOWN,summer dress,29.781313459209645,0
SESS-381785,Mobile, leather shoes ,29.781313459209645,0
SESS-274485,Desktop, leather shoes ,29.781313459209645,0
SESS-497975,Desktop, leather shoes ,29.781313459209645,0
SESS-199398,Desktop, leather shoes ,29.781313459209645,1
SESS-202393,Mobile,summer dress,29.781313459209645,0
SESS-263557,Desktop, leather shoes ,29.781313459209645,0
SESS-209122,Mobile,  shoes leather  ,29.781313459209645,0
SESS-270105,Tablet,  shoes leather  ,29.781313459209645,0
SESS-856437,Mobile, leather shoes ,29.781313459209645,0
SESS-417858,Tablet,N/A,29.781313459209645,0
SESS-267841,Tablet, leather shoes ,29.781313459209645,0
SESS-512592,Mobile,N/A,29.781313459209645,0
SESS-367665,Mobile,IPHONE 14,29.781313459209645,0
SESS-322042,Desktop,summer dress,29.781313459209645,1
SESS-607537,Mobile,  shoes leather  ,29.781313459209645,1
SESS-256673,Mobile,IPHONE 14,29.781313459209645,0
SESS-700716,Mobile, leather shoes ,29.781313459209645,0
SESS-371259,Desktop,IPHONE 14,29.781313459209645,0
SESS-897084,Desktop, leather shoes ,29.781313459209645,0
SESS-956475,Mobile,,29.781313459209645,0
SESS-958684,Mobile,IPHONE 14,29.781313459209645,0
SESS-307687,Mobile,summer dress,29.781313459209645,0
SESS-286806,Mobile,summer dress,29.781313459209645,0
SESS-201754,Mobile,,29.781313459209645,0
SESS-276620,Mobile,summer dress,29.781313459209645,0
SESS-734751,Mobile, leather shoes ,29.781313459209645,0
SESS-685568,Desktop,N/A,29.781313459209645,0
SESS-582544,Desktop,,29.781313459209645,0
SESS-564792,Mobile, leather shoes ,29.781313459209645,0
SESS-837749,Desktop,IPHONE 14,29.781313459209645,0
SESS-350410,Mobile,summer dress,29.781313459209645,0
SESS-701660,Mobile,summer dress,29.781313459209645,0
SESS-354190,Desktop,IPHONE 14,29.781313459209645,0
SESS-937549,Mobile,summer dress,29.781313459209645,0
SESS-829884,Mobile,summer dress,29.781313459209645,0
SESS-384432,Mobile, leather shoes ,29.781313459209645,0
SESS-306340,Desktop, leather shoes ,29.781313459209645,0
SESS-592076,Tablet,IPHONE 14,29.781313459209645,0
SESS-512366,Desktop, leather shoes ,29.781313459209645,0
SESS-465531,Desktop,,29.781313459209645,0
SESS-501634,Desktop, leather shoes ,29.781313459209645,0
SESS-208942,Mobile, leather shoes ,29.781313459209645,0
SESS-540181,Desktop, leather shoes ,29.781313459209645,0
SESS-261577,Mobile,IPHONE 14,29.781313459209645,0
SESS-971732,Mobile,summer dress,29.781313459209645,0
SESS-453845,Tablet,IPHONE 14,29.781313459209645,0
SESS-115206,Mobile,IPHONE 14,29.781313459209645,0
SESS-893162,Tablet,N/A,29.781313459209645,0
SESS-511191,Mobile, leather shoes ,29.781313459209645,0
SESS-767537,Tablet,IPHONE 14,29.781313459209645,0
SESS-898998,Tablet,summer dress,29.781313459209645,0
SESS-868021,Desktop, leather shoes ,29.781313459209645,1
SESS-409826,BOT_UNKNOWN,  shoes leather  ,29.781313459209645,0
SESS-392604,Mobile,IPHONE 14,29.781313459209645,0
SESS-265150,Mobile,,29.781313459209645,0
SESS-166124,Desktop,summer dress,29.781313459209645,0
SESS-856616,Mobile,IPHONE 14,29.781313459209645,0
SESS-394419,Tablet,,29.781313459209645,0
SESS-836851,Desktop,summer dress,29.781313459209645,0
SESS-588173,Desktop,IPHONE 14,29.781313459209645,0
SESS-198334,Tablet, leather shoes ,29.781313459209645,0
SESS-527649,Mobile,summer dress,29.781313459209645,0
SESS-521987,Desktop,summer dress,29.781313459209645,0
SESS-657570,Desktop,IPHONE 14,29.781313459209645,0
SESS-779853,Tablet,IPHONE 14,29.781313459209645,0
SESS-760633,Mobile,  shoes leather  ,29.781313459209645,0
SESS-631886,Mobile, leather shoes ,29.781313459209645,0
SESS-345091,Mobile,IPHONE 14,29.781313459209645,0
SESS-873317,Mobile,IPHONE 14,29.781313459209645,1
SESS-582558,Desktop,summer dress,29.781313459209645,1
SESS-146857,Desktop,summer dress,29.781313459209645,1
SESS-550567,Desktop, leather shoes ,29.781313459209645,0
SESS-910128,Desktop, leather shoes ,29.781313459209645,1
SESS-997141,Mobile,IPHONE 14,29.781313459209645,0
SESS-370718,Mobile,IPHONE 14,29.781313459209645,1
SESS-717780,Mobile, leather shoes ,29.781313459209645,0
SESS-551270,Mobile,summer dress,29.781313459209645,0
SESS-874369,Mobile,  shoes leather  ,29.781313459209645,0
SESS-803800,Mobile, leather shoes ,29.781313459209645,0
SESS-902219,BOT_UNKNOWN,summer dress,29.781313459209645,1
SESS-406632,Mobile, leather shoes ,29.781313459209645,0
SESS-903021,Mobile,IPHONE 14,29.781313459209645,0
SESS-506901,Mobile,summer dress,29.781313459209645,0
SESS-874543,Desktop, leather shoes ,29.781313459209645,0
SESS-336169,Mobile, leather shoes ,29.781313459209645,1
SESS-641852,Mobile,IPHONE 14,29.781313459209645,0
SESS-259091,Mobile,,29.781313459209645,0
SESS-386561,Mobile,summer dress,29.781313459209645,0
SESS-368199,Desktop, leather shoes ,29.781313459209645,0
SESS-212960,Mobile, leather shoes ,29.781313459209645,0
SESS-992504,Mobile, leather shoes ,29.781313459209645,1
SESS-803350,Desktop,IPHONE 14,29.781313459209645,0
SESS-261582,Mobile,IPHONE 14,29.781313459209645,0
SESS-278999,Mobile,summer dress,29.781313459209645,1
SESS-605997,Mobile,summer dress,29.781313459209645,1
SESS-345150,Mobile,N/A,29.781313459209645,0
SESS-138959,Mobile,  shoes leather  ,29.781313459209645,0
SESS-709226,Mobile,summer dress,29.781313459209645,0
SESS-996460,Mobile,IPHONE 14,29.781313459209645,0
SESS-627321,Tablet, leather shoes ,29.781313459209645,0
SESS-387615,Desktop,IPHONE 14,29.781313459209645,0
SESS-308940,Mobile,  shoes leather  ,29.781313459209645,0
SESS-698233,Desktop, leather shoes ,29.781313459209645,0
SESS-192182,Mobile, leather shoes ,29.781313459209645,0
SESS-638476,Mobile,  shoes leather  ,40056.57333111015,0
SESS-412239,Mobile,summer dress,29.781313459209645,0
SESS-129966,Mobile, leather shoes ,29.781313459209645,0
SESS-899531,Mobile,,29.781313459209645,0
SESS-662274,Mobile,IPHONE 14,29.781313459209645,1
SESS-118513,Desktop, leather shoes ,29.781313459209645,0
SESS-573174,Mobile,summer dress,29.781313459209645,1
SESS-743679,Desktop,IPHONE 14,29.781313459209645,0
SESS-351728,Mobile,summer dress,29.781313459209645,0
SESS-741747,Mobile,N/A,29.781313459209645,0
SESS-732428,Desktop, leather shoes ,29.781313459209645,0
SESS-530395,Mobile,,29.781313459209645,1
SESS-563380,Mobile,IPHONE 14,29.781313459209645,0
SESS-619858,Desktop,  shoes leather  ,29.781313459209645,1
SESS-859619,Mobile, leather shoes ,29.781313459209645,0
SESS-372582,Desktop,IPHONE 14,29.781313459209645,0
SESS-400328,Mobile,N/A,40056.57333111015,0
SESS-751528,Mobile, leather shoes ,29.781313459209645,0
SESS-384631,Desktop,IPHONE 14,29.781313459209645,0
SESS-907754,Desktop,,29.781313459209645,0
SESS-664071,Desktop,IPHONE 14,29.781313459209645,1
SESS-119663,Mobile,IPHONE 14,29.781313459209645,0
SESS-234301,Mobile,summer dress,29.781313459209645,0
SESS-744196,Mobile,  shoes leather  ,29.781313459209645,0
SESS-109916,Mobile, leather shoes ,29.781313459209645,0
SESS-668895,Mobile,IPHONE 14,29.781313459209645,0
SESS-676500,Mobile,summer dress,29.781313459209645,0
SESS-562695,Mobile,summer dress,29.781313459209645,0
SESS-206311,Mobile, leather shoes ,40056.57333111015,0
SESS-481376,Tablet,IPHONE 14,29.781313459209645,0
SESS-563182,Desktop,,29.781313459209645,0
SESS-816780,Mobile, leather shoes ,29.781313459209645,0
SESS-487341,Desktop,N/A,29.781313459209645,0
SESS-830791,Desktop,,29.781313459209645,0
SESS-808412,Mobile,IPHONE 14,29.781313459209645,0
SESS-348282,Mobile, leather shoes ,29.781313459209645,0
SESS-712251,BOT_UNKNOWN,N/A,29.781313459209645,0
SESS-853045,Mobile,summer dress,29.781313459209645,0
SESS-965896,Desktop,,29.781313459209645,1
SESS-689040,Mobile, leather shoes ,29.781313459209645,0
SESS-220986,Desktop,N/A,29.781313459209645,0
SESS-224199,Mobile, leather shoes ,29.781313459209645,0
SESS-245405,Tablet, leather shoes ,29.781313459209645,0
SESS-967281,Desktop, leather shoes ,29.781313459209645,0
SESS-809402,Desktop,IPHONE 14,29.781313459209645,0
SESS-737897,Mobile, leather shoes ,29.781313459209645,0
SESS-380455,Mobile,N/A,29.781313459209645,0
SESS-217163,Desktop,summer dress,29.781313459209645,0
SESS-611920,Tablet,  shoes leather  ,29.781313459209645,0
SESS-264722,Desktop,  shoes leather  ,29.781313459209645,0
SESS-647552,Mobile,IPHONE 14,29.781313459209645,0
SESS-128042,Desktop, leather shoes ,29.781313459209645,0
SESS-157703,Tablet, leather shoes ,29.781313459209645,0
SESS-290945,Mobile,,29.781313459209645,0
SESS-245653,BOT_UNKNOWN, leather shoes ,29.781313459209645,0
SESS-274066,Mobile,IPHONE 14,29.781313459209645,0
SESS-471722,Desktop,summer dress,29.781313459209645,0
SESS-835916,Mobile, leather shoes ,29.781313459209645,1
SESS-753390,Desktop, leather shoes ,29.781313459209645,0
SESS-342536,Mobile,summer dress,29.781313459209645,1
SESS-528223,Desktop, leather shoes ,29.781313459209645,0
SESS-231550,Tablet,summer dress,29.781313459209645,0
SESS-291479,BOT_UNKNOWN, leather shoes ,29.781313459209645,0
SESS-742814,Tablet,IPHONE 14,29.781313459209645,0
SESS-368722,Mobile, leather shoes ,29.781313459209645,0
SESS-470170,Mobile,N/A,29.781313459209645,0
SESS-849019,Mobile,summer dress,29.781313459209645,0
SESS-435739,Mobile,N/A,29.781313459209645,0
SESS-576408,Desktop,IPHONE 14,29.781313459209645,0
SESS-900012,Mobile, leather shoes ,29.781313459209645,0
SESS-730586,Mobile, leather shoes ,29.781313459209645,0
SESS-853661,Mobile, leather shoes ,29.781313459209645,0
SESS-333277,Tablet, leather shoes ,29.781313459209645,0
SESS-679910,Desktop,IPHONE 14,29.781313459209645,0
SESS-535836,BOT_UNKNOWN,  shoes leather  ,29.781313459209645,0
SESS-755693,Mobile,N/A,29.781313459209645,0
SESS-810908,Desktop, leather shoes ,29.781313459209645,0
SESS-211193,Mobile,,40056.57333111015,0
SESS-804856,Desktop, leather shoes ,29.781313459209645,0
SESS-554413,Mobile,N/A,29.781313459209645,0
SESS-268843,Mobile,  shoes leather  ,29.781313459209645,0
SESS-138862,Mobile,summer dress,29.781313459209645,0
SESS-619065,Mobile,  shoes leather  ,29.781313459209645,0
SESS-279118,BOT_UNKNOWN, leather shoes ,29.781313459209645,1
SESS-256695,Mobile, leather shoes ,29.781313459209645,0
SESS-677811,Desktop,summer dress,29.781313459209645,0
SESS-221050,Desktop,,29.781313459209645,0
SESS-781131,Mobile,summer dress,29.781313459209645,0
SESS-409187,Mobile,IPHONE 14,29.781313459209645,0
SESS-945240,Mobile, leather shoes ,29.781313459209645,1
SESS-857745,Mobile,IPHONE 14,29.781313459209645,0
SESS-782858,Mobile, leather shoes ,29.781313459209645,0
SESS-923166,Mobile, leather shoes ,29.781313459209645,0
SESS-835841,Tablet,IPHONE 14,29.781313459209645,0
SESS-453331,Tablet,  shoes leather  ,40056.57333111015,0
SESS-907734,Mobile, leather shoes ,29.781313459209645,1
SESS-785753,Mobile, leather shoes ,29.781313459209645,0
SESS-909883,Tablet,  shoes leather  ,29.781313459209645,0
SESS-285551,Mobile,summer dress,29.781313459209645,0
SESS-160813,Desktop,N/A,29.781313459209645,0
SESS-759290,Mobile,IPHONE 14,29.781313459209645,1
SESS-181212,Desktop,N/A,29.781313459209645,0
SESS-782841,Desktop,summer dress,29.781313459209645,0
SESS-208836,Mobile, leather shoes ,29.781313459209645,0
SESS-116140,Desktop, leather shoes ,29.781313459209645,0
SESS-567951,Mobile,summer dress,29.781313459209645,0
SESS-170868,Desktop,summer dress,29.781313459209645,0
SESS-655576,Mobile,  shoes leather  ,29.781313459209645,0
SESS-306806,Desktop, leather shoes ,29.781313459209645,0
SESS-284632,Mobile,,29.781313459209645,0
SESS-483104,Tablet, leather shoes ,29.781313459209645,0
SESS-799117,Desktop,,29.781313459209645,0
SESS-515911,Mobile,,29.781313459209645,0
SESS-919853,Tablet,IPHONE 14,29.781313459209645,1
SESS-932641,Mobile,IPHONE 14,29.781313459209645,0
SESS-218707,Mobile, leather shoes ,29.781313459209645,0
SESS-423801,Mobile, leather shoes ,29.781313459209645,0
SESS-551636,Mobile,,29.781313459209645,0
SESS-864717,Mobile,summer dress,40056.57333111015,0
SESS-329714,Mobile,,29.781313459209645,0
SESS-600553,Mobile,,29.781313459209645,0
SESS-218229,Mobile,IPHONE 14,29.781313459209645,0
SESS-216959,Mobile,summer dress,29.781313459209645,0
SESS-994811,Tablet, leather shoes ,29.781313459209645,0
SESS-107343,BOT_UNKNOWN,N/A,29.781313459209645,0
SESS-989710,Tablet, leather shoes ,29.781313459209645,0
SESS-821177,Tablet,,29.781313459209645,0
SESS-843168,Tablet,  shoes leather  ,29.781313459209645,0
SESS-611539,BOT_UNKNOWN,summer dress,29.781313459209645,1
SESS-957610,Mobile,N/A,29.781313459209645,0
SESS-480167,Mobile,IPHONE 14,29.781313459209645,0
SESS-751166,Mobile,IPHONE 14,29.781313459209645,0
SESS-909473,Mobile,N/A,29.781313459209645,0
SESS-738956,Tablet,summer dress,29.781313459209645,0
SESS-174600,Mobile,IPHONE 14,29.781313459209645,0
SESS-419296,Mobile,,29.781313459209645,0
SESS-267490,BOT_UNKNOWN,summer dress,29.781313459209645,0
SESS-949463,Mobile,summer dress,29.781313459209645,0
SESS-924926,Mobile,summer dress,29.781313459209645,1
SESS-781719,Desktop,  shoes leather  ,29.781313459209645,0
SESS-691613,Tablet,summer dress,29.781313459209645,0
SESS-436210,Mobile,N/A,29.781313459209645,0
SESS-342847,Mobile,IPHONE 14,29.781313459209645,0
SESS-307092,Mobile, leather shoes ,29.781313459209645,0
SESS-160713,Mobile, leather shoes ,29.781313459209645,0
SESS-140859,Mobile,summer dress,29.781313459209645,0
SESS-269017,Mobile, leather shoes ,29.781313459209645,0
SESS-822461,Mobile, leather shoes ,29.781313459209645,0
SESS-817769,Desktop,summer dress,29.781313459209645,0
SESS-179899,Mobile,IPHONE 14,29.781313459209645,0
SESS-195065,Desktop,IPHONE 14,29.781313459209645,0
SESS-576701,Desktop,,29.781313459209645,0
SESS-930169,Mobile,  shoes leather  ,29.781313459209645,0
SESS-496821,Desktop, leather shoes ,29.781313459209645,0
SESS-628907,Desktop,summer dress,29.781313459209645,0
SESS-812682,Desktop,summer dress,29.781313459209645,0
SESS-594634,Mobile,IPHONE 14,29.781313459209645,1
SESS-151587,Desktop,N/A,29.781313459209645,0
SESS-165886,BOT_UNKNOWN, leather shoes ,29.781313459209645,0
SESS-611660,Mobile,IPHONE 14,29.781313459209645,1
SESS-538735,Mobile,summer dress,29.781313459209645,0
SESS-349260,Desktop,summer dress,29.781313459209645,0
SESS-680939,Mobile,IPHONE 14,29.781313459209645,0
SESS-450498,Mobile,IPHONE 14,29.781313459209645,0
SESS-763629,BOT_UNKNOWN, leather shoes ,29.781313459209645,0
SESS-216276,Tablet, leather shoes ,29.781313459209645,0
SESS-266116,Mobile,  shoes leather  ,29.781313459209645,0
SESS-181930,Mobile,,29.781313459209645,0
SESS-912011,Desktop,  shoes leather  ,29.781313459209645,1
SESS-673383,Mobile,N/A,29.781313459209645,0
SESS-472276,Tablet,N/A,29.781313459209645,0
SESS-713251,Desktop,N/A,29.781313459209645,0
SESS-670794,Mobile,summer dress,29.781313459209645,0
SESS-502974,Mobile, leather shoes ,29.781313459209645,0
SESS-886987,Desktop,,29.781313459209645,0
SESS-499460,Mobile,,29.781313459209645,0
SESS-489239,Desktop,summer dress,29.781313459209645,1
SESS-379133,Mobile,N/A,29.781313459209645,0
SESS-156505,Mobile,N/A,29.781313459209645,0
SESS-450059,Desktop, leather shoes ,29.781313459209645,0
SESS-650736,Mobile, leather shoes ,29.781313459209645,0
SESS-971167,Desktop,N/A,29.781313459209645,0
SESS-381648,Mobile,,29.781313459209645,1
SESS-489425,BOT_UNKNOWN,IPHONE 14,29.781313459209645,0
SESS-123212,Mobile,IPHONE 14,29.781313459209645,0
SESS-300357,Mobile,summer dress,29.781313459209645,0
SESS-221648,Desktop, leather shoes ,29.781313459209645,0
SESS-100640,Desktop, leather shoes ,29.781313459209645,0
SESS-821682,Mobile,,29.781313459209645,0
SESS-803766,Mobile, leather shoes ,29.781313459209645,0
SESS-520413,Desktop,summer dress,29.781313459209645,0
SESS-869363,Desktop,IPHONE 14,29.781313459209645,0
SESS-794491,Mobile,  shoes leather  ,29.781313459209645,1
SESS-746416,BOT_UNKNOWN, leather shoes ,29.781313459209645,0
SESS-741781,BOT_UNKNOWN,N/A,29.781313459209645,0
SESS-618781,Mobile,  shoes leather  ,29.781313459209645,1
SESS-482463,Desktop,summer dress,29.781313459209645,0
SESS-857911,Tablet,IPHONE 14,29.781313459209645,0
SESS-842919,Mobile, leather shoes ,29.781313459209645,1
SESS-707281,Desktop,IPHONE 14,29.781313459209645,0
SESS-349293,Mobile,,29.781313459209645,0
SESS-261280,Mobile,summer dress,29.781313459209645,0
SESS-189416,Desktop,IPHONE 14,29.781313459209645,1
SESS-475423,Mobile,  shoes leather  ,29.781313459209645,1
SESS-226211,Mobile,  shoes leather  ,29.781313459209645,0
SESS-353990,Desktop,IPHONE 14,29.781313459209645,0
SESS-774726,Desktop,IPHONE 14,29.781313459209645,0
SESS-269057,Mobile,  shoes leather  ,29.781313459209645,0
SESS-658479,Mobile,IPHONE 14,29.781313459209645,0
SESS-397155,Mobile, leather shoes ,29.781313459209645,0
SESS-993055,Tablet,IPHONE 14,29.781313459209645,0
SESS-383949,Mobile,N/A,29.781313459209645,0
SESS-796823,Desktop,  shoes leather  ,29.781313459209645,0
SESS-487104,Desktop,IPHONE 14,29.781313459209645,0
SESS-105909,Mobile,,29.781313459209645,0
SESS-459381,Mobile, leather shoes ,29.781313459209645,0
SESS-384043,Desktop,N/A,29.781313459209645,0
SESS-310630,BOT_UNKNOWN,N/A,29.781313459209645,0
SESS-123652,Desktop, leather shoes ,29.781313459209645,1
SESS-875199,Desktop,summer dress,29.781313459209645,0
SESS-118789,Mobile,summer dress,29.781313459209645,0
SESS-532360,Mobile,,29.781313459209645,0
SESS-534260,Mobile,summer dress,29.781313459209645,0
SESS-336402,Tablet,  shoes leather  ,29.781313459209645,0
SESS-818210,Desktop, leather shoes ,29.781313459209645,1
SESS-339025,Mobile,summer dress,29.781313459209645,0
SESS-985059,Desktop,N/A,29.781313459209645,1
SESS-183204,Mobile, leather shoes ,29.781313459209645,0
SESS-834772,Desktop, leather shoes ,29.781313459209645,0
SESS-250160,Tablet, leather shoes ,29.781313459209645,0
SESS-259546,Tablet,summer dress,29.781313459209645,1
SESS-391954,Tablet,summer dress,29.781313459209645,1
SESS-642745,Mobile, leather shoes ,29.781313459209645,0
SESS-193433,Desktop,N/A,29.781313459209645,0
SESS-279682,Mobile,,29.781313459209645,0
SESS-508649,Desktop,IPHONE 14,29.781313459209645,1
SESS-854485,Desktop,N/A,29.781313459209645,1
SESS-489370,Desktop,IPHONE 14,29.781313459209645,0
SESS-528161,BOT_UNKNOWN,,29.781313459209645,0
SESS-803423,Desktop, leather shoes ,29.781313459209645,1
SESS-886070,BOT_UNKNOWN, leather shoes ,29.781313459209645,1
SESS-242938,Mobile,IPHONE 14,29.781313459209645,1
SESS-244624,Mobile,summer dress,29.781313459209645,0
SESS-834392,Mobile,IPHONE 14,29.781313459209645,0
SESS-182317,Mobile, leather shoes ,29.781313459209645,1
SESS-324376,Tablet, leather shoes ,29.781313459209645,0
SESS-272488,Mobile,  shoes leather  ,29.781313459209645,1
SESS-261591,Mobile,IPHONE 14,29.781313459209645,0
SESS-155773,Mobile,summer dress,29.781313459209645,0
SESS-348874,Mobile,IPHONE 14,29.781313459209645,1
SESS-313310,Mobile,summer dress,29.781313459209645,0
SESS-362215,Mobile, leather shoes ,29.781313459209645,0
SESS-297899,Desktop,N/A,29.781313459209645,1
SESS-714887,Mobile,summer dress,29.781313459209645,0
SESS-260797,Desktop,summer dress,29.781313459209645,0
SESS-522970,Mobile,IPHONE 14,29.781313459209645,0
SESS-568560,Tablet, leather shoes ,29.781313459209645,1
SESS-118778,BOT_UNKNOWN,IPHONE 14,29.781313459209645,0
SESS-290506,Mobile,N/A,29.781313459209645,0
SESS-519243,Tablet,  shoes leather  ,29.781313459209645,0
SESS-496079,Desktop,  shoes leather  ,29.781313459209645,0
SESS-478045,Mobile, leather shoes ,29.781313459209645,0
SESS-319057,BOT_UNKNOWN, leather shoes ,29.781313459209645,0
SESS-911936,Desktop, leather shoes ,29.781313459209645,1
SESS-695345,Mobile,IPHONE 14,29.781313459209645,0
SESS-320070,Mobile, leather shoes ,29.781313459209645,0
SESS-776857,Desktop,IPHONE 14,29.781313459209645,0
SESS-874270,BOT_UNKNOWN, leather shoes ,29.781313459209645,0
SESS-951599,Mobile,IPHONE 14,29.781313459209645,0
SESS-666734,Desktop,IPHONE 14,29.781313459209645,0
SESS-815107,Mobile,  shoes leather  ,29.781313459209645,0
SESS-135161,Mobile, leather shoes ,29.781313459209645,0
SESS-899060,Mobile, leather shoes ,29.781313459209645,1
SESS-585198,Mobile,summer dress,29.781313459209645,0
SESS-150471,Desktop,IPHONE 14,29.781313459209645,1
SESS-866578,Mobile,summer dress,29.781313459209645,0
SESS-503004,Mobile, leather shoes ,29.781313459209645,0
SESS-428735,Mobile,IPHONE 14,29.781313459209645,0
SESS-737914,Desktop, leather shoes ,29.781313459209645,0
SESS-336375,Mobile,N/A,29.781313459209645,0
SESS-487395,Desktop, leather shoes ,29.781313459209645,0
SESS-821039,Mobile, leather shoes ,29.781313459209645,0
SESS-298795,BOT_UNKNOWN, leather shoes ,29.781313459209645,1
SESS-511378,Tablet,,29.781313459209645,0
SESS-402139,Desktop,  shoes leather  ,29.781313459209645,0
SESS-811741,Mobile,,29.781313459209645,0
SESS-730169,Mobile,IPHONE 14,29.781313459209645,1
SESS-674295,Mobile,  shoes leather  ,29.781313459209645,0
SESS-612092,Mobile, leather shoes ,29.781313459209645,0
SESS-685717,Mobile,summer dress,40056.57333111015,0
SESS-453664,Mobile,IPHONE 14,29.781313459209645,1
SESS-933869,Desktop, leather shoes ,29.781313459209645,0
SESS-303249,Mobile, leather shoes ,40056.57333111015,1
SESS-961408,Mobile,summer dress,29.781313459209645,1
SESS-319591,Desktop, leather shoes ,29.781313459209645,0
SESS-702418,Mobile,N/A,29.781313459209645,0
SESS-899297,BOT_UNKNOWN, leather shoes ,29.781313459209645,0
SESS-876205,Tablet, leather shoes ,29.781313459209645,0
SESS-504797,Tablet, leather shoes ,29.781313459209645,1
SESS-408936,Desktop,,29.781313459209645,0
SESS-924657,Tablet,summer dress,29.781313459209645,0
SESS-302947,Mobile,summer dress,29.781313459209645,0
SESS-998790,Tablet,summer dress,29.781313459209645,0
SESS-112452,Mobile,summer dress,29.781313459209645,1
SESS-195607,Desktop,IPHONE 14,29.781313459209645,0
SESS-436151,Desktop,summer dress,29.781313459209645,1
SESS-654033,Mobile,N/A,29.781313459209645,0
SESS-685641,Mobile,summer dress,29.781313459209645,1
SESS-813696,Mobile,IPHONE 14,29.781313459209645,0
SESS-140182,Mobile, leather shoes ,29.781313459209645,0
SESS-209662,Mobile,  shoes leather  ,29.781313459209645,0
SESS-484757,Mobile,,29.781313459209645,1
SESS-212885,Desktop, leather shoes ,29.781313459209645,0
SESS-933988,Mobile, leather shoes ,29.781313459209645,0
SESS-582160,Mobile,summer dress,29.781313459209645,0
SESS-987554,Tablet,summer dress,29.781313459209645,1
SESS-369054,Desktop,  shoes leather  ,29.781313459209645,0
SESS-941092,Mobile,N/A,29.781313459209645,0
SESS-671669,Desktop, leather shoes ,29.781313459209645,0
SESS-363276,Mobile, leather shoes ,29.781313459209645,0
SESS-190568,Desktop,N/A,29.781313459209645,1
SESS-550461,Mobile, leather shoes ,29.781313459209645,0
SESS-642849,Mobile, leather shoes ,29.781313459209645,0
SESS-201522,Mobile,summer dress,29.781313459209645,0
SESS-286750,Desktop,summer dress,29.781313459209645,0
SESS-321767,Tablet, leather shoes ,29.781313459209645,0
SESS-758510,Mobile,  shoes leather  ,29.781313459209645,0
SESS-967858,Mobile, leather shoes ,29.781313459209645,0
SESS-201717,Desktop,IPHONE 14,29.781313459209645,0
SESS-852715,Mobile,  shoes leather  ,29.781313459209645,0
SESS-498261,BOT_UNKNOWN,,29.781313459209645,1
SESS-791080,Mobile,summer dress,29.781313459209645,0
SESS-820958,Desktop,IPHONE 14,29.781313459209645,0
SESS-209726,Desktop,,40056.57333111015,1
SESS-994774,Tablet,N/A,29.781313459209645,0
SESS-914087,Tablet,IPHONE 14,29.781313459209645,1
SESS-239232,Mobile,  shoes leather  ,29.781313459209645,1
SESS-374914,Mobile,summer dress,29.781313459209645,0
SESS-355282,Tablet, leather shoes ,29.781313459209645,0
SESS-197974,Mobile,IPHONE 14,29.781313459209645,0
SESS-323402,Mobile, leather shoes ,29.781313459209645,0
SESS-654544,Mobile,IPHONE 14,29.781313459209645,0
SESS-120788,Mobile, leather shoes ,29.781313459209645,0
SESS-671208,Desktop,IPHONE 14,29.781313459209645,0
SESS-668921,Mobile,IPHONE 14,29.781313459209645,0
SESS-753096,Tablet,summer dress,29.781313459209645,1
SESS-238678,Desktop,IPHONE 14,29.781313459209645,0
SESS-291321,Mobile,IPHONE 14,29.781313459209645,0
SESS-477673,Mobile,IPHONE 14,29.781313459209645,0
SESS-739634,Mobile,IPHONE 14,29.781313459209645,0
SESS-876431,Mobile,N/A,29.781313459209645,0
SESS-195723,Mobile,  shoes leather  ,29.781313459209645,0
SESS-592317,Mobile, leather shoes ,29.781313459209645,0
SESS-947255,Desktop, leather shoes ,29.781313459209645,1
SESS-879051,Desktop,N/A,29.781313459209645,0
SESS-550829,Mobile,summer dress,29.781313459209645,1
SESS-794120,Desktop, leather shoes ,29.781313459209645,0
SESS-273950,Mobile,IPHONE 14,29.781313459209645,0
SESS-755856,Mobile,summer dress,29.781313459209645,0
SESS-377549,Desktop,  shoes leather  ,29.781313459209645,0
SESS-657622,Mobile,N/A,29.781313459209645,0
SESS-404425,Desktop,  shoes leather  ,40056.57333111015,1
SESS-229811,Mobile,IPHONE 14,29.781313459209645,0
SESS-212286,Mobile,summer dress,29.781313459209645,0
SESS-142990,Mobile,IPHONE 14,29.781313459209645,0
SESS-652423,Desktop, leather shoes ,29.781313459209645,0
SESS-754194,Mobile,IPHONE 14,29.781313459209645,0
SESS-264845,Mobile, leather shoes ,29.781313459209645,0
SESS-366191,BOT_UNKNOWN,summer dress,29.781313459209645,0
SESS-178010,Mobile,N/A,29.781313459209645,0
SESS-612832,Mobile,IPHONE 14,29.781313459209645,0
SESS-330330,Mobile, leather shoes ,29.781313459209645,0
SESS-268411,Mobile, leather shoes ,40056.57333111015,0
SESS-589148,Desktop,,29.781313459209645,0
SESS-815441,Mobile,IPHONE 14,29.781313459209645,0
SESS-659787,Mobile,IPHONE 14,29.781313459209645,0
SESS-355006,Mobile,,29.781313459209645,0
SESS-213751,Desktop,IPHONE 14,29.781313459209645,0
SESS-591308,Desktop,summer dress,29.781313459209645,0
SESS-950236,Mobile,summer dress,29.781313459209645,0
SESS-523804,Desktop,summer dress,29.781313459209645,1
SESS-119708,Mobile, leather shoes ,29.781313459209645,0
SESS-949745,Mobile,IPHONE 14,29.781313459209645,0
SESS-332379,Mobile,IPHONE 14,29.781313459209645,0
SESS-389564,Desktop,  shoes leather  ,29.781313459209645,0
SESS-154636,Mobile, leather shoes ,29.781313459209645,0
SESS-668566,Mobile, leather shoes ,29.781313459209645,0
SESS-550345,Mobile, leather shoes ,29.781313459209645,0
SESS-604270,Desktop, leather shoes ,29.781313459209645,0
SESS-775808,Desktop,  shoes leather  ,29.781313459209645,0
SESS-770843,Mobile,summer dress,29.781313459209645,0
SESS-346195,Mobile,  shoes leather  ,29.781313459209645,0
SESS-873540,Desktop,IPHONE 14,29.781313459209645,0
SESS-202251,Mobile,  shoes leather  ,29.781313459209645,0
SESS-746425,Desktop,N/A,29.781313459209645,0
SESS-771163,Mobile,summer dress,29.781313459209645,0
SESS-396093,Desktop,IPHONE 14,29.781313459209645,0
SESS-346923,Mobile, leather shoes ,29.781313459209645,0
SESS-997415,Desktop, leather shoes ,29.781313459209645,0
SESS-811097,Mobile,summer dress,29.781313459209645,0
SESS-184744,Tablet,  shoes leather  ,29.781313459209645,1
SESS-690841,BOT_UNKNOWN,  shoes leather  ,29.781313459209645,0
SESS-330133,Mobile,summer dress,29.781313459209645,0
SESS-673247,Mobile,IPHONE 14,29.781313459209645,0
SESS-706337,Desktop,,29.781313459209645,0
SESS-458334,Mobile,,29.781313459209645,0
SESS-186658,Desktop,,29.781313459209645,0
SESS-664739,Mobile, leather shoes ,29.781313459209645,0
SESS-564917,Mobile,N/A,29.781313459209645,0
SESS-563601,Desktop,N/A,29.781313459209645,0
SESS-411654,Mobile,,29.781313459209645,1
SESS-728048,Mobile,summer dress,29.781313459209645,0
SESS-988057,Desktop,,29.781313459209645,1
SESS-510430,Mobile, leather shoes ,29.781313459209645,0
SESS-433026,Desktop,  shoes leather  ,29.781313459209645,0
SESS-297706,Desktop, leather shoes ,29.781313459209645,1
SESS-718316,Mobile,,29.781313459209645,0
SESS-266033,Mobile,,29.781313459209645,0
SESS-440633,Mobile, leather shoes ,29.781313459209645,0
SESS-972491,Tablet,summer dress,29.781313459209645,0
SESS-494723,Desktop,N/A,29.781313459209645,0
SESS-401997,Desktop, leather shoes ,29.781313459209645,0
SESS-926511,Mobile,,29.781313459209645,0
SESS-127980,Desktop,,29.781313459209645,0
SESS-668133,Desktop,,29.781313459209645,0
SESS-887805,Desktop, leather shoes ,29.781313459209645,0
SESS-557366,Desktop,,29.781313459209645,0
SESS-114125,Mobile,summer dress,29.781313459209645,0
SESS-540327,BOT_UNKNOWN,IPHONE 14,29.781313459209645,0
SESS-461813,Desktop,IPHONE 14,29.781313459209645,0
SESS-580751,Desktop,,29.781313459209645,0
SESS-468697,Mobile, leather shoes ,29.781313459209645,0
SESS-887555,Mobile, leather shoes ,29.781313459209645,0
SESS-743674,Mobile,IPHONE 14,29.781313459209645,0
SESS-686962,Tablet,,29.781313459209645,0
SESS-805602,Mobile,IPHONE 14,29.781313459209645,0
SESS-132933,Desktop,summer dress,29.781313459209645,0
SESS-568310,Mobile,,29.781313459209645,1
SESS-399527,Tablet,summer dress,29.781313459209645,1
SESS-715751,Mobile, leather shoes ,29.781313459209645,1
SESS-106906,Desktop, leather shoes ,29.781313459209645,1
SESS-124841,Tablet,summer dress,40056.57333111015,0
SESS-488200,Mobile,N/A,29.781313459209645,0
SESS-677041,Mobile,IPHONE 14,29.781313459209645,0
SESS-388906,Tablet,summer dress,29.781313459209645,1
SESS-447974,Desktop,IPHONE 14,29.781313459209645,0
SESS-820648,Mobile, leather shoes ,29.781313459209645,1
SESS-975458,Mobile,,29.781313459209645,1
SESS-678454,Desktop,IPHONE 14,29.781313459209645,0
SESS-669099,Desktop,,29.781313459209645,0
SESS-931598,Desktop,  shoes leather  ,29.781313459209645,0
SESS-440635,Mobile,,29.781313459209645,0
SESS-891524,Tablet, leather shoes ,29.781313459209645,1
SESS-434798,Mobile,IPHONE 14,29.781313459209645,0
SESS-102150,BOT_UNKNOWN,N/A,29.781313459209645,0
SESS-230578,Desktop,N/A,29.781313459209645,0
SESS-887184,Mobile,,29.781313459209645,1
SESS-799261,Desktop,summer dress,29.781313459209645,0
SESS-651254,Desktop, leather shoes ,40056.57333111015,1
SESS-856348,Desktop,IPHONE 14,29.781313459209645,0
SESS-836903,Mobile,IPHONE 14,29.781313459209645,0
SESS-440789,Mobile,IPHONE 14,29.781313459209645,1
SESS-604846,Mobile,IPHONE 14,29.781313459209645,0
SESS-257004,BOT_UNKNOWN,summer dress,40056.57333111015,0
SESS-333993,Mobile, leather shoes ,29.781313459209645,0
SESS-804247,Mobile, leather shoes ,29.781313459209645,0
SESS-195547,Desktop, leather shoes ,29.781313459209645,0
SESS-288176,Mobile,summer dress,29.781313459209645,0
SESS-207432,Desktop, leather shoes ,29.781313459209645,0
SESS-999540,Mobile,N/A,29.781313459209645,0
SESS-496039,Desktop,IPHONE 14,29.781313459209645,0
SESS-921728,Mobile,summer dress,29.781313459209645,0
SESS-210611,Desktop,N/A,29.781313459209645,0
SESS-272832,Mobile, leather shoes ,29.781313459209645,0
SESS-396396,Mobile,summer dress,29.781313459209645,0
SESS-336283,Desktop,  shoes leather  ,29.781313459209645,0
SESS-898209,Desktop,IPHONE 14,29.781313459209645,0
SESS-785942,Mobile, leather shoes ,29.781313459209645,0
SESS-803620,Mobile,N/A,29.781313459209645,0
SESS-647733,Mobile,  shoes leather  ,29.781313459209645,0
SESS-850879,Desktop,  shoes leather  ,29.781313459209645,0
SESS-258735,Mobile,  shoes leather  ,40056.57333111015,0
SESS-700191,Mobile,summer dress,29.781313459209645,0
SESS-873019,Tablet,  shoes leather  ,29.781313459209645,0
SESS-252982,Mobile,IPHONE 14,29.781313459209645,0
SESS-697549,Mobile,IPHONE 14,29.781313459209645,0
SESS-631387,Tablet,summer dress,40056.57333111015,0
SESS-130442,Mobile,N/A,29.781313459209645,0
SESS-496414,Mobile, leather shoes ,29.781313459209645,0
SESS-152255,Desktop,summer dress,29.781313459209645,0
SESS-323888,Mobile, leather shoes ,29.781313459209645,0
SESS-750779,Mobile,summer dress,29.781313459209645,0
SESS-113739,Desktop,N/A,29.781313459209645,0
SESS-185326,Mobile,IPHONE 14,29.781313459209645,0
SESS-650928,Tablet,  shoes leather  ,29.781313459209645,0
SESS-168004,Desktop,summer dress,29.781313459209645,1
SESS-774344,Desktop,IPHONE 14,29.781313459209645,1
SESS-460216,Mobile,IPHONE 14,29.781313459209645,0
SESS-956892,Mobile, leather shoes ,29.781313459209645,0
SESS-758504,Mobile,IPHONE 14,29.781313459209645,0
SESS-304715,Mobile,summer dress,29.781313459209645,0
SESS-581140,Desktop,summer dress,29.781313459209645,0
SESS-973238,Mobile, leather shoes ,29.781313459209645,0
SESS-247613,Mobile,IPHONE 14,29.781313459209645,1
SESS-890359,BOT_UNKNOWN, leather shoes ,29.781313459209645,1
SESS-507553,Mobile,summer dress,29.781313459209645,0
SESS-380072,Mobile,summer dress,29.781313459209645,0
SESS-594299,Desktop,N/A,29.781313459209645,0
SESS-910696,Desktop, leather shoes ,29.781313459209645,0
SESS-163769,Desktop,  shoes leather  ,29.781313459209645,1
SESS-704440,Mobile, leather shoes ,29.781313459209645,0
SESS-438055,Tablet, leather shoes ,29.781313459209645,0
SESS-589288,Mobile,  shoes leather  ,29.781313459209645,0
SESS-456819,Desktop,IPHONE 14,29.781313459209645,0
SESS-934606,Mobile, leather shoes ,29.781313459209645,0
SESS-847894,Tablet,summer dress,29.781313459209645,1
SESS-995036,Mobile, leather shoes ,29.781313459209645,0
SESS-806257,Mobile, leather shoes ,29.781313459209645,0
SESS-822911,Mobile, leather shoes ,40056.57333111015,0
SESS-479072,Desktop,summer dress,29.781313459209645,0
SESS-662804,Mobile, leather shoes ,29.781313459209645,0
SESS-267359,Desktop,summer dress,29.781313459209645,0
SESS-133424,Mobile,,40056.57333111015,0
SESS-901864,Desktop, leather shoes ,29.781313459209645,0
SESS-454137,Mobile,,29.781313459209645,0
SESS-507628,Mobile,N/A,40056.57333111015,0
SESS-196092,Desktop,IPHONE 14,29.781313459209645,0
SESS-322095,Mobile,summer dress,40056.57333111015,0
SESS-580605,Mobile, leather shoes ,29.781313459209645,0
SESS-196212,Mobile,  shoes leather  ,29.781313459209645,0
SESS-878288,Desktop, leather shoes ,29.781313459209645,0
SESS-390483,Tablet, leather shoes ,29.781313459209645,0
SESS-604299,Mobile, leather shoes ,29.781313459209645,0
SESS-592922,Tablet, leather shoes ,29.781313459209645,1
SESS-814898,Desktop, leather shoes ,40056.57333111015,0
SESS-559715,Tablet, leather shoes ,29.781313459209645,0
SESS-726703,Mobile,IPHONE 14,29.781313459209645,0
SESS-745199,Mobile, leather shoes ,29.781313459209645,1
SESS-284538,Mobile, leather shoes ,29.781313459209645,0
SESS-558048,Mobile,IPHONE 14,29.781313459209645,0
SESS-677033,Desktop, leather shoes ,29.781313459209645,0
SESS-161657,Mobile,N/A,29.781313459209645,0
SESS-789957,Mobile, leather shoes ,29.781313459209645,0
SESS-550856,Desktop,summer dress,29.781313459209645,0
SESS-258565,Tablet,,29.781313459209645,0
SESS-329809,Mobile,N/A,29.781313459209645,0
SESS-986235,Mobile,summer dress,29.781313459209645,0
SESS-485843,Mobile,IPHONE 14,29.781313459209645,0
SESS-326077,Tablet, leather shoes ,29.781313459209645,0
SESS-802886,Mobile,  shoes leather  ,29.781313459209645,0
SESS-769676,Mobile, leather shoes ,29.781313459209645,1
SESS-874204,Mobile,  shoes leather  ,29.781313459209645,0
SESS-226493,Desktop,summer dress,40056.57333111015,0
SESS-458498,BOT_UNKNOWN,IPHONE 14,29.781313459209645,0
SESS-208018,Mobile,IPHONE 14,29.781313459209645,0
SESS-711374,Mobile,summer dress,29.781313459209645,0
SESS-248542,Mobile,,29.781313459209645,0
SESS-129227,Mobile,IPHONE 14,29.781313459209645,0
SESS-575171,Mobile, leather shoes ,29.781313459209645,1
SESS-414074,Mobile,  shoes leather  ,29.781313459209645,0
SESS-135689,Mobile, leather shoes ,29.781313459209645,0
SESS-399996,Mobile,IPHONE 14,29.781313459209645,0
SESS-385862,Mobile,summer dress,29.781313459209645,0
SESS-770827,Desktop,N/A,29.781313459209645,0
SESS-789786,Mobile, leather shoes ,29.781313459209645,0
SESS-885511,Desktop,  shoes leather  ,29.781313459209645,0
SESS-837352,Desktop,N/A,29.781313459209645,0
SESS-349014,Mobile, leather shoes ,29.781313459209645,0
SESS-196502,Mobile,IPHONE 14,29.781313459209645,0
SESS-628987,Mobile,IPHONE 14,29.781313459209645,0
SESS-910766,Mobile,summer dress,29.781313459209645,0
SESS-143417,Tablet,,29.781313459209645,1
SESS-788317,Mobile, leather shoes ,29.781313459209645,0
SESS-914895,Desktop,IPHONE 14,29.781313459209645,0
SESS-971815,Mobile, leather shoes ,29.781313459209645,1
SESS-528424,Mobile,IPHONE 14,29.781313459209645,0
SESS-720127,Desktop, leather shoes ,29.781313459209645,1
SESS-143966,Tablet,summer dress,29.781313459209645,0
SESS-660577,Tablet, leather shoes ,29.781313459209645,0
SESS-727736,Desktop,summer dress,29.781313459209645,1
SESS-575997,Tablet,N/A,29.781313459209645,0
SESS-556272,Desktop,IPHONE 14,29.781313459209645,0
SESS-217692,Desktop,IPHONE 14,29.781313459209645,1
SESS-219328,Mobile, leather shoes ,29.781313459209645,0
SESS-757903,Mobile, leather shoes ,29.781313459209645,0
SESS-882328,Desktop,IPHONE 14,29.781313459209645,0
SESS-494850,Desktop,IPHONE 14,29.781313459209645,1
SESS-917635,Tablet,,40056.57333111015,0
SESS-186684,Desktop, leather shoes ,29.781313459209645,0
SESS-205736,Desktop,N/A,29.781313459209645,0
SESS-260504,Desktop, leather shoes ,29.781313459209645,0
SESS-312083,Mobile,summer dress,29.781313459209645,0
SESS-716839,Desktop,  shoes leather  ,29.781313459209645,0
SESS-720519,Mobile,IPHONE 14,29.781313459209645,0
SESS-263305,Desktop,summer dress,29.781313459209645,0
SESS-523009,Mobile,summer dress,29.781313459209645,0
SESS-254097,Desktop, leather shoes ,29.781313459209645,0
SESS-951381,Desktop,N/A,29.781313459209645,0
SESS-250085,Mobile,summer dress,29.781313459209645,0
SESS-873153,Mobile,N/A,29.781313459209645,0
SESS-670048,Desktop,  shoes leather  ,29.781313459209645,0
SESS-756413,Tablet,IPHONE 14,29.781313459209645,1
SESS-494528,Mobile,summer dress,29.781313459209645,0
SESS-914426,Desktop,IPHONE 14,29.781313459209645,1
SESS-134434,Mobile, leather shoes ,29.781313459209645,1
SESS-684335,Desktop,  shoes leather  ,29.781313459209645,0
SESS-620868,Desktop, leather shoes ,29.781313459209645,0
SESS-591050,Mobile,IPHONE 14,29.781313459209645,0
SESS-119990,Desktop,summer dress,29.781313459209645,0
SESS-825788,Mobile, leather shoes ,29.781313459209645,0
SESS-146645,Desktop,IPHONE 14,29.781313459209645,0
SESS-189802,Desktop,summer dress,29.781313459209645,0
SESS-926046,Tablet, leather shoes ,29.781313459209645,0
SESS-515177,Desktop, leather shoes ,29.781313459209645,0
SESS-572966,Mobile,  shoes leather  ,40056.57333111015,0
SESS-382323,Tablet,N/A,29.781313459209645,0
SESS-634737,Desktop,  shoes leather  ,29.781313459209645,0
SESS-495046,Mobile,IPHONE 14,29.781313459209645,0
SESS-767557,BOT_UNKNOWN,IPHONE 14,29.781313459209645,0
SESS-403827,Mobile,N/A,29.781313459209645,0
SESS-943152,Desktop, leather shoes ,29.781313459209645,0
SESS-677633,Desktop,N/A,29.781313459209645,1
SESS-189326,Mobile,,29.781313459209645,0
SESS-836450,Mobile,summer dress,29.781313459209645,0
SESS-323343,Desktop,IPHONE 14,29.781313459209645,0
SESS-101890,Mobile,IPHONE 14,29.781313459209645,0
SESS-243274,Desktop, leather shoes ,29.781313459209645,0
SESS-178205,Mobile, leather shoes ,29.781313459209645,0
SESS-945358,Mobile, leather shoes ,29.781313459209645,0
SESS-533950,Tablet,summer dress,29.781313459209645,0
SESS-336342,Desktop,  shoes leather  ,29.781313459209645,0
SESS-274663,Desktop, leather shoes ,29.781313459209645,0
SESS-301729,Mobile, leather shoes ,29.781313459209645,1
SESS-860779,Mobile,  shoes leather  ,29.781313459209645,0
SESS-645129,Mobile, leather shoes ,29.781313459209645,0
SESS-933518,Mobile,summer dress,29.781313459209645,1
SESS-186798,Tablet,IPHONE 14,29.781313459209645,0
SESS-366218,BOT_UNKNOWN, leather shoes ,29.781313459209645,0
SESS-312382,Desktop,,29.781313459209645,0
SESS-217063,Mobile, leather shoes ,29.781313459209645,0
SESS-329821,Mobile, leather shoes ,29.781313459209645,0
SESS-797300,Mobile,,29.781313459209645,0
SESS-462741,Desktop,IPHONE 14,29.781313459209645,0
SESS-177228,Mobile, leather shoes ,29.781313459209645,1
SESS-970385,Mobile,  shoes leather  ,29.781313459209645,0
SESS-191275,Mobile,summer dress,29.781313459209645,0
SESS-224742,Mobile,N/A,29.781313459209645,0
SESS-742652,Mobile,,29.781313459209645,1
SESS-491349,BOT_UNKNOWN,IPHONE 14,29.781313459209645,0
SESS-716751,Mobile,N/A,29.781313459209645,0
SESS-964861,Mobile,summer dress,40056.57333111015,0
SESS-510633,Mobile,,29.781313459209645,0
SESS-987193,Mobile, leather shoes ,29.781313459209645,0
SESS-113680,Desktop,IPHONE 14,29.781313459209645,0
SESS-170391,Mobile,  shoes leather  ,29.781313459209645,0
SESS-414198,Desktop,N/A,29.781313459209645,0
SESS-420213,Desktop,,29.781313459209645,1
SESS-816356,Desktop,  shoes leather  ,29.781313459209645,0
SESS-515574,Desktop,  shoes leather  ,29.781313459209645,0
SESS-839935,Desktop,N/A,29.781313459209645,1
SESS-982137,Mobile,summer dress,29.781313459209645,0
SESS-383058,Desktop, leather shoes ,29.781313459209645,0
SESS-247342,Desktop, leather shoes ,29.781313459209645,0
SESS-288870,Desktop,  shoes leather  ,29.781313459209645,0
SESS-400001,Desktop, leather shoes ,29.781313459209645,0
SESS-693704,Mobile, leather shoes ,29.781313459209645,1
SESS-102774,Mobile, leather shoes ,29.781313459209645,0
SESS-477109,Mobile,IPHONE 14,29.781313459209645,0
SESS-144993,Mobile,N/A,29.781313459209645,0
SESS-234966,Desktop,,29.781313459209645,0
SESS-244914,Mobile,summer dress,29.781313459209645,1
SESS-778464,Mobile,N/A,29.781313459209645,0
SESS-837430,Desktop, leather shoes ,29.781313459209645,0
SESS-368906,Tablet,  shoes leather  ,29.781313459209645,0
SESS-126264,Mobile, leather shoes ,29.781313459209645,0
SESS-816791,Tablet,summer dress,29.781313459209645,0
SESS-177048,Tablet,IPHONE 14,29.781313459209645,0
SESS-919577,Mobile,IPHONE 14,29.781313459209645,0
SESS-531510,Desktop,,29.781313459209645,0
SESS-966561,Tablet, leather shoes ,29.781313459209645,1
SESS-909066,Tablet,,29.781313459209645,0
SESS-778306,Desktop,  shoes leather  ,29.781313459209645,0
SESS-130904,BOT_UNKNOWN,,29.781313459209645,0
SESS-538016,Desktop, leather shoes ,29.781313459209645,0
SESS-763713,Mobile, leather shoes ,29.781313459209645,1
SESS-473291,Mobile,,29.781313459209645,0
SESS-437243,Tablet,IPHONE 14,29.781313459209645,0
SESS-471714,Tablet,N/A,29.781313459209645,1
SESS-679966,Mobile,summer dress,29.781313459209645,1
SESS-324900,Tablet,,29.781313459209645,0
SESS-110781,Mobile, leather shoes ,29.781313459209645,0
SESS-933808,Mobile,N/A,29.781313459209645,0
SESS-677028,Mobile,summer dress,29.781313459209645,0
SESS-294798,Mobile,  shoes leather  ,29.781313459209645,0
SESS-875749,Mobile, leather shoes ,29.781313459209645,0
SESS-425872,BOT_UNKNOWN, leather shoes ,29.781313459209645,0
SESS-154455,Desktop, leather shoes ,29.781313459209645,0
SESS-410245,Mobile,IPHONE 14,29.781313459209645,1
SESS-739173,Mobile, leather shoes ,29.781313459209645,0
SESS-975713,Mobile,summer dress,29.781313459209645,0
SESS-216919,BOT_UNKNOWN,,29.781313459209645,0
SESS-986765,Desktop,IPHONE 14,29.781313459209645,0
SESS-808350,Desktop,IPHONE 14,29.781313459209645,0
SESS-464479,Mobile,IPHONE 14,29.781313459209645,0
SESS-148471,Mobile,summer dress,29.781313459209645,0
SESS-276714,Mobile, leather shoes ,29.781313459209645,0
SESS-555805,Desktop, leather shoes ,29.781313459209645,1
SESS-197255,Mobile,  shoes leather  ,29.781313459209645,1
SESS-734923,Desktop,summer dress,29.781313459209645,0
SESS-362153,Tablet,summer dress,29.781313459209645,0
SESS-930409,Mobile,N/A,29.781313459209645,0
SESS-903239,Mobile,  shoes leather  ,29.781313459209645,0
SESS-875337,Tablet,summer dress,29.781313459209645,0
SESS-562950,Desktop,IPHONE 14,29.781313459209645,0
SESS-207612,Mobile,IPHONE 14,29.781313459209645,1
SESS-897501,Desktop,IPHONE 14,29.781313459209645,0
SESS-901530,Desktop,IPHONE 14,29.781313459209645,0
SESS-116189,Tablet, leather shoes ,29.781313459209645,0
SESS-508126,Desktop,  shoes leather  ,29.781313459209645,0
SESS-466511,Mobile, leather shoes ,29.781313459209645,1
SESS-988582,BOT_UNKNOWN,  shoes leather  ,29.781313459209645,0
SESS-889824,Desktop,  shoes leather  ,29.781313459209645,0
SESS-776769,Mobile,IPHONE 14,29.781313459209645,0
SESS-473688,Mobile, leather shoes ,29.781313459209645,0
SESS-564046,Mobile,summer dress,29.781313459209645,0
SESS-216578,Desktop,IPHONE 14,29.781313459209645,1
SESS-737301,Desktop,IPHONE 14,29.781313459209645,0
SESS-305042,Mobile,summer dress,29.781313459209645,1
SESS-895350,Mobile,IPHONE 14,29.781313459209645,0
SESS-833557,Mobile,summer dress,29.781313459209645,1
SESS-254177,Mobile,summer dress,29.781313459209645,0
SESS-818349,Desktop, leather shoes ,29.781313459209645,0
SESS-724565,Mobile, leather shoes ,29.781313459209645,0
SESS-918494,Mobile,IPHONE 14,29.781313459209645,0
SESS-842268,Desktop,  shoes leather  ,29.781313459209645,0
SESS-789037,Desktop, leather shoes ,29.781313459209645,0
SESS-784481,Mobile,summer dress,29.781313459209645,0
SESS-537873,Desktop,,29.781313459209645,1
SESS-976571,Mobile,summer dress,29.781313459209645,0
SESS-622899,Desktop,summer dress,29.781313459209645,0
SESS-994537,Mobile,summer dress,29.781313459209645,0
SESS-299991,Mobile,summer dress,29.781313459209645,0
SESS-104816,Mobile, leather shoes ,29.781313459209645,0
SESS-627583,Mobile,  shoes leather  ,29.781313459209645,1
SESS-890188,Mobile,summer dress,29.781313459209645,0
SESS-755068,Mobile,N/A,29.781313459209645,0
SESS-715275,Mobile, leather shoes ,29.781313459209645,0
SESS-954498,Desktop, leather shoes ,29.781313459209645,1
SESS-478762,Mobile, leather shoes ,29.781313459209645,0
SESS-867048,Mobile, leather shoes ,29.781313459209645,0
SESS-215870,Desktop, leather shoes ,29.781313459209645,0
SESS-772258,Desktop, leather shoes ,29.781313459209645,0
SESS-410922,Desktop,  shoes leather  ,29.781313459209645,0
SESS-438927,Mobile,IPHONE 14,29.781313459209645,0
SESS-723932,Tablet, leather shoes ,29.781313459209645,0
SESS-777213,Mobile,summer dress,29.781313459209645,1
SESS-597939,Desktop,IPHONE 14,29.781313459209645,0
SESS-890142,Desktop,N/A,29.781313459209645,0
SESS-207949,Mobile, leather shoes ,29.781313459209645,0
SESS-246188,Mobile,,29.781313459209645,0
SESS-361547,Mobile,N/A,29.781313459209645,0
SESS-392290,Tablet,summer dress,29.781313459209645,0
SESS-701617,Desktop, leather shoes ,29.781313459209645,0
SESS-755474,Tablet,IPHONE 14,29.781313459209645,0
SESS-870748,Mobile,,29.781313459209645,0
SESS-512854,Mobile,N/A,29.781313459209645,0
SESS-540989,Desktop,,29.781313459209645,0
SESS-279308,Desktop,IPHONE 14,29.781313459209645,0
SESS-637345,Tablet,summer dress,40056.57333111015,0
SESS-853795,Mobile,N/A,29.781313459209645,0
SESS-238730,Tablet, leather shoes ,29.781313459209645,0
SESS-504693,Desktop, leather shoes ,29.781313459209645,1
SESS-992031,Mobile, leather shoes ,29.781313459209645,1
SESS-787096,Desktop,  shoes leather  ,29.781313459209645,1
SESS-498964,Tablet,,29.781313459209645,0
SESS-173231,Desktop,N/A,29.781313459209645,0
SESS-791142,Mobile, leather shoes ,29.781313459209645,0
SESS-255895,Desktop,summer dress,29.781313459209645,0
SESS-847658,Tablet,,29.781313459209645,0
SESS-421964,Desktop, leather shoes ,29.781313459209645,0
SESS-898919,Mobile,summer dress,29.781313459209645,0
SESS-509582,Desktop,IPHONE 14,29.781313459209645,0
SESS-381871,Mobile,  shoes leather  ,29.781313459209645,0
SESS-962520,Tablet,,40056.57333111015,0
SESS-699368,Mobile,summer dress,29.781313459209645,0
SESS-194639,Mobile,IPHONE 14,29.781313459209645,0
SESS-925067,Mobile,IPHONE 14,29.781313459209645,1
SESS-652495,Mobile,summer dress,29.781313459209645,0
SESS-270239,Mobile,summer dress,29.781313459209645,1
SESS-579337,Mobile,,29.781313459209645,0
SESS-385172,Mobile,,29.781313459209645,0
SESS-124079,Desktop,summer dress,29.781313459209645,0
SESS-421453,Desktop,IPHONE 14,29.781313459209645,0
SESS-891398,Desktop, leather shoes ,29.781313459209645,0
SESS-490154,Desktop,,29.781313459209645,0
SESS-679504,Desktop,IPHONE 14,29.781313459209645,0
SESS-689257,Mobile,summer dress,29.781313459209645,0
SESS-331164,Desktop,IPHONE 14,29.781313459209645,0
SESS-764807,Mobile, leather shoes ,29.781313459209645,0
SESS-175222,Mobile,N/A,29.781313459209645,0
SESS-714337,Mobile,,29.781313459209645,0
SESS-725927,Desktop, leather shoes ,29.781313459209645,0
SESS-325312,Desktop,summer dress,29.781313459209645,1
SESS-175679,Tablet,N/A,29.781313459209645,1
SESS-217760,Desktop,summer dress,40056.57333111015,1
SESS-579463,Mobile, leather shoes ,29.781313459209645,0
SESS-929043,BOT_UNKNOWN, leather shoes ,29.781313459209645,1
SESS-994265,Desktop,  shoes leather  ,29.781313459209645,0
SESS-516400,Mobile,summer dress,29.781313459209645,0
SESS-937896,Desktop,  shoes leather  ,29.781313459209645,0
SESS-481669,Desktop,  shoes leather  ,29.781313459209645,0
SESS-418688,Mobile,summer dress,29.781313459209645,0
SESS-154764,Desktop,  shoes leather  ,29.781313459209645,0
SESS-114208,Desktop,N/A,29.781313459209645,0
SESS-573782,Mobile,summer dress,29.781313459209645,1
SESS-857762,Desktop, leather shoes ,29.781313459209645,0
SESS-258855,Tablet,summer dress,29.781313459209645,0
SESS-413470,Desktop,summer dress,29.781313459209645,0
SESS-366514,Mobile,IPHONE 14,29.781313459209645,0
SESS-407539,Desktop,  shoes leather  ,29.781313459209645,0
SESS-977964,Mobile,  shoes leather  ,29.781313459209645,0
SESS-655105,Desktop,N/A,29.781313459209645,0
SESS-587687,Mobile,summer dress,29.781313459209645,0
SESS-992787,Desktop,  shoes leather  ,29.781313459209645,0
SESS-522308,Mobile,summer dress,29.781313459209645,0
SESS-969015,Mobile,N/A,40056.57333111015,0
SESS-518222,Mobile,IPHONE 14,29.781313459209645,0
SESS-170485,BOT_UNKNOWN,IPHONE 14,29.781313459209645,0
SESS-616995,Mobile,  shoes leather  ,29.781313459209645,0
SESS-738276,Desktop,IPHONE 14,29.781313459209645,0
SESS-426053,Mobile, leather shoes ,29.781313459209645,0
SESS-894474,Desktop,N/A,29.781313459209645,0
SESS-927948,Desktop,,29.781313459209645,0
SESS-130770,Mobile,summer dress,29.781313459209645,0
SESS-402834,Mobile,  shoes leather  ,29.781313459209645,1
SESS-426486,Desktop, leather shoes ,29.781313459209645,0
SESS-454461,Desktop, leather shoes ,29.781313459209645,0
SESS-818315,Mobile,N/A,29.781313459209645,0
SESS-845440,Mobile,IPHONE 14,29.781313459209645,0
SESS-705858,Desktop,N/A,29.781313459209645,0
SESS-666415,Mobile, leather shoes ,29.781313459209645,0
SESS-145832,Tablet, leather shoes ,29.781313459209645,0
SESS-344606,Mobile,summer dress,29.781313459209645,0
SESS-239928,Desktop, leather shoes ,29.781313459209645,0
SESS-545817,BOT_UNKNOWN,summer dress,29.781313459209645,0
SESS-445398,Tablet,IPHONE 14,29.781313459209645,0
SESS-612037,Desktop,IPHONE 14,29.781313459209645,0
SESS-191595,Desktop,,29.781313459209645,1
SESS-212139,Desktop,IPHONE 14,29.781313459209645,0
SESS-642195,Mobile, leather shoes ,29.781313459209645,0
SESS-886135,Mobile,summer dress,29.781313459209645,0
SESS-723791,Desktop,,29.781313459209645,0
SESS-898836,Mobile, leather shoes ,29.781313459209645,0
SESS-819026,Desktop,,29.781313459209645,0
SESS-600659,Mobile,IPHONE 14,29.781313459209645,0
SESS-904069,Desktop,  shoes leather  ,29.781313459209645,0
SESS-911815,Mobile,IPHONE 14,29.781313459209645,1
SESS-360619,Desktop,IPHONE 14,29.781313459209645,0
SESS-239522,Mobile,N/A,29.781313459209645,1
SESS-187430,Mobile, leather shoes ,29.781313459209645,0
SESS-382944,Mobile,summer dress,29.781313459209645,1
SESS-116035,Mobile,  shoes leather  ,29.781313459209645,0
SESS-352885,Desktop,  shoes leather  ,29.781313459209645,0
SESS-904059,BOT_UNKNOWN,  shoes leather  ,29.781313459209645,0
SESS-361468,Desktop, leather shoes ,29.781313459209645,0
SESS-872778,Desktop,  shoes leather  ,29.781313459209645,0
SESS-585250,Mobile,summer dress,29.781313459209645,0
SESS-818142,Desktop,N/A,29.781313459209645,0
SESS-685339,Mobile,summer dress,29.781313459209645,0
SESS-658579,Desktop, leather shoes ,29.781313459209645,0
SESS-818988,Mobile, leather shoes ,29.781313459209645,0
SESS-273218,Desktop,summer dress,29.781313459209645,0
SESS-376965,Mobile,N/A,29.781313459209645,0
SESS-130982,Mobile,IPHONE 14,29.781313459209645,0
SESS-747212,BOT_UNKNOWN, leather shoes ,40056.57333111015,0
SESS-669376,Desktop,N/A,29.781313459209645,0
SESS-716146,Mobile,,40056.57333111015,0
SESS-230276,Desktop, leather shoes ,29.781313459209645,0
SESS-473951,Mobile,IPHONE 14,29.781313459209645,1
SESS-659476,BOT_UNKNOWN,summer dress,29.781313459209645,0
SESS-437829,Mobile,summer dress,29.781313459209645,0
SESS-776458,Mobile,IPHONE 14,29.781313459209645,0
SESS-428454,Mobile,N/A,29.781313459209645,0
SESS-940226,Desktop, leather shoes ,29.781313459209645,1
SESS-818886,Desktop, leather shoes ,29.781313459209645,0
SESS-303085,Desktop,IPHONE 14,29.781313459209645,0
SESS-714797,BOT_UNKNOWN,summer dress,29.781313459209645,0
SESS-401383,Mobile, leather shoes ,29.781313459209645,1
SESS-189474,Mobile, leather shoes ,29.781313459209645,0
SESS-110239,Mobile, leather shoes ,29.781313459209645,0
SESS-293126,Mobile, leather shoes ,29.781313459209645,0
SESS-627862,Desktop, leather shoes ,29.781313459209645,0
SESS-423564,Tablet,IPHONE 14,29.781313459209645,0
SESS-592512,Mobile,IPHONE 14,29.781313459209645,0
SESS-635450,Mobile,summer dress,29.781313459209645,0
SESS-245336,Mobile, leather shoes ,29.781313459209645,0
SESS-535416,Desktop, leather shoes ,29.781313459209645,0
SESS-488832,Mobile, leather shoes ,29.781313459209645,0
SESS-128253,Mobile, leather shoes ,29.781313459209645,0
SESS-854693,Tablet,  shoes leather  ,29.781313459209645,0
SESS-742231,Tablet,  shoes leather  ,29.781313459209645,0
SESS-704806,Tablet,  shoes leather  ,29.781313459209645,0
SESS-995677,Mobile,IPHONE 14,29.781313459209645,0
SESS-201056,Tablet,N/A,29.781313459209645,0
SESS-336420,Mobile, leather shoes ,29.781313459209645,0
SESS-381652,Desktop,summer dress,29.781313459209645,0
SESS-274311,Mobile,,29.781313459209645,0
SESS-325212,Mobile,summer dress,40056.57333111015,0
SESS-214303,Mobile,summer dress,29.781313459209645,0
SESS-443363,Mobile,summer dress,29.781313459209645,0
SESS-629182,Mobile, leather shoes ,29.781313459209645,1
SESS-406446,Tablet,IPHONE 14,29.781313459209645,0
SESS-829481,Desktop,N/A,29.781313459209645,0
SESS-444846,Mobile,summer dress,29.781313459209645,1
SESS-501999,Tablet,  shoes leather  ,29.781313459209645,0
SESS-420536,Mobile,summer dress,29.781313459209645,0
SESS-466784,Desktop, leather shoes ,29.781313459209645,0
SESS-857426,Tablet, leather shoes ,29.781313459209645,0
SESS-104269,Desktop,IPHONE 14,29.781313459209645,0
SESS-536675,Desktop, leather shoes ,29.781313459209645,0
SESS-365124,Mobile,N/A,29.781313459209645,1
SESS-466906,Mobile, leather shoes ,29.781313459209645,0
SESS-397283,Mobile,IPHONE 14,29.781313459209645,0
SESS-706199,Mobile,,29.781313459209645,1
SESS-263761,Mobile,summer dress,29.781313459209645,0
SESS-337035,Mobile, leather shoes ,40056.57333111015,0
SESS-179553,Mobile, leather shoes ,29.781313459209645,1
SESS-337499,Mobile,summer dress,29.781313459209645,0
SESS-862091,Mobile,,29.781313459209645,0
SESS-141226,Desktop,summer dress,29.781313459209645,0
SESS-900512,Desktop,  shoes leather  ,29.781313459209645,0
SESS-579286,Desktop, leather shoes ,29.781313459209645,0
SESS-900975,BOT_UNKNOWN,IPHONE 14,29.781313459209645,0
SESS-352765,Desktop,IPHONE 14,29.781313459209645,1
SESS-915446,Mobile,IPHONE 14,29.781313459209645,0
SESS-896992,Mobile,IPHONE 14,29.781313459209645,0
SESS-920355,Mobile,IPHONE 14,29.781313459209645,0
SESS-967549,Desktop,  shoes leather  ,29.781313459209645,0
SESS-456102,Desktop, leather shoes ,29.781313459209645,0
SESS-157138,Desktop,IPHONE 14,29.781313459209645,0
SESS-430383,Tablet,,29.781313459209645,0
SESS-293177,Tablet,,29.781313459209645,0
SESS-430823,Mobile,  shoes leather  ,29.781313459209645,0
SESS-418396,Tablet,,29.781313459209645,0
SESS-422726,BOT_UNKNOWN,  shoes leather  ,40056.57333111015,0
SESS-208488,Desktop,IPHONE 14,29.781313459209645,0
SESS-187697,Tablet, leather shoes ,29.781313459209645,0
SESS-658490,Mobile,  shoes leather  ,29.781313459209645,1
SESS-746382,Desktop, leather shoes ,29.781313459209645,0
SESS-911553,Mobile,IPHONE 14,29.781313459209645,0
SESS-926483,Mobile,IPHONE 14,29.781313459209645,0
SESS-171850,Desktop, leather shoes ,29.781313459209645,0
SESS-212392,Mobile,,29.781313459209645,0
SESS-266537,Desktop,summer dress,29.781313459209645,0
SESS-739385,BOT_UNKNOWN,IPHONE 14,29.781313459209645,0
SESS-145058,Desktop, leather shoes ,29.781313459209645,0
SESS-211132,Mobile, leather shoes ,29.781313459209645,0
SESS-238999,Mobile,,29.781313459209645,0
SESS-969282,Mobile,,29.781313459209645,0
SESS-220487,Mobile, leather shoes ,29.781313459209645,1
SESS-213448,Mobile,,29.781313459209645,0
SESS-996516,Mobile, leather shoes ,29.781313459209645,0
SESS-922655,Desktop, leather shoes ,29.781313459209645,1
SESS-411694,Mobile, leather shoes ,29.781313459209645,0
SESS-450880,Mobile,  shoes leather  ,29.781313459209645,0
SESS-897756,Desktop,N/A,29.781313459209645,0
SESS-780176,Mobile,IPHONE 14,29.781313459209645,1
SESS-511996,Tablet,N/A,29.781313459209645,0
SESS-799124,Mobile,summer dress,29.781313459209645,0
SESS-821924,Mobile,summer dress,29.781313459209645,0
SESS-270055,Desktop, leather shoes ,29.781313459209645,0
SESS-598482,Tablet, leather shoes ,29.781313459209645,0
SESS-394898,Mobile,IPHONE 14,29.781313459209645,0
SESS-290966,Mobile,IPHONE 14,29.781313459209645,0
SESS-496987,Mobile,IPHONE 14,29.781313459209645,1
SESS-734104,Tablet,IPHONE 14,29.781313459209645,0
SESS-481396,Mobile, leather shoes ,29.781313459209645,0
SESS-138418,Desktop,IPHONE 14,29.781313459209645,0
SESS-689862,Desktop,summer dress,29.781313459209645,0
SESS-919215,Tablet,IPHONE 14,29.781313459209645,0
SESS-217817,Mobile, leather shoes ,29.781313459209645,0
SESS-756939,Mobile, leather shoes ,29.781313459209645,0
SESS-548058,Mobile,  shoes leather  ,29.781313459209645,0
SESS-816381,Mobile,N/A,29.781313459209645,0
SESS-457770,Mobile, leather shoes ,29.781313459209645,0
SESS-886935,Mobile,summer dress,29.781313459209645,0
SESS-615630,Mobile,IPHONE 14,29.781313459209645,0
SESS-196197,Mobile,summer dress,29.781313459209645,0
SESS-186883,Desktop,summer dress,29.781313459209645,0
SESS-624816,Mobile,IPHONE 14,29.781313459209645,0
SESS-852995,Desktop, leather shoes ,29.781313459209645,0
SESS-909909,Desktop,N/A,29.781313459209645,0
SESS-649498,Desktop,  shoes leather  ,29.781313459209645,0
SESS-310427,Tablet, leather shoes ,40056.57333111015,0
SESS-112923,BOT_UNKNOWN,IPHONE 14,29.781313459209645,0
SESS-786791,Mobile,N/A,29.781313459209645,0
SESS-742358,Desktop, leather shoes ,29.781313459209645,1
SESS-571185,Desktop, leather shoes ,29.781313459209645,1
SESS-496940,Tablet,,29.781313459209645,1
SESS-153603,Mobile, leather shoes ,29.781313459209645,0
SESS-542488,Mobile,N/A,29.781313459209645,1
SESS-814340,Desktop, leather shoes ,29.781313459209645,0
SESS-997057,BOT_UNKNOWN, leather shoes ,29.781313459209645,0
SESS-402216,Tablet,IPHONE 14,29.781313459209645,0
SESS-719855,Mobile,IPHONE 14,29.781313459209645,0
SESS-181737,Desktop,  shoes leather  ,29.781313459209645,0
SESS-795672,Mobile,  shoes leather  ,29.781313459209645,0
SESS-458177,Mobile,summer dress,29.781313459209645,0
SESS-993617,Mobile, leather shoes ,29.781313459209645,0
SESS-636272,Tablet,,29.781313459209645,0
SESS-917298,Desktop,N/A,29.781313459209645,0
SESS-330044,Mobile,IPHONE 14,29.781313459209645,0
SESS-221949,Tablet, leather shoes ,29.781313459209645,0
SESS-487415,BOT_UNKNOWN,summer dress,29.781313459209645,0
SESS-904164,Desktop,summer dress,29.781313459209645,1
SESS-684261,Mobile,IPHONE 14,29.781313459209645,0
SESS-156559,Desktop,summer dress,29.781313459209645,0
SESS-127821,Mobile,summer dress,29.781313459209645,0
SESS-352887,Desktop,summer dress,29.781313459209645,0
SESS-738965,Desktop,summer dress,29.781313459209645,0
SESS-617264,BOT_UNKNOWN,,29.781313459209645,0
SESS-115426,Desktop,  shoes leather  ,29.781313459209645,0
SESS-827450,Desktop,summer dress,29.781313459209645,0
SESS-688931,Mobile,IPHONE 14,29.781313459209645,0
SESS-623014,Mobile, leather shoes ,29.781313459209645,0
SESS-578206,Mobile, leather shoes ,40056.57333111015,0
SESS-849747,Mobile,  shoes leather  ,29.781313459209645,0
SESS-497510,Mobile, leather shoes ,29.781313459209645,0
SESS-216710,Mobile,IPHONE 14,29.781313459209645,0
SESS-946891,Mobile,IPHONE 14,29.781313459209645,0
SESS-617482,Mobile,  shoes leather  ,29.781313459209645,0
SESS-313741,Mobile,IPHONE 14,29.781313459209645,0
SESS-788276,Desktop,,29.781313459209645,0
SESS-988416,Desktop,IPHONE 14,29.781313459209645,0
SESS-432072,Desktop,summer dress,29.781313459209645,0
SESS-591063,Tablet,IPHONE 14,29.781313459209645,0
SESS-319875,Desktop,summer dress,29.781313459209645,0
SESS-923743,Desktop,summer dress,29.781313459209645,0
SESS-899185,Mobile, leather shoes ,29.781313459209645,0
SESS-468819,Desktop,IPHONE 14,29.781313459209645,1
SESS-818650,Mobile,summer dress,29.781313459209645,0
SESS-367090,Mobile,N/A,29.781313459209645,0
SESS-788945,Mobile,  shoes leather  ,29.781313459209645,0
SESS-779532,Mobile, leather shoes ,29.781313459209645,0
SESS-142332,Mobile, leather shoes ,29.781313459209645,0
SESS-874081,Mobile,IPHONE 14,29.781313459209645,0
SESS-449401,Mobile,summer dress,29.781313459209645,0
SESS-357397,Mobile,summer dress,29.781313459209645,0
SESS-440388,Desktop,  shoes leather  ,29.781313459209645,0
SESS-805545,BOT_UNKNOWN, leather shoes ,40056.57333111015,0
SESS-821372,Mobile,IPHONE 14,29.781313459209645,0
SESS-178659,Mobile,summer dress,29.781313459209645,0
SESS-221350,Desktop,  shoes leather  ,29.781313459209645,0
SESS-602545,Desktop,IPHONE 14,29.781313459209645,0
SESS-828056,Tablet,N/A,29.781313459209645,0
SESS-842018,Desktop, leather shoes ,29.781313459209645,0
SESS-694784,Desktop,,29.781313459209645,0
SESS-629714,Mobile,N/A,29.781313459209645,0
SESS-533741,Mobile,IPHONE 14,29.781313459209645,1
SESS-995415,Mobile,  shoes leather  ,29.781313459209645,0
SESS-241999,Tablet, leather shoes ,29.781313459209645,0
SESS-510619,Mobile,summer dress,29.781313459209645,0
SESS-569846,Tablet,  shoes leather  ,29.781313459209645,0
SESS-459630,Mobile,N/A,29.781313459209645,0
SESS-402059,Mobile,,29.781313459209645,0
SESS-290692,BOT_UNKNOWN, leather shoes ,29.781313459209645,0
SESS-489216,Mobile,IPHONE 14,29.781313459209645,0
SESS-655891,Mobile, leather shoes ,29.781313459209645,0
SESS-296877,Mobile, leather shoes ,29.781313459209645,0
SESS-407464,BOT_UNKNOWN, leather shoes ,29.781313459209645,0
SESS-372906,Desktop,IPHONE 14,29.781313459209645,0
SESS-126072,Desktop, leather shoes ,29.781313459209645,0
SESS-629078,Mobile,summer dress,29.781313459209645,0
SESS-450506,Tablet, leather shoes ,29.781313459209645,0
SESS-191790,Desktop,summer dress,29.781313459209645,0
SESS-119732,BOT_UNKNOWN,summer dress,29.781313459209645,0
SESS-544651,Desktop,IPHONE 14,29.781313459209645,0
SESS-443071,Mobile,summer dress,40056.57333111015,0
SESS-149228,Mobile,,29.781313459209645,0
SESS-817946,Mobile,IPHONE 14,29.781313459209645,0
SESS-865134,Desktop,IPHONE 14,40056.57333111015,0
SESS-898150,Mobile,IPHONE 14,29.781313459209645,0
SESS-627076,Mobile,IPHONE 14,29.781313459209645,0
SESS-770324,Mobile, leather shoes ,29.781313459209645,0
SESS-561581,Mobile, leather shoes ,29.781313459209645,0
SESS-608753,Mobile,,29.781313459209645,0
SESS-900387,Tablet,IPHONE 14,29.781313459209645,0
SESS-926390,Mobile,summer dress,29.781313459209645,1
SESS-851204,Desktop, leather shoes ,29.781313459209645,0
SESS-351171,Mobile, leather shoes ,29.781313459209645,0
SESS-585201,Mobile,IPHONE 14,29.781313459209645,0
SESS-263246,Tablet, leather shoes ,29.781313459209645,1
SESS-405103,Mobile,summer dress,29.781313459209645,1
SESS-524859,Mobile, leather shoes ,29.781313459209645,0
SESS-774795,Desktop,summer dress,29.781313459209645,0
SESS-224637,Mobile,IPHONE 14,29.781313459209645,0
SESS-573280,Desktop,N/A,29.781313459209645,0
SESS-250272,Desktop, leather shoes ,29.781313459209645,0
SESS-427668,Mobile, leather shoes ,29.781313459209645,0
SESS-311947,BOT_UNKNOWN,summer dress,29.781313459209645,0
SESS-746335,Mobile,IPHONE 14,29.781313459209645,0
SESS-603085,Tablet,N/A,29.781313459209645,1
SESS-222146,BOT_UNKNOWN,IPHONE 14,29.781313459209645,0
SESS-919718,Mobile,IPHONE 14,29.781313459209645,0
SESS-736394,Tablet,N/A,29.781313459209645,1
SESS-181567,Tablet,IPHONE 14,29.781313459209645,0
SESS-510371,Desktop,N/A,29.781313459209645,0
SESS-767104,Desktop,,29.781313459209645,0
SESS-438358,Mobile,summer dress,29.781313459209645,1
SESS-944693,Mobile, leather shoes ,29.781313459209645,0
SESS-676491,Mobile,summer dress,29.781313459209645,1
SESS-840689,Mobile,IPHONE 14,40056.57333111015,0
SESS-969811,BOT_UNKNOWN, leather shoes ,29.781313459209645,0
SESS-933477,Mobile,  shoes leather  ,29.781313459209645,1
SESS-862142,Mobile,N/A,29.781313459209645,0
SESS-896084,Mobile,,29.781313459209645,0
SESS-588285,Mobile,IPHONE 14,29.781313459209645,0
SESS-416430,Mobile,  shoes leather  ,29.781313459209645,1
SESS-275618,Desktop,summer dress,29.781313459209645,0
SESS-150820,Mobile,N/A,29.781313459209645,0
SESS-614384,BOT_UNKNOWN,N/A,29.781313459209645,0
SESS-380905,Tablet,IPHONE 14,29.781313459209645,0
SESS-618535,Mobile,IPHONE 14,29.781313459209645,1
SESS-155612,Mobile,  shoes leather  ,29.781313459209645,0
SESS-917400,Mobile,summer dress,29.781313459209645,0
SESS-717271,Mobile,,29.781313459209645,0
SESS-953777,Mobile,  shoes leather  ,29.781313459209645,0
SESS-422901,BOT_UNKNOWN, leather shoes ,29.781313459209645,0
SESS-678153,Desktop,IPHONE 14,29.781313459209645,0
SESS-963339,Desktop,,29.781313459209645,0
SESS-932811,Tablet,IPHONE 14,29.781313459209645,0
SESS-249359,Desktop,summer dress,29.781313459209645,0
SESS-715269,BOT_UNKNOWN,N/A,29.781313459209645,0
SESS-670419,Desktop, leather shoes ,29.781313459209645,0
SESS-563715,Desktop,summer dress,29.781313459209645,1
SESS-131453,Mobile,  shoes leather  ,29.781313459209645,1
SESS-562128,Mobile,IPHONE 14,29.781313459209645,0
SESS-504729,BOT_UNKNOWN, leather shoes ,29.781313459209645,0
SESS-767339,Mobile,summer dress,29.781313459209645,0
SESS-525065,Tablet, leather shoes ,29.781313459209645,0
SESS-761835,Mobile,IPHONE 14,29.781313459209645,0
SESS-914896,Desktop, leather shoes ,29.781313459209645,1
SESS-566677,Mobile,IPHONE 14,29.781313459209645,0
SESS-943540,Tablet,summer dress,29.781313459209645,0
SESS-706969,Mobile,IPHONE 14,29.781313459209645,0
SESS-129875,Mobile, leather shoes ,29.781313459209645,0
SESS-284253,Mobile,N/A,29.781313459209645,0
SESS-793901,Tablet,summer dress,29.781313459209645,0
SESS-364468,Desktop, leather shoes ,29.781313459209645,1
SESS-268136,Mobile, leather shoes ,29.781313459209645,0
SESS-465010,Desktop,,29.781313459209645,0
SESS-625164,Mobile,summer dress,29.781313459209645,0
SESS-544787,Desktop,IPHONE 14,29.781313459209645,0
SESS-533533,Tablet,summer dress,29.781313459209645,0
SESS-696744,Mobile,summer dress,29.781313459209645,0
SESS-823534,Mobile,,29.781313459209645,0
SESS-813567,Mobile,  shoes leather  ,29.781313459209645,0
SESS-681366,Mobile,summer dress,29.781313459209645,0
SESS-548713,Desktop, leather shoes ,29.781313459209645,1
SESS-402709,Desktop, leather shoes ,29.781313459209645,0
SESS-335272,Mobile, leather shoes ,29.781313459209645,0
SESS-282575,Mobile,,29.781313459209645,0
SESS-639014,Tablet,summer dress,29.781313459209645,0
SESS-984574,Mobile, leather shoes ,29.781313459209645,0
SESS-959509,Desktop, leather shoes ,29.781313459209645,0
SESS-207580,Mobile,IPHONE 14,29.781313459209645,0
SESS-759302,Desktop,summer dress,29.781313459209645,0
SESS-677839,Mobile,N/A,29.781313459209645,0
SESS-232262,Mobile,IPHONE 14,29.781313459209645,0
SESS-942524,Mobile,IPHONE 14,29.781313459209645,1
SESS-579250,Mobile,summer dress,29.781313459209645,0
SESS-203632,Desktop, leather shoes ,29.781313459209645,0
SESS-250104,Tablet, leather shoes ,29.781313459209645,0
SESS-313879,Mobile,summer dress,29.781313459209645,0
SESS-701375,Mobile,IPHONE 14,29.781313459209645,0
SESS-747339,Mobile,N/A,29.781313459209645,0
SESS-583510,Desktop, leather shoes ,29.781313459209645,0
SESS-640003,Mobile, leather shoes ,29.781313459209645,0
SESS-981179,Desktop,  shoes leather  ,29.781313459209645,0
SESS-244524,Desktop,summer dress,29.781313459209645,0
SESS-897266,Mobile, leather shoes ,29.781313459209645,0
SESS-159154,Mobile,summer dress,29.781313459209645,0
SESS-591656,Desktop, leather shoes ,29.781313459209645,1
SESS-267371,BOT_UNKNOWN,,29.781313459209645,1
SESS-106314,Desktop, leather shoes ,29.781313459209645,0
SESS-327010,Mobile,,29.781313459209645,0
SESS-562822,Tablet,summer dress,29.781313459209645,0
SESS-586927,Mobile,  shoes leather  ,29.781313459209645,0
SESS-609649,Desktop,summer dress,29.781313459209645,0
SESS-446491,Mobile,summer dress,29.781313459209645,0
SESS-648630,Mobile,summer dress,29.781313459209645,0
SESS-239896,Mobile, leather shoes ,29.781313459209645,0
SESS-384006,Mobile, leather shoes ,29.781313459209645,0
SESS-285126,Desktop,  shoes leather  ,29.781313459209645,0
SESS-169683,Mobile,summer dress,29.781313459209645,1
SESS-430402,Desktop,IPHONE 14,29.781313459209645,0
SESS-900321,Desktop, leather shoes ,29.781313459209645,0
SESS-487278,BOT_UNKNOWN,,29.781313459209645,0
SESS-631172,Mobile,summer dress,29.781313459209645,0
SESS-301158,Desktop,  shoes leather  ,29.781313459209645,0
SESS-404359,Mobile,IPHONE 14,29.781313459209645,0
SESS-122043,Mobile, leather shoes ,29.781313459209645,0
SESS-969633,Mobile,summer dress,29.781313459209645,1
SESS-103204,BOT_UNKNOWN, leather shoes ,40056.57333111015,1
SESS-873614,Desktop,IPHONE 14,29.781313459209645,0
SESS-778100,Desktop, leather shoes ,29.781313459209645,0
SESS-399865,Mobile,  shoes leather  ,29.781313459209645,0
SESS-138184,Desktop,  shoes leather  ,29.781313459209645,0
SESS-984308,Mobile, leather shoes ,29.781313459209645,0
SESS-795380,Mobile,IPHONE 14,29.781313459209645,0
SESS-221477,Mobile,summer dress,29.781313459209645,0
SESS-519611,Mobile, leather shoes ,29.781313459209645,0
SESS-607068,Mobile,summer dress,29.781313459209645,0
SESS-202216,Tablet,  shoes leather  ,29.781313459209645,0
SESS-768846,Desktop,summer dress,29.781313459209645,0
SESS-655303,Mobile,summer dress,29.781313459209645,0
SESS-440694,Mobile,summer dress,29.781313459209645,0
SESS-458965,Mobile, leather shoes ,29.781313459209645,0
SESS-580906,Desktop,IPHONE 14,29.781313459209645,0
SESS-767205,Mobile,summer dress,29.781313459209645,0
SESS-922851,Desktop, leather shoes ,29.781313459209645,0
SESS-508537,Mobile, leather shoes ,40056.57333111015,1
SESS-797355,Mobile,summer dress,29.781313459209645,0
SESS-210360,Mobile,N/A,29.781313459209645,1
SESS-383987,Tablet,,29.781313459209645,0
SESS-437964,Desktop, leather shoes ,40056.57333111015,0
SESS-555591,Mobile,summer dress,40056.57333111015,0
SESS-966951,Desktop,summer dress,29.781313459209645,0
SESS-757166,Mobile,summer dress,29.781313459209645,0
SESS-780127,Desktop,IPHONE 14,29.781313459209645,0
SESS-473397,BOT_UNKNOWN,IPHONE 14,29.781313459209645,0
SESS-523501,Mobile,,29.781313459209645,0
SESS-277332,Mobile,IPHONE 14,29.781313459209645,0
SESS-471557,Mobile,,29.781313459209645,1
SESS-324235,Desktop,summer dress,29.781313459209645,0
SESS-648893,Mobile,summer dress,29.781313459209645,0
SESS-799752,Desktop, leather shoes ,29.781313459209645,0
SESS-889653,Tablet,  shoes leather  ,29.781313459209645,0
SESS-332328,Mobile, leather shoes ,29.781313459209645,0
SESS-450519,Mobile,,29.781313459209645,0
SESS-916485,Mobile,summer dress,29.781313459209645,1
SESS-933159,Mobile, leather shoes ,29.781313459209645,0
SESS-624110,Mobile, leather shoes ,40056.57333111015,0
SESS-485819,Desktop,,29.781313459209645,1
SESS-303184,Mobile,summer dress,29.781313459209645,0
SESS-806412,Mobile,,29.781313459209645,0
SESS-787063,Tablet, leather shoes ,40056.57333111015,0
SESS-302338,Desktop, leather shoes ,29.781313459209645,0
SESS-631744,Mobile, leather shoes ,29.781313459209645,0
SESS-374871,Mobile,IPHONE 14,29.781313459209645,1
SESS-722264,Desktop,  shoes leather  ,29.781313459209645,0
SESS-951384,Mobile, leather shoes ,29.781313459209645,0
SESS-923390,Mobile,summer dress,29.781313459209645,0
SESS-121375,Desktop, leather shoes ,29.781313459209645,0
SESS-971364,Mobile,summer dress,29.781313459209645,0
SESS-803855,Mobile,  shoes leather  ,29.781313459209645,0
SESS-637257,Mobile, leather shoes ,29.781313459209645,0
SESS-416162,Mobile,N/A,29.781313459209645,0
SESS-504506,Mobile,summer dress,29.781313459209645,0
SESS-971031,Mobile,N/A,29.781313459209645,0
SESS-728537,Mobile, leather shoes ,29.781313459209645,1
SESS-571589,Desktop,N/A,29.781313459209645,0
SESS-826148,Desktop, leather shoes ,29.781313459209645,0
SESS-794604,Mobile,IPHONE 14,29.781313459209645,1
SESS-270436,Mobile,IPHONE 14,29.781313459209645,1
SESS-592094,Tablet,summer dress,29.781313459209645,0
SESS-885554,Mobile,,29.781313459209645,0
SESS-969419,Desktop, leather shoes ,29.781313459209645,0
SESS-570464,Mobile, leather shoes ,29.781313459209645,0
SESS-997041,Desktop, leather shoes ,29.781313459209645,0
SESS-568806,Mobile,,29.781313459209645,0
SESS-362041,Tablet,IPHONE 14,29.781313459209645,0
SESS-531230,Desktop,summer dress,29.781313459209645,0
SESS-712198,Mobile,summer dress,29.781313459209645,0
SESS-237435,Desktop,,29.781313459209645,0
SESS-229381,Mobile, leather shoes ,29.781313459209645,0
SESS-802773,Mobile,,29.781313459209645,0
SESS-898911,Desktop,  shoes leather  ,29.781313459209645,0
SESS-379477,Desktop,  shoes leather  ,29.781313459209645,0
SESS-654002,Mobile,N/A,29.781313459209645,0
SESS-113135,Mobile,  shoes leather  ,29.781313459209645,0
SESS-345294,Desktop,  shoes leather  ,29.781313459209645,0
SESS-621557,Mobile,summer dress,29.781313459209645,1
SESS-753016,Tablet,N/A,29.781313459209645,0
SESS-348681,Desktop,IPHONE 14,29.781313459209645,1
SESS-866789,Mobile,IPHONE 14,29.781313459209645,0
SESS-752217,Mobile,summer dress,29.781313459209645,1
SESS-815649,Desktop,IPHONE 14,29.781313459209645,0
SESS-410467,Mobile, leather shoes ,29.781313459209645,0
SESS-982290,Mobile,IPHONE 14,29.781313459209645,0
SESS-383175,Desktop,N/A,29.781313459209645,0
SESS-445953,Desktop,IPHONE 14,29.781313459209645,1
SESS-485321,Desktop,summer dress,29.781313459209645,0
SESS-716092,Desktop,summer dress,29.781313459209645,0
SESS-494101,Mobile, leather shoes ,29.781313459209645,0
SESS-420912,Mobile,IPHONE 14,29.781313459209645,0
SESS-261996,Desktop,  shoes leather  ,29.781313459209645,0
SESS-137270,Desktop, leather shoes ,29.781313459209645,1
SESS-801064,BOT_UNKNOWN,IPHONE 14,29.781313459209645,0
SESS-948334,Desktop, leather shoes ,29.781313459209645,0
SESS-706947,Desktop, leather shoes ,29.781313459209645,1
SESS-939785,Mobile,IPHONE 14,29.781313459209645,0
SESS-553943,Mobile,summer dress,29.781313459209645,0
SESS-359648,Desktop, leather shoes ,29.781313459209645,0
SESS-273662,Mobile, leather shoes ,29.781313459209645,0
SESS-646414,Tablet, leather shoes ,29.781313459209645,1
SESS-566003,Mobile,,29.781313459209645,0
SESS-642853,Mobile,IPHONE 14,29.781313459209645,0
SESS-828310,Mobile,  shoes leather  ,29.781313459209645,0
SESS-764155,Desktop,,29.781313459209645,1
SESS-969859,Mobile,N/A,29.781313459209645,1
SESS-369756,Desktop, leather shoes ,29.781313459209645,0
SESS-716493,Tablet,summer dress,29.781313459209645,0
SESS-135093,Mobile,IPHONE 14,29.781313459209645,0
SESS-345290,Desktop,IPHONE 14,29.781313459209645,0
SESS-412626,Tablet,summer dress,29.781313459209645,0
SESS-229466,Mobile,  shoes leather  ,29.781313459209645,0
SESS-426877,Mobile, leather shoes ,29.781313459209645,0
SESS-563220,Mobile,,29.781313459209645,0
SESS-709693,Desktop, leather shoes ,29.781313459209645,0
SESS-542830,Tablet, leather shoes ,29.781313459209645,0
SESS-344128,Desktop,IPHONE 14,29.781313459209645,0
SESS-662382,Desktop,IPHONE 14,29.781313459209645,0
SESS-276054,Tablet, leather shoes ,29.781313459209645,0
SESS-624267,Desktop,,29.781313459209645,0
SESS-150502,Tablet,  shoes leather  ,29.781313459209645,0
SESS-493323,Mobile,N/A,29.781313459209645,0
SESS-712522,Mobile,N/A,29.781313459209645,1
SESS-703773,Mobile,IPHONE 14,29.781313459209645,0
SESS-771018,BOT_UNKNOWN,IPHONE 14,29.781313459209645,0
SESS-428997,Mobile,IPHONE 14,29.781313459209645,0
SESS-968871,Mobile,summer dress,29.781313459209645,0
SESS-364259,Tablet, leather shoes ,29.781313459209645,1
SESS-107507,Mobile,IPHONE 14,29.781313459209645,0
SESS-830944,Mobile,summer dress,29.781313459209645,1
SESS-403756,Tablet,summer dress,29.781313459209645,0
SESS-962026,Mobile, leather shoes ,29.781313459209645,0
SESS-882556,Desktop, leather shoes ,29.781313459209645,0
SESS-281966,Mobile,summer dress,29.781313459209645,0
SESS-909552,Mobile, leather shoes ,29.781313459209645,1
SESS-134077,Desktop,IPHONE 14,29.781313459209645,0
SESS-773184,Mobile, leather shoes ,40056.57333111015,0
SESS-849848,Desktop, leather shoes ,40056.57333111015,0
SESS-359533,Desktop,,40056.57333111015,0
SESS-982087,Desktop,,29.781313459209645,0
SESS-768197,BOT_UNKNOWN,  shoes leather  ,29.781313459209645,0
SESS-472426,Mobile,summer dress,29.781313459209645,0
SESS-408564,Tablet,IPHONE 14,29.781313459209645,0
SESS-524060,Desktop,summer dress,29.781313459209645,0
SESS-195133,Tablet,N/A,29.781313459209645,0
SESS-845914,Mobile,  shoes leather  ,29.781313459209645,0
SESS-172733,Desktop,,29.781313459209645,0
SESS-635056,Desktop,,29.781313459209645,0
SESS-759742,Desktop, leather shoes ,29.781313459209645,0
SESS-551164,Mobile, leather shoes ,29.781313459209645,0
SESS-363763,Mobile,IPHONE 14,40056.57333111015,0
SESS-176564,Mobile, leather shoes ,29.781313459209645,0
SESS-786907,Mobile, leather shoes ,29.781313459209645,0
SESS-217937,Mobile,,29.781313459209645,1
SESS-847540,Desktop,,29.781313459209645,0
SESS-531816,Mobile,summer dress,40056.57333111015,1
SESS-804466,Mobile,  shoes leather  ,29.781313459209645,0
SESS-991081,Mobile, leather shoes ,29.781313459209645,1
SESS-263131,Mobile,summer dress,29.781313459209645,0
SESS-684924,Desktop,  shoes leather  ,29.781313459209645,0
SESS-946830,Desktop,,29.781313459209645,0
SESS-677896,Mobile,N/A,29.781313459209645,0
SESS-299546,Mobile,IPHONE 14,29.781313459209645,1
SESS-808607,Mobile,summer dress,29.781313459209645,0
SESS-545470,Mobile,,29.781313459209645,0
SESS-823165,Mobile,N/A,29.781313459209645,1
SESS-757518,Mobile,N/A,29.781313459209645,0
SESS-239829,Mobile,  shoes leather  ,29.781313459209645,0
SESS-722494,Desktop, leather shoes ,29.781313459209645,0
SESS-510628,Desktop,summer dress,29.781313459209645,0
SESS-457983,Mobile,IPHONE 14,29.781313459209645,0
SESS-453160,Mobile, leather shoes ,29.781313459209645,0
SESS-848283,Desktop, leather shoes ,29.781313459209645,0
SESS-999238,Desktop,,29.781313459209645,0
SESS-356023,Desktop,,29.781313459209645,0
SESS-505658,Mobile, leather shoes ,29.781313459209645,1
SESS-777904,Desktop,summer dress,29.781313459209645,1
SESS-835593,Desktop, leather shoes ,40056.57333111015,1
SESS-555716,Desktop,IPHONE 14,29.781313459209645,0
SESS-227203,Mobile,IPHONE 14,29.781313459209645,0
SESS-952294,Mobile, leather shoes ,29.781313459209645,0
SESS-774958,Mobile,summer dress,29.781313459209645,0
SESS-571699,Mobile,  shoes leather  ,29.781313459209645,0
SESS-686027,Mobile, leather shoes ,29.781313459209645,0
SESS-662657,Mobile,summer dress,29.781313459209645,0
SESS-172665,Mobile,IPHONE 14,29.781313459209645,1
SESS-664101,Tablet,summer dress,29.781313459209645,0
SESS-455191,Mobile,summer dress,29.781313459209645,1
SESS-394547,Desktop, leather shoes ,29.781313459209645,0
SESS-905199,Mobile,IPHONE 14,29.781313459209645,1
SESS-698335,Desktop,IPHONE 14,29.781313459209645,0
SESS-725465,Mobile, leather shoes ,29.781313459209645,0
SESS-738977,Desktop,  shoes leather  ,40056.57333111015,0
SESS-761673,Mobile,,29.781313459209645,1
SESS-974004,Desktop,IPHONE 14,29.781313459209645,0
SESS-168148,Tablet, leather shoes ,29.781313459209645,0
SESS-460222,Tablet, leather shoes ,29.781313459209645,0
SESS-273168,Desktop,N/A,29.781313459209645,0
SESS-961784,Mobile, leather shoes ,40056.57333111015,1
SESS-343993,Desktop, leather shoes ,29.781313459209645,0
SESS-392298,Mobile, leather shoes ,29.781313459209645,0
SESS-240931,Mobile, leather shoes ,29.781313459209645,0
SESS-198162,Desktop, leather shoes ,29.781313459209645,0
SESS-672982,Desktop,N/A,29.781313459209645,0
SESS-137133,Desktop,summer dress,29.781313459209645,0
SESS-929032,Mobile,N/A,29.781313459209645,0
SESS-702919,Desktop,,29.781313459209645,0
SESS-244537,Mobile,IPHONE 14,29.781313459209645,0
SESS-462367,Tablet, leather shoes ,29.781313459209645,0
SESS-852183,Desktop,IPHONE 14,29.781313459209645,0
SESS-277261,Desktop,IPHONE 14,29.781313459209645,0
SESS-981400,Mobile, leather shoes ,29.781313459209645,0
SESS-570453,Desktop,,29.781313459209645,0
SESS-971086,Mobile,IPHONE 14,29.781313459209645,0
SESS-782141,Desktop,IPHONE 14,29.781313459209645,0
SESS-774006,BOT_UNKNOWN,N/A,29.781313459209645,0
SESS-222871,Mobile, leather shoes ,29.781313459209645,0
SESS-635295,Mobile,IPHONE 14,29.781313459209645,0
SESS-235449,Mobile, leather shoes ,29.781313459209645,0
SESS-768364,Desktop,IPHONE 14,29.781313459209645,0
SESS-845000,Desktop, leather shoes ,29.781313459209645,0
SESS-647703,Mobile, leather shoes ,29.781313459209645,0
SESS-227630,Mobile, leather shoes ,29.781313459209645,0
SESS-909428,Tablet,summer dress,29.781313459209645,0
SESS-951433,Desktop,IPHONE 14,29.781313459209645,0
SESS-171053,Tablet,summer dress,29.781313459209645,1
SESS-524075,Tablet,IPHONE 14,29.781313459209645,0
SESS-228145,Mobile,,29.781313459209645,0
SESS-237489,Mobile,IPHONE 14,29.781313459209645,0
SESS-174899,Mobile, leather shoes ,29.781313459209645,0
SESS-164023,Desktop,IPHONE 14,29.781313459209645,0
SESS-431603,Desktop, leather shoes ,29.781313459209645,0
SESS-850342,BOT_UNKNOWN,IPHONE 14,29.781313459209645,1
SESS-999197,Desktop, leather shoes ,40056.57333111015,0
SESS-988909,Mobile, leather shoes ,29.781313459209645,1
SESS-533024,Mobile, leather shoes ,29.781313459209645,0
SESS-923048,Mobile,IPHONE 14,29.781313459209645,0
SESS-841420,Mobile,,40056.57333111015,0
SESS-376863,Desktop,IPHONE 14,29.781313459209645,0
SESS-864687,Desktop, leather shoes ,29.781313459209645,0
SESS-932070,BOT_UNKNOWN,IPHONE 14,29.781313459209645,0
SESS-951907,Mobile,summer dress,40056.57333111015,0
SESS-431811,Tablet,N/A,29.781313459209645,0
SESS-801074,Desktop, leather shoes ,29.781313459209645,0
SESS-768694,Desktop,summer dress,29.781313459209645,0
SESS-930362,Desktop,IPHONE 14,29.781313459209645,0
SESS-689936,Desktop, leather shoes ,29.781313459209645,1
SESS-857391,BOT_UNKNOWN,,29.781313459209645,0
SESS-993146,Tablet,  shoes leather  ,29.781313459209645,0
SESS-571370,Mobile,IPHONE 14,29.781313459209645,0
SESS-974102,Mobile,IPHONE 14,29.781313459209645,0
SESS-734389,Desktop,  shoes leather  ,29.781313459209645,0
SESS-459358,Desktop, leather shoes ,29.781313459209645,0
SESS-990192,Mobile, leather shoes ,29.781313459209645,0
SESS-747905,Desktop, leather shoes ,29.781313459209645,1
SESS-541442,Mobile,summer dress,29.781313459209645,0
SESS-971625,Desktop, leather shoes ,29.781313459209645,1
SESS-363758,Mobile,N/A,29.781313459209645,1
SESS-958346,Mobile,IPHONE 14,29.781313459209645,0
SESS-821209,Mobile,  shoes leather  ,29.781313459209645,1
SESS-700884,Mobile,,40056.57333111015,0
SESS-867703,Mobile,IPHONE 14,29.781313459209645,1
SESS-854199,Mobile, leather shoes ,29.781313459209645,0
SESS-711050,Mobile,  shoes leather  ,29.781313459209645,0
SESS-369653,Mobile, leather shoes ,29.781313459209645,0
SESS-672622,Mobile,,29.781313459209645,1
SESS-855699,Desktop,N/A,29.781313459209645,1
SESS-835025,Mobile,summer dress,29.781313459209645,0
SESS-124081,Mobile,,29.781313459209645,0
SESS-450097,Desktop,IPHONE 14,29.781313459209645,0
SESS-453520,Desktop,  shoes leather  ,29.781313459209645,0
SESS-641227,Tablet,summer dress,29.781313459209645,0
SESS-870670,Desktop,IPHONE 14,29.781313459209645,0
SESS-732151,Desktop, leather shoes ,29.781313459209645,0
SESS-171481,Mobile,  shoes leather  ,29.781313459209645,0
SESS-534350,Mobile, leather shoes ,29.781313459209645,0
SESS-373063,Mobile,IPHONE 14,29.781313459209645,0
SESS-672786,Desktop, leather shoes ,29.781313459209645,0
SESS-104595,Desktop, leather shoes ,29.781313459209645,0
SESS-996355,Tablet, leather shoes ,29.781313459209645,0
SESS-569026,Desktop,summer dress,29.781313459209645,0
SESS-868024,Mobile,,40056.57333111015,0
SESS-927253,Mobile,,29.781313459209645,1
SESS-190190,Mobile, leather shoes ,29.781313459209645,0
SESS-940987,Tablet,N/A,29.781313459209645,1
SESS-647062,Desktop,summer dress,29.781313459209645,0
SESS-266553,Desktop, leather shoes ,29.781313459209645,0
SESS-448850,Desktop,summer dress,29.781313459209645,0
SESS-887027,Mobile,summer dress,29.781313459209645,0
SESS-859433,Desktop, leather shoes ,29.781313459209645,1
SESS-746862,Mobile,N/A,29.781313459209645,0
SESS-394154,Desktop,N/A,29.781313459209645,0
SESS-419750,Mobile,summer dress,29.781313459209645,0
SESS-968839,Desktop,,29.781313459209645,0
SESS-718179,Mobile,  shoes leather  ,29.781313459209645,0
SESS-613146,Tablet,summer dress,29.781313459209645,0
SESS-206513,Mobile, leather shoes ,29.781313459209645,0
SESS-447073,BOT_UNKNOWN,summer dress,29.781313459209645,0
SESS-564355,Mobile,,29.781313459209645,0
SESS-499601,Mobile,,29.781313459209645,0
SESS-773078,Mobile,,29.781313459209645,0
SESS-401624,Desktop,summer dress,29.781313459209645,0
SESS-661542,Mobile,IPHONE 14,29.781313459209645,1
SESS-416782,Tablet, leather shoes ,29.781313459209645,0
SESS-488905,Mobile, leather shoes ,29.781313459209645,0
SESS-413066,Desktop,summer dress,29.781313459209645,0
SESS-288419,Desktop, leather shoes ,29.781313459209645,0
SESS-914258,Mobile,IPHONE 14,29.781313459209645,0
SESS-536685,Mobile, leather shoes ,29.781313459209645,0
SESS-670654,Mobile,summer dress,29.781313459209645,0
SESS-949219,Desktop, leather shoes ,29.781313459209645,0
SESS-572379,Mobile,IPHONE 14,29.781313459209645,0
SESS-535761,Mobile, leather shoes ,40056.57333111015,0
SESS-673268,Desktop, leather shoes ,29.781313459209645,0
SESS-271411,Mobile, leather shoes ,29.781313459209645,0
SESS-852930,Mobile,summer dress,29.781313459209645,0
SESS-200992,Mobile,summer dress,29.781313459209645,1
SESS-293122,Mobile,N/A,29.781313459209645,0
SESS-458476,Tablet,IPHONE 14,29.781313459209645,0
SESS-615784,Mobile,N/A,29.781313459209645,0
SESS-956032,Tablet,,29.781313459209645,0
SESS-167210,Mobile, leather shoes ,29.781313459209645,1
SESS-570513,Mobile,IPHONE 14,29.781313459209645,0
SESS-936028,Mobile, leather shoes ,29.781313459209645,0
SESS-141518,Desktop, leather shoes ,29.781313459209645,0
SESS-479221,Mobile, leather shoes ,29.781313459209645,0
SESS-331859,Tablet,summer dress,29.781313459209645,0
SESS-115594,Tablet, leather shoes ,29.781313459209645,0
SESS-333517,Desktop,IPHONE 14,29.781313459209645,0
SESS-266816,Mobile,IPHONE 14,29.781313459209645,0
SESS-376259,Desktop,summer dress,29.781313459209645,1
SESS-943060,Mobile,  shoes leather  ,29.781313459209645,0
SESS-217732,Mobile,  shoes leather  ,29.781313459209645,0
SESS-955589,Tablet,,29.781313459209645,0
SESS-802287,Mobile,  shoes leather  ,29.781313459209645,0
SESS-307980,Mobile, leather shoes ,29.781313459209645,1
SESS-172955,Tablet, leather shoes ,29.781313459209645,0
SESS-396335,Mobile,IPHONE 14,29.781313459209645,0
SESS-333706,Desktop,IPHONE 14,29.781313459209645,0
SESS-177317,Mobile,,29.781313459209645,0
SESS-641638,Tablet, leather shoes ,40056.57333111015,0
SESS-235218,Mobile, leather shoes ,29.781313459209645,0
SESS-396151,Tablet,IPHONE 14,29.781313459209645,0
SESS-183498,Mobile,summer dress,29.781313459209645,1
SESS-398177,Mobile,,29.781313459209645,0
SESS-919508,Mobile, leather shoes ,29.781313459209645,0
SESS-150307,Mobile,N/A,29.781313459209645,0
SESS-370526,Mobile,  shoes leather  ,29.781313459209645,1
SESS-517710,Mobile,,29.781313459209645,0
SESS-920279,Desktop,  shoes leather  ,29.781313459209645,0
SESS-733643,Desktop, leather shoes ,29.781313459209645,0
SESS-255316,Mobile,summer dress,29.781313459209645,1
SESS-510302,Desktop,summer dress,40056.57333111015,0
SESS-844356,BOT_UNKNOWN, leather shoes ,29.781313459209645,0
SESS-550443,Mobile, leather shoes ,29.781313459209645,0
SESS-623023,Desktop,  shoes leather  ,40056.57333111015,0
SESS-301813,Tablet, leather shoes ,29.781313459209645,1
SESS-971113,Mobile,  shoes leather  ,29.781313459209645,1
SESS-185619,Mobile,N/A,40056.57333111015,1
SESS-728648,Mobile, leather shoes ,29.781313459209645,1
SESS-931595,Desktop,summer dress,29.781313459209645,1
SESS-164883,Mobile,  shoes leather  ,29.781313459209645,0
SESS-155786,Mobile,,29.781313459209645,0
SESS-460744,Mobile, leather shoes ,29.781313459209645,0
SESS-976977,Mobile, leather shoes ,29.781313459209645,0
SESS-654933,Desktop,N/A,29.781313459209645,0
SESS-670496,Mobile, leather shoes ,29.781313459209645,0
SESS-329238,Mobile,,29.781313459209645,0
SESS-581654,Desktop,IPHONE 14,29.781313459209645,0
SESS-712335,Desktop, leather shoes ,29.781313459209645,0
SESS-120646,Mobile,IPHONE 14,29.781313459209645,0
SESS-882785,Mobile,summer dress,29.781313459209645,0
SESS-420760,Mobile,IPHONE 14,29.781313459209645,0
SESS-158771,Tablet,IPHONE 14,29.781313459209645,0
SESS-784208,Tablet,,29.781313459209645,1
SESS-959427,Desktop,  shoes leather  ,29.781313459209645,0
SESS-877601,Mobile,summer dress,29.781313459209645,0
SESS-415685,Mobile,,29.781313459209645,0
SESS-863581,BOT_UNKNOWN,,29.781313459209645,0
SESS-414322,Mobile,IPHONE 14,29.781313459209645,0
SESS-876289,Mobile,N/A,29.781313459209645,0
SESS-441971,Desktop,,29.781313459209645,0
SESS-217873,Mobile, leather shoes ,29.781313459209645,0
SESS-493021,Desktop,IPHONE 14,29.781313459209645,0
SESS-833406,Mobile, leather shoes ,29.781313459209645,0
SESS-790588,Desktop,summer dress,29.781313459209645,0
SESS-456151,Mobile,N/A,29.781313459209645,0
SESS-992998,Mobile, leather shoes ,29.781313459209645,0
SESS-795287,Mobile,,29.781313459209645,0
SESS-338933,Desktop,N/A,29.781313459209645,0
SESS-621361,Mobile, leather shoes ,29.781313459209645,0
SESS-807249,Mobile,N/A,29.781313459209645,0
SESS-293720,Mobile,N/A,29.781313459209645,0
SESS-183526,Mobile, leather shoes ,29.781313459209645,0
SESS-796462,Mobile, leather shoes ,29.781313459209645,0
SESS-254223,Tablet,N/A,29.781313459209645,0
SESS-118199,Mobile,IPHONE 14,29.781313459209645,0
SESS-647540,Mobile,N/A,29.781313459209645,1
SESS-846985,Mobile,summer dress,29.781313459209645,0
SESS-586829,Mobile,IPHONE 14,29.781313459209645,0
SESS-388270,Desktop,  shoes leather  ,29.781313459209645,0
SESS-161818,Desktop,summer dress,29.781313459209645,0
SESS-907397,Mobile, leather shoes ,29.781313459209645,1
SESS-794614,Mobile,N/A,29.781313459209645,0
SESS-632522,Desktop,N/A,29.781313459209645,0
SESS-101193,Desktop,summer dress,29.781313459209645,0
SESS-870892,Tablet,IPHONE 14,29.781313459209645,0
SESS-606237,Tablet,  shoes leather  ,29.781313459209645,1
SESS-550681,Desktop, leather shoes ,29.781313459209645,1
SESS-643850,Mobile,summer dress,29.781313459209645,0
SESS-230793,Desktop, leather shoes ,29.781313459209645,0
SESS-864478,Mobile,IPHONE 14,29.781313459209645,0
SESS-480127,Desktop, leather shoes ,29.781313459209645,0
SESS-788400,Mobile,N/A,29.781313459209645,0
SESS-778815,BOT_UNKNOWN,N/A,29.781313459209645,0
SESS-520715,Desktop, leather shoes ,29.781313459209645,0
SESS-225633,Desktop,summer dress,40056.57333111015,0
SESS-272665,Mobile, leather shoes ,29.781313459209645,0
SESS-493823,Mobile,,29.781313459209645,0
SESS-591835,Mobile, leather shoes ,29.781313459209645,1
SESS-628517,Mobile,N/A,29.781313459209645,0
SESS-707513,Mobile, leather shoes ,29.781313459209645,0
SESS-488833,Desktop,N/A,29.781313459209645,1
SESS-700449,Desktop,summer dress,29.781313459209645,1
SESS-155320,Desktop,IPHONE 14,29.781313459209645,0
SESS-940628,Mobile,summer dress,29.781313459209645,0
SESS-774089,Mobile,N/A,29.781313459209645,0
SESS-706683,Mobile,summer dress,29.781313459209645,0
SESS-672252,Mobile,IPHONE 14,29.781313459209645,0
SESS-275436,Mobile,summer dress,29.781313459209645,0
SESS-680048,Mobile,  shoes leather  ,29.781313459209645,0
SESS-726854,Desktop,IPHONE 14,29.781313459209645,0
SESS-830582,Mobile,IPHONE 14,29.781313459209645,0
SESS-625707,Desktop,summer dress,29.781313459209645,1
SESS-230574,Mobile, leather shoes ,29.781313459209645,0
SESS-216521,Mobile,N/A,29.781313459209645,0
SESS-115222,Mobile,IPHONE 14,29.781313459209645,1
SESS-418654,Mobile, leather shoes ,29.781313459209645,0
SESS-839975,Mobile,summer dress,29.781313459209645,0
SESS-241095,Mobile, leather shoes ,29.781313459209645,1
SESS-666306,Mobile, leather shoes ,29.781313459209645,0
SESS-977950,Mobile,  shoes leather  ,29.781313459209645,0
SESS-663836,Desktop,IPHONE 14,29.781313459209645,0
SESS-484312,Mobile,summer dress,29.781313459209645,0
SESS-425038,Tablet,summer dress,29.781313459209645,0
SESS-213721,Mobile,IPHONE 14,29.781313459209645,0
SESS-407315,Mobile,IPHONE 14,29.781313459209645,0
SESS-170956,Mobile, leather shoes ,29.781313459209645,0
SESS-895683,BOT_UNKNOWN,summer dress,29.781313459209645,0
SESS-134877,Desktop, leather shoes ,29.781313459209645,0
SESS-215212,Desktop,IPHONE 14,29.781313459209645,0
SESS-313501,Desktop,N/A,29.781313459209645,1
SESS-564758,Mobile, leather shoes ,29.781313459209645,0
SESS-573984,Desktop, leather shoes ,29.781313459209645,0
SESS-428298,Desktop,IPHONE 14,29.781313459209645,0
SESS-378251,Desktop,summer dress,29.781313459209645,1
SESS-399844,Mobile, leather shoes ,29.781313459209645,0
SESS-470475,Desktop,  shoes leather  ,29.781313459209645,0
SESS-530673,Mobile, leather shoes ,29.781313459209645,0
SESS-609722,Mobile,summer dress,29.781313459209645,0
SESS-578651,Desktop, leather shoes ,29.781313459209645,1
SESS-264028,Tablet,N/A,29.781313459209645,0
SESS-699543,Mobile, leather shoes ,40056.57333111015,0
SESS-531254,Desktop,  shoes leather  ,29.781313459209645,0
SESS-792142,Mobile, leather shoes ,29.781313459209645,0
SESS-897488,Desktop,IPHONE 14,29.781313459209645,0
SESS-543693,Desktop,summer dress,29.781313459209645,0
SESS-705882,Mobile,,29.781313459209645,0
SESS-271986,Mobile,summer dress,29.781313459209645,0
SESS-983437,Mobile,,29.781313459209645,0
SESS-263951,Desktop, leather shoes ,29.781313459209645,0
SESS-857458,Mobile,N/A,29.781313459209645,0
SESS-360296,Mobile,  shoes leather  ,29.781313459209645,0
SESS-938814,BOT_UNKNOWN,summer dress,29.781313459209645,0
SESS-222139,Mobile,summer dress,29.781313459209645,0
SESS-143378,Mobile,IPHONE 14,29.781313459209645,0
SESS-998749,Mobile,summer dress,29.781313459209645,0
SESS-993203,Mobile, leather shoes ,29.781313459209645,0
SESS-786041,BOT_UNKNOWN, leather shoes ,29.781313459209645,0
SESS-739979,BOT_UNKNOWN,summer dress,29.781313459209645,0
SESS-699664,Mobile,N/A,29.781313459209645,0
SESS-143372,Mobile,,29.781313459209645,0
SESS-942889,Mobile, leather shoes ,29.781313459209645,0
SESS-487665,Tablet,,29.781313459209645,0
SESS-494625,Mobile,N/A,29.781313459209645,0
SESS-975133,Tablet, leather shoes ,29.781313459209645,0
SESS-468161,Mobile,IPHONE 14,29.781313459209645,0
SESS-397727,Mobile,IPHONE 14,29.781313459209645,0
SESS-704677,Mobile,summer dress,29.781313459209645,0
SESS-447502,Mobile,summer dress,40056.57333111015,0
SESS-987526,Desktop,N/A,29.781313459209645,0
SESS-885025,Tablet,N/A,29.781313459209645,1
SESS-578480,Mobile,IPHONE 14,29.781313459209645,0
SESS-974185,Mobile,  shoes leather  ,29.781313459209645,1
SESS-796449,Mobile,summer dress,29.781313459209645,0
SESS-887042,Mobile,summer dress,29.781313459209645,1
SESS-660148,Desktop, leather shoes ,29.781313459209645,0
SESS-241707,Desktop,,29.781313459209645,0
SESS-697759,Desktop,  shoes leather  ,29.781313459209645,0
SESS-818635,Mobile,summer dress,29.781313459209645,0
SESS-497966,Mobile,,29.781313459209645,0
SESS-720199,Desktop,summer dress,29.781313459209645,1
SESS-764564,Mobile, leather shoes ,29.781313459209645,0
SESS-527089,Tablet,IPHONE 14,29.781313459209645,0
SESS-365495,Mobile, leather shoes ,29.781313459209645,0
SESS-604883,Mobile,summer dress,29.781313459209645,1
SESS-159253,Mobile,summer dress,29.781313459209645,0
SESS-551774,Desktop,summer dress,29.781313459209645,0
SESS-762322,Mobile,IPHONE 14,40056.57333111015,0
SESS-324079,Mobile, leather shoes ,29.781313459209645,0
SESS-489589,BOT_UNKNOWN, leather shoes ,29.781313459209645,1
SESS-332329,Desktop,,29.781313459209645,0
SESS-995048,Desktop, leather shoes ,29.781313459209645,0
SESS-700553,Mobile,IPHONE 14,29.781313459209645,1
SESS-937491,Desktop,summer dress,29.781313459209645,0
SESS-393598,Mobile,N/A,29.781313459209645,0
SESS-647248,Mobile, leather shoes ,29.781313459209645,0
SESS-273927,Desktop,  shoes leather  ,29.781313459209645,0
SESS-671929,Mobile,  shoes leather  ,29.781313459209645,0
SESS-235504,Mobile,N/A,29.781313459209645,0
SESS-927060,Mobile,summer dress,29.781313459209645,0
SESS-641939,Tablet,  shoes leather  ,29.781313459209645,0
SESS-686277,Mobile,N/A,29.781313459209645,0
SESS-964911,Tablet,  shoes leather  ,29.781313459209645,0
SESS-732522,Desktop,IPHONE 14,29.781313459209645,1
SESS-202078,Mobile, leather shoes ,29.781313459209645,1
SESS-329739,Desktop,summer dress,29.781313459209645,0
SESS-382559,Mobile, leather shoes ,29.781313459209645,0
SESS-306559,Mobile,  shoes leather  ,29.781313459209645,0
SESS-612288,Mobile, leather shoes ,29.781313459209645,0
SESS-872411,Desktop, leather shoes ,29.781313459209645,1
SESS-817631,Tablet, leather shoes ,29.781313459209645,0
SESS-680357,Desktop, leather shoes ,29.781313459209645,0
SESS-614588,Desktop,  shoes leather  ,29.781313459209645,0
SESS-643219,Desktop,  shoes leather  ,29.781313459209645,0
SESS-803803,Mobile, leather shoes ,29.781313459209645,1
SESS-396042,Mobile,N/A,29.781313459209645,0
SESS-396485,Mobile,IPHONE 14,29.781313459209645,0
SESS-128774,Mobile, leather shoes ,29.781313459209645,0
SESS-809153,Desktop,IPHONE 14,29.781313459209645,0
SESS-848709,Mobile,N/A,29.781313459209645,0
SESS-323125,Desktop,IPHONE 14,40056.57333111015,0
SESS-735146,Mobile,N/A,29.781313459209645,0
SESS-125980,Mobile,IPHONE 14,29.781313459209645,0
SESS-448979,Desktop,,29.781313459209645,0
SESS-269385,Desktop,,29.781313459209645,0
SESS-133078,Desktop,,29.781313459209645,1
SESS-118999,Desktop,summer dress,29.781313459209645,0
SESS-310783,Mobile, leather shoes ,29.781313459209645,0
SESS-491550,Desktop,  shoes leather  ,29.781313459209645,1
SESS-890262,Mobile,summer dress,29.781313459209645,0
SESS-803958,Desktop, leather shoes ,29.781313459209645,0
SESS-528542,Desktop, leather shoes ,29.781313459209645,0
SESS-894720,Mobile,N/A,29.781313459209645,0
SESS-536113,Mobile,summer dress,29.781313459209645,1
SESS-908589,Mobile, leather shoes ,29.781313459209645,0
SESS-988337,Tablet,IPHONE 14,29.781313459209645,1
SESS-196365,Desktop, leather shoes ,29.781313459209645,0
SESS-313519,Desktop,IPHONE 14,29.781313459209645,0
SESS-860429,Mobile,IPHONE 14,29.781313459209645,1
SESS-398273,Tablet,IPHONE 14,29.781313459209645,0
SESS-364735,Mobile,summer dress,29.781313459209645,0
SESS-378879,Desktop,IPHONE 14,29.781313459209645,1
SESS-292761,Mobile,N/A,29.781313459209645,0
SESS-717112,Desktop, leather shoes ,29.781313459209645,1
SESS-421495,Mobile,summer dress,29.781313459209645,0
SESS-363849,Mobile, leather shoes ,29.781313459209645,1
SESS-904759,Mobile, leather shoes ,29.781313459209645,0
SESS-611816,Mobile, leather shoes ,29.781313459209645,0
SESS-765854,Desktop, leather shoes ,29.781313459209645,0
SESS-163419,BOT_UNKNOWN,summer dress,29.781313459209645,0
SESS-497848,Mobile,summer dress,29.781313459209645,0
SESS-589848,Desktop,summer dress,29.781313459209645,0
SESS-746885,Desktop, leather shoes ,29.781313459209645,0
SESS-227011,Mobile, leather shoes ,29.781313459209645,1
SESS-469243,Mobile,summer dress,29.781313459209645,0
SESS-142199,Mobile,  shoes leather  ,29.781313459209645,1
SESS-831723,Mobile,IPHONE 14,29.781313459209645,0
SESS-821150,Mobile,summer dress,29.781313459209645,0
SESS-291553,Desktop, leather shoes ,29.781313459209645,0
SESS-153513,Mobile,IPHONE 14,29.781313459209645,0
SESS-662614,Desktop,  shoes leather  ,29.781313459209645,0
SESS-195957,Desktop,  shoes leather  ,29.781313459209645,0
SESS-828510,Mobile, leather shoes ,29.781313459209645,0
SESS-244560,Mobile,,29.781313459209645,0
SESS-776863,Tablet,summer dress,29.781313459209645,1
SESS-146433,Desktop, leather shoes ,29.781313459209645,0
SESS-317425,Mobile, leather shoes ,29.781313459209645,0
SESS-342037,Mobile, leather shoes ,29.781313459209645,0
SESS-375793,Tablet,IPHONE 14,29.781313459209645,0
SESS-328748,Mobile, leather shoes ,29.781313459209645,0
SESS-569518,Mobile,,29.781313459209645,1
SESS-139334,Mobile, leather shoes ,29.781313459209645,1
SESS-588953,Tablet, leather shoes ,29.781313459209645,0
SESS-853560,Mobile,  shoes leather  ,29.781313459209645,0
SESS-411402,Desktop,summer dress,29.781313459209645,1
SESS-227577,Mobile,,29.781313459209645,1
SESS-801205,Mobile,IPHONE 14,29.781313459209645,0
SESS-534640,Desktop, leather shoes ,29.781313459209645,0
SESS-455359,Mobile,IPHONE 14,29.781313459209645,0
SESS-690035,Mobile, leather shoes ,29.781313459209645,1
SESS-465002,Mobile, leather shoes ,29.781313459209645,0
SESS-473266,Mobile,summer dress,29.781313459209645,0
SESS-913650,Mobile, leather shoes ,29.781313459209645,0
SESS-551915,Desktop,N/A,29.781313459209645,0
SESS-657535,Mobile,IPHONE 14,29.781313459209645,1
SESS-740508,Mobile,summer dress,29.781313459209645,1
SESS-753102,Desktop,summer dress,29.781313459209645,0
SESS-413648,Desktop, leather shoes ,29.781313459209645,0
SESS-716936,Mobile,IPHONE 14,29.781313459209645,0
SESS-828810,Mobile, leather shoes ,29.781313459209645,0
SESS-229184,Desktop,,29.781313459209645,0
SESS-532722,Desktop,IPHONE 14,29.781313459209645,0
SESS-869366,Mobile, leather shoes ,29.781313459209645,0
SESS-989751,Desktop, leather shoes ,29.781313459209645,0
SESS-277429,Mobile,IPHONE 14,29.781313459209645,0
SESS-687597,Desktop,summer dress,29.781313459209645,0
SESS-280425,Mobile,summer dress,29.781313459209645,0
SESS-388582,Mobile,summer dress,29.781313459209645,0
SESS-916243,Mobile,N/A,29.781313459209645,0
SESS-579644,Desktop,  shoes leather  ,29.781313459209645,0
SESS-362238,Mobile, leather shoes ,29.781313459209645,0
SESS-719421,Mobile, leather shoes ,29.781313459209645,0
SESS-995693,Mobile, leather shoes ,29.781313459209645,0
SESS-287439,Mobile,N/A,29.781313459209645,0
SESS-872509,Desktop,summer dress,29.781313459209645,0
SESS-962311,Desktop, leather shoes ,29.781313459209645,1
SESS-172040,Desktop,summer dress,29.781313459209645,0
SESS-408617,Mobile,  shoes leather  ,29.781313459209645,0
SESS-786883,Mobile,IPHONE 14,29.781313459209645,0
SESS-266556,Mobile, leather shoes ,29.781313459209645,0
SESS-301327,Mobile,  shoes leather  ,29.781313459209645,0
SESS-586737,Mobile,N/A,29.781313459209645,0
SESS-231830,Mobile,IPHONE 14,29.781313459209645,0
SESS-128242,Mobile,N/A,29.781313459209645,0
SESS-506743,Mobile, leather shoes ,29.781313459209645,0
SESS-715896,Mobile,IPHONE 14,29.781313459209645,0
SESS-660642,Desktop,summer dress,29.781313459209645,0
SESS-188738,Desktop,N/A,29.781313459209645,0
SESS-277309,Desktop,N/A,40056.57333111015,0
SESS-765140,Mobile,summer dress,29.781313459209645,0
SESS-657051,Mobile,N/A,29.781313459209645,0
SESS-229914,Tablet, leather shoes ,29.781313459209645,0
SESS-262762,Mobile,  shoes leather  ,29.781313459209645,0
SESS-148003,Tablet,summer dress,29.781313459209645,0
SESS-750735,Desktop,summer dress,29.781313459209645,1
SESS-932443,Mobile,,29.781313459209645,0
SESS-531240,Tablet,  shoes leather  ,29.781313459209645,0
SESS-193963,Desktop,  shoes leather  ,29.781313459209645,1
SESS-294682,BOT_UNKNOWN,N/A,29.781313459209645,0
SESS-572498,Mobile, leather shoes ,29.781313459209645,0
SESS-565942,Tablet, leather shoes ,29.781313459209645,0
SESS-533550,Mobile,summer dress,29.781313459209645,0
SESS-187882,Mobile, leather shoes ,29.781313459209645,1
SESS-175336,Mobile,summer dress,40056.57333111015,0
SESS-661619,Mobile,,29.781313459209645,0
SESS-609346,Desktop,,29.781313459209645,0
SESS-903527,Mobile,summer dress,29.781313459209645,0
SESS-769353,Desktop,summer dress,29.781313459209645,0
SESS-883333,Desktop, leather shoes ,29.781313459209645,0
SESS-807514,Desktop,summer dress,29.781313459209645,0
SESS-123591,Mobile, leather shoes ,29.781313459209645,0
SESS-944060,BOT_UNKNOWN,  shoes leather  ,29.781313459209645,0
SESS-965343,Mobile, leather shoes ,29.781313459209645,0
SESS-145610,Mobile,,29.781313459209645,0
SESS-153857,Mobile,N/A,29.781313459209645,0
SESS-877637,Mobile,summer dress,29.781313459209645,0
SESS-874280,Desktop, leather shoes ,29.781313459209645,0
SESS-307566,BOT_UNKNOWN,IPHONE 14,29.781313459209645,0
SESS-174428,Desktop,N/A,29.781313459209645,0
SESS-666328,Tablet,IPHONE 14,29.781313459209645,0
SESS-105178,Tablet,summer dress,29.781313459209645,0
SESS-219956,Desktop, leather shoes ,29.781313459209645,1
SESS-146402,Desktop,  shoes leather  ,29.781313459209645,0
SESS-363301,Mobile,N/A,29.781313459209645,0
SESS-436139,Mobile, leather shoes ,29.781313459209645,1
SESS-191989,Mobile, leather shoes ,29.781313459209645,1
SESS-219298,Mobile,  shoes leather  ,29.781313459209645,0
SESS-883169,Tablet,summer dress,29.781313459209645,1
SESS-791409,Mobile,N/A,29.781313459209645,0
SESS-345359,BOT_UNKNOWN, leather shoes ,29.781313459209645,0
SESS-378666,Desktop,summer dress,29.781313459209645,0
SESS-397794,Tablet,summer dress,29.781313459209645,1
SESS-739494,Desktop, leather shoes ,29.781313459209645,0
SESS-224642,Mobile, leather shoes ,29.781313459209645,0
SESS-159465,Tablet, leather shoes ,29.781313459209645,0
SESS-588763,Mobile, leather shoes ,29.781313459209645,1
SESS-743307,Desktop,IPHONE 14,29.781313459209645,0
SESS-433255,Desktop,IPHONE 14,29.781313459209645,0
SESS-563102,Mobile,  shoes leather  ,29.781313459209645,0
SESS-874049,Mobile,  shoes leather  ,29.781313459209645,1
SESS-349592,Desktop,IPHONE 14,29.781313459209645,0
SESS-297380,Tablet,IPHONE 14,29.781313459209645,1
SESS-626981,Desktop,IPHONE 14,29.781313459209645,1
SESS-629782,Mobile,IPHONE 14,29.781313459209645,0
SESS-827087,Desktop, leather shoes ,29.781313459209645,0
SESS-112108,Desktop,IPHONE 14,29.781313459209645,0
SESS-110578,Mobile,IPHONE 14,29.781313459209645,1
SESS-948189,Mobile, leather shoes ,29.781313459209645,0
SESS-232257,Mobile,IPHONE 14,29.781313459209645,1
SESS-263161,Desktop,summer dress,29.781313459209645,0
SESS-690769,Desktop,  shoes leather  ,29.781313459209645,0
SESS-901590,Mobile,  shoes leather  ,29.781313459209645,0
SESS-642968,Desktop,IPHONE 14,29.781313459209645,1
SESS-241983,Mobile,,29.781313459209645,0
SESS-557994,Desktop,  shoes leather  ,40056.57333111015,1
SESS-122626,Mobile,IPHONE 14,29.781313459209645,1
SESS-255822,Mobile, leather shoes ,29.781313459209645,0
SESS-634101,Mobile,  shoes leather  ,29.781313459209645,0
SESS-190721,Desktop,summer dress,29.781313459209645,0
SESS-389390,Mobile, leather shoes ,29.781313459209645,0
SESS-863576,Mobile, leather shoes ,29.781313459209645,1
SESS-162201,BOT_UNKNOWN,N/A,29.781313459209645,0
SESS-340738,Mobile,summer dress,29.781313459209645,1
SESS-325834,Mobile,IPHONE 14,29.781313459209645,0
SESS-137870,Mobile,summer dress,29.781313459209645,0
SESS-532650,Mobile, leather shoes ,29.781313459209645,0
SESS-546180,Mobile,IPHONE 14,29.781313459209645,0
SESS-813611,Tablet,  shoes leather  ,29.781313459209645,0
SESS-405847,Desktop,  shoes leather  ,29.781313459209645,0
SESS-763965,Desktop,,29.781313459209645,0
SESS-613407,BOT_UNKNOWN,N/A,29.781313459209645,0
SESS-103100,Desktop,IPHONE 14,29.781313459209645,0
SESS-779888,Mobile,summer dress,29.781313459209645,0
SESS-182694,Mobile,,29.781313459209645,0
SESS-357529,Mobile, leather shoes ,29.781313459209645,0
SESS-236351,Mobile,,29.781313459209645,0
SESS-355426,Desktop,,29.781313459209645,0
SESS-345810,Mobile,IPHONE 14,29.781313459209645,0
SESS-118804,Desktop,,29.781313459209645,0
SESS-540583,BOT_UNKNOWN,summer dress,29.781313459209645,0
SESS-217163,Desktop,IPHONE 14,29.781313459209645,0
SESS-785416,Mobile, leather shoes ,29.781313459209645,0
SESS-232243,Mobile, leather shoes ,29.781313459209645,0
SESS-602571,Desktop,,29.781313459209645,0
SESS-287982,Desktop,IPHONE 14,29.781313459209645,0
SESS-975650,Mobile,IPHONE 14,29.781313459209645,1
SESS-718445,Desktop,N/A,29.781313459209645,0
SESS-909713,Desktop, leather shoes ,29.781313459209645,0
SESS-168085,Mobile, leather shoes ,29.781313459209645,0
SESS-738946,Desktop,summer dress,29.781313459209645,0
SESS-133502,Mobile,,29.781313459209645,0
SESS-276755,Desktop,,29.781313459209645,0
SESS-335818,Mobile, leather shoes ,29.781313459209645,0
SESS-689950,Tablet, leather shoes ,29.781313459209645,0
SESS-747285,Desktop, leather shoes ,29.781313459209645,1
SESS-152594,Mobile, leather shoes ,29.781313459209645,1
SESS-465694,Mobile,summer dress,29.781313459209645,1
SESS-962571,Mobile, leather shoes ,29.781313459209645,1
SESS-560411,BOT_UNKNOWN,N/A,29.781313459209645,0
SESS-524510,Mobile,,29.781313459209645,0
SESS-467221,Desktop, leather shoes ,29.781313459209645,0
SESS-595565,Mobile,N/A,29.781313459209645,0
SESS-257223,Mobile,IPHONE 14,29.781313459209645,0
SESS-122597,Desktop,IPHONE 14,29.781313459209645,0
SESS-644022,BOT_UNKNOWN,  shoes leather  ,29.781313459209645,0
SESS-953709,Mobile,summer dress,29.781313459209645,0
SESS-438499,Mobile,  shoes leather  ,29.781313459209645,0
SESS-242471,Mobile,IPHONE 14,29.781313459209645,0
SESS-102266,Mobile, leather shoes ,29.781313459209645,0
SESS-189930,Tablet, leather shoes ,29.781313459209645,0
SESS-120723,Desktop,summer dress,29.781313459209645,0
SESS-774421,Mobile,,29.781313459209645,1
SESS-942884,Tablet,summer dress,29.781313459209645,0
SESS-627145,Mobile,IPHONE 14,29.781313459209645,0
SESS-173120,Mobile,,29.781313459209645,0
SESS-128424,Desktop, leather shoes ,29.781313459209645,0
SESS-512470,Mobile,IPHONE 14,29.781313459209645,0
SESS-249002,Mobile,N/A,29.781313459209645,0
SESS-579668,Mobile,IPHONE 14,29.781313459209645,0
SESS-181849,Desktop,summer dress,29.781313459209645,0
SESS-511975,Desktop,IPHONE 14,29.781313459209645,0
SESS-962851,Mobile,  shoes leather  ,29.781313459209645,0
SESS-675976,Desktop, leather shoes ,29.781313459209645,0
SESS-903468,Mobile,N/A,29.781313459209645,1
SESS-185168,Tablet, leather shoes ,29.781313459209645,1
SESS-972321,Mobile,  shoes leather  ,29.781313459209645,0
SESS-589567,Tablet,,29.781313459209645,0
SESS-229528,Desktop, leather shoes ,29.781313459209645,0
SESS-961804,Desktop,summer dress,29.781313459209645,0
SESS-882372,Mobile,N/A,29.781313459209645,1
SESS-843443,Mobile,summer dress,29.781313459209645,0
SESS-854824,Desktop,IPHONE 14,29.781313459209645,0
SESS-718506,Mobile,summer dress,29.781313459209645,1
SESS-543929,Mobile,IPHONE 14,29.781313459209645,0
SESS-265503,Desktop, leather shoes ,29.781313459209645,0
SESS-164501,Desktop,summer dress,40056.57333111015,0
SESS-794943,Mobile,IPHONE 14,29.781313459209645,0
SESS-369327,Tablet, leather shoes ,29.781313459209645,0
SESS-195703,Tablet,N/A,29.781313459209645,0
SESS-876510,Desktop,IPHONE 14,29.781313459209645,0
SESS-554205,BOT_UNKNOWN,summer dress,29.781313459209645,0
SESS-833822,Desktop,,29.781313459209645,1
SESS-729365,Mobile,  shoes leather  ,29.781313459209645,0
SESS-894672,Mobile,IPHONE 14,29.781313459209645,0
SESS-712150,Mobile, leather shoes ,29.781313459209645,0
SESS-672915,Mobile,IPHONE 14,29.781313459209645,0
SESS-264317,Mobile,,40056.57333111015,0
SESS-188319,Mobile,IPHONE 14,29.781313459209645,0
SESS-725185,Desktop,,29.781313459209645,0
SESS-513987,Tablet, leather shoes ,29.781313459209645,1
SESS-743418,Mobile, leather shoes ,29.781313459209645,0
SESS-151730,Mobile,IPHONE 14,29.781313459209645,0
SESS-931258,Desktop,summer dress,29.781313459209645,0
SESS-430086,Mobile,IPHONE 14,29.781313459209645,0
SESS-132723,Mobile, leather shoes ,29.781313459209645,0
SESS-882904,Mobile,summer dress,29.781313459209645,0
SESS-171188,Desktop,,29.781313459209645,0
SESS-952639,Desktop,summer dress,29.781313459209645,0
SESS-348885,Mobile,IPHONE 14,29.781313459209645,1
SESS-415721,Mobile,N/A,29.781313459209645,0
SESS-115118,Mobile,summer dress,29.781313459209645,0
SESS-402280,Mobile, leather shoes ,29.781313459209645,0
SESS-168410,Mobile, leather shoes ,29.781313459209645,0
SESS-284870,Desktop,summer dress,29.781313459209645,0
SESS-690201,Desktop,IPHONE 14,29.781313459209645,1
SESS-250205,Tablet,summer dress,29.781313459209645,0
SESS-781499,Mobile,summer dress,29.781313459209645,0
SESS-123483,Mobile, leather shoes ,29.781313459209645,0
SESS-811711,Desktop,N/A,29.781313459209645,0
SESS-201670,Tablet, leather shoes ,29.781313459209645,0
SESS-885536,Desktop, leather shoes ,29.781313459209645,0
SESS-604778,Mobile, leather shoes ,29.781313459209645,1
SESS-556442,Mobile,IPHONE 14,29.781313459209645,0
SESS-853673,Desktop,IPHONE 14,29.781313459209645,0
SESS-971585,Desktop,summer dress,29.781313459209645,0
SESS-111722,Desktop,summer dress,29.781313459209645,0
SESS-218578,Mobile, leather shoes ,29.781313459209645,0
SESS-159036,BOT_UNKNOWN, leather shoes ,29.781313459209645,0
SESS-729368,Tablet, leather shoes ,29.781313459209645,0
SESS-924026,Desktop,  shoes leather  ,29.781313459209645,0
SESS-995696,Mobile,,29.781313459209645,0
SESS-716255,Mobile,IPHONE 14,29.781313459209645,0
SESS-294320,Mobile,N/A,29.781313459209645,0
SESS-927889,Desktop, leather shoes ,29.781313459209645,0
SESS-493052,Mobile, leather shoes ,29.781313459209645,0
SESS-126012,Tablet,summer dress,29.781313459209645,0
SESS-590805,BOT_UNKNOWN,,29.781313459209645,0
SESS-316768,Desktop,IPHONE 14,29.781313459209645,0
SESS-798290,Mobile, leather shoes ,29.781313459209645,0
SESS-645140,Mobile,  shoes leather  ,29.781313459209645,0
SESS-610105,Mobile,summer dress,29.781313459209645,0
SESS-945257,Tablet,N/A,29.781313459209645,1
SESS-592021,Desktop,summer dress,29.781313459209645,0
SESS-142161,Mobile, leather shoes ,29.781313459209645,0
SESS-976883,Desktop, leather shoes ,29.781313459209645,0
SESS-747817,Mobile,summer dress,29.781313459209645,0
SESS-321794,Mobile, leather shoes ,29.781313459209645,0
SESS-676631,Mobile,,29.781313459209645,0
SESS-554347,Desktop,summer dress,29.781313459209645,0
SESS-266882,Tablet,,29.781313459209645,0
SESS-990042,Mobile, leather shoes ,29.781313459209645,1
SESS-391951,Tablet,  shoes leather  ,29.781313459209645,0
SESS-957169,BOT_UNKNOWN, leather shoes ,29.781313459209645,0
SESS-304022,Desktop,N/A,29.781313459209645,0
SESS-998657,Mobile,N/A,29.781313459209645,1
SESS-235992,Tablet,,29.781313459209645,0
SESS-458469,Desktop,summer dress,29.781313459209645,0
SESS-327088,Mobile, leather shoes ,29.781313459209645,0
SESS-738317,Mobile,,40056.57333111015,0
SESS-907989,Desktop,IPHONE 14,29.781313459209645,0
SESS-927642,Mobile,IPHONE 14,29.781313459209645,0
SESS-817072,Mobile,summer dress,29.781313459209645,0
SESS-625260,Mobile,IPHONE 14,29.781313459209645,0
SESS-731315,Mobile, leather shoes ,29.781313459209645,0
SESS-170181,Mobile,summer dress,29.781313459209645,0
SESS-400113,Desktop,  shoes leather  ,29.781313459209645,0
SESS-980096,Mobile, leather shoes ,29.781313459209645,0
SESS-840355,Tablet,  shoes leather  ,29.781313459209645,0
SESS-121066,Mobile, leather shoes ,29.781313459209645,0
SESS-142519,BOT_UNKNOWN,  shoes leather  ,29.781313459209645,0
SESS-304541,Desktop,IPHONE 14,29.781313459209645,0
SESS-977615,Mobile, leather shoes ,29.781313459209645,0
SESS-579866,Desktop,summer dress,29.781313459209645,0
SESS-512254,BOT_UNKNOWN,summer dress,29.781313459209645,0
SESS-892111,Mobile, leather shoes ,29.781313459209645,0
SESS-566392,Mobile, leather shoes ,29.781313459209645,0
SESS-472521,Desktop, leather shoes ,29.781313459209645,0
SESS-836777,Tablet,summer dress,29.781313459209645,0
SESS-628906,Mobile,,29.781313459209645,0
SESS-510321,Desktop,N/A,40056.57333111015,0
SESS-179764,Desktop,summer dress,29.781313459209645,0
SESS-347841,Mobile,summer dress,29.781313459209645,0
SESS-294265,Mobile,IPHONE 14,29.781313459209645,0
SESS-623031,Tablet,  shoes leather  ,29.781313459209645,0
SESS-800448,Mobile,N/A,29.781313459209645,0
SESS-264068,Desktop,,29.781313459209645,0
SESS-551820,Mobile,,29.781313459209645,0
SESS-778851,Desktop,,29.781313459209645,1
SESS-973540,Desktop, leather shoes ,29.781313459209645,0
SESS-602538,Mobile, leather shoes ,29.781313459209645,0
SESS-113729,Desktop, leather shoes ,29.781313459209645,0
SESS-958304,Mobile,N/A,29.781313459209645,0
SESS-158635,Mobile, leather shoes ,29.781313459209645,0
SESS-723528,Desktop,IPHONE 14,29.781313459209645,0
SESS-634384,Mobile, leather shoes ,29.781313459209645,1
SESS-885721,Tablet, leather shoes ,29.781313459209645,0
SESS-646323,Mobile,summer dress,29.781313459209645,0
SESS-860768,Mobile,  shoes leather  ,29.781313459209645,0
SESS-322484,Mobile,N/A,29.781313459209645,0
SESS-279465,Tablet, leather shoes ,29.781313459209645,0
SESS-184667,Desktop, leather shoes ,29.781313459209645,0
SESS-177882,Mobile,IPHONE 14,29.781313459209645,0
SESS-576528,Desktop,IPHONE 14,29.781313459209645,1
SESS-390379,Mobile, leather shoes ,29.781313459209645,0
SESS-654370,Mobile,N/A,29.781313459209645,0
SESS-566890,Mobile,IPHONE 14,29.781313459209645,0
SESS-426373,Tablet,IPHONE 14,29.781313459209645,1
SESS-552823,Mobile,summer dress,29.781313459209645,1
SESS-658023,Mobile, leather shoes ,29.781313459209645,0
SESS-321112,Mobile,  shoes leather  ,29.781313459209645,0
SESS-559030,Mobile, leather shoes ,29.781313459209645,0
SESS-245019,Mobile,,29.781313459209645,1
SESS-406903,Mobile,  shoes leather  ,29.781313459209645,0
SESS-138216,Desktop, leather shoes ,29.781313459209645,0
SESS-258015,Mobile, leather shoes ,29.781313459209645,0
SESS-732363,Mobile, leather shoes ,29.781313459209645,0
SESS-758334,Tablet, leather shoes ,29.781313459209645,0
SESS-364572,Mobile, leather shoes ,29.781313459209645,1
SESS-559028,Desktop,summer dress,29.781313459209645,0
SESS-468469,Mobile,summer dress,29.781313459209645,0
SESS-829452,Mobile,summer dress,29.781313459209645,0
SESS-822193,Mobile, leather shoes ,29.781313459209645,0
SESS-714532,Mobile,IPHONE 14,29.781313459209645,0
SESS-461460,Desktop,IPHONE 14,29.781313459209645,1
SESS-204079,Mobile,IPHONE 14,29.781313459209645,1
SESS-997655,Mobile,IPHONE 14,29.781313459209645,0
SESS-543275,Mobile,N/A,29.781313459209645,0
SESS-482938,Mobile,summer dress,29.781313459209645,0
SESS-498584,Tablet, leather shoes ,29.781313459209645,0
SESS-228874,BOT_UNKNOWN,IPHONE 14,29.781313459209645,0
SESS-701125,Mobile,  shoes leather  ,29.781313459209645,0
SESS-704130,Mobile,IPHONE 14,29.781313459209645,0
SESS-596501,Desktop,  shoes leather  ,29.781313459209645,1
SESS-294833,Mobile,N/A,29.781313459209645,0
SESS-141842,Desktop,summer dress,29.781313459209645,0
SESS-160202,Tablet,IPHONE 14,29.781313459209645,0
SESS-619607,Desktop,IPHONE 14,29.781313459209645,0
SESS-148380,Tablet,,29.781313459209645,0
SESS-932827,Desktop,IPHONE 14,29.781313459209645,0
SESS-403856,Mobile,,29.781313459209645,0
SESS-528449,Mobile, leather shoes ,29.781313459209645,0
SESS-758236,Mobile,,29.781313459209645,1
SESS-645358,Mobile,N/A,29.781313459209645,0
SESS-205510,Desktop, leather shoes ,29.781313459209645,0
SESS-828199,Mobile, leather shoes ,29.781313459209645,0
SESS-542367,Mobile,summer dress,29.781313459209645,0
SESS-154942,Mobile,N/A,29.781313459209645,0
SESS-949837,Mobile,IPHONE 14,29.781313459209645,0
SESS-372831,Mobile,IPHONE 14,29.781313459209645,0
SESS-791892,Mobile,IPHONE 14,29.781313459209645,0
SESS-736852,Desktop, leather shoes ,29.781313459209645,0
SESS-742891,Mobile,IPHONE 14,29.781313459209645,1
SESS-609299,Desktop,N/A,29.781313459209645,1
SESS-222872,BOT_UNKNOWN,N/A,29.781313459209645,0
SESS-668118,Desktop,N/A,29.781313459209645,0
SESS-650778,Mobile, leather shoes ,29.781313459209645,0
SESS-207334,Mobile,summer dress,29.781313459209645,1
SESS-398043,Mobile, leather shoes ,29.781313459209645,0
SESS-654957,Mobile,,29.781313459209645,0
SESS-474629,Mobile, leather shoes ,29.781313459209645,0
SESS-719319,Mobile, leather shoes ,29.781313459209645,0
SESS-756166,Mobile,N/A,29.781313459209645,1
SESS-405032,Mobile,IPHONE 14,29.781313459209645,0
SESS-698869,Mobile,summer dress,29.781313459209645,1
SESS-220032,Mobile,IPHONE 14,29.781313459209645,0
SESS-275113,Mobile,IPHONE 14,29.781313459209645,1
SESS-124484,Mobile, leather shoes ,29.781313459209645,0
SESS-484413,Desktop, leather shoes ,29.781313459209645,0
SESS-188891,Tablet,  shoes leather  ,29.781313459209645,0
SESS-909885,Mobile,summer dress,29.781313459209645,0
SESS-621292,Mobile, leather shoes ,29.781313459209645,1
SESS-293081,Mobile, leather shoes ,29.781313459209645,0
SESS-242894,Tablet,IPHONE 14,29.781313459209645,0
SESS-652413,Mobile,IPHONE 14,29.781313459209645,0
SESS-332176,BOT_UNKNOWN, leather shoes ,29.781313459209645,0
SESS-627452,Mobile,  shoes leather  ,29.781313459209645,0
SESS-468028,Mobile, leather shoes ,40056.57333111015,0
SESS-788828,Mobile, leather shoes ,29.781313459209645,0
SESS-957328,BOT_UNKNOWN, leather shoes ,29.781313459209645,0
SESS-867241,Mobile, leather shoes ,29.781313459209645,0
SESS-811984,Mobile, leather shoes ,29.781313459209645,0
SESS-768800,BOT_UNKNOWN,summer dress,29.781313459209645,0
SESS-498751,Desktop, leather shoes ,29.781313459209645,0
SESS-312724,Tablet,N/A,29.781313459209645,1
SESS-698857,Mobile,IPHONE 14,29.781313459209645,0
SESS-195001,Desktop,,29.781313459209645,0
SESS-644360,Tablet,summer dress,29.781313459209645,0
SESS-371390,Mobile,summer dress,29.781313459209645,0
SESS-953466,BOT_UNKNOWN,IPHONE 14,29.781313459209645,1
SESS-931049,Mobile,,29.781313459209645,0
SESS-642622,Desktop,,29.781313459209645,0
SESS-144929,Mobile, leather shoes ,29.781313459209645,0
SESS-706294,Desktop,IPHONE 14,29.781313459209645,0
SESS-520670,Desktop, leather shoes ,29.781313459209645,0
SESS-713884,Mobile, leather shoes ,29.781313459209645,0
SESS-826068,Mobile,IPHONE 14,29.781313459209645,0
SESS-441564,Mobile,  shoes leather  ,29.781313459209645,0
SESS-857232,Mobile, leather shoes ,29.781313459209645,0
SESS-436394,Desktop,,29.781313459209645,1
SESS-629587,Mobile,IPHONE 14,29.781313459209645,0
SESS-582774,Desktop,,29.781313459209645,0
SESS-576429,Mobile, leather shoes ,29.781313459209645,0
SESS-458677,Tablet,N/A,29.781313459209645,1
SESS-311436,Mobile,summer dress,29.781313459209645,0
SESS-704084,Mobile,  shoes leather  ,29.781313459209645,0
SESS-430651,Mobile, leather shoes ,29.781313459209645,1
SESS-220069,Desktop,,29.781313459209645,0
SESS-362249,Mobile,N/A,29.781313459209645,1
SESS-565655,Desktop,N/A,29.781313459209645,0
SESS-414820,Mobile,summer dress,29.781313459209645,0
SESS-874239,Desktop,IPHONE 14,29.781313459209645,0
SESS-171362,Mobile,summer dress,29.781313459209645,1
SESS-350787,Tablet, leather shoes ,29.781313459209645,0
SESS-573174,Mobile,summer dress,29.781313459209645,1
SESS-330876,Mobile,,29.781313459209645,0
SESS-500611,Desktop,  shoes leather  ,29.781313459209645,0
SESS-451765,Desktop,N/A,29.781313459209645,0
SESS-737956,Desktop, leather shoes ,29.781313459209645,1
SESS-183707,Mobile,summer dress,29.781313459209645,0
SESS-519793,Tablet,summer dress,29.781313459209645,0
SESS-607496,Mobile,,29.781313459209645,0
SESS-304135,Mobile,IPHONE 14,29.781313459209645,0
SESS-335801,Mobile,IPHONE 14,29.781313459209645,0
SESS-559640,Mobile, leather shoes ,29.781313459209645,0
SESS-601094,Desktop,,29.781313459209645,0
SESS-499335,Desktop, leather shoes ,29.781313459209645,0
SESS-897367,Mobile,summer dress,29.781313459209645,0
SESS-261466,Mobile,summer dress,29.781313459209645,0
SESS-649545,Desktop,N/A,29.781313459209645,0
SESS-107955,Mobile, leather shoes ,29.781313459209645,0
SESS-982677,Mobile,summer dress,29.781313459209645,0
SESS-635387,Mobile,N/A,29.781313459209645,1
SESS-869098,Mobile,N/A,29.781313459209645,0
SESS-734403,Mobile,IPHONE 14,29.781313459209645,0
SESS-994159,Tablet,summer dress,29.781313459209645,0
SESS-853671,Mobile, leather shoes ,29.781313459209645,0
SESS-560216,Mobile,summer dress,40056.57333111015,0
SESS-323709,Mobile, leather shoes ,29.781313459209645,0
SESS-906222,Mobile,summer dress,29.781313459209645,0
SESS-171189,Mobile, leather shoes ,29.781313459209645,0
SESS-854257,Desktop, leather shoes ,29.781313459209645,0
SESS-427177,Mobile,summer dress,29.781313459209645,0
SESS-719753,Mobile,summer dress,29.781313459209645,0
SESS-759938,Mobile, leather shoes ,29.781313459209645,0
SESS-793310,Tablet,summer dress,29.781313459209645,0
SESS-501932,Mobile,N/A,29.781313459209645,0
SESS-677548,Mobile,summer dress,29.781313459209645,0
SESS-832290,Mobile,summer dress,29.781313459209645,0
SESS-524943,Mobile, leather shoes ,29.781313459209645,0
SESS-861726,Tablet,,29.781313459209645,0
SESS-563151,Mobile,,29.781313459209645,0
SESS-232297,Desktop,N/A,29.781313459209645,0
SESS-493061,Desktop, leather shoes ,29.781313459209645,0
SESS-755126,Mobile, leather shoes ,29.781313459209645,0
SESS-771859,Mobile, leather shoes ,29.781313459209645,1
SESS-106861,Desktop,IPHONE 14,29.781313459209645,0
SESS-127292,Mobile, leather shoes ,29.781313459209645,0
SESS-904777,Mobile,IPHONE 14,29.781313459209645,0
SESS-888513,Mobile, leather shoes ,29.781313459209645,1
SESS-801530,Tablet, leather shoes ,29.781313459209645,0
SESS-601468,Desktop,  shoes leather  ,29.781313459209645,1
SESS-965828,Mobile, leather shoes ,29.781313459209645,1
SESS-634292,Tablet,summer dress,29.781313459209645,0
SESS-343178,Desktop,IPHONE 14,29.781313459209645,0
SESS-831156,BOT_UNKNOWN,IPHONE 14,29.781313459209645,0
SESS-951651,Mobile,summer dress,29.781313459209645,0
SESS-552355,Desktop,IPHONE 14,29.781313459209645,0
SESS-906990,BOT_UNKNOWN, leather shoes ,29.781313459209645,0
SESS-698312,Desktop,summer dress,29.781313459209645,1
SESS-260579,Mobile,summer dress,29.781313459209645,0
SESS-628343,Tablet,IPHONE 14,29.781313459209645,0
SESS-809089,Mobile,summer dress,29.781313459209645,0
SESS-928418,Desktop,IPHONE 14,29.781313459209645,0
SESS-787894,Mobile, leather shoes ,29.781313459209645,0
SESS-980975,Mobile,IPHONE 14,29.781313459209645,0
SESS-634006,Mobile, leather shoes ,29.781313459209645,0
SESS-135411,Mobile, leather shoes ,29.781313459209645,0
SESS-803087,Mobile,summer dress,29.781313459209645,1
SESS-100729,Mobile,IPHONE 14,40056.57333111015,0
SESS-743471,Mobile, leather shoes ,29.781313459209645,0
SESS-558946,Tablet,IPHONE 14,29.781313459209645,0
SESS-270731,Mobile,IPHONE 14,29.781313459209645,0
SESS-601275,Desktop,summer dress,29.781313459209645,0
SESS-470372,Mobile, leather shoes ,29.781313459209645,0
SESS-530052,Mobile, leather shoes ,29.781313459209645,0
SESS-381717,Mobile,N/A,29.781313459209645,0
SESS-104047,Mobile,IPHONE 14,29.781313459209645,0
SESS-563259,Desktop,summer dress,29.781313459209645,0
SESS-980154,Mobile, leather shoes ,29.781313459209645,0
SESS-262332,Mobile, leather shoes ,29.781313459209645,1
SESS-962743,Desktop, leather shoes ,29.781313459209645,0
SESS-333803,Desktop,IPHONE 14,29.781313459209645,0
SESS-747965,Desktop,IPHONE 14,29.781313459209645,0
SESS-566282,Mobile,IPHONE 14,29.781313459209645,1
SESS-899540,BOT_UNKNOWN, leather shoes ,29.781313459209645,0
SESS-891392,Mobile,summer dress,29.781313459209645,0
SESS-299916,Tablet,IPHONE 14,29.781313459209645,1
SESS-944660,Mobile,summer dress,29.781313459209645,0
SESS-281946,Desktop,summer dress,29.781313459209645,0
SESS-839714,Tablet, leather shoes ,29.781313459209645,1
SESS-275085,Mobile, leather shoes ,29.781313459209645,0
SESS-252929,Mobile,IPHONE 14,29.781313459209645,0
SESS-433265,Desktop,,29.781313459209645,0
SESS-586274,Mobile,summer dress,29.781313459209645,0
SESS-386183,Desktop, leather shoes ,29.781313459209645,0
SESS-422734,Mobile,summer dress,29.781313459209645,0
SESS-371536,Desktop,  shoes leather  ,29.781313459209645,0
SESS-694616,Mobile,  shoes leather  ,29.781313459209645,0
SESS-549936,Desktop, leather shoes ,29.781313459209645,0
SESS-877482,Mobile,IPHONE 14,29.781313459209645,0
SESS-653771,Desktop,summer dress,29.781313459209645,0
SESS-436664,Mobile,IPHONE 14,29.781313459209645,0
SESS-832888,Mobile, leather shoes ,29.781313459209645,0
SESS-856487,Tablet,N/A,29.781313459209645,0
SESS-807848,Mobile, leather shoes ,29.781313459209645,0
SESS-382166,Mobile,,29.781313459209645,0
SESS-913306,Desktop,  shoes leather  ,29.781313459209645,0
SESS-858828,Mobile,,29.781313459209645,0
SESS-926743,Mobile,summer dress,29.781313459209645,0
SESS-775574,Desktop,,29.781313459209645,0
SESS-145801,Desktop, leather shoes ,29.781313459209645,1
SESS-656163,Mobile,  shoes leather  ,29.781313459209645,0
SESS-345572,Desktop,summer dress,40056.57333111015,1
SESS-433353,Mobile,N/A,40056.57333111015,0
SESS-184277,Mobile,summer dress,29.781313459209645,0
SESS-538000,Mobile,IPHONE 14,29.781313459209645,0
SESS-908883,Tablet,IPHONE 14,29.781313459209645,0
SESS-604573,Mobile,IPHONE 14,29.781313459209645,0
SESS-936666,Mobile,N/A,29.781313459209645,0
SESS-561203,Mobile,N/A,29.781313459209645,0
SESS-157466,Desktop, leather shoes ,29.781313459209645,0
SESS-381299,Desktop,IPHONE 14,29.781313459209645,0
SESS-213326,Tablet,N/A,29.781313459209645,0
SESS-789438,Mobile,IPHONE 14,29.781313459209645,0
SESS-982569,Desktop,IPHONE 14,29.781313459209645,1
SESS-484421,Mobile, leather shoes ,29.781313459209645,0
SESS-506151,Desktop,N/A,29.781313459209645,1
SESS-323238,Mobile,,29.781313459209645,0
SESS-699431,Mobile,IPHONE 14,40056.57333111015,0
SESS-882932,Mobile, leather shoes ,29.781313459209645,0
SESS-947837,Mobile, leather shoes ,29.781313459209645,0
SESS-863430,Mobile,IPHONE 14,29.781313459209645,1
SESS-379798,Mobile,  shoes leather  ,29.781313459209645,0
SESS-513547,Mobile,,29.781313459209645,1
SESS-367241,Mobile, leather shoes ,29.781313459209645,0
SESS-181991,Desktop, leather shoes ,29.781313459209645,0
SESS-371884,Mobile,,29.781313459209645,1
SESS-322733,Desktop,  shoes leather  ,29.781313459209645,0
SESS-955463,Mobile,,40056.57333111015,0
SESS-277019,Desktop,IPHONE 14,29.781313459209645,0
SESS-316806,Mobile,summer dress,29.781313459209645,0
SESS-594182,BOT_UNKNOWN,  shoes leather  ,29.781313459209645,0
SESS-385532,Mobile,IPHONE 14,29.781313459209645,0
SESS-689909,Mobile,IPHONE 14,40056.57333111015,1
SESS-873131,Mobile,IPHONE 14,29.781313459209645,0
SESS-172366,Mobile,summer dress,29.781313459209645,0
SESS-247513,Desktop, leather shoes ,40056.57333111015,1
SESS-967417,Mobile, leather shoes ,29.781313459209645,0
SESS-789408,Mobile,  shoes leather  ,29.781313459209645,0
SESS-132149,Mobile,summer dress,29.781313459209645,0
SESS-730924,Mobile,summer dress,29.781313459209645,1
SESS-975099,Tablet,  shoes leather  ,29.781313459209645,1
SESS-344812,Desktop,N/A,29.781313459209645,0
SESS-562370,Mobile, leather shoes ,29.781313459209645,0
SESS-771759,Mobile, leather shoes ,29.781313459209645,0
SESS-663575,Mobile,summer dress,29.781313459209645,0
SESS-522801,Mobile,N/A,29.781313459209645,0
SESS-561234,Desktop, leather shoes ,29.781313459209645,0
SESS-523637,Mobile,IPHONE 14,29.781313459209645,0
SESS-185659,Desktop,IPHONE 14,29.781313459209645,0
SESS-622593,BOT_UNKNOWN, leather shoes ,29.781313459209645,0
SESS-120263,Desktop,summer dress,29.781313459209645,0
SESS-305548,Desktop,,29.781313459209645,0
SESS-368577,Mobile,N/A,29.781313459209645,0
SESS-228045,Tablet,IPHONE 14,29.781313459209645,0
SESS-646771,Tablet, leather shoes ,29.781313459209645,1
SESS-833045,Mobile, leather shoes ,29.781313459209645,0
SESS-724794,Mobile, leather shoes ,29.781313459209645,0
SESS-872845,Mobile,summer dress,29.781313459209645,0
SESS-247908,Desktop, leather shoes ,29.781313459209645,0
SESS-307475,Mobile, leather shoes ,29.781313459209645,0
SESS-553140,Mobile,  shoes leather  ,29.781313459209645,0
SESS-449271,Mobile,N/A,29.781313459209645,0
SESS-269136,Tablet, leather shoes ,40056.57333111015,0
SESS-880959,Tablet, leather shoes ,29.781313459209645,0
SESS-244846,Desktop, leather shoes ,29.781313459209645,1
SESS-459048,Desktop,IPHONE 14,29.781313459209645,0
SESS-437319,Desktop,,29.781313459209645,0
SESS-789509,Desktop, leather shoes ,29.781313459209645,1
SESS-930062,Mobile,IPHONE 14,29.781313459209645,0
SESS-315955,Desktop, leather shoes ,29.781313459209645,0
SESS-552360,Tablet,N/A,29.781313459209645,0
SESS-240021,Mobile,IPHONE 14,29.781313459209645,0
SESS-544904,BOT_UNKNOWN, leather shoes ,29.781313459209645,0
SESS-895977,Tablet, leather shoes ,29.781313459209645,0
SESS-306021,Mobile,  shoes leather  ,29.781313459209645,0
SESS-391866,Tablet,summer dress,29.781313459209645,0
SESS-550856,Mobile,IPHONE 14,29.781313459209645,0
SESS-189547,Mobile,IPHONE 14,29.781313459209645,0
SESS-105648,Mobile,,29.781313459209645,1
SESS-871799,Mobile,summer dress,29.781313459209645,0
SESS-489334,BOT_UNKNOWN, leather shoes ,29.781313459209645,0
SESS-877609,BOT_UNKNOWN,  shoes leather  ,29.781313459209645,0
SESS-550006,Mobile,N/A,29.781313459209645,0
SESS-617265,Desktop,IPHONE 14,29.781313459209645,0
SESS-773403,Mobile, leather shoes ,29.781313459209645,1
SESS-366727,Desktop,summer dress,29.781313459209645,1
SESS-656801,Desktop,N/A,29.781313459209645,0
SESS-972346,Mobile, leather shoes ,29.781313459209645,0
SESS-612531,Tablet, leather shoes ,29.781313459209645,1
SESS-921487,Tablet,  shoes leather  ,29.781313459209645,0
SESS-995532,Mobile,  shoes leather  ,29.781313459209645,0
SESS-434882,Mobile,IPHONE 14,29.781313459209645,0
SESS-250458,Mobile,IPHONE 14,29.781313459209645,1
SESS-295826,Mobile,IPHONE 14,29.781313459209645,1
SESS-395990,Desktop,,29.781313459209645,0
SESS-823357,Mobile,IPHONE 14,29.781313459209645,0
SESS-816695,Desktop, leather shoes ,29.781313459209645,0
SESS-404133,Desktop,IPHONE 14,29.781313459209645,0
SESS-120208,Desktop,summer dress,29.781313459209645,0
SESS-812409,Mobile,,29.781313459209645,0
SESS-132811,Mobile,N/A,29.781313459209645,1
SESS-969521,Desktop,  shoes leather  ,29.781313459209645,0
SESS-732906,Mobile,summer dress,29.781313459209645,1
SESS-417632,Desktop,summer dress,29.781313459209645,1
SESS-883300,Tablet,  shoes leather  ,29.781313459209645,1
SESS-513841,Tablet,IPHONE 14,29.781313459209645,1
SESS-356158,Mobile, leather shoes ,29.781313459209645,0
SESS-843647,Desktop, leather shoes ,29.781313459209645,0
SESS-863548,Mobile, leather shoes ,29.781313459209645,0
SESS-152804,Mobile,summer dress,29.781313459209645,0
SESS-928194,Desktop,IPHONE 14,29.781313459209645,0
SESS-589356,Mobile,summer dress,40056.57333111015,1
SESS-415477,Desktop,N/A,29.781313459209645,1
SESS-176358,Mobile,IPHONE 14,29.781313459209645,0
SESS-647001,Desktop,summer dress,29.781313459209645,0
SESS-809286,Mobile,summer dress,40056.57333111015,0
SESS-165946,Tablet,  shoes leather  ,29.781313459209645,0
SESS-959327,Mobile,summer dress,29.781313459209645,0
SESS-188159,Mobile,IPHONE 14,29.781313459209645,0
SESS-115578,Desktop, leather shoes ,40056.57333111015,0
SESS-562767,Desktop, leather shoes ,29.781313459209645,0
SESS-548425,Desktop, leather shoes ,29.781313459209645,0
SESS-502804,Tablet,,29.781313459209645,0
SESS-897866,Mobile,summer dress,29.781313459209645,0
SESS-946000,Mobile,summer dress,29.781313459209645,0
SESS-117839,Desktop,,29.781313459209645,1
SESS-596658,Mobile,N/A,29.781313459209645,0
SESS-420629,Mobile, leather shoes ,29.781313459209645,0
SESS-330425,Mobile,IPHONE 14,29.781313459209645,0
SESS-667979,Desktop,IPHONE 14,29.781313459209645,0
SESS-806395,Mobile,,29.781313459209645,1
SESS-130153,Mobile,IPHONE 14,29.781313459209645,0
SESS-433145,Desktop, leather shoes ,29.781313459209645,0
SESS-704184,Desktop,  shoes leather  ,29.781313459209645,0
SESS-896833,Mobile,IPHONE 14,29.781313459209645,0
SESS-542552,Tablet, leather shoes ,29.781313459209645,0
SESS-219291,Desktop,summer dress,29.781313459209645,1
SESS-998451,Mobile,IPHONE 14,29.781313459209645,0
SESS-545762,Mobile,IPHONE 14,29.781313459209645,1
SESS-927016,Desktop,summer dress,29.781313459209645,0
SESS-886058,Tablet,IPHONE 14,29.781313459209645,1
SESS-999157,BOT_UNKNOWN, leather shoes ,29.781313459209645,0
SESS-855363,Mobile, leather shoes ,29.781313459209645,0
SESS-479259,Desktop,IPHONE 14,29.781313459209645,0
SESS-740862,Mobile,summer dress,29.781313459209645,0
SESS-927992,Desktop,IPHONE 14,29.781313459209645,0
SESS-647945,Mobile,IPHONE 14,29.781313459209645,0
SESS-645519,Tablet,summer dress,29.781313459209645,0
SESS-584940,Desktop,,29.781313459209645,0
SESS-655717,Mobile,  shoes leather  ,29.781313459209645,0
SESS-767374,Tablet,  shoes leather  ,29.781313459209645,0
SESS-279409,Tablet,IPHONE 14,40056.57333111015,0
SESS-925087,Mobile,N/A,29.781313459209645,1
SESS-860045,Tablet, leather shoes ,29.781313459209645,0
SESS-644877,Mobile, leather shoes ,29.781313459209645,0
SESS-889829,Desktop,IPHONE 14,29.781313459209645,0
SESS-293582,Mobile, leather shoes ,29.781313459209645,0
SESS-307077,Desktop, leather shoes ,29.781313459209645,0
SESS-189492,Mobile,,29.781313459209645,0
SESS-312238,BOT_UNKNOWN, leather shoes ,29.781313459209645,0
SESS-237973,Desktop,IPHONE 14,29.781313459209645,1
SESS-596597,Mobile,IPHONE 14,29.781313459209645,0
SESS-555020,BOT_UNKNOWN, leather shoes ,29.781313459209645,0
SESS-783025,Desktop,  shoes leather  ,29.781313459209645,0
SESS-743941,Mobile,summer dress,29.781313459209645,0
SESS-305913,Mobile,,29.781313459209645,0
SESS-272748,Mobile, leather shoes ,29.781313459209645,0
SESS-749765,Desktop,IPHONE 14,40056.57333111015,0
SESS-952545,Desktop,N/A,29.781313459209645,0
SESS-542583,Tablet,IPHONE 14,29.781313459209645,0
SESS-403093,Desktop, leather shoes ,29.781313459209645,0
SESS-572593,Desktop,,29.781313459209645,0
SESS-411641,Desktop,,29.781313459209645,0
SESS-692390,Desktop,,29.781313459209645,1
SESS-850195,Mobile,  shoes leather  ,29.781313459209645,0
SESS-999119,Mobile,IPHONE 14,29.781313459209645,0
SESS-742541,Tablet,IPHONE 14,29.781313459209645,0
SESS-188407,Mobile,,29.781313459209645,1
SESS-220311,Desktop,summer dress,29.781313459209645,0
SESS-428947,Mobile,  shoes leather  ,29.781313459209645,1
SESS-376321,Mobile,,29.781313459209645,0
SESS-256227,Mobile, leather shoes ,29.781313459209645,0
SESS-218698,Desktop, leather shoes ,29.781313459209645,0
SESS-165602,Mobile, leather shoes ,29.781313459209645,1
SESS-178496,BOT_UNKNOWN,summer dress,29.781313459209645,0
SESS-370091,Mobile,summer dress,29.781313459209645,0
SESS-361023,Mobile,,29.781313459209645,0
SESS-554681,Mobile, leather shoes ,29.781313459209645,0
SESS-239549,Tablet,summer dress,29.781313459209645,0
SESS-491033,Mobile,,40056.57333111015,0
SESS-434583,Desktop, leather shoes ,29.781313459209645,0
SESS-179251,Mobile,IPHONE 14,29.781313459209645,0
SESS-402056,Mobile, leather shoes ,29.781313459209645,0
SESS-950216,Mobile,N/A,29.781313459209645,0
SESS-213261,Desktop, leather shoes ,29.781313459209645,0
SESS-936153,Mobile,IPHONE 14,29.781313459209645,0
SESS-307712,Mobile,summer dress,40056.57333111015,0
SESS-659480,Mobile,IPHONE 14,29.781313459209645,0
SESS-483911,Desktop, leather shoes ,29.781313459209645,0
SESS-612838,Mobile, leather shoes ,29.781313459209645,0
SESS-123948,Mobile, leather shoes ,29.781313459209645,0
SESS-110916,BOT_UNKNOWN, leather shoes ,29.781313459209645,0
SESS-803168,Mobile,summer dress,29.781313459209645,1
SESS-576880,Desktop,summer dress,29.781313459209645,0
SESS-978430,Tablet,N/A,29.781313459209645,0
SESS-782092,Mobile, leather shoes ,40056.57333111015,0
SESS-711056,Desktop,summer dress,29.781313459209645,0
SESS-373670,Desktop,  shoes leather  ,29.781313459209645,0
SESS-381419,Tablet,IPHONE 14,29.781313459209645,0
SESS-314917,Mobile,  shoes leather  ,29.781313459209645,0
SESS-348165,Mobile,,29.781313459209645,0
SESS-966270,Mobile,IPHONE 14,29.781313459209645,0
SESS-855020,Mobile,,29.781313459209645,1
SESS-674629,Mobile, leather shoes ,29.781313459209645,0
SESS-587826,Tablet,IPHONE 14,29.781313459209645,0
SESS-322713,Desktop,N/A,29.781313459209645,1
SESS-161267,BOT_UNKNOWN,summer dress,29.781313459209645,0
SESS-106221,Desktop,,29.781313459209645,1
SESS-409481,Mobile,summer dress,29.781313459209645,0
SESS-376441,Desktop,  shoes leather  ,29.781313459209645,1
SESS-495221,Mobile, leather shoes ,29.781313459209645,0
SESS-752232,Mobile,IPHONE 14,29.781313459209645,0
SESS-300646,Mobile,IPHONE 14,29.781313459209645,0
SESS-427732,Mobile,N/A,29.781313459209645,0
SESS-928482,Mobile,N/A,29.781313459209645,0
SESS-868983,Desktop,  shoes leather  ,29.781313459209645,0
SESS-549018,Tablet, leather shoes ,29.781313459209645,0
SESS-695086,Mobile,IPHONE 14,29.781313459209645,0
SESS-658951,Mobile,summer dress,29.781313459209645,0
SESS-770379,Desktop,IPHONE 14,29.781313459209645,0
SESS-600556,Mobile,  shoes leather  ,29.781313459209645,0
SESS-164092,Mobile,summer dress,29.781313459209645,0
SESS-511956,Mobile,summer dress,29.781313459209645,0
SESS-515986,Desktop, leather shoes ,29.781313459209645,0
SESS-762996,Desktop,IPHONE 14,29.781313459209645,0
SESS-102428,Mobile,  shoes leather  ,29.781313459209645,1
SESS-818912,Desktop,  shoes leather  ,29.781313459209645,0
SESS-763642,Desktop, leather shoes ,29.781313459209645,0
SESS-363884,Mobile,summer dress,29.781313459209645,0
SESS-914680,Tablet,N/A,29.781313459209645,0
SESS-674576,Mobile,,29.781313459209645,0
SESS-145078,Desktop,summer dress,29.781313459209645,0
SESS-304717,Mobile,summer dress,29.781313459209645,0
SESS-650109,Mobile, leather shoes ,29.781313459209645,0
SESS-115004,Mobile, leather shoes ,29.781313459209645,0
SESS-292752,Mobile,  shoes leather  ,29.781313459209645,0
SESS-312883,Desktop, leather shoes ,29.781313459209645,0
SESS-861459,Mobile,,29.781313459209645,0
SESS-603439,Tablet,,29.781313459209645,0
SESS-493428,Desktop, leather shoes ,29.781313459209645,0
SESS-115567,Desktop, leather shoes ,29.781313459209645,0
SESS-619386,Mobile,  shoes leather  ,29.781313459209645,1
SESS-687676,Mobile,summer dress,29.781313459209645,0
SESS-228932,BOT_UNKNOWN,summer dress,29.781313459209645,0
SESS-438997,Mobile,summer dress,29.781313459209645,0
SESS-480447,Desktop, leather shoes ,29.781313459209645,0
SESS-410825,Mobile,N/A,29.781313459209645,0
SESS-800683,BOT_UNKNOWN,  shoes leather  ,40056.57333111015,0
SESS-450779,Desktop,N/A,29.781313459209645,0
SESS-910149,Desktop,summer dress,29.781313459209645,1
SESS-106261,Mobile,summer dress,29.781313459209645,0
SESS-336862,Tablet,summer dress,29.781313459209645,0
SESS-369968,Desktop,summer dress,29.781313459209645,0
SESS-578935,Desktop,  shoes leather  ,29.781313459209645,0
SESS-283309,Mobile,  shoes leather  ,29.781313459209645,0
SESS-845846,Mobile, leather shoes ,29.781313459209645,0
SESS-564133,Mobile,  shoes leather  ,29.781313459209645,0
SESS-757869,Mobile,N/A,29.781313459209645,0
SESS-377274,Tablet,  shoes leather  ,29.781313459209645,0
SESS-132299,Tablet, leather shoes ,29.781313459209645,0
SESS-354692,Desktop,N/A,29.781313459209645,0
SESS-574750,Mobile,summer dress,29.781313459209645,1
SESS-762126,Desktop,IPHONE 14,29.781313459209645,0
SESS-290477,Mobile, leather shoes ,40056.57333111015,1
SESS-295902,Tablet,  shoes leather  ,29.781313459209645,0
SESS-984183,Desktop,,29.781313459209645,0
SESS-800209,Mobile, leather shoes ,29.781313459209645,0
SESS-477127,Desktop,summer dress,29.781313459209645,0
SESS-224185,Desktop,summer dress,29.781313459209645,0
SESS-170023,BOT_UNKNOWN,IPHONE 14,29.781313459209645,0
SESS-201792,Desktop,IPHONE 14,29.781313459209645,0
SESS-579588,Mobile, leather shoes ,29.781313459209645,0
SESS-513443,Tablet,N/A,29.781313459209645,0
SESS-221703,Mobile,,29.781313459209645,0
SESS-580682,Mobile, leather shoes ,29.781313459209645,0
SESS-628050,Desktop,N/A,29.781313459209645,0
SESS-529767,Mobile,summer dress,29.781313459209645,1
SESS-907433,Tablet, leather shoes ,29.781313459209645,0
SESS-675963,Mobile, leather shoes ,29.781313459209645,0
SESS-182121,Mobile,N/A,29.781313459209645,0
SESS-439158,Mobile,IPHONE 14,29.781313459209645,0
SESS-856219,Mobile, leather shoes ,29.781313459209645,0
SESS-365563,Desktop,IPHONE 14,29.781313459209645,0
SESS-308600,Desktop,IPHONE 14,29.781313459209645,0
SESS-122218,Mobile,IPHONE 14,29.781313459209645,0
SESS-331169,Mobile,,29.781313459209645,0
SESS-425020,Desktop,summer dress,29.781313459209645,1
SESS-802199,Desktop,summer dress,29.781313459209645,0
SESS-779617,Desktop, leather shoes ,29.781313459209645,1
SESS-556896,Desktop,IPHONE 14,29.781313459209645,1
SESS-625105,Mobile, leather shoes ,29.781313459209645,0
SESS-459461,Desktop,  shoes leather  ,29.781313459209645,0
SESS-361511,Desktop, leather shoes ,29.781313459209645,0
SESS-670132,Mobile,IPHONE 14,29.781313459209645,1
SESS-356396,Desktop, leather shoes ,29.781313459209645,0
SESS-721525,Mobile,summer dress,29.781313459209645,0
SESS-222064,Mobile,,29.781313459209645,0
SESS-461579,Mobile, leather shoes ,29.781313459209645,1
SESS-796127,Mobile,N/A,29.781313459209645,0
SESS-348798,Mobile,IPHONE 14,29.781313459209645,0
SESS-370967,Mobile, leather shoes ,29.781313459209645,0
SESS-489957,Mobile, leather shoes ,29.781313459209645,0
SESS-547259,Mobile,IPHONE 14,29.781313459209645,0
SESS-441500,Mobile,summer dress,29.781313459209645,0
SESS-791542,Mobile, leather shoes ,29.781313459209645,0
SESS-290166,Mobile,  shoes leather  ,29.781313459209645,0
SESS-721469,Mobile,IPHONE 14,29.781313459209645,0
SESS-616778,Mobile, leather shoes ,29.781313459209645,0
SESS-416696,Mobile,IPHONE 14,29.781313459209645,0
SESS-278966,Mobile,,29.781313459209645,0
SESS-743384,Mobile,IPHONE 14,29.781313459209645,0
SESS-985008,Tablet,IPHONE 14,29.781313459209645,0
SESS-118040,Mobile,IPHONE 14,29.781313459209645,0
SESS-730634,Desktop,IPHONE 14,29.781313459209645,0
SESS-267772,Tablet,,29.781313459209645,0
SESS-224213,Mobile, leather shoes ,29.781313459209645,0
SESS-668573,Mobile,  shoes leather  ,29.781313459209645,0
SESS-662510,Tablet,,29.781313459209645,1
SESS-898074,Mobile,summer dress,29.781313459209645,0
SESS-240677,Mobile,summer dress,29.781313459209645,0
SESS-655814,Mobile,  shoes leather  ,29.781313459209645,1
SESS-766925,Desktop,summer dress,29.781313459209645,0
SESS-916598,BOT_UNKNOWN,,29.781313459209645,0
SESS-701593,Desktop, leather shoes ,29.781313459209645,0
SESS-894431,Desktop, leather shoes ,29.781313459209645,0
SESS-459630,Desktop, leather shoes ,29.781313459209645,0
SESS-488544,Desktop,N/A,29.781313459209645,1
SESS-602552,Desktop,IPHONE 14,29.781313459209645,0
SESS-553241,Mobile,summer dress,29.781313459209645,0
SESS-639792,Mobile,N/A,29.781313459209645,0
SESS-345964,Tablet,IPHONE 14,29.781313459209645,0
SESS-688667,BOT_UNKNOWN,summer dress,29.781313459209645,0
SESS-387760,Mobile,IPHONE 14,29.781313459209645,0
SESS-154472,Desktop,IPHONE 14,29.781313459209645,1
SESS-350687,Mobile,IPHONE 14,29.781313459209645,0
SESS-301274,Desktop, leather shoes ,29.781313459209645,0
SESS-651006,Mobile,  shoes leather  ,29.781313459209645,0
SESS-635450,Desktop,  shoes leather  ,29.781313459209645,0
SESS-536551,Mobile,IPHONE 14,29.781313459209645,0
SESS-583470,Desktop,N/A,29.781313459209645,0
SESS-712282,Mobile,,29.781313459209645,0
SESS-130967,Mobile,summer dress,29.781313459209645,0
SESS-643088,Mobile,,29.781313459209645,1
SESS-670800,Mobile,summer dress,29.781313459209645,0
SESS-500943,Mobile, leather shoes ,29.781313459209645,0
SESS-867720,Desktop, leather shoes ,29.781313459209645,0
SESS-718492,Desktop, leather shoes ,29.781313459209645,0
SESS-212100,Mobile, leather shoes ,29.781313459209645,0
SESS-866291,Mobile, leather shoes ,29.781313459209645,0
SESS-167393,Desktop, leather shoes ,29.781313459209645,1
SESS-110812,Mobile,summer dress,29.781313459209645,0
SESS-540550,Mobile,  shoes leather  ,29.781313459209645,0
SESS-643671,Mobile, leather shoes ,29.781313459209645,0
SESS-243392,Mobile,N/A,29.781313459209645,0
SESS-184507,Mobile, leather shoes ,40056.57333111015,0
SESS-793361,Desktop,  shoes leather  ,29.781313459209645,1
SESS-604813,Mobile,IPHONE 14,29.781313459209645,0
SESS-198075,Mobile, leather shoes ,29.781313459209645,0
SESS-320777,Desktop, leather shoes ,29.781313459209645,1
SESS-647563,Mobile,,29.781313459209645,0
SESS-570539,Mobile,summer dress,29.781313459209645,1
SESS-834195,Mobile,  shoes leather  ,29.781313459209645,0
SESS-411720,Desktop,summer dress,29.781313459209645,0
SESS-963309,Desktop,,29.781313459209645,0
SESS-814931,Mobile,summer dress,29.781313459209645,0
SESS-149319,Mobile,IPHONE 14,29.781313459209645,0
SESS-167937,Mobile,N/A,29.781313459209645,0
SESS-630819,Desktop,summer dress,29.781313459209645,0
SESS-116632,Mobile,IPHONE 14,29.781313459209645,1
SESS-188193,Desktop,summer dress,29.781313459209645,0
SESS-433561,Mobile,IPHONE 14,29.781313459209645,1
SESS-522820,Mobile,  shoes leather  ,40056.57333111015,0
SESS-135967,Tablet,N/A,29.781313459209645,0
SESS-258178,Mobile,summer dress,29.781313459209645,0
SESS-357422,Desktop,N/A,29.781313459209645,0
SESS-472851,Mobile,summer dress,29.781313459209645,0
SESS-714526,BOT_UNKNOWN, leather shoes ,29.781313459209645,0
SESS-835968,Mobile,IPHONE 14,29.781313459209645,0
SESS-502808,Desktop,IPHONE 14,29.781313459209645,0
SESS-332084,Desktop, leather shoes ,29.781313459209645,0
SESS-470575,Mobile,summer dress,29.781313459209645,1
SESS-859183,Desktop,summer dress,29.781313459209645,0
SESS-912046,Mobile,IPHONE 14,29.781313459209645,0
SESS-762498,Tablet,IPHONE 14,29.781313459209645,1
SESS-930005,Mobile, leather shoes ,29.781313459209645,0
SESS-250975,Desktop,summer dress,29.781313459209645,0
SESS-186995,Mobile,IPHONE 14,29.781313459209645,0
SESS-351474,Mobile,,29.781313459209645,0
SESS-999282,Mobile, leather shoes ,29.781313459209645,0
SESS-107358,Desktop,summer dress,29.781313459209645,0
SESS-861432,Mobile, leather shoes ,29.781313459209645,0
SESS-404085,Desktop,summer dress,29.781313459209645,0
SESS-181204,Mobile, leather shoes ,29.781313459209645,1
SESS-362787,Desktop, leather shoes ,29.781313459209645,0
SESS-491975,Desktop, leather shoes ,29.781313459209645,0
SESS-632421,Mobile,IPHONE 14,29.781313459209645,0
SESS-342269,Mobile,IPHONE 14,29.781313459209645,1
SESS-418298,Desktop,summer dress,40056.57333111015,0
SESS-590445,Desktop,summer dress,29.781313459209645,0
SESS-228248,Desktop, leather shoes ,29.781313459209645,0
SESS-623253,Mobile,IPHONE 14,29.781313459209645,1
SESS-629299,Mobile,summer dress,29.781313459209645,0
SESS-974093,Mobile, leather shoes ,29.781313459209645,0
SESS-558956,Tablet,N/A,29.781313459209645,0
SESS-564643,Mobile,summer dress,29.781313459209645,0
SESS-830724,Desktop,N/A,29.781313459209645,0
SESS-297935,Mobile,summer dress,29.781313459209645,0
SESS-890552,Desktop,summer dress,29.781313459209645,0
SESS-601661,Mobile, leather shoes ,29.781313459209645,1
SESS-483609,Tablet,IPHONE 14,29.781313459209645,1
SESS-596079,Mobile, leather shoes ,29.781313459209645,0
SESS-322925,Desktop, leather shoes ,29.781313459209645,0
SESS-611206,Tablet, leather shoes ,29.781313459209645,1
SESS-564273,Tablet,  shoes leather  ,29.781313459209645,0
SESS-993237,Mobile,  shoes leather  ,29.781313459209645,0
SESS-390865,Mobile, leather shoes ,29.781313459209645,0
SESS-532197,Mobile, leather shoes ,29.781313459209645,1
SESS-555478,Mobile,IPHONE 14,29.781313459209645,0
SESS-159074,Desktop,N/A,29.781313459209645,1
SESS-863571,Desktop,N/A,29.781313459209645,0
SESS-258938,BOT_UNKNOWN,N/A,29.781313459209645,0
SESS-263989,Tablet, leather shoes ,29.781313459209645,0
SESS-683549,BOT_UNKNOWN,IPHONE 14,29.781313459209645,0
SESS-998498,Desktop,IPHONE 14,29.781313459209645,1
SESS-691410,Desktop, leather shoes ,29.781313459209645,0
SESS-399021,Mobile,IPHONE 14,29.781313459209645,0
SESS-656655,Mobile,  shoes leather  ,29.781313459209645,0
SESS-370500,Mobile,IPHONE 14,29.781313459209645,0
SESS-687831,Mobile, leather shoes ,29.781313459209645,0
SESS-903371,Mobile,IPHONE 14,29.781313459209645,0
SESS-742490,Mobile, leather shoes ,40056.57333111015,1
SESS-196238,Mobile,IPHONE 14,40056.57333111015,1
SESS-258855,Desktop,IPHONE 14,29.781313459209645,0
SESS-545827,Mobile,summer dress,29.781313459209645,0
SESS-126296,Mobile, leather shoes ,29.781313459209645,0
SESS-458999,Desktop, leather shoes ,29.781313459209645,0
SESS-376620,Desktop, leather shoes ,29.781313459209645,0
SESS-957594,Desktop,,29.781313459209645,0
SESS-550695,Mobile,summer dress,29.781313459209645,1
SESS-319733,Desktop,summer dress,29.781313459209645,0
SESS-775124,Mobile, leather shoes ,29.781313459209645,0
SESS-396219,Mobile,IPHONE 14,29.781313459209645,0
SESS-868337,Desktop, leather shoes ,29.781313459209645,0
SESS-643376,Mobile,,40056.57333111015,1
SESS-785509,Mobile,IPHONE 14,29.781313459209645,0
SESS-748767,Mobile,summer dress,29.781313459209645,0
SESS-352904,BOT_UNKNOWN,summer dress,29.781313459209645,1
SESS-934654,Mobile,IPHONE 14,29.781313459209645,0
SESS-514634,BOT_UNKNOWN, leather shoes ,29.781313459209645,0
SESS-110536,Mobile,  shoes leather  ,29.781313459209645,0
SESS-904820,Tablet,  shoes leather  ,29.781313459209645,0
SESS-112874,Desktop,N/A,29.781313459209645,0
SESS-516084,Mobile,,29.781313459209645,0
SESS-943244,Tablet,N/A,29.781313459209645,0
SESS-960194,Desktop,N/A,29.781313459209645,0
SESS-389769,Desktop,IPHONE 14,29.781313459209645,0
SESS-679311,Desktop,IPHONE 14,29.781313459209645,1
SESS-164884,Mobile,,29.781313459209645,0
SESS-512470,Tablet,  shoes leather  ,29.781313459209645,0
SESS-545564,Mobile,IPHONE 14,29.781313459209645,0
SESS-868302,Desktop,N/A,29.781313459209645,1
SESS-405437,Desktop, leather shoes ,29.781313459209645,0
SESS-503117,Tablet,  shoes leather  ,40056.57333111015,0
SESS-958570,Mobile, leather shoes ,29.781313459209645,0
SESS-555834,Mobile,N/A,29.781313459209645,0
SESS-216326,Mobile,N/A,29.781313459209645,0
SESS-468666,Mobile,N/A,29.781313459209645,0
SESS-486740,Desktop,summer dress,29.781313459209645,1
SESS-124217,Mobile,summer dress,29.781313459209645,0
SESS-546705,Desktop, leather shoes ,29.781313459209645,0
SESS-237544,Desktop,IPHONE 14,29.781313459209645,0
SESS-664001,Desktop, leather shoes ,29.781313459209645,0
SESS-269915,Desktop,summer dress,40056.57333111015,0
SESS-725895,Mobile,  shoes leather  ,29.781313459209645,1
SESS-106763,Desktop,IPHONE 14,29.781313459209645,0
SESS-553601,Tablet, leather shoes ,29.781313459209645,0
SESS-641163,Desktop,summer dress,29.781313459209645,0
SESS-277894,Desktop,summer dress,29.781313459209645,0
SESS-436428,Desktop,summer dress,29.781313459209645,0
SESS-992135,Mobile,N/A,29.781313459209645,0
SESS-332398,Mobile,  shoes leather  ,29.781313459209645,0
SESS-413757,Mobile, leather shoes ,29.781313459209645,0
SESS-318373,Desktop,,29.781313459209645,0
SESS-606390,Tablet,summer dress,29.781313459209645,0
SESS-984701,Desktop, leather shoes ,29.781313459209645,0
SESS-920164,BOT_UNKNOWN, leather shoes ,29.781313459209645,0
SESS-409276,Tablet,N/A,40056.57333111015,0
SESS-512449,Mobile,N/A,29.781313459209645,0
SESS-550484,Desktop, leather shoes ,29.781313459209645,0
SESS-350195,Mobile, leather shoes ,29.781313459209645,0
SESS-772703,Desktop, leather shoes ,29.781313459209645,0
SESS-121477,BOT_UNKNOWN, leather shoes ,29.781313459209645,0
SESS-270628,Desktop,IPHONE 14,29.781313459209645,0
SESS-108029,Mobile,summer dress,29.781313459209645,0
SESS-987558,Tablet, leather shoes ,29.781313459209645,0
SESS-447103,Mobile, leather shoes ,29.781313459209645,1
SESS-636202,Tablet,  shoes leather  ,29.781313459209645,1
SESS-217513,Mobile, leather shoes ,29.781313459209645,1
SESS-257451,Tablet,summer dress,29.781313459209645,0
SESS-984714,Desktop, leather shoes ,29.781313459209645,0
SESS-743855,Mobile, leather shoes ,29.781313459209645,0
SESS-797463,Desktop,  shoes leather  ,29.781313459209645,0
SESS-290569,BOT_UNKNOWN,N/A,29.781313459209645,0
SESS-192194,Mobile,summer dress,29.781313459209645,0
SESS-367737,Mobile,  shoes leather  ,29.781313459209645,0
SESS-782046,Desktop,IPHONE 14,29.781313459209645,0
SESS-312741,Mobile,  shoes leather  ,29.781313459209645,0
SESS-886043,Desktop,IPHONE 14,29.781313459209645,1
SESS-752966,Desktop, leather shoes ,29.781313459209645,0
SESS-443165,Mobile,summer dress,40056.57333111015,0
SESS-797062,Desktop,,29.781313459209645,0
SESS-217750,Mobile, leather shoes ,29.781313459209645,0
SESS-977560,Mobile, leather shoes ,29.781313459209645,1
SESS-472337,Desktop,  shoes leather  ,29.781313459209645,1
SESS-249302,Mobile, leather shoes ,29.781313459209645,0
SESS-378420,Desktop,,29.781313459209645,0
SESS-572696,Desktop, leather shoes ,29.781313459209645,0
SESS-572529,Desktop, leather shoes ,29.781313459209645,0
SESS-525844,Mobile, leather shoes ,29.781313459209645,0
SESS-506237,Mobile,N/A,29.781313459209645,0
SESS-635506,Mobile,IPHONE 14,29.781313459209645,0
SESS-831158,Mobile,IPHONE 14,29.781313459209645,0
SESS-305806,Mobile,  shoes leather  ,29.781313459209645,0
SESS-862495,Mobile,IPHONE 14,29.781313459209645,0
SESS-214909,Mobile,N/A,29.781313459209645,0
SESS-471040,Mobile,,29.781313459209645,0
SESS-115771,Desktop,summer dress,29.781313459209645,0
SESS-410485,Desktop,summer dress,29.781313459209645,0
SESS-740697,BOT_UNKNOWN,IPHONE 14,29.781313459209645,0
SESS-151848,Desktop, leather shoes ,29.781313459209645,0
SESS-352706,Desktop, leather shoes ,29.781313459209645,0
SESS-432838,Mobile,summer dress,29.781313459209645,0
SESS-908033,Mobile, leather shoes ,29.781313459209645,1
SESS-837600,Desktop,N/A,29.781313459209645,0
SESS-963128,Tablet,N/A,29.781313459209645,1
SESS-838518,Mobile, leather shoes ,29.781313459209645,0
SESS-863909,Desktop,IPHONE 14,29.781313459209645,0
SESS-761376,Mobile,summer dress,29.781313459209645,0
SESS-106169,Tablet,  shoes leather  ,29.781313459209645,0
SESS-333209,BOT_UNKNOWN, leather shoes ,29.781313459209645,0
SESS-298125,Mobile,summer dress,29.781313459209645,0
SESS-187071,Mobile, leather shoes ,29.781313459209645,0
SESS-746811,Desktop,IPHONE 14,29.781313459209645,0
SESS-127463,Desktop,,29.781313459209645,0
SESS-177552,Tablet,IPHONE 14,29.781313459209645,0
SESS-454503,Tablet,IPHONE 14,29.781313459209645,0
SESS-335027,Desktop, leather shoes ,29.781313459209645,0
SESS-550803,Tablet,IPHONE 14,29.781313459209645,0
SESS-421150,Tablet,summer dress,29.781313459209645,0
SESS-424429,Desktop,  shoes leather  ,29.781313459209645,0
SESS-849732,Mobile,,29.781313459209645,1
SESS-134852,Mobile,,29.781313459209645,0
SESS-446434,Desktop, leather shoes ,29.781313459209645,0
SESS-582699,Desktop,,29.781313459209645,0
SESS-464038,Mobile,IPHONE 14,29.781313459209645,0
SESS-505349,Mobile,  shoes leather  ,29.781313459209645,0
SESS-319850,Mobile,IPHONE 14,29.781313459209645,0
SESS-146758,Mobile,IPHONE 14,29.781313459209645,1
SESS-205417,Mobile, leather shoes ,29.781313459209645,0
SESS-976448,Mobile,IPHONE 14,29.781313459209645,0
SESS-928775,Desktop,summer dress,29.781313459209645,0
SESS-395048,Desktop,summer dress,29.781313459209645,0
SESS-874351,Mobile,  shoes leather  ,29.781313459209645,1
SESS-349531,Mobile,summer dress,29.781313459209645,0
SESS-482958,BOT_UNKNOWN,summer dress,29.781313459209645,0
SESS-383259,Desktop, leather shoes ,29.781313459209645,0
SESS-784606,BOT_UNKNOWN,summer dress,29.781313459209645,0
SESS-609375,BOT_UNKNOWN, leather shoes ,29.781313459209645,0
SESS-135239,Mobile,,29.781313459209645,1
SESS-165689,BOT_UNKNOWN, leather shoes ,29.781313459209645,0
SESS-463501,BOT_UNKNOWN, leather shoes ,29.781313459209645,1
SESS-352085,Mobile,summer dress,29.781313459209645,0
SESS-140939,Mobile, leather shoes ,29.781313459209645,0
SESS-581393,Tablet,summer dress,29.781313459209645,0
SESS-897908,Mobile,N/A,29.781313459209645,0
SESS-649555,Mobile,summer dress,29.781313459209645,0
SESS-886552,Desktop,IPHONE 14,29.781313459209645,1
SESS-133423,Mobile,summer dress,29.781313459209645,0
SESS-894872,Mobile,  shoes leather  ,29.781313459209645,0
SESS-904104,Mobile,N/A,29.781313459209645,0
SESS-323516,Mobile,N/A,29.781313459209645,0
SESS-477793,Mobile, leather shoes ,29.781313459209645,0
SESS-887003,Mobile,  shoes leather  ,29.781313459209645,0
SESS-718193,Mobile,IPHONE 14,29.781313459209645,0
SESS-473033,Desktop, leather shoes ,29.781313459209645,0
SESS-250476,Mobile,N/A,29.781313459209645,0
SESS-535159,Mobile,,29.781313459209645,0
SESS-682526,Mobile,summer dress,29.781313459209645,0
SESS-129209,Mobile,,29.781313459209645,0
SESS-239223,Mobile,summer dress,29.781313459209645,0
