Employee_ID,Job_Title,Department,Years_Experience,Performance_Tier,Annual_Salary_USD
EMP-73557,,Human Resources,,Level-2 (Medium),
EMP-64437,Software Engineer,Engineering,1.0,Level-2 (Medium),99235.38010897319
EMP-71645,software engineer,Human Resources,8.0,Level-1 (Low),66499.93014682777
EMP-41224,Data Analyst,Engineering,1.0,Level-3 (High),119594.65240292916
EMP-81636,SOFTWARE ENGINEER,Engineering,-2.0,Level-2 (Medium),90620.80955886695
EMP-61559,Software Engineer,Human Resources,35.0,Level-3 (High),112596.49242231472
EMP-32152,UNKNOWN,Engineering,3.0,Level-2 (Medium),166660.8163559251
EMP-96522,,Engineering,3.0,Level-1 (Low),
EMP-29667,Data Analyst,Human Resources,3.0,Level-1 (Low),35148.34836384198
EMP-35961,software engineer,Human Resources,3.0,Level-2 (Medium),64939.535497400146
EMP-94354,data analyst,Finance,5.0,Level-2 (Medium),180375.4981842439
EMP-67972,Software Engineer,Marketing,,Level-3 (High),83650.44654859942
EMP-95739,Data Analyst,Human Resources,5.0,Level-1 (Low),155665.12868807773
EMP-43732,Software Engineer,Engineering,5.0,Level-2 (Medium),90421.58845919603
EMP-60832,Software Engineer,Engineering,8.0,Level-2 (Medium),35645.0582280738
EMP-40581,SOFTWARE ENGINEER,Finance,5.0,Level-2 (Medium),31048.509001312254
EMP-77829,Project Manager,Marketing,-2.0,Level-2 (Medium),37229.57682685424
EMP-64338,,Engineering,,Level-2 (Medium),
EMP-12162,Software Engineer,Engineering,1.0,Level-3 (High),55797.69671426087
EMP-90549,data analyst,Finance,3.0,Level-3 (High),58806.27692834423
EMP-25297,SOFTWARE ENGINEER,Engineering,5.0,Level-3 (High),123557.21336385295
EMP-97952,SOFTWARE ENGINEER,Marketing,12.0,Level-3 (High),89154.38557417659
EMP-95557,  Manager  ,Human Resources,5.0,Level-2 (Medium),104557.77444628962
EMP-19051,  Manager  ,Finance,8.0,Level-1 (Low),169943.08656879145
EMP-26184,data analyst,Human Resources,3.0,Level-2 (Medium),110278.71292900683
EMP-31199,Data Analyst,Finance,1.0,Level-1 (Low),86091.50449605071
EMP-38380,Software Engineer,Engineering,3.0,Level-3 (High),114214.56337980417
EMP-26499,Software Engineer,Engineering,99.0,Level-2 (Medium),67514.27833939547
EMP-53743,,Engineering,8.0,Level-2 (Medium),
EMP-53104,software engineer,Marketing,3.0,Level-3 (High),148407.16044899105
EMP-31215,,Engineering,,Level-2 (Medium),
EMP-46594,data analyst,Finance,12.0,Level-2 (Medium),133975.27362524188
EMP-84880,Data Analyst,Finance,3.0,Level-1 (Low),170479.56699273438
EMP-13949,UNKNOWN,Finance,5.0,MISSING,32266.23529612173
EMP-24337,Data Analyst,Marketing,5.0,Level-1 (Low),119300.6776867281
EMP-43043,,Engineering,1.0,Level-2 (Medium),
EMP-14422,SOFTWARE ENGINEER,Human Resources,8.0,Level-3 (High),159014.95321643818
EMP-92831,SOFTWARE ENGINEER,Finance,5.0,Level-3 (High),51737.21866552709
EMP-41458,  Manager  ,Finance,35.0,Level-3 (High),179686.02867014377
EMP-68846,data analyst,Engineering,5.0,Level-3 (High),36688.50297147175
EMP-57978,software engineer,Engineering,8.0,Level-3 (High),81569.88420958852
EMP-27290,UNKNOWN,Engineering,35.0,Level-3 (High),163756.46783068957
EMP-29126,Project Manager,Engineering,5.0,Level-1 (Low),110171.36937316357
EMP-37467,  Manager  ,Human Resources,5.0,Level-3 (High),122744.43972784582
EMP-45443,Software Engineer,Marketing,5.0,Level-3 (High),47180.99810925205
EMP-38145,Project Manager,Engineering,,Level-3 (High),27389.83084902987
EMP-74674,Software Engineer,Engineering,8.0,Level-3 (High),148652.79703882732
EMP-31925,Project Manager,Engineering,,Level-2 (Medium),61148.57544897705
EMP-12393,Data Analyst,Marketing,3.0,Level-2 (Medium),122278.91903848853
EMP-80324,  Manager  ,N/A,5.0,Level-2 (Medium),126664.46573698206
EMP-81297,,Engineering,1.0,Level-1 (Low),
EMP-46270,SOFTWARE ENGINEER,Engineering,5.0,Level-2 (Medium),111472.14441598604
EMP-32971,software engineer,Engineering,35.0,Level-2 (Medium),36061.96202944286
EMP-86909,Project Manager,Engineering,5.0,Level-2 (Medium),78993.93343703091
EMP-53522,data analyst,Engineering,3.0,Level-2 (Medium),50828.599122210086
EMP-31319,data analyst,Finance,12.0,Level-2 (Medium),58864.44509168843
EMP-46530,Project Manager,Finance,12.0,MISSING,27433.525472703248
EMP-42349,Data Analyst,Marketing,8.0,Level-2 (Medium),174272.65162794176
EMP-68729,Data Analyst,Finance,12.0,Level-1 (Low),114101.80022596172
EMP-93902,  Manager  ,Engineering,5.0,Level-3 (High),118926.12195563456
EMP-90970,software engineer,Engineering,3.0,Level-1 (Low),33228.82765184602
EMP-41652,Software Engineer,Engineering,3.0,Level-2 (Medium),67718.03546383069
EMP-59019,software engineer,Human Resources,5.0,MISSING,58102.911578354615
EMP-64892,Software Engineer,Finance,5.0,Level-2 (Medium),42217.522362790536
EMP-17253,  Manager  ,Finance,5.0,Level-2 (Medium),96340.50710804838
EMP-11317,Data Analyst,Engineering,35.0,Level-2 (Medium),112978.17311472534
EMP-62614,UNKNOWN,Finance,1.0,Level-1 (Low),163891.78079954966
EMP-32833,data analyst,Marketing,35.0,Level-2 (Medium),163004.60372825625
EMP-60885,Software Engineer,Engineering,,Level-1 (Low),148535.52906896058
EMP-31624,software engineer,Marketing,,Level-2 (Medium),98929.55917724619
EMP-63394,Software Engineer,Finance,1.0,Level-3 (High),33216.48510067581
EMP-69107,Software Engineer,Engineering,3.0,Level-1 (Low),78821.44509574548
EMP-72390,Data Analyst,Engineering,3.0,Level-3 (High),159587.07343407779
EMP-49764,software engineer,Marketing,12.0,Level-3 (High),58592.057935637706
EMP-77131,software engineer,Human Resources,12.0,Level-1 (Low),85422.59960345546
EMP-19003,Software Engineer,Finance,3.0,Level-1 (Low),46901.858436060094
EMP-62113,Software Engineer,Engineering,35.0,Level-3 (High),117797.68847952706
EMP-23150,SOFTWARE ENGINEER,Finance,12.0,Level-2 (Medium),104981.07407615885
EMP-43850,software engineer,Engineering,8.0,Level-1 (Low),114879.8670215166
EMP-56077,UNKNOWN,Engineering,1.0,Level-1 (Low),112032.68312216437
EMP-77233,SOFTWARE ENGINEER,Finance,1.0,Level-2 (Medium),151179.4338517367
EMP-23874,Project Manager,Engineering,5.0,Level-3 (High),79695.20498367681
EMP-53016,Project Manager,Engineering,35.0,Level-2 (Medium),41002.843858345004
EMP-61793,data analyst,Engineering,-2.0,Level-2 (Medium),66756.24493871193
EMP-46209,SOFTWARE ENGINEER,Finance,3.0,Level-3 (High),166463.92474404373
EMP-83503,Project Manager,Finance,8.0,Level-1 (Low),169201.34679968332
EMP-89321,Data Analyst,Engineering,3.0,Level-2 (Medium),142310.70155786176
EMP-97998,Software Engineer,Human Resources,1.0,Level-1 (Low),106125.50913021395
EMP-87048,data analyst,Human Resources,99.0,Level-3 (High),177143.16210602067
EMP-85301,Software Engineer,Engineering,35.0,Level-2 (Medium),131383.18185907323
EMP-38040,SOFTWARE ENGINEER,Human Resources,1.0,Level-2 (Medium),181756.0168187984
EMP-11254,  Manager  ,Human Resources,12.0,Level-1 (Low),178361.6096013331
EMP-25704,data analyst,Engineering,8.0,MISSING,26554.392689457556
EMP-32872,Software Engineer,Engineering,3.0,Level-1 (Low),107314.46921947069
EMP-68500,Software Engineer,Engineering,5.0,Level-2 (Medium),110986.51939377775
EMP-81964,Data Analyst,Finance,3.0,Level-2 (Medium),32028.0977062872
EMP-86599,data analyst,Engineering,,Level-1 (Low),113470.36122904337
EMP-30369,software engineer,Human Resources,3.0,Level-2 (Medium),83557.54544526563
EMP-29634,software engineer,Human Resources,5.0,MISSING,179599.81828082757
EMP-75296,Data Analyst,Engineering,5.0,Level-2 (Medium),57746.29800811768
EMP-58741,data analyst,Finance,12.0,Level-2 (Medium),123136.19328498334
EMP-16254,SOFTWARE ENGINEER,Finance,5.0,Level-1 (Low),89060.43275151419
EMP-90231,software engineer,Engineering,12.0,Level-3 (High),166018.65532626514
EMP-75041,Data Analyst,Finance,1.0,Level-1 (Low),176114.8243193259
EMP-78543,Project Manager,Engineering,12.0,Level-1 (Low),83611.77297150431
EMP-70805,data analyst,Engineering,12.0,Level-2 (Medium),34855.03191545416
EMP-45391,Data Analyst,Engineering,12.0,Level-1 (Low),63252.08369621292
EMP-23147,software engineer,Finance,5.0,Level-2 (Medium),128325.84037138245
EMP-59103,data analyst,Engineering,3.0,Level-2 (Medium),156582.9976675821
EMP-44658,SOFTWARE ENGINEER,Human Resources,8.0,Level-3 (High),155297.89472156262
EMP-17036,software engineer,Human Resources,5.0,Level-1 (Low),177933.76033962765
EMP-53066,Software Engineer,Finance,3.0,Level-2 (Medium),175470.3087083476
EMP-24614,Software Engineer,Engineering,3.0,Level-1 (Low),69991.20998754367
EMP-62338,software engineer,Finance,1.0,Level-2 (Medium),78034.90685329205
EMP-95712,Software Engineer,Marketing,5.0,Level-2 (Medium),119858.93576168812
EMP-61266,UNKNOWN,Human Resources,,Level-2 (Medium),142603.7727697698
EMP-43712,software engineer,Engineering,8.0,Level-3 (High),157069.89559388155
EMP-76497,software engineer,Finance,3.0,Level-2 (Medium),174035.50448307232
EMP-48116,SOFTWARE ENGINEER,Engineering,5.0,Level-3 (High),65862.21309158356
EMP-84237,software engineer,N/A,3.0,MISSING,172910.77816034624
EMP-95284,data analyst,Engineering,1.0,Level-2 (Medium),37140.57195626202
EMP-54879,Software Engineer,Engineering,5.0,Level-3 (High),138193.61713202822
EMP-40853,Data Analyst,Human Resources,1.0,Level-3 (High),151141.10185321374
EMP-73633,software engineer,Engineering,1.0,Level-1 (Low),124814.18089765363
EMP-18663,software engineer,Engineering,5.0,Level-1 (Low),171828.02833750276
EMP-59360,  Manager  ,Engineering,5.0,Level-1 (Low),169922.54958487995
EMP-95645,Software Engineer,Engineering,35.0,Level-3 (High),118425.38894323661
EMP-72151,Project Manager,N/A,8.0,Level-2 (Medium),175591.12261355735
EMP-14341,Software Engineer,Marketing,8.0,Level-2 (Medium),112047.5646978134
EMP-33250,Software Engineer,Marketing,1.0,Level-2 (Medium),136350.7379646055
EMP-86561,software engineer,Human Resources,8.0,Level-2 (Medium),167124.6827553561
EMP-42864,SOFTWARE ENGINEER,Marketing,1.0,Level-1 (Low),79582.31080025824
EMP-12620,Software Engineer,Engineering,,Level-1 (Low),131019.56504818882
EMP-26313,SOFTWARE ENGINEER,Human Resources,3.0,Level-1 (Low),51275.4102729707
EMP-70548,SOFTWARE ENGINEER,Human Resources,1.0,Level-2 (Medium),154541.4864664053
EMP-95875,SOFTWARE ENGINEER,Engineering,1.0,Level-2 (Medium),163645.70208878347
EMP-12391,UNKNOWN,Human Resources,12.0,Level-3 (High),65071.074216634595
EMP-21673,SOFTWARE ENGINEER,Marketing,8.0,Level-1 (Low),163032.16440355752
EMP-91173,Software Engineer,Engineering,5.0,Level-3 (High),26256.495478567602
EMP-80650,Data Analyst,Marketing,8.0,Level-3 (High),119485.30389034508
EMP-58967,Software Engineer,Engineering,12.0,Level-3 (High),44916.96916764155
EMP-66525,Data Analyst,N/A,35.0,Level-1 (Low),63331.98018915526
EMP-26150,Data Analyst,Marketing,5.0,Level-3 (High),139795.17125707044
EMP-39284,,Marketing,3.0,Level-2 (Medium),
EMP-91021,SOFTWARE ENGINEER,Human Resources,8.0,Level-1 (Low),97240.23348605371
EMP-74358,  Manager  ,Marketing,12.0,Level-1 (Low),183675.82486245182
EMP-68363,Software Engineer,Engineering,3.0,Level-2 (Medium),55123.99498689348
EMP-92457,software engineer,Human Resources,5.0,MISSING,156442.17556759348
EMP-92884,Data Analyst,Marketing,-2.0,Level-3 (High),135925.02400713874
EMP-67263,  Manager  ,Finance,1.0,Level-2 (Medium),147052.7213696338
EMP-34337,software engineer,Human Resources,8.0,Level-2 (Medium),85520.58118555837
EMP-73553,software engineer,Engineering,1.0,Level-2 (Medium),175846.7085821635
EMP-70121,Data Analyst,Engineering,1.0,Level-2 (Medium),54763.52929689352
EMP-60320,software engineer,Finance,1.0,Level-1 (Low),69641.91604716732
EMP-40257,Project Manager,Human Resources,99.0,Level-3 (High),183745.37485807552
EMP-31817,UNKNOWN,Finance,1.0,Level-1 (Low),155847.22947859336
EMP-28655,Project Manager,Human Resources,12.0,Level-1 (Low),80860.94456764415
EMP-61194,Data Analyst,Human Resources,3.0,Level-3 (High),60523.893977082196
EMP-25958,  Manager  ,Human Resources,1.0,Level-1 (Low),157102.26515886947
EMP-26870,Software Engineer,Engineering,5.0,Level-3 (High),83903.91433248311
EMP-86274,,N/A,1.0,Level-3 (High),
EMP-95552,Software Engineer,Marketing,99.0,Level-2 (Medium),104952.07215601718
EMP-80348,software engineer,Engineering,3.0,Level-1 (Low),52642.85394345412
EMP-67313,software engineer,Finance,3.0,Level-2 (Medium),26910.195835874725
EMP-53209,Project Manager,Human Resources,12.0,Level-2 (Medium),135844.05221310438
EMP-74663,Data Analyst,Engineering,,MISSING,150276.77301869576
EMP-29958,data analyst,Human Resources,35.0,Level-3 (High),70370.30463922168
EMP-29813,  Manager  ,Human Resources,8.0,Level-2 (Medium),147445.241847341
EMP-96557,data analyst,Engineering,99.0,Level-2 (Medium),65302.644681289145
EMP-36806,UNKNOWN,Finance,,Level-1 (Low),164036.76011861456
EMP-78034,SOFTWARE ENGINEER,Engineering,5.0,Level-2 (Medium),165536.81719954908
EMP-17987,Software Engineer,N/A,5.0,Level-1 (Low),82654.37436643757
EMP-59517,Data Analyst,Engineering,5.0,Level-3 (High),71983.1288488023
EMP-49962,Software Engineer,Finance,1.0,Level-2 (Medium),153074.30919659307
EMP-16395,SOFTWARE ENGINEER,Finance,8.0,Level-2 (Medium),72442.80662214616
EMP-98168,SOFTWARE ENGINEER,Human Resources,8.0,Level-1 (Low),35244.58838231997
EMP-66094,software engineer,Human Resources,5.0,Level-2 (Medium),164787.7824820842
EMP-66003,Data Analyst,Engineering,5.0,Level-1 (Low),43437.20352277416
EMP-97199,  Manager  ,N/A,5.0,Level-2 (Medium),174302.80910321858
EMP-39110,software engineer,Finance,5.0,Level-2 (Medium),51825.967825813976
EMP-62894,software engineer,Engineering,12.0,Level-3 (High),115867.30851606144
EMP-78025,Software Engineer,Marketing,8.0,Level-2 (Medium),57686.36118218154
EMP-23185,data analyst,Finance,3.0,Level-1 (Low),71382.03362157877
EMP-30109,SOFTWARE ENGINEER,Engineering,5.0,Level-2 (Medium),79356.16772007736
EMP-21109,Software Engineer,Engineering,35.0,Level-1 (Low),89602.86933881068
EMP-94767,Project Manager,Marketing,1.0,Level-1 (Low),27511.60098116124
EMP-71800,Data Analyst,Marketing,5.0,Level-2 (Medium),159958.78901265896
EMP-54918,Project Manager,N/A,3.0,Level-2 (Medium),170306.26300496535
EMP-93196,software engineer,Engineering,-2.0,Level-1 (Low),119597.48672389556
EMP-39999,UNKNOWN,Engineering,5.0,Level-2 (Medium),31867.736968499277
EMP-83190,Software Engineer,Marketing,-2.0,Level-2 (Medium),82107.39099589498
EMP-23346,Data Analyst,Engineering,99.0,Level-3 (High),70112.5850093568
EMP-45148,Project Manager,Engineering,-2.0,Level-2 (Medium),32035.6794717412
EMP-97547,Data Analyst,Engineering,8.0,Level-1 (Low),32932.12979253543
EMP-76651,software engineer,Human Resources,1.0,Level-2 (Medium),106224.51134613181
EMP-62713,software engineer,Engineering,35.0,Level-3 (High),148730.59992955695
EMP-70437,Data Analyst,Engineering,5.0,Level-1 (Low),84141.77902814161
EMP-96591,SOFTWARE ENGINEER,Human Resources,1.0,Level-2 (Medium),62111.39170142966
EMP-91015,Project Manager,Marketing,5.0,Level-2 (Medium),159733.28282677755
EMP-39955,Software Engineer,Human Resources,3.0,Level-3 (High),179776.66896674276
EMP-53582,  Manager  ,Human Resources,1.0,Level-2 (Medium),155390.54338152782
EMP-61613,Software Engineer,Marketing,8.0,MISSING,76839.2752516437
EMP-81273,Software Engineer,Human Resources,5.0,Level-2 (Medium),104453.79469393837
EMP-82479,Software Engineer,Finance,35.0,Level-1 (Low),81986.12794791254
EMP-88311,UNKNOWN,Engineering,12.0,Level-1 (Low),139446.12116976536
EMP-20955,software engineer,Engineering,12.0,Level-1 (Low),123277.02478514108
EMP-82222,Project Manager,Engineering,35.0,Level-1 (Low),151181.6348772104
EMP-19203,data analyst,Finance,3.0,Level-3 (High),152146.42059011172
EMP-78070,Software Engineer,Finance,,Level-1 (Low),38950.43584993081
EMP-88009,software engineer,Finance,8.0,Level-2 (Medium),94790.61605709865
EMP-42622,data analyst,Marketing,1.0,Level-1 (Low),150587.61659474386
EMP-39978,Software Engineer,Engineering,1.0,Level-2 (Medium),144016.13372888317
EMP-47683,Data Analyst,Marketing,12.0,Level-3 (High),95132.80943599132
EMP-24620,Software Engineer,Engineering,5.0,Level-2 (Medium),129008.7184725494
EMP-34511,software engineer,Finance,5.0,Level-1 (Low),53795.721170866476
EMP-12718,Software Engineer,Human Resources,-2.0,Level-2 (Medium),116974.07391503079
EMP-34314,software engineer,N/A,99.0,Level-3 (High),52702.47553336296
EMP-51663,data analyst,Engineering,3.0,Level-1 (Low),166413.69715163702
EMP-91050,Software Engineer,Marketing,35.0,Level-3 (High),61614.48048884505
EMP-40989,UNKNOWN,Finance,,Level-3 (High),27784.16604531133
EMP-79731,,Engineering,3.0,Level-3 (High),
EMP-62008,software engineer,Marketing,3.0,Level-3 (High),80735.80043121167
EMP-35565,software engineer,Marketing,3.0,Level-2 (Medium),59156.314455435604
EMP-62964,software engineer,Finance,1.0,Level-1 (Low),39159.60082041732
EMP-89253,Data Analyst,Marketing,12.0,Level-2 (Medium),65464.31580488228
EMP-81916,SOFTWARE ENGINEER,Human Resources,1.0,MISSING,80486.69356633372
EMP-15442,SOFTWARE ENGINEER,Human Resources,5.0,Level-1 (Low),117094.60094995203
EMP-21480,Project Manager,Marketing,5.0,Level-2 (Medium),90722.09980563776
EMP-54050,Project Manager,Engineering,,Level-1 (Low),100409.95089371825
EMP-16050,Software Engineer,Marketing,1.0,Level-2 (Medium),96633.7136762076
EMP-89646,Software Engineer,Finance,1.0,Level-2 (Medium),148628.9008722291
EMP-28631,data analyst,Finance,3.0,MISSING,98200.62545656615
EMP-54044,software engineer,N/A,-2.0,Level-3 (High),143476.2946534821
EMP-53608,Data Analyst,Finance,8.0,Level-3 (High),39900.607497604666
EMP-58602,Data Analyst,Marketing,5.0,Level-1 (Low),107003.66623962807
EMP-30658,Data Analyst,Finance,1.0,MISSING,104676.96300055295
EMP-36216,software engineer,Finance,1.0,Level-1 (Low),38608.27111821044
EMP-65073,Data Analyst,Engineering,1.0,Level-3 (High),58626.72553050917
EMP-35616,software engineer,Engineering,5.0,Level-2 (Medium),119212.03487855822
EMP-11546,Software Engineer,Engineering,12.0,Level-2 (Medium),166271.89841312577
EMP-59704,software engineer,Human Resources,12.0,Level-1 (Low),73430.66634184764
EMP-35038,Software Engineer,Engineering,3.0,Level-1 (Low),112120.98568611483
EMP-66023,data analyst,Engineering,35.0,Level-2 (Medium),114628.5354107911
EMP-77022,data analyst,Finance,12.0,Level-2 (Medium),129580.92504775681
EMP-28966,Software Engineer,Marketing,,Level-2 (Medium),39343.65171036053
EMP-15545,software engineer,Engineering,35.0,Level-1 (Low),161159.29360971504
EMP-61355,Data Analyst,N/A,1.0,Level-2 (Medium),158210.3292419296
EMP-24779,  Manager  ,Engineering,12.0,Level-2 (Medium),119812.18889570134
EMP-18439,Software Engineer,Marketing,5.0,Level-1 (Low),180473.21882718144
EMP-52262,software engineer,Finance,12.0,Level-3 (High),168329.22977507758
EMP-22192,SOFTWARE ENGINEER,Engineering,,Level-3 (High),102378.22370446347
EMP-54059,data analyst,Engineering,1.0,Level-1 (Low),61747.078717853314
EMP-57267,Software Engineer,N/A,12.0,Level-2 (Medium),163470.11527349433
EMP-33290,SOFTWARE ENGINEER,Engineering,8.0,Level-2 (Medium),63816.73762448843
EMP-20245,data analyst,Engineering,8.0,Level-3 (High),31150.43244816132
EMP-69321,data analyst,Human Resources,8.0,Level-3 (High),181019.50357759165
EMP-77835,Software Engineer,Engineering,1.0,Level-2 (Medium),99654.94183866038
EMP-61145,software engineer,Engineering,1.0,Level-1 (Low),92510.70979819744
EMP-28403,Software Engineer,Engineering,5.0,Level-1 (Low),80981.98650991335
EMP-62734,,Human Resources,8.0,Level-3 (High),
EMP-41610,  Manager  ,Engineering,8.0,MISSING,52943.18514417629
EMP-56517,,Engineering,35.0,Level-1 (Low),
EMP-17497,Software Engineer,N/A,8.0,Level-3 (High),72816.96665627301
EMP-97076,Software Engineer,Finance,1.0,MISSING,111056.59850842347
EMP-98350,Project Manager,Finance,12.0,Level-3 (High),164438.80463627772
EMP-73473,Software Engineer,Engineering,1.0,Level-1 (Low),178575.73950042675
EMP-26225,SOFTWARE ENGINEER,N/A,3.0,Level-2 (Medium),80302.76972119237
EMP-98503,Data Analyst,Engineering,8.0,Level-2 (Medium),143367.12508323105
EMP-42118,Project Manager,Marketing,35.0,Level-3 (High),68860.4453328859
EMP-27731,Software Engineer,Engineering,3.0,Level-3 (High),31077.10646999518
EMP-82144,Data Analyst,Human Resources,3.0,Level-2 (Medium),30631.704323453003
EMP-80698,software engineer,Human Resources,8.0,Level-3 (High),38746.93220166842
EMP-56364,Data Analyst,Finance,5.0,Level-2 (Medium),128553.3937942184
EMP-92913,Data Analyst,Finance,5.0,MISSING,183966.7964635483
EMP-26587,,Engineering,99.0,Level-2 (Medium),
EMP-54991,Software Engineer,Engineering,3.0,Level-2 (Medium),182953.2998054167
EMP-67749,SOFTWARE ENGINEER,Human Resources,1.0,Level-3 (High),54200.72472225721
EMP-55040,software engineer,Marketing,12.0,Level-2 (Medium),88047.6365264164
EMP-56745,software engineer,Finance,3.0,Level-1 (Low),46284.93111463163
EMP-32489,Data Analyst,Engineering,1.0,Level-3 (High),128311.37231134923
EMP-25859,software engineer,Finance,5.0,Level-2 (Medium),124189.77375275326
EMP-98809,Project Manager,Engineering,8.0,Level-1 (Low),158231.11709827647
EMP-13574,Software Engineer,Engineering,8.0,Level-2 (Medium),66362.24536164533
EMP-58425,data analyst,Finance,-2.0,Level-2 (Medium),110643.26517663513
EMP-18388,Project Manager,Engineering,1.0,Level-3 (High),44856.01558861521
EMP-88651,Data Analyst,Engineering,8.0,Level-1 (Low),28451.677324135344
EMP-94207,Software Engineer,N/A,5.0,Level-2 (Medium),153745.0723499325
EMP-31532,  Manager  ,Finance,8.0,Level-2 (Medium),116962.56522213963
EMP-92441,Software Engineer,Engineering,8.0,Level-2 (Medium),127319.12090881559
EMP-26086,software engineer,Finance,-2.0,Level-3 (High),64140.022496309844
EMP-25180,Data Analyst,Marketing,8.0,MISSING,88287.832332983
EMP-20039,Data Analyst,Engineering,8.0,Level-3 (High),130513.4991320549
EMP-68316,Project Manager,Finance,5.0,Level-3 (High),152370.42416232603
EMP-50007,Project Manager,Engineering,3.0,Level-2 (Medium),117873.71276163161
EMP-22218,Data Analyst,Finance,1.0,Level-2 (Medium),90399.86541153322
EMP-49221,Project Manager,Finance,1.0,Level-3 (High),183479.6180202763
EMP-50025,software engineer,Marketing,8.0,Level-2 (Medium),143679.87271063047
EMP-23853,Data Analyst,Finance,8.0,Level-1 (Low),99651.53247465809
EMP-88413,Project Manager,Engineering,12.0,Level-2 (Medium),164210.846458184
EMP-46628,Software Engineer,N/A,8.0,Level-2 (Medium),64285.581577679346
EMP-13594,software engineer,Marketing,35.0,Level-3 (High),47946.18028683653
EMP-27940,,Human Resources,35.0,Level-3 (High),
EMP-79707,Data Analyst,Finance,8.0,Level-2 (Medium),39034.327879754754
EMP-43206,Software Engineer,Marketing,,Level-2 (Medium),145359.31574298145
EMP-62371,Software Engineer,Marketing,1.0,Level-2 (Medium),98443.1333526701
EMP-39336,data analyst,Engineering,35.0,Level-1 (Low),138666.53107900254
EMP-51740,software engineer,Finance,12.0,MISSING,49855.743052460704
EMP-68456,Data Analyst,Engineering,1.0,MISSING,81323.27667937957
EMP-51019,software engineer,Human Resources,5.0,Level-3 (High),140004.53778435133
EMP-70089,Data Analyst,Human Resources,1.0,MISSING,180189.53447382047
EMP-35766,Software Engineer,Human Resources,5.0,Level-1 (Low),84910.29549641647
EMP-98922,Project Manager,Engineering,12.0,Level-3 (High),53316.763221028814
EMP-50196,software engineer,Finance,3.0,Level-3 (High),58721.87047098267
EMP-12112,Software Engineer,Engineering,35.0,Level-2 (Medium),76950.47795829891
EMP-19239,Data Analyst,Marketing,,Level-2 (Medium),117176.85355573935
EMP-17126,Data Analyst,Engineering,35.0,MISSING,158237.5566380199
EMP-89580,,Engineering,1.0,Level-2 (Medium),
EMP-13882,Data Analyst,Marketing,12.0,Level-1 (Low),38766.607260956254
EMP-37825,Data Analyst,Marketing,12.0,Level-2 (Medium),37583.923770975416
EMP-99042,Data Analyst,Engineering,3.0,Level-3 (High),92337.04986527572
EMP-11255,,Human Resources,3.0,Level-3 (High),
EMP-22401,Software Engineer,Finance,35.0,Level-2 (Medium),105452.86502589798
EMP-31691,Software Engineer,Marketing,5.0,Level-2 (Medium),75328.78140829041
EMP-71616,SOFTWARE ENGINEER,Human Resources,5.0,Level-3 (High),55036.725395350586
EMP-62690,Data Analyst,Engineering,8.0,Level-3 (High),39143.37438290156
EMP-54990,software engineer,Human Resources,35.0,Level-2 (Medium),94138.5717025519
EMP-70041,Data Analyst,Finance,12.0,Level-2 (Medium),39228.876289917825
EMP-84815,SOFTWARE ENGINEER,Marketing,3.0,Level-1 (Low),136313.33286257455
EMP-23855,Software Engineer,Finance,5.0,Level-3 (High),80125.30755717652
EMP-74396,Project Manager,Marketing,12.0,Level-3 (High),144903.3564733573
EMP-73134,software engineer,Marketing,35.0,Level-2 (Medium),127077.05457535884
EMP-71167,,Human Resources,5.0,Level-2 (Medium),
EMP-71274,data analyst,Finance,1.0,Level-2 (Medium),176307.8511836972
EMP-85578,Software Engineer,Engineering,3.0,Level-3 (High),36483.31983539819
EMP-58828,Data Analyst,Marketing,1.0,Level-2 (Medium),151791.13178209483
EMP-97293,data analyst,Engineering,35.0,Level-2 (Medium),99749.19469707347
EMP-24041,SOFTWARE ENGINEER,Human Resources,5.0,MISSING,147519.57596399164
EMP-14633,software engineer,Finance,1.0,Level-1 (Low),81354.8388544197
EMP-40295,Data Analyst,Engineering,5.0,Level-1 (Low),58178.633252032836
EMP-76280,Data Analyst,Human Resources,1.0,Level-3 (High),150047.1133002725
EMP-68872,Software Engineer,Marketing,35.0,Level-3 (High),114343.48861129496
EMP-46795,SOFTWARE ENGINEER,Engineering,8.0,Level-2 (Medium),149745.13571733554
EMP-82797,software engineer,Engineering,,Level-1 (Low),110376.87889715405
EMP-55409,Software Engineer,Finance,5.0,MISSING,108721.38086887455
EMP-51229,software engineer,Marketing,3.0,Level-1 (Low),97886.90165316944
EMP-33724,data analyst,Marketing,1.0,Level-2 (Medium),26592.200759631607
EMP-19253,software engineer,Finance,12.0,Level-3 (High),164096.38862424105
EMP-33822,Software Engineer,Finance,3.0,Level-2 (Medium),73135.7753712422
EMP-89019,software engineer,Engineering,8.0,Level-2 (Medium),66382.20102629172
EMP-96782,Data Analyst,Engineering,3.0,Level-2 (Medium),140392.4127059405
EMP-53917,data analyst,Human Resources,5.0,Level-2 (Medium),149690.84427237936
EMP-22192,software engineer,Finance,1.0,Level-1 (Low),163463.066362717
EMP-45735,Project Manager,Engineering,3.0,Level-3 (High),37875.174548404364
EMP-29371,Data Analyst,Marketing,3.0,Level-2 (Medium),178315.47912114338
EMP-63191,software engineer,Engineering,1.0,Level-1 (Low),89430.16906085293
EMP-74188,,Marketing,3.0,Level-2 (Medium),
EMP-61938,SOFTWARE ENGINEER,Human Resources,5.0,Level-2 (Medium),93990.67521574344
EMP-50533,Software Engineer,Marketing,8.0,Level-2 (Medium),180276.20937893869
EMP-90717,  Manager  ,Marketing,3.0,Level-1 (Low),118468.5681553475
EMP-28681,Project Manager,Marketing,3.0,Level-1 (Low),148108.54364952678
EMP-51442,Project Manager,Engineering,3.0,Level-1 (Low),123390.23684636159
EMP-28796,data analyst,Finance,35.0,Level-1 (Low),170383.0638819614
EMP-60274,,Marketing,35.0,Level-2 (Medium),
EMP-32562,software engineer,Finance,8.0,Level-1 (Low),111998.0633415917
EMP-36003,UNKNOWN,Finance,5.0,Level-3 (High),107443.2282040625
EMP-41715,  Manager  ,Engineering,12.0,Level-3 (High),82529.74381699662
EMP-93736,Software Engineer,Engineering,-2.0,Level-2 (Medium),48496.19388232211
EMP-30341,SOFTWARE ENGINEER,Finance,1.0,Level-2 (Medium),118033.5440080883
EMP-18950,Software Engineer,Finance,12.0,MISSING,144351.91345074703
EMP-87494,Software Engineer,Engineering,8.0,Level-1 (Low),56084.9026877587
EMP-72592,software engineer,Human Resources,1.0,Level-2 (Medium),184014.81841690076
EMP-19885,Project Manager,Engineering,5.0,Level-3 (High),149523.10492462083
EMP-66436,Project Manager,Engineering,,Level-3 (High),171148.7827372361
EMP-11953,data analyst,Engineering,1.0,Level-2 (Medium),158653.54609608802
EMP-86851,data analyst,Engineering,8.0,Level-3 (High),59591.55016829747
EMP-58826,SOFTWARE ENGINEER,Finance,1.0,Level-1 (Low),74989.32053293932
EMP-26878,Software Engineer,Engineering,3.0,Level-2 (Medium),146843.64962570305
EMP-51359,software engineer,Engineering,3.0,Level-2 (Medium),59755.18753769791
EMP-34318,Data Analyst,N/A,1.0,Level-2 (Medium),145994.8889940107
EMP-25418,SOFTWARE ENGINEER,Marketing,3.0,Level-2 (Medium),95663.55371333085
EMP-90438,data analyst,Marketing,5.0,Level-3 (High),60437.9136620344
EMP-84376,software engineer,Engineering,8.0,Level-3 (High),107716.71524200017
EMP-98736,Software Engineer,Engineering,35.0,Level-2 (Medium),178508.57936141768
EMP-93577,software engineer,N/A,5.0,Level-1 (Low),38515.61827972965
EMP-63760,Software Engineer,Finance,35.0,Level-2 (Medium),60064.50224013591
EMP-54915,Software Engineer,Engineering,,Level-1 (Low),98825.96200270085
EMP-72353,SOFTWARE ENGINEER,Marketing,3.0,Level-2 (Medium),90727.60791018645
EMP-91274,SOFTWARE ENGINEER,Engineering,5.0,Level-2 (Medium),101697.59510081737
EMP-70853,SOFTWARE ENGINEER,Finance,8.0,Level-2 (Medium),157522.19413975722
EMP-52480,Project Manager,Finance,8.0,Level-1 (Low),141820.43789669086
EMP-86024,Software Engineer,Marketing,,Level-3 (High),81711.46800319938
EMP-76756,  Manager  ,Engineering,1.0,Level-2 (Medium),146123.80501754195
EMP-29227,software engineer,Finance,5.0,Level-1 (Low),146451.0134003822
EMP-97945,  Manager  ,Engineering,,Level-2 (Medium),26111.033024041764
EMP-20483,Software Engineer,Finance,3.0,Level-2 (Medium),178620.6687561869
EMP-52044,UNKNOWN,Engineering,1.0,Level-3 (High),133791.15886052098
EMP-23392,,Engineering,8.0,Level-2 (Medium),
EMP-18354,SOFTWARE ENGINEER,Engineering,1.0,Level-1 (Low),164827.2095333077
EMP-90170,Project Manager,Engineering,1.0,Level-1 (Low),154660.25330341604
EMP-69303,Software Engineer,Engineering,1.0,Level-3 (High),133695.20696229022
EMP-12479,,Marketing,5.0,Level-2 (Medium),
EMP-56760,Software Engineer,Finance,8.0,MISSING,168533.2887771099
EMP-81294,software engineer,Engineering,35.0,Level-2 (Medium),83426.4387484072
EMP-90606,Data Analyst,Marketing,8.0,Level-3 (High),62507.45244949034
EMP-96932,SOFTWARE ENGINEER,Marketing,99.0,Level-3 (High),52503.00164225238
EMP-99426,data analyst,Engineering,35.0,Level-2 (Medium),136203.26483511238
EMP-78193,Project Manager,Engineering,35.0,Level-2 (Medium),44704.05717151452
EMP-62519,  Manager  ,Engineering,35.0,Level-2 (Medium),161728.09108450898
EMP-84243,Software Engineer,Engineering,,Level-1 (Low),84554.96311282003
EMP-57258,software engineer,Marketing,,Level-2 (Medium),34374.922951963264
EMP-71540,Project Manager,Human Resources,12.0,Level-1 (Low),57241.47289517939
EMP-25347,,Engineering,12.0,Level-2 (Medium),
EMP-91039,Data Analyst,Marketing,5.0,Level-3 (High),48190.21436864133
EMP-16543,,Finance,1.0,Level-2 (Medium),
EMP-95701,Software Engineer,Finance,35.0,Level-2 (Medium),175615.46285478957
EMP-65913,Data Analyst,Engineering,12.0,Level-1 (Low),74794.62307872422
EMP-39349,Software Engineer,Engineering,35.0,Level-3 (High),132046.8982557076
EMP-10260,software engineer,Finance,3.0,Level-2 (Medium),64863.15663664438
EMP-83209,Data Analyst,Finance,5.0,Level-1 (Low),171540.01331096978
EMP-64108,Software Engineer,Finance,8.0,Level-1 (Low),26338.12594215726
EMP-93264,  Manager  ,Engineering,3.0,Level-2 (Medium),37035.115687648155
EMP-28595,data analyst,Marketing,12.0,Level-1 (Low),57276.46142806648
EMP-22088,Project Manager,Human Resources,12.0,Level-3 (High),184210.60981942614
EMP-55910,software engineer,Engineering,3.0,Level-1 (Low),131781.0949568752
EMP-68715,software engineer,Engineering,99.0,Level-2 (Medium),27501.35402501158
EMP-75449,Project Manager,Finance,5.0,Level-2 (Medium),62484.68236648316
EMP-13472,,Finance,1.0,Level-1 (Low),
EMP-37969,Data Analyst,Human Resources,3.0,Level-3 (High),41183.692078637614
EMP-47953,Project Manager,Marketing,1.0,MISSING,64815.141242185135
EMP-99675,Software Engineer,Human Resources,1.0,Level-2 (Medium),175915.80055362047
EMP-61914,data analyst,Marketing,5.0,Level-2 (Medium),109163.28219400151
EMP-54442,software engineer,Human Resources,-2.0,Level-1 (Low),165707.13775984503
EMP-29700,UNKNOWN,Finance,3.0,Level-3 (High),117030.84522622317
EMP-33378,software engineer,Engineering,99.0,MISSING,158192.25326347954
EMP-15532,Software Engineer,Engineering,-2.0,MISSING,159293.81437107842
EMP-59376,Software Engineer,Engineering,3.0,Level-2 (Medium),107489.15948106785
EMP-61343,Software Engineer,Finance,12.0,Level-3 (High),40827.370432138785
EMP-65230,data analyst,Engineering,5.0,Level-1 (Low),159801.8216182365
EMP-99974,SOFTWARE ENGINEER,Human Resources,1.0,Level-1 (Low),138851.92840881116
EMP-53842,software engineer,N/A,8.0,Level-2 (Medium),102408.09344691166
EMP-54436,Software Engineer,Human Resources,3.0,Level-2 (Medium),123843.4857322709
EMP-49160,data analyst,Engineering,8.0,Level-3 (High),144451.0047183174
EMP-99567,UNKNOWN,Marketing,8.0,Level-1 (Low),101548.66324330796
EMP-60157,Data Analyst,Human Resources,3.0,Level-3 (High),55801.75836180805
EMP-88266,Project Manager,Engineering,3.0,Level-1 (Low),117371.86639757846
EMP-73746,,Engineering,,Level-1 (Low),
EMP-51720,software engineer,Engineering,1.0,Level-2 (Medium),47118.3832587166
EMP-40500,data analyst,Marketing,3.0,Level-2 (Medium),144659.13537154451
EMP-78886,  Manager  ,Engineering,99.0,MISSING,144655.302277816
EMP-53302,Data Analyst,N/A,8.0,Level-2 (Medium),61170.40899047529
EMP-97312,Project Manager,Engineering,1.0,Level-3 (High),147813.07974382766
EMP-64035,SOFTWARE ENGINEER,Marketing,8.0,Level-1 (Low),146213.57801863126
EMP-76399,Software Engineer,Finance,-2.0,Level-2 (Medium),84388.82331136763
EMP-32055,Software Engineer,Human Resources,99.0,Level-3 (High),158354.0134132709
EMP-73300,SOFTWARE ENGINEER,Finance,12.0,Level-2 (Medium),96637.60523461917
EMP-23742,Software Engineer,Marketing,3.0,Level-1 (Low),109299.76534674586
EMP-32502,Data Analyst,Finance,1.0,Level-1 (Low),137084.00600098784
EMP-23927,Data Analyst,Engineering,3.0,Level-3 (High),41322.1463843799
EMP-30226,Software Engineer,Finance,5.0,Level-2 (Medium),182150.10874760582
EMP-80534,data analyst,Engineering,5.0,Level-2 (Medium),173470.8213429036
EMP-84150,data analyst,Finance,8.0,Level-3 (High),161673.08398519593
EMP-52443,software engineer,Marketing,12.0,Level-1 (Low),77233.07824998
EMP-10935,Data Analyst,Human Resources,5.0,Level-2 (Medium),171923.5664666915
EMP-94054,Software Engineer,Finance,1.0,Level-2 (Medium),135098.72333591373
EMP-24450,software engineer,Engineering,12.0,Level-2 (Medium),31879.456306695476
EMP-26086,Data Analyst,Engineering,8.0,MISSING,168803.57477561606
EMP-11891,software engineer,Engineering,5.0,Level-1 (Low),33079.24421146888
EMP-32332,Project Manager,Engineering,1.0,Level-2 (Medium),178688.6367840607
EMP-38133,Software Engineer,Marketing,35.0,Level-3 (High),42245.083475587715
EMP-63916,software engineer,Finance,8.0,Level-2 (Medium),58407.51702060279
EMP-90813,software engineer,Finance,99.0,Level-2 (Medium),170475.81432095263
EMP-27131,Software Engineer,Engineering,35.0,Level-3 (High),45945.34343172933
EMP-56349,Software Engineer,Engineering,1.0,Level-2 (Medium),153088.00035567142
EMP-62453,data analyst,Engineering,5.0,Level-3 (High),34223.513629039444
EMP-45185,Data Analyst,Engineering,8.0,Level-2 (Medium),51369.91887631373
EMP-77003,data analyst,Human Resources,3.0,Level-2 (Medium),98956.33217950839
EMP-20171,Software Engineer,Engineering,5.0,Level-2 (Medium),84378.70312471688
EMP-54189,Software Engineer,Engineering,5.0,Level-3 (High),64203.38245263434
EMP-78695,SOFTWARE ENGINEER,Human Resources,,Level-2 (Medium),176118.2564387447
EMP-93110,Project Manager,Finance,1.0,Level-1 (Low),81522.37105487485
EMP-14298,data analyst,Finance,1.0,Level-1 (Low),105515.6857645005
EMP-51372,SOFTWARE ENGINEER,Finance,1.0,Level-1 (Low),91148.92855477767
EMP-69735,software engineer,Human Resources,5.0,Level-1 (Low),180959.0302778456
EMP-77196,Software Engineer,Engineering,,Level-2 (Medium),79919.34676826853
EMP-57704,Data Analyst,Engineering,12.0,Level-2 (Medium),147706.9974173784
EMP-15320,SOFTWARE ENGINEER,Marketing,1.0,Level-1 (Low),40236.70541386426
EMP-91378,SOFTWARE ENGINEER,Engineering,1.0,Level-1 (Low),32916.41489281993
EMP-81119,software engineer,Engineering,5.0,Level-1 (Low),139015.07020870055
EMP-82981,software engineer,Engineering,35.0,Level-2 (Medium),184152.87255558852
EMP-14871,,Marketing,8.0,Level-3 (High),
EMP-34312,data analyst,Marketing,35.0,Level-1 (Low),170160.45678893218
EMP-54249,software engineer,Marketing,,Level-3 (High),156455.67545810094
EMP-90583,SOFTWARE ENGINEER,Human Resources,3.0,MISSING,52719.36370052924
EMP-60944,Project Manager,Finance,3.0,Level-2 (Medium),33706.40325213967
EMP-69279,  Manager  ,Engineering,3.0,Level-3 (High),91066.50269970864
EMP-19994,Software Engineer,Engineering,1.0,Level-3 (High),88895.37783073493
EMP-85702,,Marketing,1.0,Level-1 (Low),
EMP-36470,data analyst,Engineering,8.0,Level-2 (Medium),81807.92409538386
EMP-73658,Data Analyst,Engineering,3.0,MISSING,135419.5904589217
EMP-27157,Software Engineer,Finance,3.0,Level-2 (Medium),45122.03469865662
EMP-24787,SOFTWARE ENGINEER,Human Resources,3.0,Level-1 (Low),93805.016616736
EMP-19006,software engineer,Engineering,3.0,Level-2 (Medium),76941.7080628915
EMP-48210,software engineer,Engineering,-2.0,Level-1 (Low),45057.782183321215
EMP-98231,SOFTWARE ENGINEER,Finance,,Level-2 (Medium),87855.08566452749
EMP-34299,software engineer,Engineering,12.0,Level-1 (Low),136794.43879211816
EMP-25791,,Finance,8.0,MISSING,
EMP-89712,Software Engineer,Engineering,3.0,Level-3 (High),44848.674723617245
EMP-14486,Data Analyst,Marketing,3.0,Level-3 (High),162111.6124757085
EMP-34832,software engineer,Marketing,5.0,Level-1 (Low),42528.39028590135
EMP-72751,Software Engineer,Finance,1.0,Level-2 (Medium),65381.23266129501
EMP-82412,Data Analyst,Human Resources,8.0,Level-3 (High),117268.73198628241
EMP-60191,SOFTWARE ENGINEER,Human Resources,5.0,MISSING,42588.34678338707
EMP-47724,software engineer,Engineering,5.0,Level-2 (Medium),87429.68271625623
EMP-54750,,Engineering,3.0,Level-1 (Low),
EMP-20240,SOFTWARE ENGINEER,Marketing,8.0,Level-1 (Low),28408.41052053431
EMP-91622,software engineer,Engineering,8.0,Level-2 (Medium),90939.87904554556
EMP-81017,Data Analyst,Marketing,3.0,Level-2 (Medium),138020.6965279412
EMP-22221,Software Engineer,Finance,3.0,Level-2 (Medium),121045.75108513524
EMP-73991,software engineer,Human Resources,3.0,Level-1 (Low),178917.78819893525
EMP-49829,,Engineering,3.0,Level-3 (High),
EMP-62971,Software Engineer,Human Resources,8.0,Level-2 (Medium),124111.46468867686
EMP-63169,Project Manager,Finance,3.0,MISSING,120411.23202655994
EMP-19642,Data Analyst,N/A,35.0,Level-3 (High),107406.21355324297
EMP-48652,data analyst,Human Resources,12.0,Level-2 (Medium),145430.24191658437
EMP-87328,Data Analyst,Finance,1.0,Level-2 (Medium),59629.62207238377
EMP-78544,Data Analyst,Marketing,,Level-1 (Low),64892.89932930229
EMP-45057,Project Manager,Marketing,35.0,Level-2 (Medium),124654.04129450006
EMP-39297,Data Analyst,Engineering,8.0,Level-3 (High),115955.74597689338
EMP-18872,Software Engineer,Marketing,5.0,Level-1 (Low),161859.2988342868
EMP-43059,SOFTWARE ENGINEER,Marketing,35.0,Level-3 (High),97042.6527998471
EMP-64809,software engineer,Marketing,5.0,Level-2 (Medium),177058.85893011678
EMP-59025,software engineer,N/A,1.0,Level-2 (Medium),148788.0983027879
EMP-84107,data analyst,Finance,,Level-1 (Low),88830.83647299753
EMP-90155,Software Engineer,Finance,3.0,Level-3 (High),84953.81715188386
EMP-66280,software engineer,Finance,5.0,Level-2 (Medium),65271.37054496901
EMP-32010,SOFTWARE ENGINEER,Engineering,5.0,Level-1 (Low),171805.55082390396
EMP-70485,software engineer,Engineering,8.0,Level-2 (Medium),111998.88701085804
EMP-28431,Project Manager,Human Resources,3.0,Level-3 (High),122370.79526768399
EMP-43806,Software Engineer,Marketing,12.0,Level-3 (High),181161.9021353574
EMP-47116,Software Engineer,Finance,3.0,Level-2 (Medium),102398.01950974051
EMP-78823,Software Engineer,Finance,35.0,Level-2 (Medium),40867.112465308375
EMP-62206,Data Analyst,Engineering,5.0,Level-3 (High),120624.6890883947
EMP-48895,data analyst,Engineering,5.0,Level-3 (High),179516.10234863707
EMP-98916,Project Manager,Finance,12.0,Level-2 (Medium),143274.24031639696
EMP-75390,Data Analyst,Engineering,5.0,Level-2 (Medium),68383.83206549779
EMP-73461,  Manager  ,Finance,5.0,Level-2 (Medium),34321.31079283737
EMP-98157,,Engineering,5.0,Level-3 (High),
EMP-95917,software engineer,Human Resources,12.0,Level-1 (Low),79069.85083461943
EMP-44696,Project Manager,Human Resources,1.0,Level-2 (Medium),98165.09028237328
EMP-79267,data analyst,Human Resources,8.0,Level-2 (Medium),112505.8074253767
EMP-67838,UNKNOWN,Engineering,35.0,Level-1 (Low),26347.90110268254
EMP-26191,software engineer,Finance,5.0,Level-2 (Medium),55729.480439386854
EMP-79286,software engineer,Engineering,5.0,Level-3 (High),94858.08369664621
EMP-23446,  Manager  ,Engineering,5.0,Level-2 (Medium),160181.8189689893
EMP-65255,Data Analyst,Engineering,8.0,Level-3 (High),130866.63630433896
EMP-90932,Data Analyst,Engineering,12.0,Level-3 (High),124298.35111151278
EMP-25272,,Finance,3.0,Level-3 (High),
EMP-64289,Software Engineer,Marketing,1.0,Level-1 (Low),139326.98021244924
EMP-46915,Software Engineer,Finance,5.0,Level-1 (Low),59859.455056393555
EMP-20318,Data Analyst,N/A,1.0,Level-1 (Low),89525.43530186293
EMP-65779,SOFTWARE ENGINEER,Engineering,5.0,Level-3 (High),47963.23249225115
EMP-47673,Software Engineer,Human Resources,3.0,Level-2 (Medium),108423.95416248159
EMP-90810,software engineer,Marketing,3.0,Level-3 (High),147360.51837741726
EMP-87699,software engineer,Engineering,3.0,Level-2 (Medium),75642.06795493577
EMP-88210,Software Engineer,Engineering,3.0,Level-1 (Low),142749.87402464068
EMP-97370,Software Engineer,Engineering,3.0,Level-2 (Medium),64229.4648027441
EMP-89237,UNKNOWN,Engineering,8.0,Level-2 (Medium),110983.98387246604
EMP-96207,data analyst,Engineering,8.0,Level-3 (High),159192.14178333132
EMP-18115,Software Engineer,Finance,3.0,Level-3 (High),184035.371764914
EMP-99675,Software Engineer,Engineering,8.0,Level-2 (Medium),28030.892538960776
EMP-67903,software engineer,Marketing,3.0,Level-3 (High),126522.84146376031
EMP-60276,data analyst,Human Resources,3.0,Level-3 (High),150166.8884061725
EMP-15452,,Marketing,1.0,Level-2 (Medium),
EMP-95414,Data Analyst,Marketing,3.0,Level-2 (Medium),167103.90625214417
EMP-71091,software engineer,Engineering,5.0,Level-1 (Low),133329.67616329997
EMP-90871,software engineer,Finance,3.0,Level-2 (Medium),31061.877659327576
EMP-98528,software engineer,Engineering,3.0,Level-3 (High),146926.82356042744
EMP-28061,software engineer,Engineering,5.0,Level-1 (Low),141766.17680838468
EMP-31681,software engineer,Finance,,Level-3 (High),95348.6426679577
EMP-54091,SOFTWARE ENGINEER,Finance,5.0,Level-1 (Low),87596.99320082636
EMP-50470,  Manager  ,Marketing,12.0,Level-2 (Medium),76746.507397903
EMP-44968,data analyst,Marketing,5.0,Level-2 (Medium),164177.21538830115
EMP-62054,Data Analyst,Engineering,1.0,MISSING,125422.50515143036
EMP-58696,Software Engineer,Finance,1.0,Level-1 (Low),35259.16750222363
EMP-51830,Software Engineer,Finance,12.0,Level-3 (High),30178.528134726042
EMP-76233,SOFTWARE ENGINEER,Human Resources,1.0,Level-3 (High),79442.14183385976
EMP-41477,Project Manager,Engineering,3.0,Level-2 (Medium),44264.11291511878
EMP-29153,UNKNOWN,Engineering,3.0,Level-1 (Low),141558.60535924963
EMP-32339,Data Analyst,Marketing,5.0,Level-1 (Low),181562.92724203735
EMP-58910,SOFTWARE ENGINEER,Finance,3.0,Level-3 (High),57453.33037041713
EMP-48325,Data Analyst,Engineering,1.0,Level-2 (Medium),97430.65343651499
EMP-58495,,Marketing,12.0,Level-3 (High),
EMP-54928,Software Engineer,Human Resources,1.0,Level-2 (Medium),180882.79715822867
EMP-31089,,Marketing,5.0,Level-3 (High),
EMP-81596,Software Engineer,Finance,35.0,Level-3 (High),97903.96083200205
EMP-21673,Data Analyst,Engineering,5.0,Level-1 (Low),27245.536630830946
EMP-75937,Data Analyst,Engineering,5.0,Level-3 (High),32646.408045443866
EMP-61031,Software Engineer,Engineering,8.0,Level-1 (Low),116326.59270003892
EMP-32303,SOFTWARE ENGINEER,N/A,1.0,Level-2 (Medium),60051.319094431485
EMP-61843,Software Engineer,Human Resources,8.0,MISSING,170574.66956166437
EMP-53208,Data Analyst,Finance,1.0,Level-3 (High),119745.81309492385
EMP-55243,SOFTWARE ENGINEER,Marketing,,Level-1 (Low),88183.02037384934
EMP-58988,Software Engineer,N/A,1.0,Level-3 (High),100332.90809764134
EMP-62270,software engineer,Human Resources,,Level-2 (Medium),171571.92086036695
EMP-32760,software engineer,Marketing,5.0,Level-2 (Medium),94643.10569663665
EMP-84292,software engineer,Finance,,Level-2 (Medium),154866.58892301336
EMP-21778,SOFTWARE ENGINEER,Human Resources,5.0,Level-2 (Medium),104886.849466185
EMP-13456,Project Manager,Engineering,1.0,Level-3 (High),183281.0383952308
EMP-63216,Software Engineer,Engineering,,Level-2 (Medium),110362.8400448825
EMP-63446,Data Analyst,Marketing,12.0,Level-2 (Medium),45612.872307331825
EMP-90955,software engineer,Marketing,1.0,Level-2 (Medium),38878.09551439341
EMP-72429,Data Analyst,Human Resources,5.0,Level-2 (Medium),101265.3744249168
EMP-80651,software engineer,N/A,12.0,Level-3 (High),60824.75110575757
EMP-10631,UNKNOWN,Engineering,5.0,Level-2 (Medium),180294.60802505823
EMP-65722,Data Analyst,Marketing,3.0,Level-2 (Medium),162757.52327246574
EMP-60406,Software Engineer,Engineering,8.0,Level-1 (Low),64581.33451827786
EMP-61262,Software Engineer,Human Resources,35.0,MISSING,144727.36765280756
EMP-33679,Data Analyst,Marketing,1.0,Level-3 (High),158933.85784404786
EMP-29429,Project Manager,Human Resources,8.0,Level-2 (Medium),89133.05064615932
EMP-16788,Software Engineer,Engineering,8.0,MISSING,176836.4249140071
EMP-26549,SOFTWARE ENGINEER,Marketing,,Level-3 (High),44381.3457485534
EMP-44347,  Manager  ,Finance,3.0,Level-1 (Low),128618.2788708858
EMP-29246,SOFTWARE ENGINEER,Marketing,1.0,Level-2 (Medium),110897.28573648943
EMP-71873,UNKNOWN,Engineering,,Level-2 (Medium),69154.70496444346
EMP-26352,Software Engineer,Marketing,35.0,Level-1 (Low),117642.99724199636
EMP-78177,Software Engineer,Engineering,5.0,Level-2 (Medium),78599.1649952757
EMP-74762,,Human Resources,3.0,Level-1 (Low),
EMP-23789,Project Manager,Engineering,99.0,Level-3 (High),122523.51333677725
EMP-23574,Project Manager,Finance,,Level-3 (High),128236.80034963226
EMP-99252,Software Engineer,Marketing,35.0,Level-2 (Medium),173241.06485737563
EMP-75233,software engineer,Engineering,,Level-2 (Medium),144140.934295034
EMP-67300,Software Engineer,Finance,12.0,MISSING,151437.79018825502
EMP-26093,data analyst,Finance,12.0,Level-3 (High),60425.12261421629
EMP-84321,Software Engineer,Engineering,,Level-1 (Low),164273.37125729187
EMP-54419,Data Analyst,Engineering,1.0,Level-2 (Medium),76620.41621182777
EMP-84948,software engineer,Marketing,3.0,Level-3 (High),115855.19939731245
EMP-74736,Software Engineer,Engineering,,MISSING,60470.80502352625
EMP-78786,software engineer,Human Resources,12.0,Level-2 (Medium),147001.13821933776
EMP-22747,Data Analyst,Engineering,8.0,Level-2 (Medium),105953.62185834815
EMP-74557,software engineer,N/A,3.0,Level-1 (Low),61565.53184014241
EMP-64964,Software Engineer,Engineering,,Level-2 (Medium),85376.85071490899
EMP-20125,Software Engineer,Engineering,35.0,Level-1 (Low),37046.02953235877
EMP-45885,data analyst,Engineering,5.0,Level-2 (Medium),78928.09398904609
EMP-84689,data analyst,Human Resources,1.0,Level-1 (Low),43081.92807302934
EMP-53579,Software Engineer,Finance,3.0,Level-1 (Low),33585.890072859234
EMP-53517,Project Manager,Engineering,5.0,Level-1 (Low),125387.45702237799
EMP-74597,Project Manager,Marketing,1.0,Level-2 (Medium),95980.02929259719
EMP-27194,Software Engineer,Marketing,8.0,Level-2 (Medium),35554.81088956
EMP-37637,Data Analyst,Engineering,35.0,Level-2 (Medium),174879.8560311791
EMP-16608,software engineer,Marketing,35.0,Level-2 (Medium),126489.8322417584
EMP-53020,Data Analyst,Marketing,35.0,Level-2 (Medium),175636.30175555663
EMP-35276,Software Engineer,Finance,1.0,Level-1 (Low),154340.0724766864
EMP-74075,software engineer,Engineering,35.0,Level-1 (Low),90379.90733471574
EMP-69676,software engineer,Finance,5.0,Level-1 (Low),77489.92941820237
EMP-19466,UNKNOWN,Engineering,-2.0,Level-2 (Medium),121092.37240531217
EMP-18628,  Manager  ,Finance,5.0,Level-2 (Medium),140256.10091411727
EMP-44266,Data Analyst,Engineering,-2.0,Level-3 (High),138983.39081674244
EMP-99156,data analyst,Engineering,12.0,Level-2 (Medium),147991.74145085568
EMP-92109,Software Engineer,Marketing,12.0,Level-1 (Low),113746.3434089157
EMP-94688,Software Engineer,Engineering,12.0,Level-3 (High),40032.4908025358
EMP-29966,Project Manager,Human Resources,3.0,Level-3 (High),177125.2037374687
EMP-73389,Software Engineer,Engineering,1.0,Level-3 (High),47613.75112961691
EMP-48811,Project Manager,Engineering,3.0,Level-1 (Low),79837.73380370524
EMP-33968,Project Manager,Engineering,5.0,Level-2 (Medium),173275.31413968516
EMP-31468,software engineer,Marketing,8.0,Level-3 (High),112860.42109488748
EMP-25572,Software Engineer,Finance,8.0,Level-2 (Medium),76895.33234166855
EMP-22766,Software Engineer,Marketing,-2.0,Level-2 (Medium),174805.28261764444
EMP-90847,data analyst,Marketing,8.0,MISSING,77523.63909939787
EMP-39564,SOFTWARE ENGINEER,Finance,3.0,Level-2 (Medium),141940.9392690066
EMP-11993,Software Engineer,Finance,3.0,Level-2 (Medium),183014.9864941533
EMP-70533,software engineer,Human Resources,1.0,Level-2 (Medium),79203.3985775077
EMP-70110,Project Manager,Finance,1.0,Level-1 (Low),157739.8878266602
EMP-20981,Software Engineer,Engineering,8.0,Level-2 (Medium),154523.2419731579
EMP-67849,data analyst,Marketing,3.0,MISSING,26163.95351993699
EMP-92392,software engineer,Finance,3.0,Level-1 (Low),90197.03482294954
EMP-44343,  Manager  ,Engineering,5.0,Level-3 (High),32481.859235301974
EMP-28438,software engineer,Engineering,3.0,Level-1 (Low),73423.761659004
EMP-17967,,Finance,5.0,Level-3 (High),
EMP-10026,software engineer,Engineering,3.0,Level-2 (Medium),46041.99701224551
EMP-73556,Data Analyst,Human Resources,5.0,Level-2 (Medium),60188.813621576286
EMP-62068,Software Engineer,Marketing,1.0,Level-3 (High),112318.17443241976
EMP-45926,Data Analyst,Engineering,1.0,Level-3 (High),33299.61891472852
EMP-11623,Project Manager,Marketing,5.0,Level-1 (Low),57512.33679242141
EMP-76395,software engineer,Engineering,-2.0,Level-2 (Medium),128411.60317807316
EMP-74474,software engineer,Human Resources,35.0,Level-1 (Low),26963.053406183484
EMP-28370,Software Engineer,Human Resources,3.0,Level-2 (Medium),138405.38929064688
EMP-72285,  Manager  ,Marketing,8.0,Level-2 (Medium),113066.94372416279
EMP-76618,Project Manager,Finance,35.0,Level-2 (Medium),157848.1949523383
EMP-18911,software engineer,Engineering,-2.0,Level-3 (High),172910.1099684484
EMP-96940,SOFTWARE ENGINEER,Engineering,12.0,Level-3 (High),94575.40623176642
EMP-64140,data analyst,Engineering,99.0,Level-1 (Low),163714.27571302143
EMP-48898,data analyst,Marketing,5.0,Level-2 (Medium),54456.46127284586
EMP-88252,Software Engineer,Engineering,12.0,Level-2 (Medium),84053.04993912781
EMP-24149,SOFTWARE ENGINEER,Engineering,35.0,Level-2 (Medium),119049.61993128041
EMP-71399,UNKNOWN,Engineering,1.0,Level-1 (Low),163183.1777644968
EMP-12337,software engineer,Marketing,1.0,Level-1 (Low),138545.81126996578
EMP-56757,Data Analyst,Engineering,1.0,Level-3 (High),172873.64957294954
EMP-22934,software engineer,Engineering,12.0,Level-2 (Medium),133331.8211815765
EMP-16426,,Marketing,3.0,Level-2 (Medium),
EMP-12154,software engineer,Engineering,12.0,Level-1 (Low),151559.8318264857
EMP-70675,Software Engineer,Human Resources,5.0,Level-1 (Low),89006.68705074405
EMP-98000,Software Engineer,Engineering,1.0,Level-2 (Medium),133010.9392955869
EMP-37637,Software Engineer,Engineering,,Level-1 (Low),127877.4541447191
EMP-15214,data analyst,Finance,8.0,MISSING,169513.37105487596
EMP-16946,Project Manager,Marketing,5.0,Level-2 (Medium),124357.48202428565
EMP-44948,data analyst,Finance,3.0,Level-2 (Medium),98837.5048392203
EMP-99290,Software Engineer,Engineering,5.0,Level-2 (Medium),86791.50449006807
EMP-53234,Project Manager,Finance,3.0,Level-2 (Medium),172564.3829161334
EMP-52978,Data Analyst,Engineering,12.0,Level-2 (Medium),64478.07090505101
EMP-33750,UNKNOWN,Engineering,8.0,Level-2 (Medium),125272.40575234484
EMP-51472,Software Engineer,Engineering,3.0,Level-2 (Medium),157716.76975766223
EMP-46962,data analyst,Finance,1.0,MISSING,45638.58368484983
EMP-44877,Project Manager,Finance,1.0,Level-1 (Low),180202.37528247223
EMP-96852,Software Engineer,Marketing,5.0,Level-3 (High),147667.63107137804
EMP-67319,Data Analyst,Human Resources,8.0,Level-2 (Medium),81117.64824653856
EMP-73624,Project Manager,Human Resources,5.0,Level-1 (Low),178010.0726030533
EMP-34518,Data Analyst,Engineering,35.0,Level-2 (Medium),123631.37232885878
EMP-71380,Software Engineer,Engineering,35.0,Level-3 (High),129296.07118905592
EMP-78553,Software Engineer,Finance,3.0,Level-2 (Medium),146237.8107566315
EMP-58557,UNKNOWN,Marketing,99.0,Level-1 (Low),76964.21101601682
EMP-22877,data analyst,N/A,12.0,Level-3 (High),161334.33369410472
EMP-77232,Software Engineer,N/A,,Level-2 (Medium),81496.12501603503
EMP-80151,UNKNOWN,Finance,12.0,MISSING,41070.28303222748
EMP-46498,Software Engineer,Finance,35.0,Level-3 (High),160146.02077101977
EMP-21802,data analyst,Engineering,12.0,Level-1 (Low),64730.88314859217
EMP-62003,Software Engineer,Marketing,1.0,Level-2 (Medium),44770.43319168869
EMP-60484,Data Analyst,Engineering,5.0,Level-1 (Low),37196.287605182195
EMP-39919,SOFTWARE ENGINEER,Engineering,5.0,Level-1 (Low),39476.38150094493
EMP-53920,Data Analyst,Human Resources,5.0,Level-1 (Low),76461.49165470319
EMP-47560,Data Analyst,Engineering,8.0,Level-3 (High),65488.14157102404
EMP-45045,SOFTWARE ENGINEER,Finance,5.0,Level-3 (High),114685.15209172807
EMP-63228,Software Engineer,Engineering,1.0,Level-1 (Low),77546.93244759228
EMP-56397,software engineer,Engineering,12.0,Level-3 (High),95340.56081334561
EMP-27739,Software Engineer,Engineering,12.0,Level-2 (Medium),25813.344549782363
EMP-11893,software engineer,Engineering,12.0,Level-3 (High),144101.70486292196
EMP-53942,,Human Resources,12.0,Level-3 (High),
EMP-37114,data analyst,Marketing,1.0,Level-2 (Medium),112190.15970901513
EMP-87933,software engineer,Engineering,3.0,Level-2 (Medium),92886.82817301263
EMP-76663,Software Engineer,Engineering,12.0,Level-2 (Medium),86340.57994038888
EMP-76368,SOFTWARE ENGINEER,Finance,8.0,Level-2 (Medium),106738.14562490986
EMP-14549,UNKNOWN,Engineering,12.0,Level-2 (Medium),40762.53102761644
EMP-84188,data analyst,Engineering,12.0,Level-2 (Medium),165926.84740748955
EMP-53463,Project Manager,Engineering,8.0,Level-3 (High),107284.23423090998
EMP-62173,Data Analyst,Engineering,12.0,Level-1 (Low),138100.5009964696
EMP-33765,software engineer,Marketing,3.0,Level-2 (Medium),76989.5434495892
EMP-26157,UNKNOWN,Finance,3.0,Level-2 (Medium),151785.8489312628
EMP-60957,data analyst,Engineering,8.0,Level-2 (Medium),26351.912678912937
EMP-43080,UNKNOWN,Engineering,3.0,Level-1 (Low),119295.64339514136
EMP-40463,software engineer,Finance,-2.0,Level-1 (Low),110072.48765708813
EMP-20945,Project Manager,Human Resources,5.0,Level-2 (Medium),149741.45272977333
EMP-15345,data analyst,N/A,,Level-1 (Low),168081.50883923468
EMP-32315,software engineer,Human Resources,5.0,Level-3 (High),176278.30290868448
EMP-94626,software engineer,Marketing,99.0,Level-3 (High),33943.36840991903
EMP-36858,,Human Resources,3.0,Level-3 (High),
EMP-47886,data analyst,Engineering,5.0,Level-3 (High),102792.75713588276
EMP-45949,Software Engineer,Engineering,12.0,Level-2 (Medium),107788.57455455736
EMP-31906,Data Analyst,Finance,35.0,Level-2 (Medium),155153.82030147102
EMP-99299,Software Engineer,Marketing,,Level-1 (Low),146045.76890200743
EMP-96555,Software Engineer,Finance,3.0,Level-1 (Low),87205.03536166818
EMP-66330,Software Engineer,N/A,99.0,Level-2 (Medium),82939.53968241037
EMP-60237,Software Engineer,Engineering,8.0,Level-1 (Low),100549.27345998683
EMP-67468,software engineer,Human Resources,35.0,Level-2 (Medium),30523.36748668619
EMP-80335,Data Analyst,Marketing,12.0,Level-1 (Low),112665.64752150513
EMP-27919,Data Analyst,N/A,5.0,Level-2 (Medium),143178.1375588147
EMP-68171,data analyst,Engineering,5.0,Level-2 (Medium),95341.33378321114
EMP-21588,Data Analyst,Engineering,1.0,Level-2 (Medium),89271.44112924483
EMP-46897,software engineer,Human Resources,3.0,Level-2 (Medium),169067.55607068466
EMP-94060,data analyst,Human Resources,1.0,Level-1 (Low),118768.108157255
EMP-22280,SOFTWARE ENGINEER,Finance,8.0,Level-3 (High),104174.39755842728
EMP-58336,SOFTWARE ENGINEER,Engineering,5.0,Level-1 (Low),54102.43825984567
EMP-98213,data analyst,Finance,3.0,Level-2 (Medium),111079.91114771215
EMP-33823,Software Engineer,Marketing,,Level-2 (Medium),131425.30995036682
EMP-16165,software engineer,Engineering,5.0,Level-3 (High),164383.03857040618
EMP-56433,Software Engineer,Marketing,5.0,Level-2 (Medium),26697.802078210683
EMP-33984,SOFTWARE ENGINEER,Engineering,5.0,Level-1 (Low),72986.76918740568
EMP-87084,Data Analyst,Engineering,,Level-1 (Low),177916.87317039556
EMP-77801,Project Manager,Engineering,5.0,Level-2 (Medium),56402.135718940015
EMP-96228,software engineer,Marketing,35.0,Level-3 (High),103378.32220565746
EMP-78478,Data Analyst,Finance,,MISSING,58465.76067032949
EMP-69185,software engineer,Engineering,3.0,Level-2 (Medium),77091.44830696305
EMP-79108,Software Engineer,Engineering,12.0,Level-3 (High),126742.0696839905
EMP-34235,SOFTWARE ENGINEER,N/A,5.0,Level-3 (High),65614.0540547957
EMP-33256,  Manager  ,Finance,8.0,Level-2 (Medium),89975.542542809
EMP-47951,data analyst,Finance,35.0,Level-3 (High),42199.80309249296
EMP-84688,Software Engineer,Engineering,3.0,MISSING,130312.74689075197
EMP-58866,Project Manager,Finance,35.0,Level-2 (Medium),77858.89088081513
EMP-72811,software engineer,Marketing,8.0,Level-3 (High),109664.89767880035
EMP-68031,Project Manager,Marketing,,Level-2 (Medium),100980.23200671686
EMP-38528,data analyst,Marketing,99.0,Level-2 (Medium),62365.22170411057
EMP-77569,software engineer,Engineering,5.0,Level-2 (Medium),62955.55332744831
EMP-97968,Software Engineer,Marketing,5.0,Level-1 (Low),145317.87308251683
EMP-57173,,Human Resources,,Level-2 (Medium),
EMP-52951,Software Engineer,Human Resources,35.0,Level-2 (Medium),70328.30912733197
EMP-53876,Software Engineer,N/A,5.0,MISSING,58725.65455964903
EMP-11285,UNKNOWN,Engineering,,Level-1 (Low),148887.44527253014
EMP-75147,UNKNOWN,Human Resources,3.0,Level-3 (High),61951.394473825945
EMP-40142,Software Engineer,Marketing,12.0,Level-3 (High),96865.61874761753
EMP-57764,Software Engineer,Engineering,8.0,Level-2 (Medium),166830.40668635129
EMP-33593,Project Manager,Marketing,8.0,Level-3 (High),51039.3117828818
EMP-71811,,N/A,12.0,Level-1 (Low),
EMP-81269,Software Engineer,Finance,1.0,Level-2 (Medium),43450.50366139077
EMP-94413,Software Engineer,Marketing,3.0,Level-2 (Medium),153529.8835193563
EMP-76384,software engineer,Engineering,1.0,Level-3 (High),57622.23174195127
EMP-23664,UNKNOWN,Marketing,3.0,Level-1 (Low),170728.1098680966
EMP-15400,software engineer,Engineering,5.0,Level-1 (Low),183845.07126253282
EMP-39573,software engineer,Human Resources,1.0,Level-3 (High),65721.70235410682
EMP-32428,Project Manager,Human Resources,1.0,Level-1 (Low),83107.72736330159
EMP-34660,Data Analyst,N/A,5.0,Level-3 (High),143862.0082485081
EMP-92936,Data Analyst,Human Resources,8.0,Level-2 (Medium),86171.78981030887
EMP-25531,software engineer,Engineering,3.0,Level-2 (Medium),106744.65112836318
EMP-13865,data analyst,Human Resources,8.0,Level-2 (Medium),165443.89120865715
EMP-55555,software engineer,Marketing,1.0,Level-1 (Low),58170.4989000464
EMP-83789,SOFTWARE ENGINEER,Human Resources,12.0,Level-1 (Low),107025.57290515566
EMP-51361,Project Manager,Human Resources,1.0,Level-1 (Low),78916.70956823882
EMP-57844,  Manager  ,Marketing,3.0,Level-1 (Low),141146.00773015164
EMP-20176,software engineer,Human Resources,3.0,Level-1 (Low),50946.56363710137
EMP-12735,UNKNOWN,Marketing,3.0,Level-3 (High),112620.86841776458
EMP-61815,Data Analyst,N/A,12.0,Level-2 (Medium),70593.63119612791
EMP-48173,software engineer,Engineering,3.0,Level-2 (Medium),79228.23837091294
EMP-30982,data analyst,Engineering,3.0,Level-1 (Low),53367.84229081948
EMP-51596,Project Manager,Engineering,1.0,Level-2 (Medium),118545.31896240202
EMP-10904,software engineer,Human Resources,5.0,Level-3 (High),56506.58283680648
EMP-42893,  Manager  ,Marketing,3.0,Level-3 (High),120518.42659260165
EMP-92289,software engineer,Marketing,1.0,Level-2 (Medium),52018.634933762085
EMP-86848,Software Engineer,Engineering,3.0,MISSING,131124.49765654933
EMP-41207,Software Engineer,Marketing,3.0,Level-2 (Medium),43933.716959396654
EMP-71770,SOFTWARE ENGINEER,Engineering,3.0,Level-2 (Medium),75273.79327204954
EMP-81742,data analyst,Engineering,5.0,Level-1 (Low),160351.96965616563
EMP-71423,software engineer,Engineering,8.0,Level-3 (High),180330.54883686313
EMP-27283,software engineer,Engineering,12.0,Level-2 (Medium),119594.81805613857
EMP-21359,Software Engineer,Engineering,1.0,Level-2 (Medium),37705.02327761859
EMP-33500,SOFTWARE ENGINEER,Finance,8.0,Level-2 (Medium),119371.3170336659
EMP-21662,Data Analyst,Marketing,3.0,Level-1 (Low),138472.42841041725
EMP-43210,Project Manager,Marketing,12.0,Level-2 (Medium),60927.76311303144
EMP-73667,UNKNOWN,Engineering,3.0,Level-2 (Medium),126708.27326915947
EMP-45630,software engineer,Engineering,8.0,MISSING,172842.53550888598
EMP-20945,Software Engineer,Human Resources,1.0,Level-3 (High),64195.37533244126
EMP-81232,,Marketing,99.0,Level-1 (Low),
EMP-53551,software engineer,Engineering,3.0,Level-2 (Medium),116054.89026025342
EMP-21518,Project Manager,Marketing,3.0,Level-2 (Medium),173220.27684900875
EMP-78208,UNKNOWN,Engineering,35.0,Level-2 (Medium),76947.28211602474
EMP-59171,software engineer,Finance,3.0,Level-2 (Medium),61302.17861905052
EMP-54681,data analyst,Engineering,12.0,Level-2 (Medium),97272.0211741514
EMP-34212,Data Analyst,Marketing,,Level-1 (Low),57202.48609199203
EMP-66679,SOFTWARE ENGINEER,Engineering,1.0,Level-2 (Medium),142244.93115030118
EMP-53290,Project Manager,Finance,12.0,Level-2 (Medium),139932.33305371733
EMP-28274,data analyst,N/A,8.0,Level-1 (Low),112827.93129936662
EMP-21669,Data Analyst,Engineering,1.0,Level-3 (High),39045.060187915544
EMP-48866,Software Engineer,Marketing,3.0,Level-2 (Medium),113589.49260685012
EMP-68583,Project Manager,Marketing,1.0,Level-2 (Medium),58898.3870264747
EMP-21246,Project Manager,Engineering,,Level-1 (Low),137962.1792150329
EMP-55827,Software Engineer,Engineering,1.0,Level-2 (Medium),75396.22523392428
EMP-74263,Data Analyst,Engineering,35.0,Level-1 (Low),180313.41393040423
EMP-67171,software engineer,Marketing,35.0,Level-3 (High),152217.90735201258
EMP-12340,Software Engineer,Engineering,8.0,Level-2 (Medium),165884.49798685676
EMP-29098,Software Engineer,Engineering,-2.0,Level-2 (Medium),63231.89236192675
EMP-70867,Software Engineer,Engineering,99.0,Level-3 (High),36323.83600210913
EMP-26062,software engineer,Marketing,5.0,Level-3 (High),48954.38004947516
EMP-49717,,Marketing,3.0,Level-2 (Medium),
EMP-71587,Software Engineer,Finance,1.0,Level-3 (High),73360.22412576107
EMP-74564,data analyst,Finance,3.0,Level-2 (Medium),39825.05705735377
EMP-86211,software engineer,Human Resources,8.0,Level-3 (High),163753.1585610147
EMP-40597,SOFTWARE ENGINEER,Finance,-2.0,Level-3 (High),131764.24527479085
EMP-61319,data analyst,Finance,1.0,Level-1 (Low),123838.82258499076
EMP-87670,Software Engineer,N/A,5.0,Level-2 (Medium),164927.60479563207
EMP-43505,Software Engineer,Human Resources,35.0,Level-2 (Medium),159172.82254838652
EMP-64312,Data Analyst,Engineering,3.0,MISSING,118941.69949101869
EMP-95279,  Manager  ,Engineering,5.0,Level-2 (Medium),151961.6127161862
EMP-26507,software engineer,Human Resources,,Level-1 (Low),29244.780830749554
EMP-19017,software engineer,N/A,3.0,Level-2 (Medium),90152.00718245379
EMP-96481,SOFTWARE ENGINEER,Finance,12.0,Level-1 (Low),163918.19863436618
EMP-43768,Data Analyst,Engineering,5.0,Level-3 (High),38889.090679546534
EMP-86136,Data Analyst,Human Resources,8.0,Level-2 (Medium),109148.25258847352
EMP-21187,Project Manager,Finance,35.0,Level-3 (High),170049.46020021415
EMP-25930,software engineer,Finance,5.0,Level-2 (Medium),128029.21862616825
EMP-77697,SOFTWARE ENGINEER,Engineering,8.0,Level-3 (High),82374.6643959179
EMP-32316,Software Engineer,Finance,5.0,Level-2 (Medium),157874.4647972612
EMP-31745,software engineer,Human Resources,35.0,Level-2 (Medium),75735.51631217386
EMP-57780,Software Engineer,Engineering,1.0,MISSING,147492.20497238962
EMP-25867,SOFTWARE ENGINEER,Marketing,5.0,Level-1 (Low),32747.789625488793
EMP-30098,Project Manager,Engineering,12.0,Level-1 (Low),119159.80546354542
EMP-94360,data analyst,Marketing,,Level-3 (High),37592.44498743218
EMP-87560,,Engineering,1.0,Level-2 (Medium),
EMP-90703,UNKNOWN,Human Resources,35.0,Level-3 (High),85168.68789136421
EMP-74599,Software Engineer,Marketing,,Level-2 (Medium),167087.56518357707
EMP-90014,,Marketing,3.0,Level-2 (Medium),
EMP-37502,,Engineering,-2.0,MISSING,
EMP-83853,,Engineering,8.0,Level-2 (Medium),
EMP-58171,Software Engineer,Engineering,3.0,Level-3 (High),146140.3189386148
EMP-32577,Project Manager,Marketing,35.0,Level-3 (High),79995.32298601934
EMP-52533,data analyst,Engineering,5.0,Level-3 (High),76764.28131208543
EMP-20144,Project Manager,Finance,5.0,Level-2 (Medium),53968.62907546421
EMP-80287,SOFTWARE ENGINEER,Engineering,3.0,Level-2 (Medium),33875.920149208374
EMP-45811,Software Engineer,Engineering,12.0,Level-2 (Medium),112263.23914475765
EMP-27176,Data Analyst,Human Resources,3.0,Level-3 (High),135164.63411020784
EMP-48604,Data Analyst,Engineering,1.0,Level-2 (Medium),176605.49881896534
EMP-54753,Data Analyst,Finance,5.0,Level-3 (High),176620.50096802608
EMP-80076,,Finance,,Level-3 (High),
EMP-91064,software engineer,Human Resources,1.0,Level-3 (High),83852.72821061066
EMP-45365,Software Engineer,Human Resources,8.0,Level-2 (Medium),166477.27603186844
EMP-15259,Software Engineer,Engineering,3.0,Level-1 (Low),112871.5371826702
EMP-94999,Software Engineer,Engineering,3.0,Level-1 (Low),167651.66102062364
EMP-94422,software engineer,Marketing,5.0,Level-3 (High),119530.52512274221
EMP-56920,Software Engineer,Marketing,,Level-2 (Medium),26983.06996706874
EMP-88845,Data Analyst,Human Resources,1.0,Level-2 (Medium),83238.00515006794
EMP-69088,,Marketing,3.0,Level-2 (Medium),
EMP-88283,  Manager  ,Engineering,5.0,Level-3 (High),38110.42166201382
EMP-42211,Data Analyst,Marketing,,Level-2 (Medium),30452.865081418797
EMP-94821,Software Engineer,Engineering,35.0,Level-1 (Low),58561.333029016896
EMP-26299,software engineer,Marketing,,Level-2 (Medium),139308.64042569703
EMP-33638,Project Manager,N/A,,Level-3 (High),101274.14422011282
EMP-32003,Software Engineer,Finance,3.0,Level-2 (Medium),55928.24083684178
EMP-57760,data analyst,Human Resources,35.0,Level-3 (High),173043.7991732114
EMP-45624,SOFTWARE ENGINEER,Marketing,8.0,Level-2 (Medium),160609.40112081845
EMP-59569,software engineer,Finance,5.0,Level-1 (Low),124793.14797962617
EMP-49840,Data Analyst,Finance,8.0,Level-2 (Medium),73630.86419970592
EMP-51119,data analyst,Finance,1.0,Level-2 (Medium),67666.7098832858
EMP-31312,UNKNOWN,Engineering,3.0,Level-2 (Medium),54085.82233945507
EMP-93659,software engineer,Marketing,,Level-2 (Medium),173582.1152100574
EMP-48424,software engineer,Marketing,3.0,Level-3 (High),73856.66664885107
EMP-88721,data analyst,Finance,8.0,Level-3 (High),95791.76072174057
EMP-94878,software engineer,Marketing,1.0,Level-1 (Low),41636.553705157465
EMP-29607,  Manager  ,Marketing,,Level-3 (High),85614.59717443577
EMP-89751,software engineer,Finance,12.0,Level-3 (High),123000.89136649533
EMP-81592,software engineer,Marketing,5.0,Level-2 (Medium),35873.900522613
EMP-19980,  Manager  ,Human Resources,5.0,Level-1 (Low),52143.95388409658
EMP-62412,Project Manager,Finance,1.0,Level-2 (Medium),83896.16261018108
EMP-10257,software engineer,Finance,8.0,Level-1 (Low),153701.25745645305
EMP-36175,Software Engineer,Engineering,12.0,Level-1 (Low),67261.39678020775
EMP-30825,UNKNOWN,Finance,8.0,MISSING,84675.98368444637
EMP-42997,Data Analyst,Human Resources,3.0,Level-2 (Medium),127090.3779001946
EMP-56986,data analyst,Engineering,3.0,Level-2 (Medium),29887.767199279748
EMP-19462,Software Engineer,Human Resources,8.0,Level-1 (Low),172207.64852287434
EMP-94897,software engineer,Marketing,8.0,Level-2 (Medium),73852.02004300381
EMP-59951,Data Analyst,Finance,12.0,Level-2 (Medium),177228.9454584567
EMP-45318,software engineer,Human Resources,,Level-2 (Medium),167122.91205966467
EMP-45915,Software Engineer,Engineering,1.0,Level-2 (Medium),53945.53388434813
EMP-28716,Software Engineer,Engineering,12.0,Level-3 (High),48244.88443440423
EMP-57335,SOFTWARE ENGINEER,Engineering,-2.0,Level-1 (Low),144825.8530791155
EMP-35687,Data Analyst,Human Resources,3.0,Level-1 (Low),119419.03135899677
EMP-73249,Software Engineer,Marketing,,Level-1 (Low),100510.16215088607
EMP-41416,Data Analyst,Engineering,5.0,MISSING,96558.3710624697
EMP-43248,Project Manager,Marketing,3.0,Level-2 (Medium),41323.96934971942
EMP-30798,Data Analyst,Engineering,3.0,Level-1 (Low),81823.95913800645
EMP-20385,software engineer,Marketing,5.0,Level-2 (Medium),157629.9332740612
EMP-71432,UNKNOWN,Finance,1.0,Level-1 (Low),84400.07227795778
EMP-10237,Software Engineer,Human Resources,3.0,Level-1 (Low),150248.13377305772
EMP-65055,data analyst,Engineering,12.0,Level-2 (Medium),36551.30912277471
EMP-18405,Software Engineer,Human Resources,8.0,Level-2 (Medium),128843.31791744135
EMP-55735,Data Analyst,N/A,3.0,Level-3 (High),144573.55982742063
EMP-26382,Project Manager,Human Resources,1.0,Level-2 (Medium),63595.19387542061
EMP-73670,Project Manager,Human Resources,8.0,Level-2 (Medium),105320.26143417861
EMP-87322,UNKNOWN,Finance,8.0,Level-1 (Low),90692.70567758803
EMP-19610,Software Engineer,Engineering,8.0,Level-1 (Low),88567.2631094968
EMP-13676,,Engineering,1.0,Level-1 (Low),
EMP-10073,Software Engineer,Engineering,5.0,MISSING,32393.44394269283
EMP-75617,  Manager  ,Finance,35.0,Level-2 (Medium),107140.49352380447
EMP-60251,Data Analyst,Human Resources,3.0,Level-2 (Medium),40769.70327249818
EMP-17403,Data Analyst,Engineering,8.0,Level-3 (High),36884.153796548206
EMP-31486,software engineer,Marketing,1.0,Level-1 (Low),29300.469206698042
EMP-27752,software engineer,Human Resources,3.0,Level-1 (Low),168376.32033948106
EMP-93070,,Engineering,3.0,Level-2 (Medium),
EMP-42836,data analyst,Engineering,,Level-2 (Medium),166218.96356562668
EMP-96690,data analyst,Engineering,3.0,Level-1 (Low),156611.4476083634
EMP-93131,software engineer,Finance,,Level-2 (Medium),88474.23960743117
EMP-33792,UNKNOWN,Engineering,12.0,Level-2 (Medium),181550.22665715805
EMP-66223,software engineer,Marketing,5.0,Level-1 (Low),160048.56177514812
EMP-52716,software engineer,N/A,,Level-3 (High),125368.56705896191
EMP-88043,software engineer,Human Resources,12.0,Level-2 (Medium),61103.19508588454
EMP-93661,,Engineering,3.0,Level-2 (Medium),
EMP-32797,Data Analyst,Human Resources,1.0,Level-3 (High),118729.76021139113
EMP-90731,Software Engineer,Human Resources,5.0,Level-2 (Medium),50468.70860883406
EMP-31967,Software Engineer,Human Resources,5.0,Level-2 (Medium),38574.09054602158
EMP-80514,Data Analyst,Engineering,3.0,Level-2 (Medium),96493.86866948433
EMP-82252,,Finance,3.0,Level-3 (High),
EMP-25924,  Manager  ,N/A,-2.0,Level-1 (Low),120752.13025844685
EMP-12628,UNKNOWN,Engineering,3.0,Level-2 (Medium),99306.97260803594
EMP-94456,Data Analyst,Engineering,12.0,Level-2 (Medium),161803.84176597427
EMP-74569,Data Analyst,Marketing,35.0,Level-2 (Medium),73754.11333377205
EMP-13923,  Manager  ,Finance,,Level-2 (Medium),63711.19601274085
EMP-38013,  Manager  ,Engineering,1.0,Level-3 (High),115860.03312821835
EMP-34265,Software Engineer,Engineering,8.0,Level-2 (Medium),75634.2096525991
EMP-73543,Software Engineer,Finance,5.0,Level-3 (High),101358.7523439122
EMP-56027,SOFTWARE ENGINEER,Marketing,,Level-3 (High),88424.69220764462
EMP-11725,Project Manager,Finance,5.0,Level-3 (High),159056.36901493932
EMP-44991,  Manager  ,Engineering,,Level-2 (Medium),132142.79445367624
EMP-22122,Software Engineer,Engineering,12.0,Level-2 (Medium),75397.58401514555
EMP-42222,SOFTWARE ENGINEER,Finance,,Level-2 (Medium),159046.96759040523
EMP-95949,data analyst,Marketing,3.0,Level-3 (High),60544.004247279874
EMP-88203,Project Manager,Marketing,5.0,Level-2 (Medium),140917.60151896338
EMP-10413,software engineer,Finance,5.0,Level-1 (Low),40589.73086746834
EMP-39939,SOFTWARE ENGINEER,Engineering,,Level-2 (Medium),46549.422542631015
EMP-96770,Software Engineer,Marketing,3.0,Level-1 (Low),100835.14297490011
EMP-54208,Software Engineer,Finance,99.0,Level-1 (Low),112591.20420675816
EMP-67332,  Manager  ,Engineering,,Level-3 (High),34980.23063138671
EMP-23837,Software Engineer,Marketing,5.0,Level-1 (Low),120436.52964697414
EMP-14805,Data Analyst,Engineering,8.0,Level-1 (Low),55161.2630543245
EMP-60805,SOFTWARE ENGINEER,Finance,1.0,Level-3 (High),171991.5043080926
EMP-75486,,Human Resources,5.0,Level-2 (Medium),
EMP-77076,Data Analyst,Engineering,1.0,Level-2 (Medium),177566.57781926886
EMP-54644,software engineer,Engineering,3.0,Level-2 (Medium),159851.0714219811
EMP-15020,Project Manager,Engineering,1.0,Level-3 (High),80958.93823532741
EMP-51909,Data Analyst,Finance,5.0,Level-3 (High),118641.8115112861
EMP-84286,Software Engineer,Finance,3.0,Level-1 (Low),107455.2532453095
EMP-88421,Software Engineer,Marketing,35.0,Level-2 (Medium),39362.121120280906
EMP-26617,Data Analyst,Marketing,8.0,Level-1 (Low),101410.61470159488
EMP-53852,software engineer,Finance,3.0,Level-1 (Low),173928.04626542897
EMP-50794,SOFTWARE ENGINEER,Finance,5.0,Level-1 (Low),130874.04022056567
EMP-21143,software engineer,Marketing,3.0,Level-3 (High),173636.41944594673
EMP-86494,data analyst,Finance,5.0,Level-3 (High),39623.83932983997
EMP-99346,data analyst,Finance,12.0,Level-2 (Medium),128777.2778229155
EMP-39075,data analyst,Engineering,5.0,MISSING,49268.77433589693
EMP-71757,software engineer,Human Resources,3.0,Level-2 (Medium),136427.26764218853
EMP-30537,UNKNOWN,Marketing,5.0,Level-2 (Medium),151899.89785115846
EMP-96345,  Manager  ,Human Resources,8.0,Level-3 (High),65024.589322991436
EMP-65929,Data Analyst,Human Resources,12.0,Level-1 (Low),57721.65475770054
EMP-89871,Data Analyst,Engineering,1.0,Level-3 (High),64585.14621873503
EMP-23581,  Manager  ,Finance,35.0,Level-1 (Low),69187.72119287537
EMP-64203,software engineer,Finance,3.0,Level-3 (High),60464.95645321775
EMP-92321,Software Engineer,Finance,1.0,Level-2 (Medium),167063.887752522
EMP-92935,SOFTWARE ENGINEER,Engineering,3.0,Level-1 (Low),77934.85491094305
EMP-63668,software engineer,Engineering,-2.0,Level-2 (Medium),26009.072591827957
EMP-22739,Data Analyst,Human Resources,12.0,Level-3 (High),104800.1627629317
EMP-66076,software engineer,Marketing,8.0,Level-3 (High),135098.54546974332
EMP-77942,data analyst,Finance,12.0,Level-2 (Medium),125529.1321393921
EMP-14899,Software Engineer,Engineering,8.0,Level-2 (Medium),45839.08641327071
EMP-29133,Project Manager,Human Resources,5.0,Level-2 (Medium),138683.89978824212
EMP-84012,Project Manager,Finance,1.0,Level-1 (Low),75889.3053408176
EMP-36316,software engineer,Finance,1.0,Level-2 (Medium),86593.76824673224
EMP-38482,UNKNOWN,Finance,5.0,Level-2 (Medium),133773.49144794914
EMP-75181,UNKNOWN,Engineering,5.0,Level-1 (Low),152290.83887094352
EMP-65456,Software Engineer,Finance,3.0,Level-1 (Low),106154.4668720817
EMP-28139,data analyst,Engineering,5.0,Level-3 (High),132810.94080708668
EMP-65760,data analyst,Human Resources,3.0,Level-2 (Medium),44467.73411726424
EMP-39934,Software Engineer,Engineering,5.0,Level-1 (Low),103215.45303409884
EMP-96378,SOFTWARE ENGINEER,Engineering,5.0,Level-1 (Low),96114.68726988084
EMP-79606,Data Analyst,Finance,,Level-2 (Medium),124843.97287530974
EMP-68355,Data Analyst,Engineering,1.0,Level-2 (Medium),27608.565174626332
EMP-23222,  Manager  ,Engineering,5.0,Level-2 (Medium),112833.84107557674
EMP-59752,SOFTWARE ENGINEER,Engineering,35.0,Level-1 (Low),85346.97671365793
EMP-12294,Data Analyst,Marketing,3.0,Level-3 (High),164786.39270945327
EMP-43701,SOFTWARE ENGINEER,Marketing,5.0,Level-3 (High),131904.40490221418
EMP-84293,software engineer,Finance,12.0,MISSING,130741.66986354848
EMP-62894,Data Analyst,Engineering,99.0,Level-1 (Low),57448.99873857714
EMP-64683,software engineer,Engineering,3.0,Level-2 (Medium),169676.18913699314
EMP-74323,Data Analyst,Engineering,3.0,Level-3 (High),159734.25827119884
EMP-53748,Data Analyst,Marketing,12.0,Level-1 (Low),135864.5714467414
EMP-35099,software engineer,Engineering,1.0,Level-1 (Low),153735.03265591842
EMP-51225,Data Analyst,Human Resources,5.0,Level-2 (Medium),162826.79299608464
EMP-30989,  Manager  ,Finance,5.0,Level-2 (Medium),56388.902131004084
EMP-38064,Software Engineer,Finance,1.0,Level-1 (Low),115109.9922703087
EMP-55622,Software Engineer,Marketing,5.0,Level-3 (High),150140.4595851263
EMP-54013,Software Engineer,Engineering,5.0,Level-2 (Medium),87745.57814665628
EMP-93440,software engineer,Human Resources,5.0,Level-2 (Medium),184298.71766048565
EMP-80949,Data Analyst,Engineering,12.0,Level-2 (Medium),120724.17239188227
EMP-80441,data analyst,Engineering,8.0,Level-1 (Low),147961.68575479707
EMP-24720,software engineer,Finance,99.0,Level-3 (High),126135.03714961607
EMP-99338,software engineer,Engineering,1.0,Level-2 (Medium),102986.57504836629
EMP-21785,Software Engineer,Finance,35.0,Level-1 (Low),125745.24103074032
EMP-53192,Software Engineer,Engineering,5.0,Level-3 (High),56907.37584335617
EMP-47466,software engineer,Engineering,8.0,Level-2 (Medium),181868.3620370482
EMP-30204,software engineer,Engineering,3.0,Level-3 (High),66030.63323827938
EMP-46885,SOFTWARE ENGINEER,Engineering,12.0,Level-3 (High),139320.98019829733
EMP-77951,Data Analyst,Marketing,1.0,Level-1 (Low),158906.5160593706
EMP-56514,Software Engineer,N/A,35.0,Level-2 (Medium),104076.79362709368
EMP-92640,Software Engineer,Finance,3.0,Level-2 (Medium),60839.66879353438
EMP-30530,software engineer,Marketing,8.0,Level-3 (High),116422.84745965578
EMP-45327,software engineer,Finance,3.0,Level-1 (Low),59655.634656653245
EMP-65800,data analyst,Engineering,3.0,Level-2 (Medium),45076.40674542148
EMP-16285,Data Analyst,Marketing,5.0,Level-3 (High),102979.47085873515
EMP-74158,Data Analyst,Human Resources,12.0,Level-1 (Low),156775.60533621156
EMP-66670,Project Manager,Engineering,3.0,Level-2 (Medium),35916.39612494983
EMP-76336,  Manager  ,Engineering,8.0,Level-2 (Medium),27414.306247735123
EMP-81727,,Engineering,35.0,Level-2 (Medium),
EMP-42610,  Manager  ,Marketing,8.0,Level-1 (Low),51284.34119960714
EMP-69248,software engineer,Human Resources,-2.0,MISSING,162540.1126188072
EMP-82099,,Engineering,5.0,Level-3 (High),
EMP-70425,Data Analyst,Human Resources,12.0,Level-2 (Medium),150837.78492388508
EMP-50291,software engineer,Finance,12.0,Level-1 (Low),82001.01967080345
EMP-62583,UNKNOWN,Marketing,1.0,MISSING,184437.7313018924
EMP-65936,SOFTWARE ENGINEER,Human Resources,35.0,Level-1 (Low),182594.80395005192
EMP-15759,software engineer,Engineering,5.0,Level-1 (Low),49592.99946623833
EMP-16273,Software Engineer,Engineering,5.0,Level-2 (Medium),134982.38015519117
EMP-50542,Project Manager,Human Resources,3.0,Level-3 (High),184389.23807795558
EMP-59085,Software Engineer,Engineering,35.0,Level-2 (Medium),133522.64409088454
EMP-95837,data analyst,Engineering,,Level-2 (Medium),74722.45043897923
EMP-15690,Project Manager,Finance,12.0,Level-2 (Medium),162861.16335234008
EMP-86150,data analyst,Human Resources,5.0,Level-3 (High),29276.518550087618
EMP-40260,Software Engineer,Human Resources,12.0,Level-2 (Medium),92386.11171178034
EMP-69413,Software Engineer,Finance,1.0,Level-1 (Low),64754.88820741221
EMP-92771,Project Manager,Engineering,3.0,Level-1 (Low),149161.58144141213
EMP-91237,SOFTWARE ENGINEER,Marketing,8.0,Level-2 (Medium),173682.60465657184
EMP-32859,software engineer,Marketing,5.0,Level-2 (Medium),136237.8368302741
EMP-82689,software engineer,Engineering,-2.0,Level-1 (Low),110322.70308976049
EMP-86292,data analyst,Marketing,5.0,Level-2 (Medium),52559.24192826006
EMP-87449,software engineer,Engineering,3.0,Level-1 (Low),75336.46208717866
EMP-46903,Software Engineer,Finance,3.0,Level-1 (Low),107270.56309344117
EMP-18275,Data Analyst,Human Resources,35.0,Level-2 (Medium),144751.30406986564
EMP-81490,Data Analyst,Marketing,35.0,Level-1 (Low),29240.30837714918
EMP-60574,UNKNOWN,Engineering,8.0,Level-1 (Low),109470.66488932473
EMP-63609,UNKNOWN,Marketing,3.0,Level-2 (Medium),57539.07660150337
EMP-65781,SOFTWARE ENGINEER,Marketing,35.0,Level-2 (Medium),129068.27187568175
EMP-31684,software engineer,Marketing,5.0,Level-2 (Medium),109531.05324631678
EMP-12049,Project Manager,Human Resources,3.0,Level-2 (Medium),50038.647859239805
EMP-39070,SOFTWARE ENGINEER,Engineering,35.0,Level-2 (Medium),61049.19148051373
EMP-49813,  Manager  ,Marketing,99.0,Level-3 (High),61524.92917577064
EMP-76414,,Finance,3.0,Level-3 (High),
EMP-29519,data analyst,Engineering,5.0,Level-1 (Low),103588.56105692769
EMP-70940,  Manager  ,Engineering,99.0,Level-2 (Medium),78048.44162690749
EMP-49953,software engineer,Marketing,-2.0,Level-1 (Low),79168.90781272258
EMP-36304,Data Analyst,Engineering,5.0,Level-2 (Medium),166159.8049532176
EMP-19480,data analyst,Marketing,3.0,Level-2 (Medium),92396.71998181268
EMP-34302,Data Analyst,Engineering,1.0,Level-2 (Medium),27996.573734479658
EMP-21957,,Engineering,,MISSING,
EMP-60682,Software Engineer,Human Resources,35.0,Level-1 (Low),125792.64209246477
EMP-22148,Software Engineer,Engineering,8.0,MISSING,29611.218468644383
EMP-51139,Software Engineer,Marketing,5.0,Level-3 (High),76067.19900473393
EMP-10573,Project Manager,Engineering,1.0,Level-1 (Low),143511.0584628372
EMP-69678,software engineer,Marketing,8.0,Level-3 (High),141344.85466981446
EMP-50335,Software Engineer,Marketing,35.0,Level-1 (Low),70060.5168767006
EMP-30126,Data Analyst,Marketing,8.0,Level-3 (High),55895.53161000712
EMP-82807,UNKNOWN,Engineering,1.0,Level-3 (High),52829.40466258676
EMP-98263,UNKNOWN,Engineering,8.0,Level-2 (Medium),53113.0055242137
EMP-44570,software engineer,Engineering,5.0,Level-3 (High),57820.68274302113
EMP-75813,Data Analyst,Engineering,35.0,Level-3 (High),151745.53825723456
EMP-62231,,Engineering,3.0,Level-3 (High),
EMP-45311,Software Engineer,Finance,12.0,Level-1 (Low),73418.57603740353
EMP-55872,Software Engineer,N/A,5.0,Level-1 (Low),168015.53864410732
EMP-20680,data analyst,Engineering,35.0,Level-2 (Medium),66273.40689922686
EMP-18697,Software Engineer,Engineering,3.0,Level-2 (Medium),117632.93062854164
EMP-71443,data analyst,Human Resources,35.0,Level-2 (Medium),70855.0905550357
EMP-66113,software engineer,Human Resources,12.0,Level-3 (High),172510.99965220873
EMP-22892,Project Manager,Marketing,3.0,Level-3 (High),63727.80512973044
EMP-81234,software engineer,Human Resources,3.0,Level-2 (Medium),157696.98328647827
EMP-31177,data analyst,Finance,35.0,Level-1 (Low),61083.187788035946
EMP-46259,Data Analyst,Finance,3.0,Level-1 (Low),33896.283789026216
EMP-54695,Software Engineer,Engineering,35.0,Level-3 (High),52877.542132657996
EMP-91175,  Manager  ,Finance,99.0,MISSING,88801.19117557339
EMP-21328,data analyst,Human Resources,3.0,Level-2 (Medium),62082.12478162107
EMP-17151,Software Engineer,Engineering,5.0,Level-2 (Medium),62509.431891544584
EMP-81021,Software Engineer,Human Resources,5.0,MISSING,169558.83718109183
EMP-51218,SOFTWARE ENGINEER,Engineering,3.0,Level-1 (Low),184414.4359222556
EMP-88030,  Manager  ,Engineering,,Level-2 (Medium),67020.75560403828
EMP-41712,data analyst,Engineering,3.0,Level-2 (Medium),113571.55912832593
EMP-75927,Data Analyst,Human Resources,8.0,Level-2 (Medium),118743.17926300662
EMP-83377,Data Analyst,Human Resources,3.0,Level-1 (Low),72639.6808352363
EMP-10175,Software Engineer,Marketing,3.0,Level-2 (Medium),116604.15681996194
EMP-70656,Software Engineer,Engineering,1.0,Level-3 (High),108958.04443815726
EMP-16425,Software Engineer,Human Resources,3.0,Level-1 (Low),93916.85904086169
EMP-43238,software engineer,Marketing,8.0,Level-3 (High),112520.8175059444
EMP-99080,Software Engineer,N/A,12.0,Level-2 (Medium),161117.47414807812
EMP-17134,SOFTWARE ENGINEER,N/A,8.0,Level-3 (High),140842.15155153215
EMP-88535,Data Analyst,N/A,12.0,Level-2 (Medium),182490.02269583946
EMP-65605,data analyst,Marketing,12.0,Level-1 (Low),110884.70629694693
EMP-56417,Project Manager,Marketing,5.0,Level-2 (Medium),106304.28785339255
EMP-99133,Data Analyst,Engineering,3.0,Level-1 (Low),89945.27978222157
EMP-29447,Software Engineer,Finance,5.0,MISSING,80130.08181057536
EMP-18022,software engineer,Marketing,5.0,Level-1 (Low),134922.31386326108
EMP-45005,software engineer,Finance,1.0,Level-2 (Medium),124448.25916759484
EMP-18381,Data Analyst,Finance,1.0,Level-3 (High),50341.79693793382
EMP-48290,SOFTWARE ENGINEER,Engineering,12.0,Level-2 (Medium),142060.9942243343
EMP-63465,Data Analyst,Human Resources,3.0,Level-1 (Low),148988.2977309304
EMP-56515,Software Engineer,Engineering,5.0,Level-3 (High),43137.59395569763
EMP-32514,Project Manager,Human Resources,1.0,Level-1 (Low),172258.2464787169
EMP-48974,software engineer,Marketing,1.0,Level-3 (High),128793.50729303565
EMP-60859,UNKNOWN,Engineering,5.0,Level-1 (Low),31645.422396550275
EMP-73032,Data Analyst,Marketing,35.0,Level-1 (Low),81063.15471489108
EMP-99714,Software Engineer,Marketing,8.0,Level-2 (Medium),46488.52287839867
EMP-75777,data analyst,N/A,8.0,Level-2 (Medium),155508.9952212195
EMP-92824,Software Engineer,Human Resources,12.0,Level-3 (High),82535.43120853559
EMP-28305,Software Engineer,Engineering,,Level-1 (Low),94248.92626540421
EMP-14454,SOFTWARE ENGINEER,Engineering,3.0,Level-1 (Low),122566.45588082954
EMP-15964,Software Engineer,Human Resources,,Level-1 (Low),44619.937751631514
EMP-60661,Software Engineer,Human Resources,12.0,Level-1 (Low),106372.02027118782
EMP-29423,software engineer,Engineering,8.0,Level-1 (Low),139393.15900048625
EMP-96844,Data Analyst,Finance,5.0,Level-3 (High),47773.916351427804
EMP-77461,Data Analyst,Marketing,3.0,Level-2 (Medium),58151.817577837675
EMP-47462,Software Engineer,Engineering,,Level-2 (Medium),124447.82138307896
EMP-35776,data analyst,Engineering,8.0,Level-2 (Medium),85161.56175830973
EMP-26186,Project Manager,Human Resources,,Level-3 (High),118189.19245855046
EMP-38478,  Manager  ,Marketing,12.0,Level-3 (High),164511.10952030914
EMP-52333,Data Analyst,Human Resources,8.0,Level-3 (High),178246.72115425792
EMP-75269,data analyst,Finance,8.0,Level-3 (High),63054.02810307896
EMP-66598,data analyst,Finance,3.0,Level-2 (Medium),53679.148768260384
EMP-30035,Data Analyst,Engineering,12.0,Level-2 (Medium),42382.92598746506
EMP-30988,software engineer,Marketing,1.0,Level-3 (High),80520.25962918854
EMP-99369,Software Engineer,Finance,3.0,Level-2 (Medium),105156.76951903988
EMP-95817,,Engineering,,Level-3 (High),
EMP-16335,Project Manager,Finance,5.0,Level-2 (Medium),81858.62110389053
EMP-65868,Project Manager,N/A,3.0,Level-2 (Medium),58339.67454470379
EMP-81145,Data Analyst,Engineering,99.0,Level-2 (Medium),113770.81747208313
EMP-90106,data analyst,Engineering,5.0,Level-1 (Low),78957.86061365137
EMP-26480,data analyst,Engineering,5.0,Level-3 (High),133800.4228882986
EMP-33754,SOFTWARE ENGINEER,Engineering,,Level-3 (High),166864.29469369186
EMP-55941,Software Engineer,Engineering,3.0,Level-3 (High),143162.58105638545
EMP-24924,software engineer,Engineering,12.0,MISSING,130161.74135235307
EMP-91644,software engineer,N/A,5.0,Level-2 (Medium),68008.89843669094
EMP-49845,Data Analyst,Marketing,,Level-1 (Low),177374.93510101363
EMP-36330,Project Manager,Human Resources,5.0,Level-2 (Medium),132240.37356566713
EMP-26478,Software Engineer,Engineering,5.0,Level-1 (Low),172069.85051919884
EMP-29453,data analyst,Finance,5.0,Level-3 (High),47565.186261137496
EMP-25188,SOFTWARE ENGINEER,Marketing,5.0,MISSING,178985.13641979612
EMP-23390,software engineer,Finance,5.0,Level-2 (Medium),65745.37625559772
EMP-84629,SOFTWARE ENGINEER,Marketing,1.0,Level-1 (Low),141690.6961593439
EMP-56393,Software Engineer,Marketing,1.0,Level-3 (High),100315.80123423852
EMP-28873,SOFTWARE ENGINEER,Marketing,5.0,Level-2 (Medium),45246.436845411095
EMP-53273,Data Analyst,Finance,,Level-1 (Low),139628.27450206873
EMP-24859,Software Engineer,Finance,5.0,Level-2 (Medium),81553.08441131457
EMP-95892,UNKNOWN,N/A,1.0,Level-2 (Medium),95079.69136569032
EMP-82135,Data Analyst,Finance,,Level-1 (Low),160262.61020202911
EMP-46461,Software Engineer,Marketing,3.0,Level-2 (Medium),152098.21257851622
EMP-85441,Data Analyst,Finance,3.0,Level-2 (Medium),26885.028406390567
EMP-63482,Project Manager,Engineering,,Level-3 (High),49246.01199376932
EMP-20094,SOFTWARE ENGINEER,Engineering,3.0,Level-1 (Low),153616.9916620769
EMP-53673,Project Manager,Engineering,1.0,Level-2 (Medium),133430.1574123169
EMP-88499,,Finance,8.0,Level-2 (Medium),
EMP-49035,software engineer,Engineering,5.0,Level-1 (Low),51124.707101467575
EMP-86656,software engineer,Engineering,8.0,Level-2 (Medium),184256.52466366297
EMP-99225,Data Analyst,Finance,3.0,Level-3 (High),38650.76175625627
EMP-33192,Project Manager,Engineering,,Level-1 (Low),127924.42781201648
EMP-89566,data analyst,Marketing,8.0,Level-1 (Low),156948.9340949375
EMP-18263,Data Analyst,Engineering,8.0,Level-3 (High),139511.82197224646
EMP-82051,software engineer,Engineering,8.0,Level-2 (Medium),83756.58153728995
EMP-62774,SOFTWARE ENGINEER,Human Resources,5.0,Level-1 (Low),40904.26895906545
EMP-54987,data analyst,Marketing,99.0,Level-2 (Medium),112782.1246570867
EMP-35905,Project Manager,Human Resources,1.0,Level-1 (Low),123714.58880256083
EMP-87635,  Manager  ,Finance,35.0,Level-3 (High),141467.19102941355
EMP-38793,Project Manager,Engineering,5.0,Level-1 (Low),125675.83918267285
EMP-52218,Data Analyst,Engineering,8.0,Level-1 (Low),182752.38521884714
EMP-38011,software engineer,Engineering,5.0,Level-2 (Medium),133568.31884313398
EMP-84300,,Finance,8.0,Level-2 (Medium),
EMP-51972,  Manager  ,Finance,1.0,Level-3 (High),107951.65663028277
EMP-31777,Software Engineer,Marketing,5.0,Level-3 (High),79476.44489780425
EMP-11175,software engineer,Human Resources,,Level-2 (Medium),137148.8451976169
EMP-77137,software engineer,Marketing,3.0,Level-2 (Medium),165871.1434965838
EMP-80158,  Manager  ,Finance,8.0,Level-1 (Low),119811.69643989624
EMP-95650,Project Manager,N/A,3.0,Level-2 (Medium),115203.2305201309
EMP-12045,  Manager  ,Engineering,,Level-3 (High),101147.0070102702
EMP-24545,SOFTWARE ENGINEER,Engineering,35.0,Level-2 (Medium),158780.21582365455
EMP-26103,Software Engineer,Finance,-2.0,Level-2 (Medium),76475.20278991244
EMP-63863,UNKNOWN,Human Resources,3.0,Level-1 (Low),169350.57430806407
EMP-82580,  Manager  ,Engineering,1.0,Level-2 (Medium),81503.68527566385
EMP-55143,software engineer,Finance,12.0,Level-1 (Low),93976.12071716778
EMP-41255,data analyst,Finance,12.0,Level-2 (Medium),121635.2270095172
EMP-85433,SOFTWARE ENGINEER,Marketing,35.0,Level-2 (Medium),67124.05664124616
EMP-31919,software engineer,Engineering,5.0,Level-2 (Medium),136591.4926657035
EMP-21921,Data Analyst,Human Resources,1.0,Level-3 (High),94835.91202985118
EMP-91603,Software Engineer,Human Resources,3.0,Level-1 (Low),96459.91067035342
EMP-99780,Data Analyst,Marketing,5.0,Level-1 (Low),44724.27686578239
EMP-62327,software engineer,Human Resources,3.0,Level-3 (High),81766.85764238241
EMP-52910,data analyst,Engineering,8.0,Level-2 (Medium),133896.79848279816
EMP-97536,Data Analyst,Engineering,5.0,Level-1 (Low),146255.08458023722
EMP-10567,Data Analyst,Engineering,5.0,Level-2 (Medium),41450.97736790216
EMP-51947,Data Analyst,Marketing,5.0,Level-2 (Medium),113469.08113401625
EMP-60995,Software Engineer,Engineering,35.0,Level-3 (High),149472.13570794763
EMP-69085,SOFTWARE ENGINEER,Finance,5.0,Level-2 (Medium),177325.27284876874
EMP-44043,data analyst,N/A,3.0,Level-1 (Low),135609.93889938248
EMP-87967,Software Engineer,Finance,,Level-1 (Low),88969.99424478301
EMP-51945,Software Engineer,Engineering,35.0,Level-2 (Medium),153759.36324863677
EMP-96471,software engineer,Marketing,1.0,Level-3 (High),144077.05922577885
EMP-38438,Project Manager,Marketing,5.0,Level-2 (Medium),83239.94723452102
EMP-70554,Software Engineer,N/A,3.0,Level-1 (Low),66551.84073047916
EMP-96076,Data Analyst,Engineering,,Level-3 (High),88510.34366524708
EMP-17776,SOFTWARE ENGINEER,Human Resources,8.0,Level-1 (Low),53647.87160613465
EMP-29041,Software Engineer,Marketing,3.0,Level-1 (Low),108850.95265097776
EMP-11193,Data Analyst,Finance,3.0,Level-3 (High),118199.72520296938
EMP-99881,SOFTWARE ENGINEER,Human Resources,-2.0,Level-2 (Medium),52727.2558857366
EMP-41225,UNKNOWN,Human Resources,3.0,Level-2 (Medium),112929.47659454425
EMP-34484,  Manager  ,Finance,5.0,Level-3 (High),106877.32657022338
EMP-59126,software engineer,N/A,1.0,Level-2 (Medium),48468.95245047433
EMP-82636,Data Analyst,Engineering,8.0,MISSING,135635.69283491006
EMP-91324,  Manager  ,Finance,1.0,Level-2 (Medium),95105.25034729531
EMP-76730,software engineer,Finance,12.0,Level-3 (High),144598.94097259175
EMP-30318,Data Analyst,Engineering,1.0,Level-1 (Low),91038.6031696154
EMP-31471,Software Engineer,Human Resources,1.0,Level-1 (Low),78683.73114369594
EMP-59977,SOFTWARE ENGINEER,Finance,,Level-2 (Medium),105114.63935850833
EMP-51472,Project Manager,Marketing,8.0,Level-2 (Medium),67802.17516303308
EMP-84561,Software Engineer,Engineering,3.0,Level-3 (High),163483.4252409905
EMP-84727,data analyst,Engineering,3.0,Level-2 (Medium),104784.13263237759
EMP-24659,Project Manager,Engineering,35.0,Level-2 (Medium),128803.87785712948
EMP-73835,Software Engineer,Marketing,3.0,MISSING,32145.254765365597
EMP-82139,SOFTWARE ENGINEER,N/A,1.0,Level-2 (Medium),59370.81089811684
EMP-23192,,Engineering,35.0,Level-3 (High),
EMP-74850,Software Engineer,Marketing,5.0,Level-3 (High),108458.64653849076
EMP-85909,Data Analyst,Engineering,8.0,Level-2 (Medium),96987.66580527164
EMP-78396,Software Engineer,Engineering,5.0,Level-1 (Low),67554.5008959976
EMP-80904,Data Analyst,Engineering,8.0,Level-3 (High),152522.2222253753
EMP-99360,Data Analyst,Engineering,35.0,Level-2 (Medium),166430.98857483134
EMP-13274,Software Engineer,Marketing,1.0,Level-3 (High),107116.25423510892
EMP-99717,SOFTWARE ENGINEER,Engineering,3.0,Level-1 (Low),163619.4667269807
EMP-38183,software engineer,Engineering,5.0,Level-2 (Medium),98624.96125733817
EMP-47771,SOFTWARE ENGINEER,Marketing,12.0,Level-2 (Medium),141869.83101160376
EMP-83301,Data Analyst,Finance,3.0,Level-1 (Low),43607.98190004019
EMP-46691,software engineer,Engineering,12.0,Level-1 (Low),61247.08650879642
EMP-77328,SOFTWARE ENGINEER,Engineering,1.0,Level-1 (Low),25143.27075194897
EMP-20974,  Manager  ,Finance,5.0,Level-2 (Medium),141174.46215305454
EMP-35810,,Finance,3.0,Level-2 (Medium),
EMP-15002,Data Analyst,Engineering,3.0,Level-3 (High),126178.45020607673
EMP-27345,data analyst,Human Resources,8.0,Level-1 (Low),52672.52415982864
EMP-11003,Data Analyst,Human Resources,5.0,Level-2 (Medium),122284.6272678812
EMP-21056,Data Analyst,Marketing,8.0,Level-3 (High),133432.35660772567
EMP-98530,software engineer,Engineering,1.0,Level-1 (Low),139090.6488558356
EMP-91879,Software Engineer,Human Resources,8.0,Level-3 (High),97007.00523454181
EMP-42645,Project Manager,N/A,12.0,Level-3 (High),121019.61737580423
EMP-22200,software engineer,Human Resources,3.0,MISSING,87190.25490242484
EMP-91189,Data Analyst,Human Resources,5.0,Level-1 (Low),84454.39157627962
EMP-54249,UNKNOWN,Human Resources,8.0,Level-2 (Medium),124476.8239385419
EMP-82536,Software Engineer,Engineering,12.0,MISSING,81286.4348216315
EMP-64135,SOFTWARE ENGINEER,Engineering,8.0,Level-1 (Low),51237.70837840931
EMP-53450,,Engineering,12.0,Level-1 (Low),
EMP-46385,Project Manager,Human Resources,35.0,Level-2 (Medium),70248.09232222906
EMP-44826,UNKNOWN,Finance,3.0,Level-2 (Medium),30304.986471475015
EMP-34488,Data Analyst,Engineering,12.0,Level-2 (Medium),40528.66803401951
EMP-93276,Project Manager,Engineering,12.0,Level-2 (Medium),84587.63616262216
EMP-33981,data analyst,Engineering,5.0,Level-2 (Medium),153652.56221027998
EMP-47974,Data Analyst,Engineering,8.0,Level-2 (Medium),122265.4280889808
EMP-57807,data analyst,Engineering,3.0,Level-3 (High),79385.2360231356
EMP-34462,data analyst,Finance,5.0,Level-2 (Medium),110220.80037990636
EMP-44298,software engineer,Marketing,8.0,Level-2 (Medium),172105.55929083633
EMP-67939,  Manager  ,Engineering,8.0,Level-2 (Medium),78539.30972287898
EMP-36308,Data Analyst,Engineering,3.0,Level-2 (Medium),143806.8547239086
EMP-42630,data analyst,Finance,3.0,Level-1 (Low),69710.9843534492
EMP-77422,Data Analyst,Finance,5.0,Level-2 (Medium),118536.50644140654
EMP-93655,Project Manager,N/A,1.0,Level-1 (Low),36464.68384427344
EMP-23115,SOFTWARE ENGINEER,Engineering,5.0,Level-1 (Low),143616.78670514887
EMP-88155,Software Engineer,Human Resources,5.0,Level-3 (High),55311.72966588297
EMP-15361,Software Engineer,Finance,5.0,Level-2 (Medium),148263.79473462346
EMP-92411,SOFTWARE ENGINEER,Finance,1.0,Level-2 (Medium),135199.0468008081
EMP-41392,SOFTWARE ENGINEER,Human Resources,35.0,Level-3 (High),38420.63152158143
EMP-77441,  Manager  ,Finance,,MISSING,152339.7170476623
EMP-77496,software engineer,Engineering,5.0,Level-3 (High),95717.18284863788
EMP-16909,data analyst,Engineering,3.0,Level-3 (High),172778.4798934343
EMP-40847,Software Engineer,Human Resources,8.0,Level-3 (High),79202.04656231943
EMP-48351,Data Analyst,Engineering,1.0,Level-1 (Low),28257.980567183535
EMP-52757,software engineer,Marketing,1.0,Level-3 (High),48504.48466932701
EMP-85418,  Manager  ,Human Resources,12.0,Level-3 (High),26950.16602027447
EMP-21760,Software Engineer,Finance,1.0,Level-2 (Medium),163810.53321349793
EMP-32349,data analyst,Marketing,12.0,Level-3 (High),100271.07881739891
EMP-37941,data analyst,Engineering,1.0,Level-2 (Medium),82196.31664575699
EMP-42508,Software Engineer,N/A,35.0,Level-2 (Medium),83278.70827711208
EMP-67042,Software Engineer,N/A,5.0,Level-1 (Low),99433.9300883664
EMP-89767,SOFTWARE ENGINEER,Finance,3.0,Level-3 (High),59488.558636041605
EMP-79663,  Manager  ,Engineering,,Level-2 (Medium),117990.24221041569
EMP-28713,Data Analyst,N/A,5.0,Level-2 (Medium),173996.01599890206
EMP-11016,Data Analyst,Engineering,8.0,Level-1 (Low),103899.49521775346
EMP-34148,SOFTWARE ENGINEER,Human Resources,5.0,Level-2 (Medium),86056.2399989314
EMP-57624,Data Analyst,Human Resources,12.0,Level-1 (Low),89220.97351849622
EMP-46881,Software Engineer,Engineering,3.0,Level-3 (High),111520.44696955681
EMP-21120,  Manager  ,Finance,8.0,Level-3 (High),113047.29688947354
EMP-36065,  Manager  ,Engineering,12.0,Level-3 (High),36053.206257338476
EMP-32338,Data Analyst,Human Resources,,Level-2 (Medium),151679.8000564921
EMP-95033,software engineer,Engineering,-2.0,Level-2 (Medium),28019.173151040988
EMP-29869,Software Engineer,Engineering,,Level-3 (High),102173.73045382558
EMP-28576,software engineer,Engineering,-2.0,Level-1 (Low),127837.67024867295
EMP-71039,Software Engineer,Engineering,1.0,Level-3 (High),37102.70132232115
EMP-99757,data analyst,Finance,1.0,Level-2 (Medium),115829.89116502862
EMP-98965,Project Manager,Engineering,1.0,Level-1 (Low),117103.785779687
EMP-88520,Data Analyst,Finance,5.0,Level-1 (Low),184800.6130578342
EMP-24547,SOFTWARE ENGINEER,Engineering,12.0,Level-2 (Medium),81126.91895762387
EMP-17667,software engineer,Engineering,3.0,MISSING,34373.574043757384
EMP-97281,data analyst,Human Resources,3.0,Level-2 (Medium),118380.48758766487
EMP-44138,software engineer,Engineering,1.0,Level-2 (Medium),98194.94982213495
EMP-28441,Software Engineer,Engineering,1.0,Level-2 (Medium),116812.44256549193
EMP-28367,Data Analyst,Engineering,1.0,Level-2 (Medium),147287.26834764087
EMP-83937,Software Engineer,Finance,1.0,Level-3 (High),178987.74192387064
EMP-62764,Data Analyst,Finance,3.0,Level-3 (High),169863.50561082625
EMP-33430,Software Engineer,Engineering,8.0,Level-2 (Medium),28382.95228909491
EMP-85554,SOFTWARE ENGINEER,Engineering,35.0,MISSING,120124.22864502062
EMP-24739,Software Engineer,Finance,35.0,Level-3 (High),63345.42717137161
EMP-33360,Software Engineer,Human Resources,,Level-2 (Medium),125124.91680160958
EMP-65740,Software Engineer,Engineering,5.0,Level-1 (Low),123646.66500173163
EMP-41058,Data Analyst,Engineering,1.0,Level-1 (Low),133628.21838298187
EMP-18396,Software Engineer,Human Resources,3.0,Level-3 (High),160516.5083122895
EMP-51816,Software Engineer,Engineering,1.0,Level-1 (Low),162186.95468502038
EMP-99294,Software Engineer,Finance,35.0,Level-3 (High),125642.73268725352
EMP-54496,Software Engineer,Human Resources,5.0,Level-1 (Low),100235.08801185974
EMP-38324,software engineer,Finance,1.0,Level-2 (Medium),79295.92669347677
EMP-31066,software engineer,Finance,,Level-2 (Medium),94103.18688989298
EMP-32464,Data Analyst,Engineering,1.0,Level-2 (Medium),133168.69744375124
EMP-91106,data analyst,Engineering,5.0,Level-1 (Low),82566.75459879027
EMP-29050,SOFTWARE ENGINEER,Finance,8.0,Level-1 (Low),84628.92606671772
EMP-26627,software engineer,Human Resources,1.0,Level-3 (High),154814.38961569342
EMP-61625,data analyst,Human Resources,5.0,Level-3 (High),63015.31853562098
EMP-25612,Project Manager,Finance,12.0,Level-2 (Medium),64471.23190240925
EMP-82191,Data Analyst,Engineering,12.0,Level-1 (Low),167102.53413532887
EMP-42657,data analyst,Engineering,3.0,Level-2 (Medium),148447.75333071663
EMP-92628,Project Manager,Engineering,1.0,Level-1 (Low),82708.09925826771
EMP-34335,Data Analyst,Engineering,5.0,Level-3 (High),139009.66058385366
EMP-45327,Software Engineer,Finance,5.0,Level-1 (Low),146915.79433049873
EMP-29750,Software Engineer,Engineering,1.0,Level-1 (Low),30041.868438709615
EMP-37705,Data Analyst,Engineering,35.0,Level-1 (Low),68518.18727054726
EMP-17126,Software Engineer,Engineering,3.0,Level-2 (Medium),175584.55306335754
EMP-60656,software engineer,Finance,5.0,Level-1 (Low),99176.39564242234
EMP-33060,data analyst,Finance,8.0,MISSING,82259.50735904304
EMP-74237,Software Engineer,Finance,8.0,Level-2 (Medium),55149.15043080275
EMP-25476,Software Engineer,Marketing,3.0,Level-3 (High),170963.67243050772
EMP-97520,UNKNOWN,Engineering,5.0,Level-2 (Medium),57160.654268738734
EMP-89365,SOFTWARE ENGINEER,Marketing,12.0,Level-1 (Low),148563.72414121623
EMP-24222,SOFTWARE ENGINEER,Marketing,5.0,Level-1 (Low),96086.77564875368
EMP-46940,Data Analyst,Marketing,8.0,Level-2 (Medium),155348.3258253642
EMP-43529,UNKNOWN,Engineering,12.0,Level-2 (Medium),46987.16758539932
EMP-83538,Project Manager,Marketing,-2.0,Level-1 (Low),165142.36444255512
EMP-85244,Project Manager,Engineering,5.0,MISSING,109119.6848157502
EMP-53527,software engineer,Finance,5.0,Level-3 (High),119996.73445176905
EMP-75956,Project Manager,Human Resources,99.0,MISSING,107519.39864262607
EMP-58622,software engineer,Engineering,8.0,Level-2 (Medium),123928.00095461623
EMP-99237,Data Analyst,Human Resources,8.0,Level-1 (Low),114767.06853312645
EMP-14029,,Human Resources,,Level-3 (High),
EMP-47361,Data Analyst,Finance,12.0,Level-2 (Medium),120897.31880753634
EMP-31518,SOFTWARE ENGINEER,Engineering,8.0,Level-2 (Medium),129135.64084915152
EMP-85242,Data Analyst,Marketing,,Level-2 (Medium),183199.9391075667
EMP-19355,software engineer,Finance,8.0,Level-2 (Medium),148414.50662618363
EMP-48726,Data Analyst,Human Resources,35.0,Level-2 (Medium),124783.33177546918
EMP-28184,Software Engineer,Human Resources,5.0,Level-1 (Low),75394.5384438486
EMP-87339,,Marketing,8.0,Level-2 (Medium),
EMP-74506,Software Engineer,Marketing,3.0,Level-2 (Medium),184277.23812591302
EMP-90865,software engineer,Engineering,5.0,MISSING,63348.70688737681
EMP-50490,  Manager  ,Finance,5.0,Level-1 (Low),147875.52692953064
EMP-25983,Software Engineer,Human Resources,3.0,Level-3 (High),165033.1474767248
EMP-74495,data analyst,Engineering,8.0,Level-2 (Medium),85743.66362366441
EMP-94261,Data Analyst,Marketing,35.0,Level-2 (Medium),168525.18910531266
EMP-53510,SOFTWARE ENGINEER,Marketing,8.0,Level-1 (Low),111523.48634926064
EMP-52246,Data Analyst,Marketing,3.0,Level-2 (Medium),161672.07182244677
EMP-87557,Data Analyst,Marketing,5.0,Level-1 (Low),68719.26407295452
EMP-78506,Software Engineer,Finance,,Level-3 (High),104211.59875789333
EMP-55708,SOFTWARE ENGINEER,Finance,12.0,Level-2 (Medium),169032.98796823664
EMP-59871,Software Engineer,Finance,,Level-2 (Medium),150368.3271557514
EMP-74000,Project Manager,Engineering,1.0,Level-2 (Medium),28290.44737143404
EMP-76884,Software Engineer,Engineering,3.0,Level-2 (Medium),91776.30223224526
EMP-16596,software engineer,Engineering,,Level-2 (Medium),27632.157837767172
EMP-68841,software engineer,Marketing,12.0,Level-3 (High),74930.6646611013
EMP-96989,,Engineering,1.0,Level-2 (Medium),
EMP-87197,Data Analyst,Engineering,3.0,Level-3 (High),122785.49302477861
EMP-61237,data analyst,Engineering,,Level-1 (Low),168977.10480562874
EMP-35499,software engineer,Engineering,3.0,Level-3 (High),126851.80624650932
EMP-86970,UNKNOWN,Marketing,1.0,Level-1 (Low),182878.26984873292
EMP-50954,Data Analyst,Engineering,1.0,Level-3 (High),151979.52025667334
EMP-63775,software engineer,Marketing,,Level-2 (Medium),46694.39986625685
EMP-77813,Data Analyst,Marketing,-2.0,Level-2 (Medium),77462.57846375761
EMP-33673,software engineer,Engineering,5.0,Level-3 (High),68612.28408755566
EMP-59546,Software Engineer,Human Resources,8.0,Level-2 (Medium),72922.85570874481
EMP-28414,Data Analyst,Marketing,8.0,Level-2 (Medium),145553.60193468264
EMP-52389,SOFTWARE ENGINEER,N/A,1.0,Level-1 (Low),91212.65295081645
EMP-73109,Data Analyst,Finance,12.0,Level-2 (Medium),174327.47524280436
EMP-81792,software engineer,Human Resources,3.0,Level-2 (Medium),166115.00333267564
EMP-44681,Software Engineer,Human Resources,5.0,Level-3 (High),182126.26876209077
EMP-74513,  Manager  ,Engineering,8.0,Level-3 (High),164164.40493563688
EMP-22156,software engineer,Marketing,3.0,Level-1 (Low),57611.99876969341
EMP-35997,  Manager  ,N/A,5.0,Level-3 (High),44637.207251409025
EMP-75279,Data Analyst,Marketing,8.0,Level-3 (High),118344.95014295743
EMP-78476,software engineer,Marketing,1.0,Level-1 (Low),175193.74873423597
EMP-53735,data analyst,Finance,12.0,Level-2 (Medium),54475.57961879953
EMP-17995,data analyst,Engineering,1.0,Level-1 (Low),130903.76524956553
EMP-83246,software engineer,Marketing,3.0,Level-1 (Low),33901.17131240132
EMP-53285,Software Engineer,Finance,5.0,Level-2 (Medium),104952.25419348413
EMP-78410,software engineer,Marketing,3.0,Level-2 (Medium),182618.35426813888
EMP-78387,data analyst,Marketing,5.0,Level-1 (Low),82736.67030538869
EMP-40444,Data Analyst,Engineering,1.0,Level-3 (High),94893.91871528652
EMP-87374,UNKNOWN,Engineering,3.0,MISSING,38385.72307215074
EMP-31630,SOFTWARE ENGINEER,N/A,3.0,Level-3 (High),181507.56617796348
EMP-60175,SOFTWARE ENGINEER,Human Resources,8.0,Level-1 (Low),45188.5316144244
EMP-70048,Data Analyst,Finance,35.0,Level-3 (High),62952.255072772874
EMP-64184,software engineer,Engineering,-2.0,Level-2 (Medium),96050.2063963481
EMP-54546,software engineer,Engineering,5.0,Level-2 (Medium),152293.24827854268
EMP-43217,software engineer,Engineering,5.0,Level-3 (High),59513.79811799917
EMP-98362,Software Engineer,Engineering,35.0,Level-2 (Medium),114327.00139015127
EMP-63251,,Engineering,5.0,Level-2 (Medium),
EMP-77412,Software Engineer,Engineering,3.0,Level-2 (Medium),89078.791063547
EMP-34070,Software Engineer,Engineering,3.0,Level-2 (Medium),105558.63689204464
EMP-96456,data analyst,Engineering,5.0,Level-3 (High),179801.4142170809
EMP-13368,Project Manager,Marketing,5.0,Level-3 (High),116801.63373564002
EMP-76829,data analyst,Marketing,3.0,Level-3 (High),146207.17860866737
EMP-97298,data analyst,Human Resources,8.0,Level-3 (High),58821.77134409426
EMP-78938,data analyst,Engineering,5.0,MISSING,98495.02495308971
EMP-27576,UNKNOWN,Finance,8.0,Level-3 (High),47464.942626175456
EMP-95808,software engineer,Engineering,1.0,Level-1 (Low),137459.55090226044
EMP-66865,UNKNOWN,Marketing,5.0,Level-3 (High),54424.9640819249
EMP-63340,software engineer,Marketing,8.0,Level-3 (High),104328.70323894783
EMP-82260,SOFTWARE ENGINEER,Engineering,8.0,MISSING,119739.7304935311
EMP-57181,Project Manager,Engineering,,Level-2 (Medium),55861.93778021457
EMP-94670,SOFTWARE ENGINEER,Finance,5.0,Level-2 (Medium),175799.64821742242
EMP-92372,Software Engineer,Finance,1.0,Level-2 (Medium),118432.67202768326
EMP-52654,Project Manager,Engineering,3.0,Level-1 (Low),152521.16354600538
EMP-97823,data analyst,Finance,35.0,Level-3 (High),100633.29770425653
EMP-86973,Software Engineer,Marketing,1.0,Level-3 (High),129739.36833088452
EMP-69325,  Manager  ,Human Resources,,Level-3 (High),177537.13450269614
EMP-30216,Data Analyst,Marketing,3.0,Level-2 (Medium),109286.48449253861
EMP-22753,Data Analyst,Engineering,99.0,Level-2 (Medium),140873.7232803238
EMP-13547,data analyst,Marketing,3.0,Level-2 (Medium),44466.36716406395
EMP-22314,  Manager  ,Engineering,5.0,Level-3 (High),54001.173554270514
EMP-62077,  Manager  ,Marketing,5.0,Level-2 (Medium),96330.99373240236
EMP-82614,SOFTWARE ENGINEER,Engineering,3.0,Level-3 (High),114584.81746899073
EMP-52210,Software Engineer,Engineering,35.0,Level-2 (Medium),140607.9635044713
EMP-43615,Data Analyst,Finance,12.0,Level-2 (Medium),70981.95562370148
EMP-48992,software engineer,Human Resources,1.0,Level-2 (Medium),58592.41834274117
EMP-50882,data analyst,Marketing,35.0,MISSING,112622.55785503963
EMP-15097,Software Engineer,Engineering,,Level-2 (Medium),60964.30914037537
EMP-57680,SOFTWARE ENGINEER,Human Resources,5.0,Level-3 (High),158033.04999215633
EMP-57848,Software Engineer,N/A,5.0,Level-3 (High),122017.92115503372
EMP-87075,Software Engineer,Human Resources,5.0,Level-2 (Medium),183092.39204615666
EMP-38004,  Manager  ,Finance,5.0,Level-2 (Medium),87226.97885783351
EMP-73915,UNKNOWN,Finance,3.0,Level-1 (Low),91708.84833294136
EMP-92045,  Manager  ,Marketing,1.0,Level-1 (Low),99930.033313042
EMP-38426,Data Analyst,Engineering,5.0,Level-2 (Medium),131195.08269703988
EMP-24559,Data Analyst,Engineering,12.0,Level-1 (Low),144446.25478596572
EMP-67934,software engineer,Finance,3.0,Level-1 (Low),131936.75849032527
EMP-84079,SOFTWARE ENGINEER,Human Resources,3.0,MISSING,91056.41470292873
EMP-89046,  Manager  ,Marketing,99.0,Level-1 (Low),64505.31305018034
EMP-28075,SOFTWARE ENGINEER,Finance,1.0,Level-3 (High),142333.6240419955
EMP-22781,software engineer,Marketing,5.0,Level-2 (Medium),145499.2767886863
EMP-54225,data analyst,Engineering,12.0,Level-1 (Low),29790.415851021557
EMP-37724,Software Engineer,Marketing,,Level-3 (High),71059.52578259293
EMP-13238,software engineer,Marketing,8.0,Level-1 (Low),177641.9993150872
EMP-71691,Project Manager,Finance,35.0,Level-1 (Low),142205.66473060285
EMP-44151,Software Engineer,Marketing,1.0,Level-1 (Low),103536.16287107815
EMP-61571,software engineer,Engineering,35.0,Level-2 (Medium),71070.63702096525
EMP-45879,data analyst,Engineering,3.0,Level-3 (High),26532.906381687677
EMP-16151,software engineer,Marketing,,Level-3 (High),67629.53702964477
EMP-64615,Data Analyst,Finance,8.0,Level-3 (High),168644.4564835222
EMP-32630,data analyst,Finance,12.0,Level-3 (High),51071.65723813168
EMP-16124,software engineer,Human Resources,1.0,MISSING,52618.53186536742
EMP-20852,Software Engineer,Engineering,5.0,Level-1 (Low),73708.27845229939
EMP-93195,software engineer,Human Resources,12.0,Level-2 (Medium),84733.02636305924
EMP-56945,SOFTWARE ENGINEER,Human Resources,5.0,Level-3 (High),88792.29120059912
EMP-32778,Software Engineer,Engineering,5.0,Level-2 (Medium),123291.93945944088
EMP-80470,Data Analyst,Engineering,1.0,Level-2 (Medium),44541.89284695042
EMP-63988,software engineer,Finance,1.0,Level-2 (Medium),58185.19296904151
EMP-84127,software engineer,Engineering,5.0,Level-2 (Medium),28378.442225051578
EMP-27516,Project Manager,Engineering,1.0,Level-2 (Medium),148428.13799033687
EMP-22890,Project Manager,Engineering,3.0,Level-3 (High),112692.70586615142
EMP-48727,software engineer,Finance,12.0,Level-3 (High),91022.3536505931
EMP-96360,data analyst,Finance,5.0,Level-3 (High),177865.37454234902
EMP-44998,Data Analyst,Human Resources,8.0,Level-2 (Medium),41298.02337911539
EMP-16808,SOFTWARE ENGINEER,Engineering,1.0,Level-3 (High),142182.21807580997
EMP-96116,Software Engineer,Engineering,8.0,Level-1 (Low),79145.39584683639
EMP-98814,Data Analyst,Finance,1.0,Level-2 (Medium),122815.51181495667
EMP-86724,Project Manager,Human Resources,8.0,Level-3 (High),143034.60271555174
EMP-96794,SOFTWARE ENGINEER,Marketing,8.0,Level-3 (High),65369.372311094034
EMP-34508,Data Analyst,Marketing,3.0,Level-3 (High),118205.78635767287
EMP-21795,  Manager  ,Marketing,8.0,Level-1 (Low),140616.97540137032
EMP-64669,software engineer,Engineering,3.0,Level-2 (Medium),97710.44539951379
EMP-80895,Software Engineer,Engineering,3.0,Level-2 (Medium),115779.4481135643
EMP-93375,SOFTWARE ENGINEER,Engineering,5.0,Level-1 (Low),97266.15008751681
EMP-24334,,Engineering,1.0,Level-1 (Low),
EMP-49726,software engineer,N/A,3.0,Level-1 (Low),25640.91722528321
EMP-37327,Project Manager,Engineering,1.0,Level-2 (Medium),90026.83241248806
EMP-11353,software engineer,N/A,3.0,Level-2 (Medium),104978.95754937764
EMP-15492,Software Engineer,Marketing,35.0,Level-2 (Medium),76721.93978254724
EMP-31910,SOFTWARE ENGINEER,Marketing,,Level-3 (High),135433.1272829725
EMP-75506,Project Manager,Engineering,3.0,Level-2 (Medium),110048.53572627997
EMP-44832,data analyst,Engineering,1.0,Level-1 (Low),105508.48306961056
EMP-97569,software engineer,Finance,5.0,Level-2 (Medium),103941.81961262652
EMP-91510,SOFTWARE ENGINEER,N/A,3.0,Level-2 (Medium),55620.67814987538
EMP-36160,software engineer,Engineering,3.0,Level-3 (High),132384.3373934123
EMP-61232,Software Engineer,Engineering,12.0,Level-1 (Low),73859.20200172384
EMP-68335,software engineer,Engineering,99.0,Level-2 (Medium),61704.346636399554
EMP-51664,data analyst,Engineering,1.0,Level-3 (High),72733.29102627601
EMP-22917,,Finance,5.0,Level-2 (Medium),
EMP-22828,Software Engineer,Engineering,3.0,Level-1 (Low),57937.11131504418
EMP-84385,Software Engineer,Human Resources,3.0,MISSING,165186.28762813605
EMP-31825,software engineer,Marketing,12.0,Level-2 (Medium),50142.5529683949
EMP-73749,Software Engineer,Engineering,1.0,Level-3 (High),28468.89511300258
EMP-27546,Project Manager,Engineering,8.0,Level-1 (Low),131127.11165432067
EMP-68265,data analyst,Engineering,3.0,Level-2 (Medium),94801.92414731052
EMP-56331,Software Engineer,Finance,3.0,Level-3 (High),90130.2029163814
EMP-34111,SOFTWARE ENGINEER,Engineering,3.0,Level-2 (Medium),72847.56062510711
EMP-99521,Data Analyst,Marketing,8.0,Level-3 (High),122930.40256232588
EMP-49298,software engineer,Marketing,5.0,Level-1 (Low),56225.38895021245
EMP-33407,  Manager  ,Engineering,8.0,Level-1 (Low),76884.15963617529
EMP-62504,Software Engineer,Engineering,-2.0,Level-2 (Medium),53044.531260770484
EMP-39321,Data Analyst,Finance,12.0,Level-3 (High),125280.34570032329
EMP-52377,data analyst,Marketing,5.0,Level-2 (Medium),45058.35270974085
EMP-75719,Software Engineer,Human Resources,35.0,Level-2 (Medium),111710.39116943003
EMP-43520,Software Engineer,Marketing,35.0,Level-1 (Low),128199.83562290033
EMP-37874,data analyst,Marketing,1.0,Level-3 (High),180949.23676480542
EMP-63792,software engineer,Finance,3.0,Level-2 (Medium),54573.68860711247
EMP-91020,data analyst,Engineering,5.0,Level-2 (Medium),122997.09567791157
EMP-72023,UNKNOWN,Human Resources,8.0,Level-2 (Medium),53901.75088633635
EMP-79364,UNKNOWN,Marketing,1.0,Level-2 (Medium),42894.80449845808
EMP-45794,Software Engineer,Engineering,5.0,Level-3 (High),184356.70168758018
EMP-40643,software engineer,Marketing,8.0,Level-2 (Medium),95087.15063411108
EMP-97751,data analyst,Human Resources,,MISSING,53313.446213153526
EMP-98577,software engineer,N/A,3.0,Level-1 (Low),40721.0078856421
EMP-13631,software engineer,Engineering,1.0,Level-2 (Medium),155804.67864733026
EMP-84740,Data Analyst,Marketing,5.0,Level-2 (Medium),73383.3474453168
EMP-72411,software engineer,Marketing,3.0,Level-2 (Medium),43119.025142365535
EMP-30271,SOFTWARE ENGINEER,Marketing,12.0,Level-3 (High),152577.10453751934
EMP-21102,Software Engineer,Finance,3.0,Level-3 (High),50556.86212787403
EMP-78313,SOFTWARE ENGINEER,Marketing,3.0,Level-2 (Medium),76365.44927782245
EMP-67901,SOFTWARE ENGINEER,Engineering,8.0,Level-2 (Medium),33732.26825122612
EMP-20832,UNKNOWN,Engineering,1.0,Level-2 (Medium),127089.21656218248
EMP-67356,SOFTWARE ENGINEER,Human Resources,,Level-1 (Low),114781.76159659018
EMP-21523,Data Analyst,Marketing,1.0,Level-2 (Medium),135712.68682308542
EMP-48009,  Manager  ,Marketing,5.0,Level-2 (Medium),162539.5941173516
EMP-41451,Software Engineer,Finance,1.0,Level-2 (Medium),170939.34528075883
EMP-72256,data analyst,Engineering,5.0,Level-1 (Low),169313.3856519507
EMP-36745,software engineer,Marketing,3.0,MISSING,88783.95731999417
EMP-62753,Software Engineer,Engineering,3.0,Level-1 (Low),59341.27618920604
EMP-23410,UNKNOWN,Finance,1.0,Level-1 (Low),181576.69811167545
EMP-65847,Software Engineer,Engineering,8.0,Level-2 (Medium),153132.37609415114
EMP-53222,data analyst,Finance,1.0,Level-3 (High),147615.05846751295
EMP-29505,Data Analyst,Engineering,8.0,Level-2 (Medium),77771.03704186447
EMP-55421,SOFTWARE ENGINEER,Engineering,5.0,Level-1 (Low),132809.7648879247
EMP-33564,SOFTWARE ENGINEER,N/A,8.0,Level-3 (High),38031.86401693006
EMP-49997,Software Engineer,Finance,12.0,Level-1 (Low),76720.13332842635
EMP-66631,software engineer,Engineering,3.0,Level-1 (Low),152532.55405163235
EMP-31438,SOFTWARE ENGINEER,Engineering,12.0,Level-2 (Medium),181978.92805777543
EMP-28171,Software Engineer,Human Resources,3.0,Level-2 (Medium),73148.41774413394
EMP-51813,,Marketing,5.0,Level-2 (Medium),
EMP-96217,software engineer,Finance,35.0,MISSING,115261.41688624563
EMP-77549,Software Engineer,Engineering,5.0,Level-2 (Medium),109988.23876566124
EMP-70088,SOFTWARE ENGINEER,Engineering,8.0,Level-3 (High),35887.88415243689
EMP-36289,SOFTWARE ENGINEER,Engineering,5.0,Level-1 (Low),183986.34561109415
EMP-40293,Software Engineer,Human Resources,5.0,Level-2 (Medium),72948.86738685251
EMP-13272,Project Manager,Engineering,1.0,Level-1 (Low),105525.85602703034
EMP-34455,UNKNOWN,Finance,,Level-2 (Medium),163118.04259543633
EMP-85774,data analyst,Engineering,3.0,MISSING,35188.46109655977
EMP-76449,software engineer,Marketing,,Level-2 (Medium),163896.55330811537
EMP-11391,Software Engineer,Marketing,3.0,Level-1 (Low),164810.27338115504
EMP-88665,SOFTWARE ENGINEER,Human Resources,12.0,Level-2 (Medium),114141.85956332124
EMP-83825,Software Engineer,Marketing,5.0,Level-2 (Medium),80864.5506201353
EMP-28040,software engineer,Human Resources,3.0,Level-1 (Low),94851.11295423492
EMP-73911,SOFTWARE ENGINEER,Engineering,3.0,Level-2 (Medium),39381.74392238965
EMP-70249,Data Analyst,Human Resources,5.0,Level-1 (Low),38275.64744881798
EMP-56533,,Human Resources,5.0,Level-1 (Low),
EMP-85682,Software Engineer,Engineering,35.0,MISSING,30577.509388810446
EMP-83438,data analyst,Engineering,1.0,Level-3 (High),39314.981019274135
EMP-52097,Data Analyst,Marketing,1.0,Level-2 (Medium),53042.88291264328
EMP-51673,Data Analyst,Human Resources,35.0,Level-1 (Low),79397.09674775405
EMP-19112,Data Analyst,Finance,5.0,Level-3 (High),61462.713258162476
EMP-22685,software engineer,Human Resources,8.0,Level-3 (High),56665.09243738046
EMP-12102,Software Engineer,Marketing,,Level-3 (High),55149.664696155116
EMP-52133,software engineer,Human Resources,3.0,Level-2 (Medium),159588.030451077
EMP-53946,data analyst,Engineering,3.0,MISSING,165718.6501738569
EMP-61528,,Human Resources,1.0,Level-2 (Medium),
EMP-48549,Software Engineer,Engineering,8.0,MISSING,60294.397315341914
EMP-57962,SOFTWARE ENGINEER,Human Resources,,Level-1 (Low),171521.41483900594
EMP-93054,Software Engineer,Marketing,8.0,Level-1 (Low),132725.5934759315
EMP-24960,UNKNOWN,Engineering,1.0,Level-3 (High),146727.65709752694
EMP-18087,Data Analyst,Human Resources,5.0,Level-1 (Low),110228.42210366418
EMP-52357,Data Analyst,Marketing,1.0,Level-3 (High),35783.16303471549
EMP-32342,data analyst,Engineering,5.0,Level-3 (High),43499.18765507269
EMP-30518,software engineer,Finance,1.0,Level-1 (Low),80427.41348551304
EMP-96996,Software Engineer,Marketing,12.0,Level-2 (Medium),170389.65721578558
EMP-60145,software engineer,Engineering,8.0,Level-1 (Low),65377.67050815258
EMP-46700,Data Analyst,Engineering,5.0,Level-2 (Medium),96243.71857577241
EMP-90008,Project Manager,Marketing,3.0,Level-2 (Medium),129405.24429717359
EMP-78661,software engineer,Marketing,5.0,Level-1 (Low),107716.91144059323
EMP-31750,Project Manager,Finance,35.0,Level-2 (Medium),32429.865753723723
EMP-37516,Data Analyst,Engineering,8.0,Level-3 (High),142953.7853238422
EMP-38217,software engineer,Marketing,3.0,Level-1 (Low),103063.82113116766
EMP-76791,software engineer,Finance,12.0,Level-2 (Medium),89764.12709260451
EMP-61751,SOFTWARE ENGINEER,Human Resources,,Level-2 (Medium),131314.69880454612
EMP-95167,Data Analyst,Engineering,3.0,Level-2 (Medium),124434.37828534347
EMP-91523,,Engineering,3.0,Level-2 (Medium),
EMP-17068,Software Engineer,Finance,5.0,Level-2 (Medium),70416.33727957902
EMP-32457,Software Engineer,Marketing,3.0,Level-3 (High),53063.61534052748
EMP-76795,Software Engineer,Engineering,,Level-2 (Medium),156331.62835089234
EMP-86228,Project Manager,Engineering,8.0,Level-2 (Medium),145780.5919935772
EMP-38394,Data Analyst,N/A,12.0,Level-1 (Low),95391.31736268356
EMP-79307,UNKNOWN,Engineering,3.0,Level-1 (Low),97632.32395702424
EMP-73785,Data Analyst,Finance,99.0,MISSING,50870.07933156631
EMP-95250,Software Engineer,Marketing,5.0,Level-2 (Medium),144238.18003869534
EMP-59572,software engineer,Finance,1.0,Level-1 (Low),182605.50665560737
EMP-19345,Data Analyst,Finance,3.0,Level-3 (High),157902.02797558662
EMP-91428,SOFTWARE ENGINEER,Human Resources,3.0,Level-1 (Low),34035.23343239885
EMP-16039,Project Manager,N/A,3.0,Level-3 (High),129824.59410684183
EMP-59132,Data Analyst,Finance,3.0,Level-1 (Low),48048.68783681968
EMP-79154,Software Engineer,Human Resources,8.0,Level-1 (Low),72952.04255323473
EMP-66761,UNKNOWN,Human Resources,1.0,Level-2 (Medium),108747.67185799223
EMP-93728,SOFTWARE ENGINEER,Finance,3.0,Level-1 (Low),155068.76981030504
EMP-59506,Data Analyst,Engineering,,Level-3 (High),134888.98935081516
EMP-35586,Data Analyst,Engineering,8.0,Level-1 (Low),63970.78078283213
EMP-93180,SOFTWARE ENGINEER,Finance,35.0,Level-1 (Low),106708.68844913905
EMP-24992,Software Engineer,Marketing,35.0,Level-1 (Low),74502.86872369875
EMP-25426,SOFTWARE ENGINEER,Marketing,3.0,Level-2 (Medium),41065.164524099666
EMP-72967,Software Engineer,Finance,,MISSING,32017.940816260958
EMP-81143,software engineer,Engineering,-2.0,Level-3 (High),171692.31673777412
EMP-57588,Data Analyst,Marketing,5.0,Level-3 (High),119893.42227307575
EMP-41300,Project Manager,Marketing,,Level-2 (Medium),83785.33240574456
EMP-88379,,Engineering,3.0,Level-2 (Medium),
EMP-27705,Data Analyst,Human Resources,35.0,Level-2 (Medium),156033.56367984318
EMP-32122,Software Engineer,Marketing,5.0,Level-3 (High),156211.48437569465
EMP-96062,,Engineering,5.0,Level-1 (Low),
EMP-12203,SOFTWARE ENGINEER,Marketing,35.0,Level-2 (Medium),136504.9406677995
EMP-32462,Software Engineer,Marketing,8.0,Level-3 (High),134631.49768974626
EMP-17241,software engineer,Human Resources,1.0,Level-1 (Low),100174.81121828534
EMP-84345,Data Analyst,Engineering,12.0,Level-2 (Medium),57704.48819276577
EMP-23444,software engineer,Engineering,5.0,Level-2 (Medium),131990.85423183942
EMP-39576,software engineer,Marketing,1.0,Level-1 (Low),164600.12589551834
EMP-35992,Software Engineer,Human Resources,5.0,Level-1 (Low),92643.7327221595
EMP-81597,Project Manager,Human Resources,,Level-2 (Medium),41561.506833768166
EMP-49371,software engineer,Engineering,1.0,Level-1 (Low),180285.859823622
EMP-51444,software engineer,Human Resources,,Level-2 (Medium),112622.34714253525
EMP-25636,Software Engineer,Engineering,8.0,Level-2 (Medium),29873.561541317813
EMP-89975,SOFTWARE ENGINEER,Human Resources,1.0,Level-2 (Medium),141134.50950952253
EMP-64411,Software Engineer,Engineering,3.0,Level-1 (Low),148395.10353770218
EMP-33172,Project Manager,Human Resources,12.0,Level-1 (Low),83614.7814693673
EMP-30194,Data Analyst,Engineering,8.0,Level-2 (Medium),106189.34997425697
EMP-76260,SOFTWARE ENGINEER,Engineering,-2.0,Level-3 (High),98327.24602883217
EMP-79712,Software Engineer,Finance,5.0,MISSING,179605.45790584438
EMP-59922,,Marketing,5.0,Level-1 (Low),
EMP-20528,Data Analyst,Engineering,35.0,Level-1 (Low),68646.01083976583
EMP-33810,UNKNOWN,Human Resources,5.0,Level-2 (Medium),149024.3909005305
EMP-21220,Project Manager,Engineering,5.0,Level-3 (High),118997.09679146222
EMP-45021,software engineer,Engineering,35.0,Level-1 (Low),113808.23385578288
EMP-15648,Software Engineer,Human Resources,3.0,Level-2 (Medium),95293.45820051397
EMP-64888,SOFTWARE ENGINEER,Engineering,12.0,Level-2 (Medium),132144.0754753006
EMP-51509,Software Engineer,Engineering,8.0,Level-1 (Low),180345.49641062415
EMP-86569,Software Engineer,Marketing,99.0,Level-2 (Medium),124485.75790105113
EMP-34516,data analyst,Marketing,5.0,Level-3 (High),182141.02036978604
EMP-20265,Data Analyst,Marketing,12.0,Level-2 (Medium),153192.07264205493
EMP-28980,Software Engineer,Finance,3.0,Level-3 (High),108335.76279402281
EMP-33840,software engineer,Finance,35.0,Level-2 (Medium),105925.9303462
EMP-62813,SOFTWARE ENGINEER,Finance,3.0,Level-1 (Low),104811.67313170813
EMP-58034,software engineer,Engineering,12.0,Level-1 (Low),164822.4250904139
EMP-94086,software engineer,Human Resources,3.0,Level-2 (Medium),25767.625338779522
EMP-74553,software engineer,Engineering,1.0,Level-1 (Low),150109.31168851594
EMP-53093,SOFTWARE ENGINEER,Finance,3.0,Level-3 (High),137123.63412545985
EMP-51065,software engineer,Engineering,5.0,Level-2 (Medium),160376.09183388308
EMP-75453,Project Manager,Marketing,5.0,Level-1 (Low),116458.93432207963
EMP-21587,Software Engineer,Human Resources,5.0,Level-3 (High),76405.14943307632
EMP-11566,software engineer,Marketing,3.0,Level-2 (Medium),141321.81573557103
EMP-58161,data analyst,Engineering,3.0,Level-1 (Low),133242.98616938584
EMP-37952,Data Analyst,Marketing,35.0,MISSING,124054.71539029492
EMP-50587,software engineer,Engineering,5.0,Level-2 (Medium),65391.46216299649
EMP-83778,software engineer,Engineering,3.0,Level-1 (Low),178356.99426901
EMP-75398,SOFTWARE ENGINEER,Marketing,35.0,Level-2 (Medium),137976.47472970068
EMP-43801,Data Analyst,Engineering,3.0,Level-2 (Medium),119272.94506176133
EMP-26647,software engineer,Engineering,,Level-1 (Low),40323.62173014349
EMP-62378,SOFTWARE ENGINEER,Engineering,8.0,Level-3 (High),122557.71818182699
EMP-93360,Project Manager,Finance,,Level-1 (Low),111133.05155513418
EMP-78293,SOFTWARE ENGINEER,Engineering,3.0,Level-3 (High),47530.796713724136
EMP-42733,Software Engineer,Engineering,1.0,Level-1 (Low),98343.38261922434
EMP-71635,software engineer,Engineering,35.0,Level-1 (Low),107153.66684916058
EMP-88708,Software Engineer,Finance,5.0,Level-3 (High),58533.23800109303
EMP-12084,Software Engineer,Engineering,5.0,Level-2 (Medium),115056.46049417
EMP-42690,UNKNOWN,Engineering,3.0,Level-2 (Medium),164164.3091414231
EMP-69097,Data Analyst,Marketing,8.0,Level-2 (Medium),169398.6444636015
EMP-59968,Data Analyst,Marketing,5.0,Level-3 (High),35068.41747642492
EMP-98773,Software Engineer,Human Resources,8.0,Level-2 (Medium),180289.82821341796
EMP-94828,Software Engineer,Engineering,5.0,Level-2 (Medium),174495.08867269996
EMP-14414,data analyst,Marketing,12.0,Level-1 (Low),73957.29237377946
EMP-44179,,Finance,12.0,Level-3 (High),
EMP-30124,software engineer,Human Resources,3.0,Level-1 (Low),119477.57703290142
EMP-66473,software engineer,Engineering,8.0,Level-1 (Low),84663.64195512494
EMP-23912,Project Manager,Engineering,12.0,Level-1 (Low),145997.6069980695
EMP-16296,software engineer,Engineering,1.0,Level-2 (Medium),92716.62895186774
EMP-29837,Project Manager,Engineering,12.0,Level-2 (Medium),169749.67916004217
EMP-60001,software engineer,Finance,35.0,Level-2 (Medium),116024.95996431683
EMP-96582,UNKNOWN,Marketing,35.0,Level-1 (Low),91463.26947848643
EMP-48472,software engineer,Engineering,5.0,Level-3 (High),134879.76465008425
EMP-40938,software engineer,Engineering,1.0,Level-2 (Medium),105921.43740060164
EMP-56577,Data Analyst,Engineering,99.0,Level-1 (Low),88027.30375180888
EMP-48408,Software Engineer,Engineering,12.0,Level-2 (Medium),54407.20309557383
EMP-83758,Project Manager,Engineering,8.0,Level-2 (Medium),29951.6708986549
EMP-44859,Project Manager,Engineering,3.0,Level-3 (High),149889.18172038434
EMP-65244,software engineer,Engineering,12.0,Level-1 (Low),164210.38219455283
EMP-57621,Software Engineer,Marketing,35.0,Level-1 (Low),98408.61842479341
EMP-55443,Software Engineer,Marketing,1.0,Level-3 (High),149973.60030684873
EMP-26476,Software Engineer,Engineering,8.0,Level-3 (High),34610.21255412392
EMP-28710,Software Engineer,Engineering,3.0,Level-1 (Low),140422.17822516384
EMP-33291,SOFTWARE ENGINEER,Engineering,8.0,Level-1 (Low),120467.75852546595
EMP-75446,software engineer,Finance,1.0,Level-2 (Medium),89133.35424571576
EMP-75587,SOFTWARE ENGINEER,Human Resources,35.0,MISSING,155030.93224618066
EMP-58747,Software Engineer,Engineering,,Level-3 (High),120900.05491210228
EMP-67506,software engineer,Engineering,,Level-2 (Medium),29855.343571742735
EMP-11360,UNKNOWN,Engineering,,Level-1 (Low),133163.58082713987
EMP-70448,Data Analyst,Finance,8.0,Level-2 (Medium),43530.67847662924
EMP-82395,data analyst,Marketing,3.0,Level-2 (Medium),36435.98547340373
EMP-88157,Data Analyst,Engineering,1.0,Level-2 (Medium),87878.3175342381
EMP-21025,Data Analyst,Finance,,Level-2 (Medium),118095.44345310885
EMP-49740,Data Analyst,Marketing,99.0,Level-2 (Medium),87071.07329847343
EMP-76337,Project Manager,Marketing,5.0,Level-3 (High),169231.4335047368
EMP-79674,software engineer,Engineering,12.0,Level-3 (High),121665.15066821175
EMP-97433,Software Engineer,Marketing,3.0,Level-2 (Medium),55019.50704393018
EMP-78260,SOFTWARE ENGINEER,Marketing,3.0,Level-3 (High),40507.81739919787
EMP-80963,software engineer,Marketing,1.0,Level-3 (High),34479.306764537905
EMP-40148,Project Manager,Engineering,1.0,Level-2 (Medium),92952.58072314384
EMP-81061,UNKNOWN,Engineering,,Level-2 (Medium),162045.29614024484
EMP-44228,Data Analyst,Marketing,1.0,Level-3 (High),125773.39113736124
EMP-52781,Data Analyst,Engineering,12.0,Level-3 (High),156000.60767917533
EMP-74421,Data Analyst,Engineering,5.0,Level-3 (High),184093.61234951005
EMP-77566,software engineer,Human Resources,5.0,Level-3 (High),33758.849315791886
EMP-13217,Data Analyst,Engineering,35.0,Level-1 (Low),64620.52940890626
EMP-11286,SOFTWARE ENGINEER,N/A,,Level-2 (Medium),91819.03917950267
EMP-13449,SOFTWARE ENGINEER,Marketing,12.0,Level-3 (High),171887.0728232959
EMP-32182,software engineer,Marketing,3.0,Level-2 (Medium),98649.97727136668
EMP-56144,Data Analyst,Marketing,12.0,Level-1 (Low),41383.40701807095
EMP-24928,software engineer,Marketing,1.0,Level-2 (Medium),58108.741592832215
EMP-37705,Software Engineer,Finance,1.0,Level-1 (Low),144210.4935435342
EMP-67716,data analyst,Human Resources,1.0,Level-3 (High),87445.97391700209
EMP-90544,software engineer,Marketing,1.0,Level-2 (Medium),178108.75665870044
EMP-65961,software engineer,Marketing,35.0,Level-3 (High),49432.18432438688
EMP-18779,,Engineering,1.0,Level-1 (Low),
EMP-40285,Data Analyst,Finance,8.0,Level-1 (Low),127363.88396930324
EMP-70240,Software Engineer,Marketing,1.0,Level-1 (Low),145162.45121843173
EMP-38624,software engineer,Marketing,3.0,Level-3 (High),151999.63134953222
EMP-67055,Software Engineer,Human Resources,3.0,MISSING,90378.92124509852
EMP-37073,Project Manager,Human Resources,12.0,Level-3 (High),100401.88666595977
EMP-93425,software engineer,Finance,1.0,Level-2 (Medium),95511.99608931218
EMP-63928,Data Analyst,Engineering,12.0,Level-2 (Medium),41932.206065177714
EMP-90071,Software Engineer,Marketing,3.0,Level-2 (Medium),72701.73492079834
EMP-24456,,Finance,5.0,Level-2 (Medium),
EMP-51635,data analyst,Finance,35.0,Level-3 (High),64635.24287151792
EMP-15087,  Manager  ,Engineering,,Level-2 (Medium),137505.89922367263
EMP-29158,Project Manager,Human Resources,5.0,Level-2 (Medium),181675.20962715423
EMP-76395,Software Engineer,Finance,3.0,Level-3 (High),143166.73943530617
EMP-89483,Project Manager,Finance,,Level-1 (Low),34800.24480016926
EMP-97747,SOFTWARE ENGINEER,Engineering,5.0,Level-3 (High),72141.32597617319
EMP-51991,,Human Resources,3.0,Level-3 (High),
EMP-66533,Software Engineer,Engineering,12.0,Level-2 (Medium),182452.385817511
EMP-27229,Data Analyst,Finance,3.0,Level-2 (Medium),164641.1559005101
EMP-98433,,Marketing,3.0,Level-3 (High),
EMP-35341,Project Manager,Marketing,99.0,Level-3 (High),139453.1005987585
EMP-35026,software engineer,Finance,3.0,Level-1 (Low),129197.59463096452
EMP-47695,software engineer,Marketing,3.0,Level-1 (Low),169055.07007683406
EMP-48910,data analyst,Engineering,1.0,Level-2 (Medium),52399.5372469086
EMP-72948,data analyst,Marketing,3.0,Level-1 (Low),175028.73954658225
EMP-40059,software engineer,Engineering,3.0,Level-2 (Medium),117058.6396228135
EMP-37051,,Engineering,-2.0,Level-1 (Low),
EMP-29286,data analyst,Engineering,1.0,Level-2 (Medium),70204.57746145027
EMP-86619,Software Engineer,Marketing,1.0,Level-2 (Medium),116211.25195109606
EMP-20172,data analyst,Marketing,1.0,Level-2 (Medium),60495.783607950725
EMP-20407,software engineer,Engineering,3.0,Level-2 (Medium),60767.56274027103
EMP-49521,software engineer,Finance,1.0,Level-1 (Low),113284.91477751141
EMP-76439,software engineer,Engineering,12.0,Level-3 (High),157449.31832126918
EMP-82060,Data Analyst,Marketing,3.0,Level-3 (High),54766.313727852845
EMP-86498,Software Engineer,Finance,12.0,Level-2 (Medium),79495.05686454881
EMP-24837,UNKNOWN,Engineering,1.0,Level-2 (Medium),180781.4151458018
EMP-11305,Software Engineer,Marketing,12.0,Level-2 (Medium),73135.38683962377
EMP-93244,Project Manager,Marketing,3.0,Level-1 (Low),183760.57697104948
EMP-88250,SOFTWARE ENGINEER,Marketing,8.0,Level-3 (High),95590.88110731702
EMP-12418,Data Analyst,Engineering,1.0,Level-2 (Medium),153470.51864822928
EMP-61708,Project Manager,N/A,5.0,Level-1 (Low),163395.8860426266
EMP-80646,Software Engineer,Finance,3.0,Level-2 (Medium),78445.2295213269
EMP-48571,Software Engineer,Engineering,5.0,Level-3 (High),111533.15199196481
EMP-80912,Data Analyst,Finance,,Level-3 (High),106832.30738458777
EMP-25296,software engineer,Engineering,1.0,Level-1 (Low),145766.02549584216
EMP-30450,software engineer,Marketing,99.0,Level-2 (Medium),49466.23129480153
EMP-44764,Software Engineer,Human Resources,99.0,Level-2 (Medium),66091.35656962878
EMP-77291,software engineer,Engineering,-2.0,Level-3 (High),178035.5954614246
EMP-84095,Data Analyst,Engineering,8.0,Level-2 (Medium),88187.76376514678
EMP-47813,Project Manager,Engineering,1.0,Level-2 (Medium),66506.0702263657
EMP-83663,data analyst,Engineering,3.0,Level-2 (Medium),65151.25003517856
EMP-71074,Project Manager,Engineering,5.0,Level-3 (High),165507.64211707798
EMP-20057,UNKNOWN,Engineering,12.0,Level-3 (High),97462.73558900121
EMP-61584,software engineer,Engineering,12.0,Level-2 (Medium),69042.72478987594
EMP-73291,software engineer,Engineering,3.0,Level-2 (Medium),53757.58090836847
EMP-41876,SOFTWARE ENGINEER,Human Resources,1.0,Level-2 (Medium),135373.63604302908
EMP-60933,software engineer,Engineering,1.0,Level-2 (Medium),60203.389792425136
EMP-19423,Software Engineer,Marketing,,Level-2 (Medium),62405.701582503156
EMP-97748,UNKNOWN,Human Resources,5.0,Level-3 (High),84279.72385107214
EMP-32039,data analyst,Engineering,3.0,Level-1 (Low),118118.8720074164
EMP-81419,Project Manager,Marketing,99.0,Level-2 (Medium),26271.321052513307
EMP-35796,software engineer,Engineering,12.0,Level-3 (High),85883.04416974791
EMP-84936,software engineer,Finance,-2.0,Level-3 (High),106475.4719730654
EMP-77778,SOFTWARE ENGINEER,Engineering,,Level-2 (Medium),90248.38347576486
EMP-64482,Data Analyst,Engineering,8.0,Level-1 (Low),162752.98942078123
EMP-29258,Software Engineer,Engineering,35.0,MISSING,109891.66153573123
EMP-20819,Project Manager,N/A,8.0,Level-2 (Medium),77695.60793838796
EMP-32641,Software Engineer,Human Resources,35.0,Level-1 (Low),135194.86415993876
EMP-52622,Project Manager,Finance,1.0,Level-3 (High),55251.541443437716
EMP-87568,software engineer,Engineering,3.0,Level-1 (Low),92955.63165716322
EMP-43278,SOFTWARE ENGINEER,Engineering,35.0,Level-3 (High),127218.02323401865
EMP-25381,UNKNOWN,Marketing,3.0,Level-3 (High),64252.6370908366
EMP-95521,software engineer,Human Resources,1.0,Level-3 (High),80063.71425357912
EMP-86233,  Manager  ,Engineering,3.0,Level-2 (Medium),154764.3116769588
EMP-97242,data analyst,Human Resources,3.0,Level-2 (Medium),127235.23722083584
EMP-25794,Project Manager,Finance,,Level-1 (Low),60119.62823690539
EMP-43484,Project Manager,N/A,3.0,Level-1 (Low),91663.84436982771
EMP-99629,Software Engineer,Human Resources,12.0,Level-3 (High),118261.31316628162
EMP-17637,SOFTWARE ENGINEER,Human Resources,,Level-2 (Medium),104480.15270807585
EMP-21682,Project Manager,Finance,12.0,Level-2 (Medium),148120.5466351889
EMP-69541,,Finance,1.0,Level-2 (Medium),
EMP-53848,Software Engineer,Human Resources,8.0,Level-2 (Medium),54931.87771895609
EMP-18708,software engineer,N/A,1.0,Level-3 (High),172943.63406523713
EMP-44434,Data Analyst,Engineering,12.0,Level-2 (Medium),132426.06701651402
EMP-37676,,Marketing,-2.0,Level-3 (High),
EMP-94523,SOFTWARE ENGINEER,Human Resources,99.0,Level-2 (Medium),145902.09205906763
EMP-77324,Software Engineer,Engineering,5.0,Level-1 (Low),75124.83501106533
EMP-80133,Project Manager,Engineering,1.0,Level-2 (Medium),144751.5356151146
EMP-58069,Data Analyst,Marketing,5.0,Level-2 (Medium),90531.93147881982
EMP-32165,data analyst,Human Resources,,Level-1 (Low),108740.19716809546
EMP-42857,,Marketing,5.0,Level-2 (Medium),
EMP-31344,Software Engineer,Human Resources,3.0,Level-2 (Medium),172408.4596337496
EMP-33081,Software Engineer,Engineering,8.0,Level-1 (Low),47628.31955138747
EMP-16214,software engineer,Human Resources,1.0,Level-3 (High),178400.47432521675
EMP-59161,  Manager  ,Human Resources,1.0,Level-3 (High),79527.132963963
EMP-46540,Data Analyst,Marketing,8.0,Level-1 (Low),139222.8240200951
EMP-13689,SOFTWARE ENGINEER,Engineering,3.0,Level-2 (Medium),39042.330736397074
EMP-59028,data analyst,Human Resources,8.0,Level-2 (Medium),135187.43834839022
EMP-57314,Data Analyst,Finance,,MISSING,57003.491554204316
EMP-87186,Data Analyst,Engineering,12.0,Level-2 (Medium),25165.505518418544
EMP-69910,SOFTWARE ENGINEER,Engineering,3.0,Level-2 (Medium),146602.9724394691
EMP-48916,software engineer,Engineering,5.0,Level-3 (High),169747.1833030899
EMP-76863,software engineer,Engineering,5.0,Level-1 (Low),121613.9503142871
EMP-26594,UNKNOWN,Finance,3.0,Level-2 (Medium),99921.85483413553
EMP-73465,Data Analyst,Human Resources,12.0,Level-2 (Medium),119567.84821401864
EMP-81521,,Marketing,3.0,Level-3 (High),
EMP-98682,SOFTWARE ENGINEER,Engineering,5.0,Level-1 (Low),88043.07033160471
EMP-80669,Project Manager,Engineering,,Level-3 (High),144633.03032472028
EMP-13691,SOFTWARE ENGINEER,Human Resources,8.0,Level-3 (High),113239.66828266998
EMP-58704,software engineer,Finance,35.0,Level-1 (Low),49629.49760939859
EMP-16852,Data Analyst,Finance,5.0,Level-3 (High),137338.23912813386
EMP-28563,software engineer,Engineering,3.0,Level-2 (Medium),127312.2456489081
EMP-82232,SOFTWARE ENGINEER,Engineering,8.0,Level-3 (High),61413.804560233875
EMP-49375,Data Analyst,Human Resources,5.0,Level-3 (High),168624.9860551249
EMP-34381,software engineer,Finance,35.0,MISSING,124136.60118319816
EMP-88415,software engineer,Marketing,1.0,Level-2 (Medium),170704.1383903107
EMP-21121,Software Engineer,Engineering,8.0,Level-2 (Medium),94844.85403277432
EMP-42561,Data Analyst,Marketing,5.0,Level-3 (High),99303.52147271908
EMP-53579,Data Analyst,Human Resources,35.0,Level-3 (High),170015.64392719156
EMP-12245,Project Manager,Marketing,35.0,Level-3 (High),138601.96397337594
EMP-30075,SOFTWARE ENGINEER,Engineering,8.0,Level-2 (Medium),48523.47884400878
EMP-40034,Software Engineer,Marketing,3.0,Level-2 (Medium),135675.0899500997
EMP-88958,data analyst,Human Resources,12.0,Level-2 (Medium),141420.3315085852
EMP-71948,Data Analyst,Human Resources,5.0,Level-2 (Medium),95967.14662389137
EMP-59463,SOFTWARE ENGINEER,Engineering,12.0,Level-2 (Medium),106946.2553075305
EMP-88279,software engineer,Finance,35.0,Level-2 (Medium),147379.26676282377
EMP-51673,software engineer,Engineering,3.0,Level-3 (High),162844.15913078067
EMP-90900,Software Engineer,Finance,35.0,MISSING,67700.4023866507
EMP-68438,software engineer,Marketing,3.0,Level-1 (Low),26019.06629134364
EMP-45728,software engineer,Engineering,8.0,MISSING,79212.34218936138
EMP-17869,Data Analyst,Finance,3.0,Level-2 (Medium),74962.13858060644
EMP-86558,data analyst,Marketing,3.0,Level-3 (High),155456.40781544318
EMP-57565,Software Engineer,Marketing,5.0,Level-2 (Medium),61504.49793800842
EMP-23002,software engineer,Marketing,3.0,Level-1 (Low),124192.9135751001
EMP-35018,SOFTWARE ENGINEER,Engineering,3.0,Level-3 (High),160637.83127826717
EMP-22130,Software Engineer,Finance,8.0,Level-1 (Low),26142.854274587145
EMP-40475,Data Analyst,N/A,,Level-2 (Medium),97000.49731066139
EMP-79324,Software Engineer,Marketing,35.0,Level-2 (Medium),26633.827779822106
EMP-70214,Software Engineer,Engineering,12.0,Level-3 (High),180469.36694667072
EMP-94998,Software Engineer,Finance,5.0,Level-2 (Medium),161494.47544186274
EMP-30791,UNKNOWN,Engineering,1.0,Level-2 (Medium),139260.41279125848
EMP-77549,Software Engineer,Finance,5.0,Level-2 (Medium),49584.5946510026
EMP-52476,SOFTWARE ENGINEER,Marketing,8.0,Level-3 (High),57183.13314067213
EMP-16781,SOFTWARE ENGINEER,Finance,3.0,MISSING,151489.74850805284
EMP-29641,software engineer,Finance,3.0,Level-2 (Medium),32239.286995676954
EMP-91948,Software Engineer,Engineering,8.0,MISSING,100723.19817995591
EMP-27516,Software Engineer,Engineering,8.0,Level-2 (Medium),46236.56590130807
EMP-68288,UNKNOWN,Engineering,-2.0,Level-2 (Medium),128512.3715791557
EMP-65666,Data Analyst,Engineering,35.0,Level-1 (Low),126421.33552348317
EMP-44436,Software Engineer,Marketing,8.0,Level-3 (High),110462.12563720903
EMP-21669,Software Engineer,Marketing,,Level-2 (Medium),50339.6602029939
EMP-66220,Project Manager,Engineering,3.0,Level-3 (High),125950.15473506675
EMP-34376,data analyst,Marketing,8.0,Level-3 (High),165095.11441678856
EMP-62754,software engineer,Finance,8.0,Level-1 (Low),58782.3025207787
EMP-68165,Project Manager,Engineering,1.0,Level-2 (Medium),172016.8727274172
EMP-88560,SOFTWARE ENGINEER,Human Resources,8.0,Level-1 (Low),34684.911567851326
EMP-49923,software engineer,Finance,12.0,Level-3 (High),140168.95041573863
EMP-35082,,Finance,8.0,Level-2 (Medium),
EMP-51474,SOFTWARE ENGINEER,Finance,3.0,Level-3 (High),148991.02017384127
EMP-96375,Data Analyst,Finance,35.0,Level-2 (Medium),166903.62917155787
EMP-29724,  Manager  ,Engineering,35.0,MISSING,100037.94532774371
EMP-11114,Data Analyst,Finance,12.0,Level-3 (High),128431.25610993852
EMP-55206,software engineer,Human Resources,8.0,Level-3 (High),118643.78503670746
EMP-89782,SOFTWARE ENGINEER,Marketing,3.0,MISSING,51420.46203064018
EMP-13755,Data Analyst,Human Resources,5.0,Level-2 (Medium),171854.71227621892
EMP-83566,software engineer,Finance,1.0,Level-2 (Medium),131213.61543894693
EMP-14857,Software Engineer,Human Resources,5.0,Level-2 (Medium),118066.03936579195
EMP-89897,Software Engineer,Human Resources,5.0,Level-2 (Medium),149905.0362193865
EMP-13766,Software Engineer,Engineering,,Level-1 (Low),96172.15424927269
EMP-10257,SOFTWARE ENGINEER,Human Resources,5.0,Level-2 (Medium),166893.7897288019
EMP-49106,,Marketing,8.0,Level-3 (High),
EMP-97780,software engineer,Marketing,8.0,Level-3 (High),103174.40385542062
EMP-28709,Project Manager,Engineering,3.0,Level-2 (Medium),89235.83722960668
EMP-83981,data analyst,Finance,3.0,Level-3 (High),146171.7395499001
EMP-68287,Software Engineer,Marketing,1.0,Level-3 (High),29921.130652467607
EMP-89630,data analyst,Finance,8.0,Level-3 (High),70494.0241004652
EMP-59739,data analyst,Human Resources,1.0,Level-2 (Medium),171874.680722876
EMP-27162,SOFTWARE ENGINEER,Marketing,1.0,Level-2 (Medium),29491.448299498712
EMP-93608,Data Analyst,Engineering,3.0,Level-3 (High),83173.05905853043
EMP-42813,,Engineering,,Level-3 (High),
EMP-59274,software engineer,Engineering,8.0,Level-1 (Low),63740.4218991335
EMP-58546,Software Engineer,Engineering,-2.0,Level-2 (Medium),86119.57097383439
EMP-16824,UNKNOWN,Engineering,5.0,Level-3 (High),133214.4043077571
EMP-62113,Project Manager,Engineering,8.0,Level-2 (Medium),32792.53288604007
EMP-53768,Software Engineer,Marketing,3.0,Level-2 (Medium),55379.7758498851
EMP-49714,Data Analyst,Engineering,1.0,Level-2 (Medium),155456.0659132732
EMP-99771,Project Manager,Marketing,5.0,Level-2 (Medium),45106.196682976006
EMP-74231,Software Engineer,Finance,35.0,Level-2 (Medium),78093.45861343449
EMP-55405,Data Analyst,Engineering,5.0,Level-2 (Medium),149551.04980603827
EMP-74198,SOFTWARE ENGINEER,Human Resources,8.0,Level-2 (Medium),153073.62303507072
EMP-82652,Data Analyst,Engineering,35.0,Level-2 (Medium),70086.08822636286
EMP-99335,data analyst,Engineering,99.0,Level-1 (Low),25144.016130443437
EMP-51247,Data Analyst,Marketing,5.0,Level-2 (Medium),34458.37614013339
EMP-32070,software engineer,Engineering,3.0,Level-1 (Low),110837.30742444601
EMP-20390,data analyst,Finance,5.0,Level-3 (High),42802.333570429044
EMP-87931,Data Analyst,Engineering,1.0,Level-2 (Medium),138595.28335409774
EMP-94957,software engineer,Human Resources,1.0,Level-2 (Medium),93597.10729044743
EMP-13611,Project Manager,Engineering,12.0,Level-2 (Medium),53830.05954185133
EMP-93968,Software Engineer,Engineering,35.0,Level-2 (Medium),176633.76706491347
EMP-42984,Data Analyst,Marketing,3.0,Level-2 (Medium),50061.284064091524
EMP-80055,SOFTWARE ENGINEER,Marketing,,Level-2 (Medium),131781.01494567492
EMP-60324,software engineer,Human Resources,12.0,Level-1 (Low),142510.21732004755
EMP-27140,data analyst,Marketing,1.0,Level-2 (Medium),142244.57145367426
EMP-89397,Project Manager,Finance,8.0,Level-2 (Medium),81237.74599063414
EMP-26647,software engineer,Engineering,3.0,Level-2 (Medium),94350.12302273742
EMP-44993,data analyst,N/A,8.0,Level-2 (Medium),130896.8743554802
EMP-69930,Project Manager,Engineering,5.0,MISSING,166841.49210540025
EMP-49767,Software Engineer,Finance,1.0,Level-1 (Low),136426.16424414617
EMP-27170,data analyst,Finance,12.0,MISSING,172698.3806633153
EMP-88074,data analyst,Finance,8.0,Level-3 (High),164680.0615099188
EMP-16802,software engineer,Human Resources,5.0,Level-2 (Medium),159507.43642533745
EMP-41858,Software Engineer,Marketing,12.0,Level-2 (Medium),169366.02839276756
EMP-74201,  Manager  ,N/A,12.0,Level-3 (High),62467.481460860094
EMP-17562,  Manager  ,Engineering,1.0,Level-3 (High),158992.94368508493
EMP-59407,SOFTWARE ENGINEER,Engineering,5.0,Level-2 (Medium),116001.14869342966
EMP-52544,Software Engineer,Marketing,5.0,Level-3 (High),125459.40882840478
EMP-44360,Software Engineer,Marketing,8.0,Level-3 (High),100384.00383449024
EMP-36781,Project Manager,Engineering,1.0,Level-3 (High),30504.143219801263
EMP-98733,Project Manager,Human Resources,1.0,Level-3 (High),71334.97150837054
EMP-97861,Software Engineer,Engineering,-2.0,Level-2 (Medium),172524.3641405894
EMP-88236,software engineer,Engineering,5.0,Level-2 (Medium),126330.94885424268
EMP-42295,software engineer,Marketing,3.0,Level-3 (High),52689.908318201924
EMP-53939,Project Manager,Finance,8.0,Level-2 (Medium),74234.30471759758
EMP-16320,Software Engineer,Human Resources,3.0,Level-3 (High),119041.82134108503
EMP-30022,software engineer,Marketing,35.0,Level-3 (High),166697.55645099934
EMP-52543,data analyst,Finance,12.0,Level-2 (Medium),92000.10723706183
EMP-58900,Software Engineer,Marketing,1.0,Level-2 (Medium),127325.16400554849
EMP-32758,SOFTWARE ENGINEER,Finance,12.0,Level-3 (High),146578.44100935076
EMP-19590,software engineer,Engineering,35.0,Level-3 (High),44046.52974977994
EMP-63390,Software Engineer,Engineering,3.0,Level-2 (Medium),150784.19692179764
EMP-62921,software engineer,Marketing,5.0,MISSING,59026.80984565562
EMP-23003,data analyst,Engineering,12.0,Level-2 (Medium),42961.25356474744
EMP-21548,Software Engineer,Marketing,3.0,Level-2 (Medium),96373.04959822622
EMP-66690,Software Engineer,Marketing,8.0,MISSING,111598.9182898675
EMP-53531,data analyst,Engineering,5.0,Level-2 (Medium),178300.14205632158
EMP-81471,UNKNOWN,Marketing,5.0,Level-3 (High),28832.07210167365
EMP-36847,Data Analyst,Finance,8.0,Level-2 (Medium),136244.23555958678
EMP-21235,Software Engineer,Engineering,8.0,Level-2 (Medium),73602.13095753427
EMP-11635,Project Manager,Engineering,1.0,Level-3 (High),37404.67388254714
EMP-39263,Project Manager,Engineering,12.0,Level-1 (Low),101923.0794451996
EMP-46410,Project Manager,Marketing,12.0,Level-2 (Medium),78317.3017641626
EMP-33404,Data Analyst,Engineering,1.0,Level-3 (High),76459.24416923281
EMP-92332,UNKNOWN,Engineering,35.0,Level-1 (Low),164536.83123035764
EMP-92892,software engineer,Engineering,5.0,Level-3 (High),76851.09292434649
EMP-81020,  Manager  ,Marketing,35.0,Level-2 (Medium),105890.16674402473
EMP-28725,software engineer,Engineering,3.0,Level-1 (Low),71855.03266898642
EMP-36737,Data Analyst,Marketing,5.0,Level-1 (Low),101787.07231912792
EMP-25912,Software Engineer,Engineering,12.0,Level-2 (Medium),160199.83325219277
EMP-29818,Software Engineer,Finance,5.0,Level-1 (Low),82095.99338689177
EMP-52736,SOFTWARE ENGINEER,Finance,3.0,Level-1 (Low),60679.66171016373
EMP-41502,software engineer,Engineering,35.0,Level-1 (Low),61997.875305395435
EMP-50976,Software Engineer,Engineering,5.0,Level-1 (Low),124573.75166727441
EMP-87565,SOFTWARE ENGINEER,Marketing,12.0,Level-2 (Medium),141234.65029174974
EMP-99721,Project Manager,Finance,1.0,Level-3 (High),59335.09237397381
EMP-17842,software engineer,Engineering,35.0,Level-1 (Low),40705.55437615988
EMP-15730,Data Analyst,Marketing,1.0,Level-2 (Medium),169451.3910099359
EMP-38247,software engineer,Finance,8.0,Level-2 (Medium),118322.23626959982
EMP-23490,software engineer,Engineering,35.0,Level-1 (Low),73516.5020225452
EMP-94882,SOFTWARE ENGINEER,Finance,3.0,Level-2 (Medium),62919.089429832944
EMP-79040,Data Analyst,Marketing,3.0,Level-1 (Low),133587.07097153977
EMP-49465,software engineer,Marketing,12.0,Level-1 (Low),101424.12187757296
EMP-32788,SOFTWARE ENGINEER,Engineering,35.0,Level-2 (Medium),144463.43319539833
EMP-64617,Project Manager,Human Resources,5.0,MISSING,172015.6270667413
EMP-18621,  Manager  ,Finance,5.0,Level-2 (Medium),54290.90664173824
EMP-43707,software engineer,Finance,99.0,Level-2 (Medium),112557.79470469206
EMP-81319,software engineer,Engineering,12.0,Level-1 (Low),87399.28214073338
EMP-19615,software engineer,Marketing,35.0,MISSING,139922.73694723187
EMP-31347,SOFTWARE ENGINEER,Engineering,5.0,Level-3 (High),138114.16168752214
EMP-74182,Data Analyst,Marketing,8.0,Level-2 (Medium),79318.29944732801
EMP-12564,Software Engineer,Finance,12.0,Level-2 (Medium),168459.9456098882
EMP-48811,Software Engineer,Engineering,3.0,Level-2 (Medium),38318.67510600668
EMP-21971,software engineer,Marketing,1.0,Level-3 (High),50535.97872257793
EMP-43170,  Manager  ,Engineering,1.0,MISSING,163778.07979844764
EMP-43839,UNKNOWN,Finance,12.0,Level-3 (High),101246.20232397973
EMP-72388,SOFTWARE ENGINEER,Marketing,8.0,Level-2 (Medium),95729.70492200543
EMP-77469,SOFTWARE ENGINEER,Human Resources,3.0,Level-2 (Medium),70114.89995559744
EMP-31241,Software Engineer,Engineering,35.0,Level-3 (High),137099.4012219981
EMP-26991,Software Engineer,Engineering,12.0,Level-3 (High),77160.4733774915
EMP-42803,software engineer,Finance,8.0,Level-1 (Low),53805.71488517773
EMP-54219,  Manager  ,Engineering,3.0,Level-1 (Low),26643.40149267556
EMP-59551,Software Engineer,Finance,3.0,Level-3 (High),66966.5154292605
EMP-51803,data analyst,Engineering,5.0,Level-1 (Low),109636.63365032025
EMP-40758,software engineer,N/A,3.0,Level-3 (High),77233.3234686218
EMP-36678,Data Analyst,Engineering,5.0,Level-2 (Medium),98872.12738896304
EMP-13234,Data Analyst,Marketing,3.0,Level-1 (Low),119270.05641233116
EMP-64294,Software Engineer,Marketing,5.0,MISSING,173339.73230580718
EMP-91372,UNKNOWN,Marketing,5.0,Level-3 (High),35556.5882077912
EMP-28669,data analyst,Human Resources,5.0,Level-2 (Medium),87069.7967509125
EMP-15931,software engineer,Marketing,3.0,Level-2 (Medium),122840.74305774849
EMP-44928,software engineer,Engineering,,Level-1 (Low),153827.17701529022
EMP-48558,SOFTWARE ENGINEER,Engineering,8.0,Level-3 (High),181536.51854973144
EMP-37096,data analyst,Marketing,3.0,Level-2 (Medium),56025.27588411032
EMP-87447,Data Analyst,Engineering,8.0,Level-2 (Medium),67863.66177364496
EMP-77352,  Manager  ,Marketing,12.0,Level-3 (High),113502.96818491413
EMP-82883,Project Manager,Finance,-2.0,MISSING,141630.98483706513
EMP-94323,Data Analyst,Engineering,3.0,Level-2 (Medium),75763.13697788067
EMP-28159,Software Engineer,Marketing,3.0,Level-3 (High),70968.29097368635
EMP-27492,Software Engineer,Engineering,35.0,Level-2 (Medium),47835.1917201576
EMP-37933,Software Engineer,Engineering,12.0,Level-1 (Low),150300.19970293003
EMP-49405,Project Manager,Engineering,12.0,Level-2 (Medium),95180.41862601628
EMP-84469,Project Manager,Finance,12.0,Level-3 (High),143871.16952802683
EMP-31721,SOFTWARE ENGINEER,Marketing,12.0,Level-1 (Low),172951.10135047312
EMP-34443,Software Engineer,Engineering,3.0,Level-2 (Medium),96142.63088208938
EMP-49022,,Marketing,35.0,Level-2 (Medium),
EMP-69323,  Manager  ,Engineering,35.0,Level-2 (Medium),46120.46446766403
EMP-46874,Data Analyst,Marketing,35.0,MISSING,87612.59697878813
EMP-29602,Software Engineer,Human Resources,1.0,Level-3 (High),52311.57730421478
EMP-49854,UNKNOWN,Human Resources,1.0,Level-2 (Medium),56169.37521347113
EMP-88774,Data Analyst,Finance,8.0,Level-3 (High),88762.90827348726
EMP-22093,,Finance,1.0,Level-2 (Medium),
EMP-98971,software engineer,Human Resources,3.0,Level-2 (Medium),93527.33778572254
EMP-57292,Software Engineer,Engineering,3.0,Level-1 (Low),51620.1383608764
EMP-10098,Project Manager,Marketing,1.0,Level-2 (Medium),148607.07708998764
EMP-71498,Software Engineer,Finance,1.0,Level-2 (Medium),81837.13294739947
EMP-81397,software engineer,Marketing,5.0,Level-2 (Medium),173753.5477802826
EMP-84264,software engineer,Engineering,3.0,Level-2 (Medium),25394.397255277923
EMP-43313,data analyst,Engineering,5.0,Level-1 (Low),61615.92723885869
EMP-50902,Data Analyst,Human Resources,8.0,Level-3 (High),140277.21477145224
EMP-42005,UNKNOWN,Marketing,8.0,Level-2 (Medium),71876.27484236042
EMP-49972,  Manager  ,Marketing,,Level-3 (High),149308.3800930959
EMP-16172,software engineer,Human Resources,12.0,Level-1 (Low),160501.59328226393
EMP-37602,Software Engineer,Finance,3.0,Level-3 (High),124977.87900497289
EMP-35009,software engineer,Finance,5.0,Level-3 (High),78445.55330483575
EMP-77921,Data Analyst,Finance,5.0,Level-2 (Medium),129470.24023291234
EMP-69810,Data Analyst,Engineering,5.0,Level-2 (Medium),78710.66982665556
EMP-19555,software engineer,Engineering,1.0,Level-3 (High),99536.74875827564
EMP-22249,software engineer,Engineering,35.0,Level-2 (Medium),181291.95119218095
EMP-15288,software engineer,Finance,1.0,Level-2 (Medium),87640.6553601615
EMP-39236,data analyst,N/A,1.0,Level-2 (Medium),171367.33402111472
EMP-74560,Software Engineer,Engineering,1.0,Level-3 (High),182359.7827777899
EMP-58899,UNKNOWN,Marketing,12.0,Level-1 (Low),181452.6337547292
EMP-86998,Data Analyst,Human Resources,3.0,Level-1 (Low),124639.20365199064
EMP-49567,UNKNOWN,Engineering,5.0,Level-2 (Medium),115136.31271941039
EMP-90635,Project Manager,Engineering,3.0,Level-2 (Medium),96642.79728386106
EMP-87075,Data Analyst,Finance,5.0,Level-3 (High),120674.86949388652
EMP-89335,SOFTWARE ENGINEER,Engineering,12.0,Level-2 (Medium),65637.73139397932
EMP-22991,data analyst,Marketing,12.0,Level-2 (Medium),93701.48756645058
EMP-43056,SOFTWARE ENGINEER,Finance,5.0,Level-3 (High),73647.92044494662
EMP-64104,Data Analyst,Marketing,,MISSING,112538.83478000193
EMP-12952,software engineer,Engineering,8.0,Level-1 (Low),116165.68346595866
EMP-92133,Software Engineer,Human Resources,5.0,Level-1 (Low),101716.9253342612
EMP-44678,  Manager  ,Human Resources,3.0,Level-3 (High),93226.27191110575
EMP-87821,software engineer,Marketing,3.0,Level-1 (Low),76981.98699197287
EMP-37461,Software Engineer,Human Resources,-2.0,Level-2 (Medium),152644.11646064365
EMP-84526,SOFTWARE ENGINEER,Human Resources,1.0,Level-3 (High),101163.44321091006
EMP-95807,Data Analyst,Finance,8.0,Level-2 (Medium),31036.972744591403
EMP-37602,Project Manager,Engineering,8.0,Level-2 (Medium),106052.4768213822
EMP-88726,Data Analyst,Marketing,3.0,Level-1 (Low),158105.17169341465
EMP-23176,UNKNOWN,Engineering,1.0,Level-2 (Medium),30432.878076327423
EMP-82655,Software Engineer,Engineering,5.0,Level-2 (Medium),28536.682034634105
EMP-89063,software engineer,Engineering,5.0,Level-1 (Low),78082.95458037179
EMP-18922,data analyst,Engineering,3.0,Level-2 (Medium),79261.31797393934
EMP-51429,SOFTWARE ENGINEER,Engineering,35.0,Level-2 (Medium),151193.3004532588
EMP-60789,software engineer,Engineering,12.0,Level-1 (Low),174070.29201865694
EMP-54446,data analyst,Marketing,3.0,Level-2 (Medium),94957.44282355344
EMP-63186,Software Engineer,Engineering,8.0,Level-2 (Medium),37155.816675146125
EMP-67637,software engineer,Finance,1.0,Level-1 (Low),74856.16547810516
EMP-62273,Software Engineer,Finance,5.0,Level-3 (High),101861.5329753525
EMP-82137,software engineer,N/A,12.0,Level-3 (High),97021.357412603
EMP-51270,software engineer,Engineering,3.0,Level-2 (Medium),80907.76654137029
EMP-25599,Software Engineer,Engineering,1.0,Level-3 (High),176144.60316138362
EMP-16651,software engineer,Marketing,8.0,Level-2 (Medium),149336.2658322943
EMP-12392,SOFTWARE ENGINEER,Engineering,35.0,Level-2 (Medium),62707.42766607178
EMP-79470,software engineer,Human Resources,,Level-3 (High),168419.07553138043
EMP-23055,data analyst,Engineering,12.0,Level-2 (Medium),102763.56780052236
EMP-68662,Data Analyst,Engineering,8.0,Level-3 (High),169647.59501718337
EMP-68967,Data Analyst,Marketing,35.0,Level-3 (High),156555.1221790661
EMP-22558,Data Analyst,Human Resources,1.0,Level-1 (Low),53136.50471932009
EMP-67221,,Engineering,12.0,Level-3 (High),
EMP-28049,Software Engineer,Engineering,1.0,Level-1 (Low),160467.83411436528
EMP-75420,Data Analyst,Engineering,3.0,Level-2 (Medium),86608.39194110347
EMP-17048,  Manager  ,Engineering,8.0,Level-2 (Medium),148341.3250213507
EMP-90371,Project Manager,Marketing,12.0,Level-2 (Medium),170522.03123830867
EMP-71918,data analyst,Finance,8.0,Level-1 (Low),102031.5349919949
EMP-23679,Project Manager,Finance,3.0,Level-1 (Low),90519.8657036306
EMP-63140,Software Engineer,Marketing,5.0,Level-2 (Medium),143614.21466703917
EMP-52829,data analyst,Engineering,5.0,Level-2 (Medium),38839.53128056855
EMP-32415,data analyst,Finance,8.0,Level-1 (Low),128151.19530936803
EMP-54569,Data Analyst,Marketing,8.0,MISSING,64576.23312098016
EMP-56754,SOFTWARE ENGINEER,N/A,12.0,Level-2 (Medium),146097.907112105
EMP-72477,Software Engineer,Human Resources,,Level-2 (Medium),58104.28428501089
EMP-56963,UNKNOWN,Finance,12.0,Level-2 (Medium),171981.47177154967
EMP-86164,Project Manager,Finance,3.0,Level-1 (Low),83768.49582740713
EMP-39705,Project Manager,Human Resources,8.0,Level-2 (Medium),31335.3563528398
EMP-89374,,Finance,35.0,Level-3 (High),
EMP-16976,data analyst,Engineering,3.0,Level-2 (Medium),65322.119382414974
EMP-58614,software engineer,Human Resources,,Level-2 (Medium),153866.30715328312
EMP-97648,Data Analyst,Marketing,5.0,Level-1 (Low),153264.6370122725
EMP-29767,software engineer,Finance,5.0,Level-2 (Medium),59710.36683887984
EMP-76728,Software Engineer,Engineering,5.0,Level-1 (Low),145099.96928257946
EMP-32984,Data Analyst,Finance,8.0,Level-3 (High),104094.11829916466
EMP-24305,Data Analyst,Marketing,,Level-2 (Medium),133473.1532774472
EMP-27151,Software Engineer,Engineering,5.0,Level-3 (High),35128.36174587264
EMP-41500,Software Engineer,Engineering,3.0,Level-3 (High),125673.86941887937
EMP-91242,Software Engineer,Engineering,3.0,Level-1 (Low),155985.85329472757
EMP-92224,Software Engineer,Engineering,1.0,Level-3 (High),141014.86149448634
EMP-42061,,Human Resources,1.0,Level-3 (High),
EMP-51479,software engineer,Engineering,3.0,Level-1 (Low),60756.99501989289
EMP-91138,software engineer,Engineering,8.0,Level-2 (Medium),109597.90396890529
EMP-43695,Software Engineer,Marketing,5.0,Level-3 (High),152124.37964853007
EMP-71605,Project Manager,Finance,3.0,Level-1 (Low),156579.7937568348
EMP-97680,data analyst,Finance,12.0,Level-1 (Low),116776.69479029367
EMP-44138,  Manager  ,Engineering,3.0,Level-3 (High),173115.53020952956
EMP-73123,software engineer,Engineering,,Level-2 (Medium),146695.29928617988
EMP-63562,Software Engineer,Engineering,5.0,Level-1 (Low),184234.7670812453
EMP-83812,Project Manager,Finance,35.0,Level-1 (Low),183509.28433236742
EMP-91500,Software Engineer,Human Resources,3.0,Level-1 (Low),88298.75876272096
EMP-42917,UNKNOWN,N/A,1.0,MISSING,98235.20003062903
EMP-89858,,Finance,12.0,Level-2 (Medium),
EMP-69948,software engineer,Engineering,3.0,Level-2 (Medium),144805.8811750224
EMP-65191,Data Analyst,N/A,1.0,Level-2 (Medium),164093.5033965881
EMP-91086,UNKNOWN,Marketing,5.0,Level-2 (Medium),67093.55182065217
EMP-15014,Data Analyst,Human Resources,35.0,Level-2 (Medium),94410.68936558992
EMP-50886,Software Engineer,Marketing,1.0,Level-1 (Low),149016.5471341465
EMP-78820,data analyst,Finance,5.0,Level-2 (Medium),83136.41143473522
EMP-54453,,Human Resources,5.0,Level-2 (Medium),
EMP-72949,,N/A,5.0,Level-2 (Medium),
EMP-88042,  Manager  ,Engineering,1.0,Level-3 (High),152598.7671245811
EMP-59018,software engineer,Engineering,5.0,Level-1 (Low),157551.84370251955
EMP-30190,UNKNOWN,Engineering,5.0,Level-2 (Medium),74444.03160706384
EMP-48198,SOFTWARE ENGINEER,N/A,12.0,Level-1 (Low),72777.4444414271
EMP-10402,software engineer,Finance,5.0,Level-2 (Medium),56714.20352334282
EMP-82329,  Manager  ,Engineering,1.0,Level-1 (Low),73422.28076678271
EMP-62658,Software Engineer,Engineering,1.0,Level-2 (Medium),183022.88894866276
EMP-56046,Data Analyst,Engineering,5.0,Level-3 (High),77452.26810273158
EMP-93344,Data Analyst,Human Resources,8.0,Level-1 (Low),91535.5045750725
EMP-68539,data analyst,Engineering,8.0,Level-3 (High),82362.28555072397
EMP-96553,,Engineering,8.0,MISSING,
EMP-73397,SOFTWARE ENGINEER,Engineering,3.0,Level-1 (Low),32119.894969084387
EMP-68634,Software Engineer,Engineering,,Level-2 (Medium),116587.9674711325
EMP-16365,Software Engineer,Engineering,8.0,Level-1 (Low),157672.1652520263
EMP-39358,Project Manager,Human Resources,5.0,Level-3 (High),68088.69516198958
EMP-46349,software engineer,Engineering,-2.0,Level-3 (High),115461.88511467124
EMP-40458,Software Engineer,Engineering,3.0,Level-2 (Medium),162997.7805100605
EMP-22266,Software Engineer,N/A,8.0,Level-2 (Medium),30052.53708348599
EMP-23370,software engineer,Finance,1.0,Level-1 (Low),131046.57562248135
EMP-73582,SOFTWARE ENGINEER,Marketing,5.0,Level-2 (Medium),74104.95934790638
EMP-83697,software engineer,Marketing,5.0,Level-2 (Medium),176076.04238318017
EMP-96691,data analyst,Engineering,35.0,Level-3 (High),77031.10526123678
EMP-85963,Project Manager,Human Resources,8.0,Level-1 (Low),118608.45024192827
EMP-16507,Data Analyst,Marketing,3.0,Level-2 (Medium),161450.68066353802
EMP-77155,Data Analyst,Marketing,8.0,Level-2 (Medium),163495.36807565697
EMP-93889,Data Analyst,Human Resources,35.0,Level-1 (Low),154142.64111798926
EMP-39103,Data Analyst,Finance,5.0,Level-1 (Low),60595.75162070955
EMP-13897,SOFTWARE ENGINEER,Human Resources,99.0,Level-1 (Low),153784.83273878478
EMP-16386,Software Engineer,Engineering,8.0,Level-3 (High),164021.96438475748
EMP-81363,data analyst,Engineering,5.0,Level-3 (High),54322.60508359462
EMP-75480,software engineer,Human Resources,12.0,Level-2 (Medium),141222.50385319983
EMP-66280,Data Analyst,Marketing,1.0,Level-3 (High),162971.36730820447
EMP-45230,Project Manager,Finance,1.0,Level-2 (Medium),107385.78910678915
EMP-42878,software engineer,Finance,1.0,Level-2 (Medium),59717.37263876118
EMP-18540,SOFTWARE ENGINEER,Engineering,35.0,Level-3 (High),42452.08193264366
EMP-15733,Data Analyst,N/A,5.0,Level-2 (Medium),124911.81963866009
EMP-33282,data analyst,Human Resources,12.0,Level-3 (High),72118.84331492003
EMP-92999,Data Analyst,Human Resources,3.0,Level-1 (Low),70702.17265811031
EMP-72382,Software Engineer,Engineering,5.0,Level-2 (Medium),153587.2628775483
EMP-96337,Data Analyst,Marketing,1.0,Level-3 (High),123423.3824361904
EMP-73024,,Marketing,35.0,Level-1 (Low),
EMP-72365,data analyst,Marketing,5.0,Level-2 (Medium),107091.29115535221
EMP-48626,software engineer,N/A,99.0,Level-2 (Medium),88446.48996169172
EMP-92857,Data Analyst,Engineering,3.0,Level-1 (Low),96039.73340908416
EMP-55984,Project Manager,Marketing,5.0,Level-3 (High),115017.5859189877
EMP-11010,Software Engineer,Finance,35.0,Level-1 (Low),88951.69493998477
EMP-96607,data analyst,Marketing,12.0,MISSING,43526.36736519106
EMP-75263,software engineer,Finance,5.0,Level-2 (Medium),48599.35600980338
EMP-55292,Project Manager,Engineering,3.0,Level-1 (Low),55161.08381941786
EMP-20665,Project Manager,Engineering,99.0,MISSING,42112.137917845175
EMP-54762,Software Engineer,N/A,5.0,MISSING,26439.15554686279
EMP-42527,Data Analyst,Engineering,,Level-3 (High),119106.90025644137
EMP-49057,Software Engineer,Marketing,,Level-3 (High),154569.68496246578
EMP-88899,Project Manager,Finance,3.0,Level-2 (Medium),36714.91822036433
EMP-31918,Software Engineer,Marketing,12.0,Level-1 (Low),44042.06714338063
EMP-83065,Data Analyst,N/A,1.0,Level-2 (Medium),141832.94568493683
EMP-61500,Software Engineer,Human Resources,3.0,Level-2 (Medium),32420.3327580026
EMP-59849,Data Analyst,Human Resources,5.0,Level-1 (Low),114376.91179226308
EMP-45563,Software Engineer,Finance,8.0,Level-3 (High),144781.9952412316
EMP-68368,Software Engineer,Engineering,5.0,Level-1 (Low),88618.2052048054
EMP-42645,Data Analyst,Engineering,8.0,Level-2 (Medium),112162.21888446312
EMP-33439,Data Analyst,N/A,3.0,Level-1 (Low),134641.36848422117
EMP-69408,Project Manager,Marketing,3.0,Level-2 (Medium),30810.99612086433
EMP-51009,Project Manager,Human Resources,5.0,Level-2 (Medium),72582.36798038219
EMP-97250,Software Engineer,Engineering,3.0,Level-2 (Medium),170143.8461669175
EMP-47768,Project Manager,Engineering,8.0,Level-2 (Medium),42425.330324074224
EMP-62660,software engineer,Marketing,5.0,Level-1 (Low),137577.29040741298
EMP-66168,,Engineering,3.0,Level-3 (High),
EMP-67596,software engineer,Marketing,,Level-3 (High),64810.84431889468
EMP-95870,Project Manager,Human Resources,,Level-3 (High),87520.11196914961
EMP-34203,software engineer,Marketing,5.0,Level-3 (High),117461.58679739787
EMP-67528,Data Analyst,Engineering,5.0,Level-1 (Low),65559.96418855771
EMP-88059,  Manager  ,Marketing,5.0,Level-3 (High),51508.087858557265
EMP-31483,Software Engineer,Engineering,3.0,Level-2 (Medium),152535.835495164
EMP-16682,software engineer,Finance,3.0,Level-3 (High),81210.0436203666
EMP-39408,SOFTWARE ENGINEER,Human Resources,5.0,Level-2 (Medium),80132.93433076708
EMP-80102,SOFTWARE ENGINEER,Engineering,,Level-3 (High),54815.67433071912
EMP-62160,Software Engineer,Finance,,Level-3 (High),140020.0963251015
EMP-45241,software engineer,Marketing,3.0,Level-2 (Medium),44318.48280205665
EMP-19043,software engineer,Human Resources,5.0,Level-2 (Medium),112061.31484581441
EMP-35498,Project Manager,Human Resources,1.0,Level-2 (Medium),181717.41499876376
EMP-39645,data analyst,N/A,3.0,Level-2 (Medium),25235.66596451536
EMP-55300,SOFTWARE ENGINEER,Finance,1.0,Level-2 (Medium),66370.1326385121
EMP-76644,data analyst,Finance,3.0,Level-2 (Medium),140086.54967547016
EMP-89547,software engineer,Engineering,,Level-1 (Low),181965.55536595717
EMP-70816,software engineer,Marketing,,Level-2 (Medium),118558.96979730813
EMP-12103,  Manager  ,Engineering,12.0,Level-1 (Low),184627.44669689427
EMP-50649,SOFTWARE ENGINEER,Marketing,99.0,Level-3 (High),54014.832206558815
EMP-56073,Software Engineer,Engineering,5.0,Level-2 (Medium),159394.6537331724
EMP-27669,Software Engineer,Marketing,5.0,Level-2 (Medium),166545.09115718264
EMP-23483,data analyst,Finance,35.0,Level-3 (High),51073.569391738754
EMP-39880,data analyst,Human Resources,3.0,Level-2 (Medium),104817.5059699951
EMP-67262,Software Engineer,Finance,5.0,Level-2 (Medium),60173.445489898186
EMP-47433,software engineer,Engineering,1.0,Level-3 (High),127479.10658218556
EMP-77060,Software Engineer,Finance,3.0,Level-2 (Medium),153137.4111625944
EMP-82016,software engineer,Engineering,8.0,Level-2 (Medium),76292.54056206491
EMP-57408,Data Analyst,Engineering,3.0,Level-2 (Medium),49036.13410965583
EMP-53183,Software Engineer,Human Resources,,Level-2 (Medium),144960.03818619237
EMP-67098,data analyst,Human Resources,3.0,Level-3 (High),47990.301273800906
EMP-73313,software engineer,Finance,12.0,Level-2 (Medium),56849.660672268044
EMP-24420,Software Engineer,Finance,8.0,Level-2 (Medium),47085.39050679134
EMP-17708,Software Engineer,Human Resources,35.0,Level-2 (Medium),154212.65381745785
EMP-96865,Software Engineer,Marketing,3.0,Level-1 (Low),139308.99315789103
EMP-61617,data analyst,Engineering,1.0,Level-1 (Low),82094.31930948632
EMP-73585,SOFTWARE ENGINEER,Finance,35.0,Level-1 (Low),89830.19272731594
EMP-61960,Project Manager,Human Resources,1.0,Level-2 (Medium),114318.17724823057
EMP-47575,  Manager  ,N/A,1.0,Level-2 (Medium),78358.8928293787
EMP-13701,data analyst,Finance,1.0,Level-1 (Low),80649.26866778849
EMP-10958,data analyst,Finance,3.0,Level-1 (Low),156016.9644632757
EMP-33737,Project Manager,Engineering,8.0,Level-3 (High),155817.57602561938
EMP-17695,Software Engineer,Human Resources,3.0,Level-2 (Medium),88860.67928045042
EMP-87467,Software Engineer,Human Resources,8.0,Level-1 (Low),97963.33064947772
EMP-97856,SOFTWARE ENGINEER,Engineering,1.0,Level-3 (High),71466.34499116577
EMP-30084,Data Analyst,Human Resources,8.0,Level-2 (Medium),32867.51458175498
EMP-36562,software engineer,Finance,35.0,Level-1 (Low),103332.33813356381
EMP-16341,Software Engineer,Engineering,3.0,Level-1 (Low),85242.57906877215
EMP-39595,Software Engineer,Engineering,12.0,Level-3 (High),27121.655642489648
EMP-26084,SOFTWARE ENGINEER,Engineering,3.0,Level-2 (Medium),102923.08911663105
EMP-38598,Data Analyst,Marketing,3.0,Level-3 (High),88586.44218950234
EMP-10524,UNKNOWN,Finance,5.0,Level-3 (High),128371.20216179048
EMP-75909,data analyst,Engineering,35.0,Level-2 (Medium),94506.78995037643
EMP-91372,Data Analyst,Finance,5.0,Level-2 (Medium),90139.99805588838
EMP-48480,  Manager  ,Engineering,12.0,Level-2 (Medium),155756.37606018054
EMP-30336,Data Analyst,Marketing,5.0,Level-2 (Medium),154044.34269895952
EMP-34979,  Manager  ,N/A,1.0,Level-3 (High),132297.79528352246
EMP-17782,software engineer,Finance,3.0,Level-2 (Medium),162866.06270392146
EMP-67563,Data Analyst,Finance,8.0,Level-1 (Low),67940.70806167935
EMP-47860,  Manager  ,Human Resources,12.0,Level-2 (Medium),167045.39618257812
EMP-66536,software engineer,Marketing,1.0,Level-1 (Low),80312.51316662249
EMP-66173,SOFTWARE ENGINEER,Marketing,5.0,Level-2 (Medium),105418.34732602835
EMP-22895,Data Analyst,Engineering,3.0,Level-2 (Medium),58152.96587948998
EMP-51694,Software Engineer,Engineering,,Level-2 (Medium),82484.34132993926
EMP-70438,software engineer,Human Resources,1.0,Level-3 (High),120995.17661015838
EMP-92533,Data Analyst,Marketing,12.0,Level-1 (Low),65492.85326687558
EMP-99354,software engineer,Human Resources,5.0,Level-2 (Medium),75610.13681575548
EMP-65011,UNKNOWN,Engineering,1.0,Level-1 (Low),150712.87831222318
EMP-82536,Software Engineer,Human Resources,12.0,Level-1 (Low),129768.9281684165
EMP-25343,Software Engineer,Engineering,8.0,Level-2 (Medium),168821.71648028903
EMP-72578,software engineer,Finance,99.0,Level-3 (High),156544.43509092074
EMP-97182,SOFTWARE ENGINEER,Engineering,8.0,Level-1 (Low),43581.29531282939
EMP-22699,Data Analyst,Finance,1.0,Level-2 (Medium),55885.16494576879
EMP-64242,Software Engineer,Engineering,1.0,Level-1 (Low),183675.13210846056
EMP-95287,Software Engineer,Marketing,1.0,Level-2 (Medium),74567.41313913651
EMP-87247,Software Engineer,Finance,99.0,Level-2 (Medium),145084.4278969596
EMP-12248,SOFTWARE ENGINEER,Finance,3.0,Level-2 (Medium),163847.24022222406
EMP-43151,software engineer,Marketing,5.0,Level-2 (Medium),98825.01107133359
EMP-49615,Software Engineer,Finance,12.0,Level-2 (Medium),135443.1166923126
EMP-11644,Data Analyst,Marketing,1.0,Level-1 (Low),37340.688719734506
EMP-32762,software engineer,Engineering,99.0,Level-3 (High),93765.94849537712
EMP-41219,,Engineering,-2.0,Level-3 (High),
EMP-52208,Software Engineer,Marketing,3.0,Level-1 (Low),64936.94939943351
EMP-60989,software engineer,Marketing,35.0,Level-2 (Medium),114143.06977657617
EMP-31349,software engineer,Marketing,12.0,Level-2 (Medium),128116.7104685765
EMP-70542,SOFTWARE ENGINEER,N/A,5.0,Level-2 (Medium),99687.48926189009
EMP-71574,  Manager  ,Finance,1.0,Level-1 (Low),171062.18437669362
EMP-63867,Software Engineer,Engineering,8.0,Level-2 (Medium),57991.970632396726
EMP-41348,Data Analyst,Human Resources,3.0,Level-2 (Medium),127926.88261060267
EMP-76119,,Finance,3.0,Level-2 (Medium),
EMP-70126,software engineer,Engineering,5.0,Level-1 (Low),137296.29723888036
EMP-83920,software engineer,Engineering,8.0,Level-2 (Medium),61257.826350376556
EMP-88503,Project Manager,Engineering,12.0,Level-1 (Low),164708.69570310035
EMP-79348,,Finance,,Level-2 (Medium),
EMP-34622,Software Engineer,Finance,8.0,Level-3 (High),122787.09521036806
EMP-32652,Data Analyst,Human Resources,1.0,Level-2 (Medium),115329.20131105515
EMP-39426,software engineer,Engineering,8.0,Level-1 (Low),40336.35464833262
EMP-87521,software engineer,Engineering,35.0,Level-2 (Medium),159394.56921583734
EMP-39849,Data Analyst,Marketing,12.0,Level-2 (Medium),74336.77580062221
EMP-27112,UNKNOWN,Finance,3.0,Level-3 (High),64972.29438857019
EMP-62396,,Engineering,8.0,Level-3 (High),
EMP-56126,Data Analyst,Engineering,5.0,Level-3 (High),146409.46516540003
EMP-88779,software engineer,Engineering,5.0,MISSING,175078.32580078405
EMP-89236,UNKNOWN,Engineering,5.0,Level-3 (High),178800.4142107064
EMP-87017,Data Analyst,Marketing,3.0,Level-3 (High),36728.9235245314
EMP-15485,software engineer,Finance,3.0,Level-2 (Medium),169786.6534780117
EMP-34101,Project Manager,Engineering,1.0,MISSING,140577.7988423052
EMP-73929,UNKNOWN,Finance,8.0,Level-2 (Medium),31181.270875243623
EMP-32109,Software Engineer,Human Resources,,Level-2 (Medium),86609.9610183448
EMP-60497,Software Engineer,Engineering,3.0,Level-1 (Low),70734.98355456028
EMP-99322,Project Manager,Human Resources,8.0,Level-3 (High),147206.22298918958
EMP-18321,Software Engineer,Finance,3.0,Level-3 (High),60192.9570433607
EMP-76381,data analyst,Finance,3.0,Level-2 (Medium),165228.62275163402
EMP-30409,software engineer,Engineering,35.0,Level-2 (Medium),148948.05213409232
EMP-87237,Data Analyst,Marketing,1.0,Level-1 (Low),157261.34161999956
EMP-56404,  Manager  ,Finance,1.0,Level-2 (Medium),53225.04150583166
EMP-61277,Project Manager,Engineering,8.0,Level-2 (Medium),175068.52724863417
EMP-56733,data analyst,Engineering,5.0,MISSING,163190.85883414646
EMP-91766,software engineer,Finance,8.0,Level-2 (Medium),31545.30673561247
EMP-43651,  Manager  ,Marketing,1.0,Level-2 (Medium),53242.16161129513
EMP-80174,Software Engineer,Engineering,3.0,Level-3 (High),111538.10676240361
EMP-27238,Project Manager,Marketing,3.0,Level-1 (Low),85182.20318664705
EMP-53055,Project Manager,Finance,35.0,Level-1 (Low),141448.7635780035
EMP-81975,Data Analyst,Marketing,3.0,Level-3 (High),44636.3877374757
EMP-82923,SOFTWARE ENGINEER,Finance,12.0,Level-2 (Medium),120066.53657934349
EMP-83012,Software Engineer,Engineering,5.0,Level-2 (Medium),157262.38253833167
EMP-94417,UNKNOWN,Marketing,,Level-2 (Medium),64351.48639259685
EMP-55258,,Engineering,,Level-2 (Medium),
EMP-38829,Software Engineer,Human Resources,3.0,Level-3 (High),60369.59001856049
EMP-41806,Software Engineer,Engineering,8.0,Level-2 (Medium),109894.36073756297
EMP-34826,Software Engineer,Engineering,1.0,Level-3 (High),110313.9709166124
EMP-82950,SOFTWARE ENGINEER,Engineering,12.0,Level-2 (Medium),133863.3492301072
EMP-86461,software engineer,Engineering,35.0,Level-3 (High),151822.34017873387
EMP-82055,Data Analyst,Engineering,3.0,MISSING,84139.86957109542
EMP-47560,Data Analyst,Engineering,99.0,Level-2 (Medium),44911.97135715453
EMP-36310,software engineer,Engineering,5.0,Level-2 (Medium),175731.7464261623
EMP-75424,data analyst,Human Resources,35.0,Level-3 (High),95325.18959403457
EMP-38772,Project Manager,Finance,8.0,Level-2 (Medium),118723.63213276118
EMP-38875,  Manager  ,Engineering,3.0,Level-2 (Medium),100094.1765312356
EMP-38453,Software Engineer,Engineering,35.0,Level-2 (Medium),34146.2610115283
EMP-40948,data analyst,Engineering,5.0,Level-2 (Medium),51751.211252727764
EMP-47616,Software Engineer,Engineering,12.0,Level-2 (Medium),107696.36620178715
EMP-24791,SOFTWARE ENGINEER,Finance,5.0,Level-3 (High),137324.49817781092
EMP-96989,Software Engineer,Marketing,1.0,Level-1 (Low),182412.86023548877
EMP-39127,SOFTWARE ENGINEER,Marketing,,Level-2 (Medium),76369.27726015446
EMP-98201,Software Engineer,N/A,35.0,Level-2 (Medium),58026.35181908368
EMP-51234,  Manager  ,Finance,5.0,Level-1 (Low),110107.27033129371
EMP-57221,  Manager  ,Engineering,8.0,Level-1 (Low),26148.180301920314
EMP-23139,data analyst,Human Resources,1.0,Level-3 (High),95439.13961437388
EMP-83053,software engineer,Human Resources,8.0,Level-3 (High),42422.863763957605
EMP-33409,UNKNOWN,Marketing,,Level-3 (High),42088.972345531205
EMP-24418,Data Analyst,Finance,8.0,Level-2 (Medium),175214.6867063439
EMP-51065,Project Manager,Engineering,35.0,Level-2 (Medium),35117.96941997641
EMP-21645,data analyst,Human Resources,3.0,Level-3 (High),115915.98884760673
EMP-48646,Data Analyst,Marketing,35.0,Level-2 (Medium),26767.704094459466
EMP-13146,Software Engineer,Human Resources,35.0,Level-2 (Medium),162758.73719265868
EMP-93802,,Engineering,12.0,Level-1 (Low),
EMP-28599,Software Engineer,Human Resources,99.0,Level-3 (High),42380.59888476778
EMP-46416,Software Engineer,Human Resources,3.0,Level-2 (Medium),106793.85371018696
EMP-75410,Project Manager,Human Resources,8.0,Level-1 (Low),173411.77338464695
EMP-84455,software engineer,Finance,3.0,Level-2 (Medium),123088.48491602189
EMP-43657,SOFTWARE ENGINEER,Marketing,8.0,Level-1 (Low),41722.163555869396
EMP-96700,Software Engineer,Engineering,-2.0,Level-1 (Low),48893.018510797556
EMP-92767,Data Analyst,N/A,5.0,Level-3 (High),58972.52506715933
EMP-90561,Data Analyst,Engineering,5.0,Level-3 (High),83177.34531606417
EMP-16534,software engineer,Finance,1.0,Level-1 (Low),132550.80763455585
EMP-22700,,Engineering,8.0,Level-3 (High),
EMP-76892,UNKNOWN,Engineering,5.0,Level-1 (Low),94631.6648004472
EMP-17973,Software Engineer,Engineering,12.0,Level-1 (Low),124738.12263902194
EMP-97313,software engineer,Engineering,1.0,Level-3 (High),181642.73718875198
EMP-21281,Data Analyst,Finance,99.0,Level-3 (High),70025.73821422327
EMP-44563,Software Engineer,Finance,8.0,Level-1 (Low),132367.91349639778
EMP-37568,data analyst,Finance,8.0,Level-2 (Medium),50147.6593118338
EMP-75118,Software Engineer,Engineering,5.0,Level-2 (Medium),109549.80011884414
EMP-20094,software engineer,Human Resources,12.0,Level-1 (Low),163707.6154566217
EMP-96438,SOFTWARE ENGINEER,Human Resources,-2.0,Level-2 (Medium),133821.71679077245
EMP-54396,software engineer,Marketing,3.0,Level-1 (Low),118479.41988225906
EMP-75688,data analyst,Human Resources,,Level-3 (High),114630.31142782958
EMP-86910,Project Manager,Marketing,1.0,Level-2 (Medium),97906.72548097967
EMP-98294,UNKNOWN,Finance,12.0,Level-1 (Low),85851.66923838964
EMP-46724,,Marketing,5.0,Level-2 (Medium),
EMP-14498,data analyst,Finance,5.0,Level-1 (Low),128444.52398951797
EMP-63046,software engineer,Engineering,1.0,Level-3 (High),165792.87428598135
EMP-55378,software engineer,Finance,8.0,Level-1 (Low),70078.37868660953
EMP-75204,Data Analyst,Engineering,3.0,Level-2 (Medium),68945.63014393856
EMP-33940,,Finance,12.0,Level-2 (Medium),
EMP-31145,Software Engineer,Human Resources,99.0,Level-3 (High),28052.053096394757
EMP-95929,SOFTWARE ENGINEER,Engineering,,Level-1 (Low),99833.84372789496
EMP-49317,Project Manager,Human Resources,5.0,Level-1 (Low),174860.982601245
EMP-54939,  Manager  ,Marketing,35.0,Level-2 (Medium),110782.75233047709
EMP-72471,Software Engineer,Engineering,12.0,Level-3 (High),176129.1459568066
EMP-47551,Software Engineer,Marketing,5.0,Level-3 (High),54936.22287120714
EMP-46316,Software Engineer,Human Resources,5.0,Level-2 (Medium),170009.91775699862
EMP-91328,UNKNOWN,Marketing,5.0,Level-3 (High),176252.76646803215
EMP-50492,Software Engineer,Engineering,5.0,Level-3 (High),113239.4442220004
EMP-60198,software engineer,Finance,,Level-2 (Medium),59801.98307720242
EMP-40747,software engineer,N/A,5.0,Level-1 (Low),137907.34052990424
EMP-21297,Project Manager,Engineering,5.0,Level-2 (Medium),110545.32128357547
EMP-60741,Project Manager,Engineering,35.0,Level-3 (High),106407.56480302665
EMP-49071,Data Analyst,N/A,,Level-3 (High),153494.63775056554
EMP-18084,Software Engineer,Finance,,Level-1 (Low),45760.43136018567
EMP-77190,UNKNOWN,N/A,35.0,Level-3 (High),135830.0658093862
EMP-86843,SOFTWARE ENGINEER,Marketing,3.0,Level-1 (Low),130231.54022880684
EMP-62807,software engineer,Marketing,8.0,Level-1 (Low),108068.40083174947
EMP-33706,Project Manager,Engineering,3.0,Level-2 (Medium),125357.55728574008
EMP-34173,UNKNOWN,Human Resources,3.0,Level-2 (Medium),107590.69279299898
EMP-58729,Project Manager,Engineering,8.0,Level-2 (Medium),184335.12173293656
EMP-73930,SOFTWARE ENGINEER,Human Resources,8.0,Level-2 (Medium),149421.36441311124
EMP-17557,Software Engineer,Engineering,,MISSING,119769.14781162383
EMP-90566,Project Manager,Finance,35.0,Level-2 (Medium),138809.77287542343
EMP-90279,Data Analyst,Engineering,5.0,Level-2 (Medium),75303.50856915637
EMP-36123,SOFTWARE ENGINEER,Engineering,1.0,Level-2 (Medium),59602.16207390339
EMP-91486,Data Analyst,Engineering,3.0,Level-2 (Medium),57287.61386268686
EMP-18247,Software Engineer,Engineering,35.0,MISSING,88182.57989172619
EMP-82554,Project Manager,Human Resources,1.0,Level-2 (Medium),161390.80053576932
EMP-80916,software engineer,Engineering,8.0,Level-2 (Medium),89772.17743828829
EMP-51041,Software Engineer,Marketing,5.0,Level-3 (High),52633.0090086025
EMP-57478,software engineer,Engineering,1.0,Level-3 (High),55596.4043121301
EMP-69895,software engineer,Finance,5.0,Level-3 (High),115048.10911587962
EMP-46483,software engineer,Marketing,12.0,Level-1 (Low),159834.29504535487
EMP-65772,SOFTWARE ENGINEER,Engineering,35.0,Level-1 (Low),180912.81568762386
EMP-30479,SOFTWARE ENGINEER,Finance,3.0,Level-2 (Medium),88534.00385876701
EMP-73925,software engineer,Engineering,8.0,MISSING,70045.49762073526
EMP-42079,SOFTWARE ENGINEER,Engineering,-2.0,Level-2 (Medium),109958.19542045165
EMP-58754,Project Manager,Engineering,1.0,Level-1 (Low),94882.73214466039
EMP-79444,data analyst,Marketing,5.0,Level-3 (High),62622.88999207414
EMP-47568,  Manager  ,Engineering,,MISSING,87692.94248181085
EMP-97946,Software Engineer,Engineering,99.0,Level-1 (Low),25316.13364730946
EMP-86629,Software Engineer,Marketing,12.0,MISSING,77658.2422993643
EMP-17605,data analyst,Engineering,3.0,Level-2 (Medium),108459.20358067226
EMP-76118,UNKNOWN,Human Resources,5.0,Level-2 (Medium),162053.86343898563
EMP-86587,  Manager  ,Engineering,3.0,Level-2 (Medium),125704.79057235195
EMP-38793,Software Engineer,Engineering,-2.0,Level-2 (Medium),109050.11423487437
EMP-48054,Software Engineer,Engineering,12.0,Level-1 (Low),151313.27244208247
EMP-35007,Software Engineer,Engineering,8.0,Level-3 (High),33797.10804838194
EMP-70737,Project Manager,Finance,3.0,Level-2 (Medium),121428.95838219288
EMP-21763,Data Analyst,Marketing,3.0,Level-2 (Medium),105804.60533158112
EMP-94281,software engineer,Engineering,,Level-1 (Low),157633.86764578946
EMP-70627,software engineer,Engineering,1.0,Level-2 (Medium),79736.58778043807
EMP-87318,software engineer,Engineering,3.0,MISSING,37321.87219269507
EMP-80296,,Marketing,,Level-2 (Medium),
EMP-12611,SOFTWARE ENGINEER,Human Resources,12.0,Level-2 (Medium),73874.74664344508
EMP-96353,software engineer,N/A,8.0,Level-1 (Low),68249.46626713895
EMP-26333,Software Engineer,Engineering,3.0,Level-1 (Low),173692.01341892808
EMP-98963,SOFTWARE ENGINEER,Engineering,8.0,MISSING,150536.11859541753
EMP-75838,SOFTWARE ENGINEER,Finance,12.0,Level-1 (Low),174902.44473605137
EMP-47683,SOFTWARE ENGINEER,Marketing,35.0,Level-2 (Medium),152282.41473001492
EMP-82939,SOFTWARE ENGINEER,Marketing,8.0,MISSING,175931.700716966
EMP-18365,Project Manager,Marketing,3.0,Level-3 (High),101854.93855619099
EMP-42342,software engineer,Marketing,,Level-1 (Low),133603.76792549677
EMP-47916,software engineer,Marketing,8.0,Level-1 (Low),53841.841572591904
EMP-18316,Software Engineer,Human Resources,,Level-1 (Low),130309.00656834453
EMP-60623,Project Manager,Engineering,5.0,Level-3 (High),35233.298699441315
EMP-84437,Data Analyst,Human Resources,5.0,Level-2 (Medium),119093.82361575167
EMP-57783,software engineer,Marketing,5.0,Level-1 (Low),57814.83527534926
EMP-61465,software engineer,Marketing,8.0,Level-1 (Low),141092.31556800392
EMP-75684,Software Engineer,Finance,5.0,Level-1 (Low),105012.51245934934
EMP-18556,UNKNOWN,Human Resources,1.0,Level-2 (Medium),155978.8764308638
EMP-17167,software engineer,Engineering,35.0,Level-2 (Medium),183098.0351906138
EMP-21609,Software Engineer,Marketing,5.0,Level-2 (Medium),166440.7456195899
EMP-90816,Software Engineer,Engineering,5.0,Level-2 (Medium),67103.4182904879
EMP-14664,Software Engineer,Finance,5.0,Level-2 (Medium),99976.37839663982
EMP-57698,Software Engineer,Engineering,8.0,Level-1 (Low),76328.98799659073
EMP-87079,software engineer,Finance,3.0,Level-2 (Medium),117028.13659175503
EMP-58225,software engineer,Engineering,5.0,MISSING,137617.47210613973
EMP-28949,Software Engineer,Engineering,35.0,Level-2 (Medium),27079.122936151733
EMP-74414,Data Analyst,Finance,3.0,Level-2 (Medium),86004.38911364155
EMP-16167,  Manager  ,Finance,1.0,Level-2 (Medium),91318.35815305641
EMP-51862,Software Engineer,Engineering,8.0,Level-3 (High),81233.77503788083
EMP-98867,Software Engineer,Engineering,3.0,Level-1 (Low),76357.39826732408
EMP-53486,UNKNOWN,Finance,12.0,MISSING,65253.47692514094
EMP-84518,software engineer,Human Resources,1.0,Level-2 (Medium),174259.6148614636
EMP-80323,SOFTWARE ENGINEER,Engineering,,Level-1 (Low),34581.51411954379
EMP-92998,Project Manager,Marketing,12.0,Level-2 (Medium),132343.437700152
EMP-30032,SOFTWARE ENGINEER,Marketing,12.0,Level-3 (High),60241.71713733308
EMP-62002,Software Engineer,Marketing,12.0,Level-2 (Medium),51090.32728008579
EMP-18062,UNKNOWN,Finance,99.0,Level-2 (Medium),117266.72698384554
EMP-97240,data analyst,Marketing,8.0,Level-2 (Medium),140574.9235773653
EMP-56062,SOFTWARE ENGINEER,Human Resources,5.0,Level-2 (Medium),162845.73871795266
EMP-16997,Data Analyst,Finance,,Level-1 (Low),109831.49241471285
EMP-80509,Software Engineer,Engineering,1.0,Level-3 (High),29604.724051203048
EMP-99211,Project Manager,Finance,3.0,Level-2 (Medium),73696.03182287682
EMP-63238,Data Analyst,Marketing,8.0,Level-2 (Medium),70980.10537172572
EMP-74616,SOFTWARE ENGINEER,Marketing,35.0,Level-2 (Medium),120195.79840515013
EMP-32956,Software Engineer,Marketing,5.0,Level-2 (Medium),183764.99344984262
EMP-64784,SOFTWARE ENGINEER,Finance,5.0,Level-1 (Low),93748.75346997437
EMP-69171,Software Engineer,Human Resources,5.0,Level-2 (Medium),116296.50724495336
EMP-91451,Software Engineer,Finance,8.0,Level-1 (Low),83467.41787927091
EMP-90031,Software Engineer,Engineering,5.0,Level-2 (Medium),181101.91064137305
EMP-68485,Project Manager,Engineering,5.0,Level-3 (High),161520.40201856548
EMP-18800,Project Manager,Engineering,3.0,Level-1 (Low),148818.36945975584
EMP-69747,SOFTWARE ENGINEER,Human Resources,8.0,Level-2 (Medium),147416.48048072204
EMP-78188,Software Engineer,Finance,35.0,MISSING,132197.83201690257
EMP-61274,Software Engineer,Engineering,35.0,Level-1 (Low),87164.50645313527
EMP-58581,Data Analyst,Engineering,3.0,Level-2 (Medium),38908.90071909306
EMP-49790,software engineer,Finance,,Level-3 (High),132134.0457381942
EMP-53592,Software Engineer,Marketing,5.0,Level-3 (High),105751.484076322
EMP-84182,software engineer,Human Resources,,Level-3 (High),95095.86686008499
EMP-42420,software engineer,Marketing,12.0,Level-2 (Medium),87642.4024233951
EMP-92678,software engineer,Engineering,35.0,Level-3 (High),137240.96228478305
EMP-26999,software engineer,Engineering,3.0,Level-2 (Medium),104006.06824648676
EMP-67517,Data Analyst,Marketing,8.0,Level-3 (High),91948.20778156992
EMP-94581,Project Manager,Marketing,5.0,Level-2 (Medium),52428.84423074438
EMP-73424,Project Manager,N/A,12.0,Level-3 (High),67364.85945494173
EMP-14387,Data Analyst,Human Resources,5.0,Level-3 (High),179115.34639663174
EMP-41213,data analyst,Marketing,5.0,Level-1 (Low),123708.62172986778
EMP-22145,Software Engineer,Human Resources,3.0,Level-2 (Medium),146832.36282677768
EMP-29104,UNKNOWN,Engineering,12.0,Level-2 (Medium),38537.3145029204
EMP-40430,Data Analyst,Human Resources,3.0,Level-2 (Medium),106382.11769005819
EMP-54553,,Engineering,5.0,Level-1 (Low),
EMP-14042,Software Engineer,Human Resources,12.0,Level-1 (Low),108365.38803354307
EMP-29261,Project Manager,Marketing,3.0,Level-2 (Medium),49203.6811467327
EMP-21711,software engineer,Engineering,1.0,Level-1 (Low),169057.34920615735
EMP-97569,Software Engineer,Marketing,1.0,Level-2 (Medium),81081.25269366437
EMP-31706,Data Analyst,Engineering,3.0,Level-3 (High),64780.19414756259
EMP-21997,Project Manager,Engineering,5.0,Level-3 (High),159927.94634155498
EMP-51804,data analyst,Finance,35.0,Level-2 (Medium),91591.5551058531
EMP-80101,SOFTWARE ENGINEER,Human Resources,1.0,Level-2 (Medium),170280.17064131444
EMP-69215,Data Analyst,Engineering,12.0,Level-2 (Medium),60764.5343728055
EMP-25393,Data Analyst,Human Resources,5.0,Level-3 (High),96333.5986895339
EMP-50822,Software Engineer,Finance,12.0,Level-2 (Medium),142800.35949583777
EMP-25661,SOFTWARE ENGINEER,Engineering,99.0,Level-3 (High),111718.12579699369
EMP-85587,Project Manager,Marketing,3.0,Level-1 (Low),25602.706012837454
EMP-68610,software engineer,Finance,5.0,Level-2 (Medium),99841.26219531825
EMP-68323,Project Manager,Marketing,5.0,Level-2 (Medium),122579.98909146241
EMP-24013,Data Analyst,Engineering,35.0,Level-3 (High),40146.112365078254
EMP-74250,software engineer,Engineering,3.0,Level-1 (Low),42233.04333990162
EMP-11646,software engineer,Engineering,12.0,Level-2 (Medium),117655.32122049392
EMP-26874,Data Analyst,Engineering,3.0,Level-2 (Medium),27751.895793708776
EMP-68286,Software Engineer,Engineering,35.0,Level-3 (High),173561.7401467536
EMP-24892,software engineer,Finance,8.0,Level-3 (High),61563.908675570594
EMP-74185,software engineer,Marketing,12.0,Level-2 (Medium),135100.0575197757
EMP-80205,software engineer,Engineering,1.0,Level-2 (Medium),93416.79074063922
EMP-83849,Project Manager,Human Resources,35.0,Level-1 (Low),107846.34688606161
EMP-55221,Software Engineer,Marketing,12.0,Level-1 (Low),41481.95379570922
EMP-41820,Software Engineer,Engineering,1.0,Level-1 (Low),36733.5746909988
EMP-70903,  Manager  ,Engineering,3.0,Level-2 (Medium),60457.81620495807
EMP-65818,Data Analyst,Marketing,3.0,Level-3 (High),172206.3911020895
EMP-24729,software engineer,Finance,35.0,Level-2 (Medium),48993.30701544551
EMP-86280,data analyst,Marketing,5.0,Level-2 (Medium),56121.2720830118
EMP-66317,Project Manager,Finance,5.0,Level-2 (Medium),150763.56649097544
EMP-41398,Data Analyst,Engineering,3.0,Level-3 (High),164085.73877747968
EMP-98179,Data Analyst,Engineering,8.0,Level-2 (Medium),91377.6746208305
EMP-76700,Data Analyst,Finance,1.0,Level-1 (Low),119771.9456864815
EMP-72504,Software Engineer,N/A,1.0,Level-2 (Medium),73681.2420392959
EMP-68787,Data Analyst,N/A,3.0,MISSING,27310.07036962177
EMP-55768,SOFTWARE ENGINEER,N/A,5.0,Level-2 (Medium),77899.52747164699
EMP-37231,Software Engineer,Engineering,,Level-2 (Medium),164050.26546999294
EMP-50074,  Manager  ,Finance,5.0,Level-2 (Medium),28913.886613938863
EMP-31507,software engineer,Marketing,3.0,Level-1 (Low),177958.70740020284
EMP-36995,SOFTWARE ENGINEER,Finance,5.0,MISSING,137066.82479672885
EMP-93841,Software Engineer,Marketing,5.0,Level-1 (Low),93513.33912102602
EMP-95181,Software Engineer,Engineering,12.0,Level-2 (Medium),44248.3265124828
EMP-37612,,Marketing,5.0,Level-1 (Low),
EMP-26945,Project Manager,Marketing,12.0,Level-2 (Medium),46313.103959689295
EMP-20596,UNKNOWN,Marketing,1.0,Level-2 (Medium),113505.30679261453
EMP-45821,software engineer,Engineering,1.0,Level-3 (High),172058.36940068877
EMP-98928,Data Analyst,Finance,,Level-1 (Low),61293.39074005722
EMP-55015,Project Manager,Finance,3.0,Level-2 (Medium),111794.17349582899
EMP-96796,Data Analyst,Engineering,5.0,Level-2 (Medium),129566.80930015493
EMP-32114,software engineer,Engineering,35.0,Level-3 (High),66828.49493924383
EMP-38867,,Finance,8.0,Level-3 (High),
EMP-70042,software engineer,Engineering,3.0,Level-3 (High),153761.43947508896
EMP-60132,Data Analyst,Marketing,35.0,Level-2 (Medium),165126.64543184126
EMP-30537,Data Analyst,Engineering,3.0,Level-2 (Medium),36815.21420721081
EMP-61374,Software Engineer,Finance,5.0,Level-3 (High),43360.33544169883
EMP-80307,data analyst,Finance,1.0,Level-1 (Low),174946.16314130038
EMP-60450,data analyst,Finance,,Level-2 (Medium),125069.36572362612
EMP-35900,Data Analyst,Engineering,8.0,Level-2 (Medium),80531.13747638994
EMP-55196,software engineer,Engineering,12.0,Level-1 (Low),125141.44457215728
EMP-17162,SOFTWARE ENGINEER,Engineering,12.0,Level-3 (High),163753.19612318618
EMP-82408,Project Manager,Human Resources,3.0,Level-2 (Medium),118266.01056361357
EMP-95811,software engineer,Human Resources,1.0,Level-3 (High),170523.09554767745
EMP-74561,Project Manager,Marketing,5.0,Level-3 (High),160246.82924208426
EMP-96232,software engineer,Human Resources,12.0,Level-2 (Medium),25272.213144062138
EMP-78638,Data Analyst,Engineering,3.0,Level-1 (Low),87019.92375651089
EMP-39736,Data Analyst,Human Resources,5.0,Level-1 (Low),149494.3346043176
EMP-86301,data analyst,N/A,8.0,Level-1 (Low),155607.16866609512
EMP-53929,data analyst,Marketing,3.0,Level-2 (Medium),119049.26439762326
EMP-46074,Data Analyst,Finance,8.0,Level-3 (High),144882.35666976232
EMP-70452,,Finance,3.0,Level-1 (Low),
EMP-87437,software engineer,Finance,,Level-2 (Medium),51813.39058041651
EMP-34508,Project Manager,Finance,8.0,Level-2 (Medium),77329.417855965
EMP-24445,software engineer,Marketing,99.0,Level-3 (High),94940.85486378749
EMP-19096,software engineer,Finance,8.0,Level-3 (High),82733.54497208749
EMP-24052,Data Analyst,Marketing,1.0,Level-2 (Medium),154228.391132913
EMP-45853,Data Analyst,Engineering,,Level-2 (Medium),182332.79271705507
EMP-45541,Software Engineer,N/A,3.0,Level-3 (High),70655.27027668312
EMP-78963,Software Engineer,Finance,5.0,Level-3 (High),108441.19818038569
EMP-81232,,Engineering,5.0,Level-3 (High),
EMP-94761,software engineer,Engineering,8.0,Level-1 (Low),73170.280186064
EMP-61870,Project Manager,Finance,1.0,Level-1 (Low),151750.90749057586
EMP-49564,data analyst,Marketing,,Level-3 (High),59870.188866367986
EMP-35005,Data Analyst,Human Resources,12.0,Level-2 (Medium),129060.7800298579
EMP-76817,Data Analyst,Engineering,5.0,Level-2 (Medium),129978.62992742998
EMP-45720,data analyst,Engineering,8.0,Level-3 (High),75473.0612199743
EMP-42050,Software Engineer,Engineering,3.0,Level-2 (Medium),90692.30343565306
EMP-41204,Data Analyst,Finance,5.0,Level-1 (Low),42937.917765333696
EMP-52499,data analyst,Finance,1.0,Level-1 (Low),138624.66707158083
EMP-85647,Project Manager,Engineering,3.0,Level-2 (Medium),110088.73460988169
EMP-53545,SOFTWARE ENGINEER,Human Resources,3.0,Level-2 (Medium),144609.74699656115
EMP-76326,software engineer,Finance,5.0,Level-3 (High),101948.21499779285
EMP-76859,  Manager  ,Human Resources,5.0,Level-1 (Low),33890.23060654914
EMP-16961,Data Analyst,Finance,3.0,Level-3 (High),183100.12101373635
EMP-71286,SOFTWARE ENGINEER,Marketing,12.0,Level-2 (Medium),49379.257690343264
EMP-21446,Software Engineer,Engineering,3.0,Level-2 (Medium),142272.36882351365
EMP-53512,software engineer,Finance,1.0,Level-3 (High),172743.76494121688
EMP-12818,Software Engineer,N/A,5.0,Level-2 (Medium),111609.97938805808
EMP-62755,  Manager  ,Marketing,5.0,Level-2 (Medium),83351.53348116598
EMP-95165,UNKNOWN,Engineering,35.0,Level-3 (High),34531.441536088554
EMP-83452,SOFTWARE ENGINEER,Marketing,5.0,Level-3 (High),119441.14962567859
EMP-54536,UNKNOWN,Marketing,3.0,Level-1 (Low),105656.4047668075
EMP-45119,Project Manager,Engineering,3.0,Level-2 (Medium),80465.64479738889
EMP-32620,SOFTWARE ENGINEER,Finance,3.0,Level-1 (Low),52785.2713230041
EMP-56084,Software Engineer,Finance,-2.0,Level-1 (Low),92629.67933089199
EMP-39469,Project Manager,Finance,99.0,Level-2 (Medium),53614.520070965955
EMP-55220,Data Analyst,Human Resources,5.0,Level-3 (High),170352.57626190846
EMP-21655,software engineer,Engineering,5.0,Level-3 (High),129473.78793958844
EMP-83824,Project Manager,Engineering,,Level-1 (Low),92842.9868439817
EMP-31494,Software Engineer,Engineering,5.0,Level-2 (Medium),123689.05655757932
EMP-29064,Software Engineer,Human Resources,,Level-2 (Medium),102322.71412275793
EMP-89584,Software Engineer,Human Resources,8.0,Level-2 (Medium),157031.66169177307
EMP-68696,data analyst,Engineering,8.0,Level-2 (Medium),30508.983305850492
EMP-68277,data analyst,Finance,3.0,Level-2 (Medium),165539.30102059146
EMP-40979,Data Analyst,Engineering,12.0,Level-3 (High),96990.53675378862
EMP-84786,SOFTWARE ENGINEER,Human Resources,5.0,Level-1 (Low),157396.04806121447
EMP-83432,UNKNOWN,Human Resources,3.0,Level-1 (Low),74188.11677998531
EMP-92891,data analyst,Engineering,3.0,Level-3 (High),156004.53409421633
EMP-53060,Data Analyst,Engineering,1.0,Level-2 (Medium),54442.34011078493
EMP-39752,Data Analyst,Finance,8.0,Level-2 (Medium),109274.73166366086
EMP-44988,Software Engineer,Engineering,12.0,Level-3 (High),132416.32866724295
EMP-22192,software engineer,Finance,3.0,Level-2 (Medium),181191.48112589438
EMP-55071,Software Engineer,Human Resources,35.0,Level-2 (Medium),62127.2807844111
EMP-20552,Project Manager,Marketing,35.0,Level-2 (Medium),95743.81375503459
EMP-30698,data analyst,Marketing,5.0,Level-2 (Medium),142505.14138001163
EMP-20508,Data Analyst,Engineering,35.0,Level-2 (Medium),132377.82633411218
EMP-75785,Software Engineer,Human Resources,,Level-1 (Low),122067.29768841516
EMP-97848,  Manager  ,Marketing,5.0,Level-2 (Medium),73817.1046970574
EMP-54262,,Engineering,3.0,Level-3 (High),
EMP-42470,UNKNOWN,Finance,12.0,Level-2 (Medium),74540.12145573643
EMP-18589,Software Engineer,Human Resources,3.0,Level-3 (High),102467.7710547197
EMP-51791,Data Analyst,Finance,-2.0,Level-3 (High),50070.78671754556
EMP-39240,Data Analyst,Finance,5.0,Level-1 (Low),150879.36053967595
EMP-70671,data analyst,Engineering,3.0,Level-1 (Low),150943.01824950322
EMP-91647,software engineer,Marketing,12.0,Level-3 (High),131293.46162549558
EMP-99806,software engineer,Engineering,1.0,Level-1 (Low),174994.01879003094
EMP-44334,Data Analyst,Marketing,1.0,Level-2 (Medium),174824.52728655195
EMP-91805,  Manager  ,Marketing,5.0,Level-2 (Medium),127372.55334103799
EMP-29131,Data Analyst,Finance,12.0,Level-1 (Low),98323.90127658547
EMP-22561,SOFTWARE ENGINEER,Engineering,,Level-3 (High),35909.002587933115
EMP-28088,data analyst,Finance,5.0,Level-1 (Low),95098.51355960866
EMP-79041,SOFTWARE ENGINEER,Finance,99.0,Level-3 (High),145050.21048828628
EMP-24585,Project Manager,Engineering,35.0,Level-1 (Low),128510.56978084931
EMP-65867,Software Engineer,Engineering,5.0,Level-2 (Medium),160069.7643370121
EMP-84523,SOFTWARE ENGINEER,Engineering,8.0,Level-3 (High),28353.932357488764
EMP-14300,software engineer,Finance,1.0,Level-2 (Medium),165984.64953333678
EMP-76038,UNKNOWN,Marketing,1.0,Level-2 (Medium),70530.35525506067
EMP-10239,Data Analyst,Human Resources,3.0,Level-2 (Medium),105386.05165329571
EMP-89509,Project Manager,Finance,3.0,Level-2 (Medium),173107.01560704756
EMP-15927,SOFTWARE ENGINEER,Engineering,99.0,Level-2 (Medium),91132.0380634972
EMP-56287,Project Manager,Marketing,5.0,Level-2 (Medium),46203.79721411894
EMP-32242,Software Engineer,Human Resources,8.0,Level-3 (High),177328.2615703806
EMP-24906,SOFTWARE ENGINEER,Engineering,,Level-1 (Low),31658.46291746723
EMP-73322,Data Analyst,Finance,12.0,Level-1 (Low),44460.97741548877
EMP-36596,data analyst,Engineering,8.0,Level-2 (Medium),150357.87724869163
EMP-20906,Data Analyst,Engineering,5.0,Level-2 (Medium),168234.97828344034
EMP-52019,  Manager  ,Finance,5.0,MISSING,139485.9730816227
EMP-20908,,Human Resources,5.0,Level-2 (Medium),
EMP-56269,,Finance,3.0,MISSING,
EMP-29563,data analyst,Human Resources,12.0,Level-3 (High),153833.28238344128
EMP-85316,Project Manager,Marketing,3.0,Level-2 (Medium),117559.38539839644
EMP-92229,,Finance,3.0,Level-2 (Medium),
EMP-95869,Data Analyst,Engineering,8.0,Level-3 (High),25173.769064394626
EMP-67131,data analyst,Engineering,1.0,Level-2 (Medium),58803.915605019574
EMP-73359,data analyst,Marketing,5.0,Level-1 (Low),53349.458580373685
EMP-36119,  Manager  ,Finance,3.0,Level-3 (High),43653.76256982158
EMP-42405,Project Manager,Marketing,3.0,Level-2 (Medium),78579.34088283064
EMP-96679,software engineer,Finance,5.0,Level-2 (Medium),160320.27831408434
EMP-82077,Software Engineer,Engineering,8.0,Level-2 (Medium),81719.88681414993
EMP-18184,Data Analyst,Engineering,8.0,Level-3 (High),112098.16143380693
EMP-84204,data analyst,Marketing,3.0,Level-2 (Medium),144448.744690084
EMP-31424,SOFTWARE ENGINEER,Finance,8.0,Level-1 (Low),70605.82025682609
EMP-84341,Software Engineer,Finance,5.0,Level-1 (Low),158585.43323412252
EMP-39436,software engineer,Finance,5.0,Level-1 (Low),109643.67771532154
EMP-16381,UNKNOWN,Marketing,1.0,Level-2 (Medium),105902.56162147965
EMP-87600,software engineer,Human Resources,,Level-1 (Low),44649.98100762759
EMP-80298,,Engineering,1.0,Level-1 (Low),
EMP-21116,software engineer,Engineering,8.0,Level-1 (Low),115299.76211188338
EMP-12512,UNKNOWN,Finance,8.0,Level-1 (Low),74701.34475766798
EMP-88610,Software Engineer,Marketing,,Level-1 (Low),163744.26851425215
EMP-80352,Software Engineer,Engineering,,Level-2 (Medium),184794.49341549393
EMP-52474,software engineer,Marketing,35.0,Level-2 (Medium),33263.28656521026
EMP-75100,software engineer,Engineering,3.0,MISSING,178204.42022198692
EMP-51790,Data Analyst,Engineering,3.0,Level-2 (Medium),45913.01014698301
EMP-10258,Data Analyst,Finance,5.0,Level-2 (Medium),184200.6378110455
EMP-24723,Software Engineer,Engineering,5.0,Level-3 (High),156562.4185972081
EMP-71778,,Human Resources,8.0,Level-2 (Medium),
EMP-49412,Data Analyst,Finance,1.0,MISSING,50431.22523242097
EMP-18302,Data Analyst,Engineering,12.0,Level-3 (High),126611.56144846592
EMP-19961,Data Analyst,Engineering,5.0,Level-2 (Medium),60976.846879558834
EMP-18073,software engineer,Finance,3.0,Level-1 (Low),173839.4994435054
EMP-52401,Software Engineer,Engineering,5.0,Level-2 (Medium),122327.5998505217
EMP-28222,,Finance,8.0,Level-2 (Medium),
EMP-53840,UNKNOWN,Finance,3.0,Level-2 (Medium),152992.7692292572
EMP-50829,Software Engineer,Engineering,3.0,Level-1 (Low),184078.44347152303
EMP-22821,software engineer,Engineering,3.0,Level-3 (High),139538.42166762066
EMP-50236,UNKNOWN,Engineering,3.0,Level-2 (Medium),150079.56275329797
EMP-92460,software engineer,Marketing,5.0,Level-1 (Low),58346.434972212846
EMP-49913,Data Analyst,Engineering,35.0,Level-2 (Medium),165412.500498282
EMP-78636,Data Analyst,Finance,5.0,Level-1 (Low),40587.15986470638
EMP-55032,Software Engineer,Engineering,12.0,Level-2 (Medium),83862.8093300598
EMP-46491,  Manager  ,Finance,1.0,Level-2 (Medium),46596.96947694852
EMP-98484,Data Analyst,Engineering,3.0,Level-2 (Medium),141567.93975990382
EMP-28191,Software Engineer,Engineering,3.0,Level-1 (Low),152623.39324275003
EMP-88119,  Manager  ,Engineering,35.0,Level-2 (Medium),177864.01663694685
EMP-82840,Software Engineer,Engineering,3.0,Level-3 (High),46750.56622874063
EMP-80660,data analyst,Finance,5.0,Level-2 (Medium),133793.4045461138
EMP-19837,software engineer,Engineering,35.0,Level-1 (Low),61117.10107946999
EMP-50029,  Manager  ,Human Resources,3.0,Level-1 (Low),116407.25048982224
EMP-57173,data analyst,Engineering,3.0,Level-1 (Low),78755.20717819646
EMP-51081,software engineer,Human Resources,12.0,Level-2 (Medium),39435.42212952304
EMP-47302,software engineer,Engineering,1.0,Level-3 (High),130545.11387323702
EMP-43657,Software Engineer,Marketing,8.0,Level-2 (Medium),156306.62683744376
EMP-52521,Project Manager,Engineering,5.0,Level-1 (Low),29746.97037749435
EMP-31746,Software Engineer,Finance,5.0,Level-2 (Medium),76287.64878425407
EMP-73578,Project Manager,Marketing,35.0,Level-2 (Medium),184330.77108209018
EMP-41934,UNKNOWN,Human Resources,,Level-1 (Low),34884.31926320784
EMP-76828,data analyst,Engineering,1.0,Level-2 (Medium),110865.41784566727
EMP-45598,Data Analyst,Engineering,8.0,Level-2 (Medium),183054.53000628704
EMP-93496,data analyst,Human Resources,5.0,Level-1 (Low),166658.48307830858
EMP-81233,SOFTWARE ENGINEER,Engineering,,Level-2 (Medium),32622.2263496709
EMP-11000,Project Manager,Engineering,,Level-3 (High),126984.76364446481
EMP-95329,data analyst,N/A,1.0,Level-1 (Low),171267.59272658257
EMP-73818,software engineer,Finance,3.0,Level-3 (High),179125.10300516774
EMP-48021,software engineer,Marketing,35.0,Level-3 (High),47105.803921312836
EMP-70333,Data Analyst,Human Resources,8.0,MISSING,82627.50568354502
EMP-94349,software engineer,Engineering,3.0,Level-3 (High),34119.24087156661
EMP-24006,Software Engineer,Finance,35.0,Level-3 (High),122944.28424111175
EMP-66815,SOFTWARE ENGINEER,Finance,35.0,Level-1 (Low),61809.73492502087
EMP-89914,data analyst,N/A,12.0,Level-2 (Medium),141037.67502735904
EMP-22917,software engineer,Marketing,3.0,Level-3 (High),49291.71721476878
EMP-93461,UNKNOWN,Human Resources,1.0,Level-3 (High),122057.55476413616
EMP-56608,SOFTWARE ENGINEER,Finance,1.0,Level-1 (Low),161331.4672862416
EMP-82220,SOFTWARE ENGINEER,Finance,3.0,Level-3 (High),162700.90483694605
EMP-65653,  Manager  ,N/A,1.0,Level-3 (High),55372.882236459
EMP-83500,software engineer,N/A,1.0,Level-2 (Medium),65131.06444106729
EMP-45254,software engineer,Finance,35.0,Level-2 (Medium),102351.91736085419
EMP-68310,Data Analyst,Marketing,3.0,Level-1 (Low),99430.44637540924
EMP-43189,Data Analyst,Engineering,8.0,Level-2 (Medium),137459.76284912942
EMP-88887,Project Manager,Marketing,12.0,Level-3 (High),72119.61992312636
EMP-61690,SOFTWARE ENGINEER,Finance,,Level-2 (Medium),184583.56903566828
EMP-60635,Software Engineer,Human Resources,3.0,Level-1 (Low),79264.22626506447
EMP-73022,data analyst,Engineering,8.0,Level-1 (Low),89933.94070790033
EMP-53724,Data Analyst,Finance,3.0,Level-2 (Medium),89078.68509087339
EMP-79756,SOFTWARE ENGINEER,Engineering,99.0,Level-2 (Medium),62962.515565218135
EMP-27159,software engineer,Engineering,8.0,Level-2 (Medium),146419.21485262943
EMP-47535,Project Manager,Engineering,1.0,Level-2 (Medium),175037.0222851637
EMP-80138,data analyst,Engineering,1.0,Level-2 (Medium),130813.44179782689
EMP-30059,,Finance,3.0,Level-2 (Medium),
EMP-79190,Data Analyst,Engineering,3.0,Level-2 (Medium),94015.01035454108
EMP-70193,  Manager  ,Engineering,1.0,MISSING,87041.05730974914
EMP-99707,Software Engineer,Finance,12.0,Level-3 (High),106916.20482735692
EMP-35410,UNKNOWN,Human Resources,5.0,Level-1 (Low),181779.56633168555
EMP-38501,UNKNOWN,Marketing,5.0,Level-2 (Medium),168322.85101260172
EMP-21610,Software Engineer,Engineering,5.0,Level-3 (High),123781.2659594297
EMP-12774,,Engineering,35.0,Level-2 (Medium),
EMP-60845,Project Manager,Human Resources,8.0,MISSING,69790.74666155715
EMP-21550,software engineer,Finance,12.0,Level-3 (High),137685.69264261384
EMP-40018,data analyst,Marketing,12.0,Level-3 (High),155932.59898256062
EMP-87486,,Engineering,8.0,Level-1 (Low),
EMP-54898,  Manager  ,Engineering,35.0,Level-2 (Medium),145176.66776943987
EMP-73832,Data Analyst,Engineering,5.0,MISSING,168809.29150436708
EMP-83467,SOFTWARE ENGINEER,Finance,12.0,Level-2 (Medium),162111.15951206515
EMP-25095,SOFTWARE ENGINEER,Marketing,35.0,Level-2 (Medium),51808.73093715334
EMP-94949,SOFTWARE ENGINEER,Human Resources,8.0,Level-3 (High),169776.5301730291
EMP-16572,Software Engineer,Human Resources,12.0,Level-1 (Low),72823.06372343865
EMP-28544,Data Analyst,Engineering,5.0,Level-1 (Low),56859.61466238021
EMP-29500,Project Manager,Engineering,8.0,Level-1 (Low),171482.75336941294
EMP-88078,SOFTWARE ENGINEER,Finance,35.0,Level-2 (Medium),134452.4155480634
EMP-18208,Data Analyst,Marketing,35.0,Level-1 (Low),140631.7231030736
EMP-93757,Software Engineer,Engineering,8.0,Level-2 (Medium),177310.992974588
EMP-88797,Project Manager,Human Resources,1.0,Level-2 (Medium),126821.62150593758
EMP-91387,Software Engineer,Engineering,12.0,Level-2 (Medium),28984.920682745247
EMP-37021,Software Engineer,Engineering,5.0,Level-3 (High),138556.1629317524
EMP-81173,Data Analyst,Human Resources,8.0,Level-1 (Low),147071.7587976749
EMP-56296,Software Engineer,Marketing,35.0,Level-1 (Low),61180.97847034969
EMP-18487,software engineer,Marketing,12.0,Level-3 (High),46989.57983464735
EMP-34566,Data Analyst,Engineering,3.0,Level-1 (Low),175963.77896307566
EMP-54779,Software Engineer,Engineering,1.0,Level-2 (Medium),88098.8474127575
EMP-21386,SOFTWARE ENGINEER,Engineering,3.0,Level-2 (Medium),59990.312458270695
EMP-78113,Software Engineer,Engineering,,MISSING,172745.80079458567
EMP-61883,SOFTWARE ENGINEER,Engineering,3.0,Level-2 (Medium),162796.22821495892
EMP-45937,Software Engineer,Marketing,,Level-2 (Medium),108810.95428259013
EMP-67917,software engineer,Marketing,8.0,Level-2 (Medium),43206.178428516985
EMP-64248,Project Manager,Engineering,5.0,Level-1 (Low),181413.3968352688
EMP-36109,Software Engineer,Human Resources,,Level-3 (High),181525.8727642132
EMP-92226,data analyst,Engineering,1.0,MISSING,135458.4864041378
EMP-61220,software engineer,Finance,5.0,Level-2 (Medium),45957.808815423414
EMP-64355,Data Analyst,Marketing,5.0,Level-2 (Medium),91318.00990166658
EMP-15555,data analyst,Engineering,8.0,Level-2 (Medium),98942.69623600146
EMP-10798,software engineer,Finance,5.0,Level-2 (Medium),70221.73204288146
EMP-82406,data analyst,Human Resources,3.0,Level-3 (High),149803.07782948425
EMP-77603,SOFTWARE ENGINEER,Engineering,3.0,Level-1 (Low),68225.2024092784
EMP-12225,SOFTWARE ENGINEER,Engineering,3.0,Level-3 (High),122265.1161277347
EMP-28717,Project Manager,Engineering,3.0,Level-2 (Medium),57618.01411574098
EMP-92889,UNKNOWN,Human Resources,8.0,Level-3 (High),111171.90134535068
EMP-19314,Data Analyst,Marketing,8.0,Level-2 (Medium),59440.299355595715
EMP-15808,Software Engineer,Finance,99.0,MISSING,91905.51425640368
EMP-42403,,Marketing,12.0,Level-2 (Medium),
EMP-30590,  Manager  ,Marketing,8.0,Level-1 (Low),169057.58112624314
EMP-95305,software engineer,Engineering,5.0,Level-2 (Medium),123797.8181443781
EMP-90557,Data Analyst,Finance,5.0,Level-1 (Low),30444.212900779687
EMP-68145,Project Manager,Marketing,3.0,Level-2 (Medium),107643.05739896507
EMP-48334,Software Engineer,Engineering,1.0,Level-1 (Low),105854.19210129141
EMP-54993,data analyst,Engineering,35.0,Level-2 (Medium),181241.07083217753
EMP-48173,data analyst,Finance,12.0,Level-2 (Medium),85861.23251841433
EMP-12512,SOFTWARE ENGINEER,Engineering,3.0,Level-3 (High),150074.85785958922
EMP-88823,Project Manager,Marketing,3.0,Level-3 (High),119247.86157297545
EMP-74878,Project Manager,Engineering,1.0,Level-3 (High),135606.13035881345
EMP-64823,  Manager  ,Engineering,-2.0,Level-3 (High),154382.3902443138
EMP-92000,Software Engineer,N/A,3.0,Level-1 (Low),91569.04280329321
EMP-23009,SOFTWARE ENGINEER,N/A,5.0,Level-3 (High),79540.22243828708
EMP-30581,Software Engineer,Engineering,1.0,Level-2 (Medium),146036.5850793913
EMP-84982,software engineer,Engineering,,Level-2 (Medium),184631.96887003764
EMP-43457,software engineer,Engineering,8.0,Level-2 (Medium),60717.84951733123
EMP-53106,Software Engineer,Engineering,3.0,Level-3 (High),169930.15551566405
EMP-88734,UNKNOWN,Engineering,5.0,Level-3 (High),79755.1161671784
EMP-46659,software engineer,Finance,-2.0,Level-2 (Medium),108219.89404956545
EMP-32877,SOFTWARE ENGINEER,Engineering,12.0,Level-2 (Medium),152226.88568296688
EMP-18828,,Engineering,5.0,Level-2 (Medium),
EMP-53410,SOFTWARE ENGINEER,Engineering,1.0,Level-3 (High),160434.63391175834
EMP-32615,Software Engineer,Human Resources,35.0,Level-2 (Medium),173534.2567407428
EMP-84648,Data Analyst,Marketing,,Level-2 (Medium),62162.273434882685
EMP-11591,,Marketing,8.0,Level-3 (High),
EMP-86464,software engineer,Finance,35.0,Level-1 (Low),144282.13545407174
EMP-50597,,Human Resources,5.0,Level-3 (High),
EMP-79828,SOFTWARE ENGINEER,Engineering,5.0,Level-2 (Medium),161122.55904013588
EMP-23961,Project Manager,Engineering,3.0,MISSING,108661.6149365449
EMP-99215,,Engineering,35.0,Level-1 (Low),
EMP-39970,Software Engineer,Engineering,3.0,Level-3 (High),106009.60531004718
EMP-65999,UNKNOWN,Finance,5.0,Level-2 (Medium),95024.96057759481
EMP-73196,,Human Resources,,Level-2 (Medium),
EMP-67327,Data Analyst,Engineering,,Level-2 (Medium),154604.26250304005
EMP-73281,Software Engineer,Engineering,8.0,Level-1 (Low),176827.90751518696
EMP-28029,Data Analyst,Human Resources,5.0,Level-3 (High),148191.6746756144
EMP-66429,,Human Resources,-2.0,Level-2 (Medium),
EMP-90885,Data Analyst,Human Resources,3.0,MISSING,112704.71657771012
EMP-38916,software engineer,Human Resources,1.0,Level-2 (Medium),110341.83836362186
EMP-63814,software engineer,Marketing,8.0,Level-1 (Low),29437.303346733792
EMP-15425,data analyst,Human Resources,1.0,Level-3 (High),105554.87737219148
EMP-24932,Data Analyst,Marketing,3.0,Level-2 (Medium),33623.18224931952
EMP-52201,Data Analyst,Engineering,12.0,Level-1 (Low),167396.0685913266
EMP-23366,data analyst,Human Resources,5.0,Level-2 (Medium),118692.65590472917
EMP-23709,Project Manager,Engineering,8.0,Level-3 (High),27256.069902020707
EMP-22261,Data Analyst,Engineering,,Level-2 (Medium),136352.71609733778
EMP-96548,Project Manager,Engineering,12.0,Level-1 (Low),117939.91634383664
EMP-90516,Project Manager,Engineering,1.0,Level-3 (High),147334.1608102671
EMP-51003,UNKNOWN,Engineering,1.0,Level-3 (High),144225.5492633492
EMP-73210,Project Manager,Human Resources,12.0,Level-1 (Low),132992.48423812893
EMP-27462,software engineer,Human Resources,3.0,Level-2 (Medium),150041.91792196632
EMP-27830,UNKNOWN,Finance,5.0,Level-2 (Medium),85674.12658135823
EMP-83199,Software Engineer,N/A,1.0,Level-2 (Medium),93366.21326991134
EMP-38701,Software Engineer,Finance,8.0,Level-3 (High),25375.343728632062
EMP-48330,Software Engineer,Finance,-2.0,Level-2 (Medium),55149.09149532661
EMP-10557,software engineer,Engineering,1.0,Level-2 (Medium),59304.41119053245
EMP-22960,,Human Resources,5.0,Level-3 (High),
EMP-45315,Project Manager,Finance,,Level-2 (Medium),109249.15023603199
EMP-86438,Software Engineer,Engineering,35.0,Level-3 (High),152477.6795170438
EMP-13652,Data Analyst,Engineering,8.0,Level-2 (Medium),38360.08979415453
EMP-47314,Software Engineer,Engineering,3.0,Level-3 (High),113817.35599619264
EMP-99807,Data Analyst,Finance,,MISSING,82787.37937124036
EMP-65105,Data Analyst,Marketing,12.0,Level-2 (Medium),112960.28641873841
EMP-66047,Data Analyst,Engineering,8.0,Level-1 (Low),96134.62074940088
EMP-73163,Software Engineer,Engineering,,Level-1 (Low),70033.79167634787
EMP-85203,Data Analyst,Marketing,12.0,Level-3 (High),141100.39964468358
EMP-73590,UNKNOWN,Human Resources,5.0,MISSING,53812.50431640314
EMP-15401,Data Analyst,Engineering,,Level-2 (Medium),158289.57009723285
EMP-13910,  Manager  ,Marketing,1.0,Level-2 (Medium),158454.59914670693
EMP-72416,data analyst,Marketing,,Level-1 (Low),174775.7689809915
EMP-45857,Software Engineer,Engineering,5.0,Level-3 (High),180511.37892673185
EMP-66211,Data Analyst,Engineering,1.0,Level-2 (Medium),89141.4877704551
EMP-34616,software engineer,Marketing,35.0,Level-2 (Medium),147890.293524004
EMP-74306,Software Engineer,Finance,,Level-3 (High),61165.20019120811
EMP-19885,software engineer,Engineering,5.0,Level-2 (Medium),41451.22239880127
EMP-29749,SOFTWARE ENGINEER,Human Resources,3.0,Level-2 (Medium),60890.60225295464
EMP-93923,Project Manager,Engineering,8.0,Level-2 (Medium),157963.10768305024
EMP-85179,Data Analyst,Marketing,5.0,Level-2 (Medium),107315.6060255941
EMP-94117,software engineer,Human Resources,5.0,Level-2 (Medium),181244.0770349135
EMP-17688,data analyst,Finance,8.0,Level-3 (High),47877.1176540101
EMP-34312,data analyst,Engineering,1.0,Level-3 (High),108334.5205340026
EMP-23574,Software Engineer,Engineering,1.0,Level-2 (Medium),158185.94751712526
EMP-17126,,N/A,12.0,Level-1 (Low),
EMP-12995,Data Analyst,Marketing,,Level-1 (Low),147469.6523163578
EMP-43474,software engineer,Finance,5.0,Level-3 (High),118787.84229411349
EMP-53477,Software Engineer,Marketing,3.0,Level-1 (Low),98352.13683450544
EMP-80267,SOFTWARE ENGINEER,Engineering,8.0,Level-2 (Medium),151681.434769678
EMP-13178,software engineer,Engineering,5.0,Level-3 (High),105164.3183652082
EMP-80572,software engineer,Finance,5.0,Level-1 (Low),84171.27127680581
EMP-16646,Data Analyst,Engineering,12.0,Level-2 (Medium),139740.05215334406
EMP-16770,Software Engineer,Human Resources,5.0,Level-1 (Low),168698.43719379787
EMP-26796,software engineer,Human Resources,5.0,Level-2 (Medium),34750.121316367404
EMP-69185,software engineer,Finance,5.0,Level-1 (Low),47338.87145248559
EMP-99587,Data Analyst,Engineering,5.0,Level-3 (High),140516.3977545107
EMP-72569,software engineer,Finance,5.0,Level-2 (Medium),180301.16286989933
EMP-25129,Project Manager,Human Resources,1.0,Level-3 (High),66013.70750477267
EMP-92634,Project Manager,Engineering,,Level-1 (Low),102704.3570663512
EMP-24539,Project Manager,Marketing,8.0,Level-2 (Medium),25738.538857247146
EMP-70391,software engineer,Engineering,8.0,Level-2 (Medium),144931.8589898301
EMP-39979,,Engineering,35.0,Level-3 (High),
EMP-62943,SOFTWARE ENGINEER,Engineering,,Level-2 (Medium),69779.48257471019
EMP-87714,Software Engineer,Engineering,5.0,Level-3 (High),145351.97757563426
EMP-39271,UNKNOWN,Marketing,5.0,Level-3 (High),101863.99545873395
EMP-21875,Data Analyst,Engineering,3.0,Level-2 (Medium),167895.7066829501
EMP-25595,Software Engineer,Marketing,5.0,Level-1 (Low),45899.60738888888
EMP-59622,SOFTWARE ENGINEER,Engineering,1.0,Level-2 (Medium),65720.17872585225
EMP-73496,Data Analyst,Engineering,3.0,MISSING,36388.7713159472
EMP-18839,Project Manager,Human Resources,3.0,MISSING,113776.38950154712
EMP-74289,software engineer,Human Resources,35.0,Level-1 (Low),50950.38234606962
EMP-42578,Software Engineer,Finance,3.0,Level-2 (Medium),183431.13589563334
EMP-45700,Data Analyst,Marketing,35.0,Level-2 (Medium),162775.7535021907
EMP-42477,Software Engineer,Marketing,3.0,Level-1 (Low),151505.3757657692
EMP-83992,Software Engineer,Engineering,12.0,Level-3 (High),98766.22927438519
EMP-69100,Data Analyst,Engineering,3.0,Level-3 (High),162785.12856164898
EMP-77166,Data Analyst,Finance,3.0,Level-1 (Low),178965.3008756397
EMP-39707,Project Manager,Engineering,35.0,Level-2 (Medium),77273.41518633359
EMP-18458,software engineer,Marketing,5.0,Level-3 (High),71545.19221301866
EMP-20547,software engineer,Finance,,Level-2 (Medium),96063.8279734781
EMP-19469,Data Analyst,Finance,5.0,Level-2 (Medium),93161.8185965364
EMP-34609,Data Analyst,Engineering,35.0,MISSING,52990.51874872504
EMP-32095,Software Engineer,N/A,,MISSING,165953.78324706163
EMP-15374,software engineer,Human Resources,5.0,Level-2 (Medium),176561.11671047978
EMP-83254,software engineer,Engineering,,Level-2 (Medium),97994.36991453632
EMP-90433,software engineer,Engineering,8.0,Level-1 (Low),76275.03816746446
EMP-50878,SOFTWARE ENGINEER,Engineering,99.0,Level-1 (Low),48344.19609211864
EMP-49296,Data Analyst,Engineering,3.0,Level-2 (Medium),140517.64473063918
EMP-79842,Software Engineer,Human Resources,1.0,Level-2 (Medium),95357.38477126599
EMP-24895,SOFTWARE ENGINEER,Finance,8.0,Level-2 (Medium),96099.2882137972
EMP-87156,SOFTWARE ENGINEER,Marketing,3.0,MISSING,140348.6626892351
EMP-30188,Software Engineer,Finance,5.0,Level-1 (Low),30732.21081401414
EMP-86911,data analyst,Finance,8.0,Level-3 (High),181149.2355447721
EMP-51755,Project Manager,Engineering,3.0,Level-2 (Medium),84810.87332273363
EMP-63403,Software Engineer,Human Resources,3.0,Level-3 (High),74646.87989988444
EMP-91540,SOFTWARE ENGINEER,Finance,5.0,Level-2 (Medium),143206.3613762822
EMP-92169,Data Analyst,Engineering,1.0,Level-3 (High),115390.75216554708
EMP-29676,,Engineering,3.0,Level-2 (Medium),
EMP-76007,software engineer,Finance,5.0,Level-3 (High),183545.35500144947
EMP-54088,Data Analyst,Engineering,3.0,Level-3 (High),128284.55112224397
EMP-19775,data analyst,Engineering,3.0,MISSING,167790.03786541824
EMP-31251,Project Manager,Engineering,8.0,Level-2 (Medium),170687.8523568792
EMP-76863,software engineer,Engineering,8.0,Level-3 (High),45333.39747363536
EMP-39342,Project Manager,N/A,1.0,Level-1 (Low),97644.1681345843
EMP-28947,Software Engineer,Marketing,5.0,Level-1 (Low),34470.79130496485
EMP-93737,Software Engineer,Engineering,1.0,Level-3 (High),167950.45003891768
EMP-89555,Data Analyst,Finance,8.0,Level-3 (High),30827.433789867628
EMP-55301,Data Analyst,Human Resources,5.0,Level-2 (Medium),146271.6885822035
EMP-14200,,Engineering,12.0,Level-2 (Medium),
EMP-27198,Data Analyst,Engineering,-2.0,Level-2 (Medium),40613.49209949425
EMP-10399,Project Manager,Finance,8.0,Level-2 (Medium),62231.87981289728
EMP-82937,Software Engineer,Human Resources,3.0,Level-1 (Low),42288.1691021686
EMP-71563,SOFTWARE ENGINEER,Engineering,12.0,Level-2 (Medium),38439.557112086964
EMP-24799,data analyst,Marketing,35.0,MISSING,153230.51418700296
EMP-53972,Software Engineer,Marketing,1.0,Level-3 (High),49644.1616569428
EMP-96596,data analyst,Engineering,1.0,Level-2 (Medium),146120.61018890177
EMP-78402,data analyst,Engineering,8.0,Level-3 (High),150723.55496508224
EMP-60773,SOFTWARE ENGINEER,Engineering,5.0,Level-3 (High),88919.26743294911
EMP-21596,Data Analyst,Engineering,,Level-1 (Low),29878.024964958633
EMP-44689,Project Manager,Finance,,Level-3 (High),183015.19795615593
EMP-65648,Software Engineer,Marketing,8.0,Level-1 (Low),100408.38562142842
EMP-79085,Software Engineer,Human Resources,12.0,Level-1 (Low),31393.51892150275
EMP-50605,software engineer,Marketing,3.0,Level-3 (High),56772.51456496163
EMP-59539,software engineer,Marketing,3.0,Level-1 (Low),177445.76987110084
EMP-78137,Software Engineer,Engineering,3.0,Level-3 (High),28545.077401190185
EMP-54684,software engineer,Human Resources,3.0,Level-3 (High),151437.5034939372
EMP-54924,Data Analyst,N/A,12.0,Level-2 (Medium),169994.72417007302
EMP-13476,software engineer,Finance,12.0,Level-2 (Medium),59461.33164258356
EMP-22210,SOFTWARE ENGINEER,Engineering,3.0,Level-1 (Low),38931.72930328088
EMP-99768,software engineer,Engineering,12.0,Level-2 (Medium),124538.78568432276
EMP-54106,SOFTWARE ENGINEER,Human Resources,35.0,Level-2 (Medium),162710.93882188786
EMP-55053,SOFTWARE ENGINEER,Finance,5.0,Level-2 (Medium),165919.56081607594
EMP-43103,UNKNOWN,Engineering,5.0,Level-3 (High),168572.20741316074
EMP-22761,Software Engineer,Marketing,-2.0,Level-2 (Medium),36584.36559488919
EMP-72128,Software Engineer,Human Resources,5.0,Level-2 (Medium),94502.83406642023
EMP-47164,  Manager  ,Engineering,1.0,Level-3 (High),127181.67949714823
EMP-77388,Data Analyst,Human Resources,8.0,Level-3 (High),176910.9107826896
EMP-19655,Software Engineer,Marketing,3.0,Level-2 (Medium),60866.14732282385
EMP-24605,Data Analyst,Engineering,12.0,Level-1 (Low),80722.70963244943
EMP-30970,software engineer,Finance,8.0,Level-3 (High),45792.43290698003
EMP-66084,software engineer,Engineering,5.0,Level-3 (High),171680.67115370504
EMP-36361,Data Analyst,Engineering,1.0,Level-3 (High),110912.06226697197
EMP-29368,,Human Resources,,Level-2 (Medium),
EMP-82915,Project Manager,Engineering,1.0,Level-1 (Low),48537.319347099896
EMP-16646,Data Analyst,Human Resources,5.0,Level-2 (Medium),40551.82204690261
EMP-17429,Software Engineer,Marketing,5.0,Level-1 (Low),156917.01633776346
EMP-54640,software engineer,Engineering,3.0,Level-1 (Low),59847.38894853249
EMP-62345,Data Analyst,Human Resources,1.0,Level-2 (Medium),149591.62351048755
EMP-73538,Software Engineer,Human Resources,35.0,MISSING,139406.58189629967
EMP-67774,UNKNOWN,Engineering,5.0,Level-2 (Medium),132315.2769255487
EMP-42616,software engineer,Human Resources,12.0,Level-2 (Medium),119003.7378787416
EMP-75383,software engineer,Finance,5.0,Level-2 (Medium),71163.06766043328
EMP-53768,SOFTWARE ENGINEER,Engineering,5.0,Level-2 (Medium),46007.96533660084
EMP-46866,Data Analyst,Engineering,1.0,Level-2 (Medium),180006.3368024985
EMP-78795,Data Analyst,Engineering,8.0,Level-3 (High),155749.0234358983
EMP-94092,data analyst,Marketing,1.0,Level-3 (High),112954.14200818114
EMP-86647,data analyst,Engineering,1.0,Level-1 (Low),71247.03550536133
EMP-42094,software engineer,Engineering,8.0,Level-3 (High),161894.94892678843
EMP-27361,Software Engineer,Engineering,8.0,Level-3 (High),161017.09500594466
EMP-91726,data analyst,Engineering,8.0,Level-2 (Medium),69191.05442701328
EMP-51697,Data Analyst,Marketing,-2.0,Level-3 (High),105147.76208721845
EMP-92406,Software Engineer,Marketing,12.0,Level-3 (High),44353.63895887822
EMP-65832,Software Engineer,N/A,8.0,Level-1 (Low),143712.81893519088
EMP-12795,Project Manager,Engineering,5.0,Level-1 (Low),80301.04285473813
EMP-44617,software engineer,Engineering,1.0,Level-1 (Low),173818.63666895672
EMP-75184,Data Analyst,N/A,8.0,MISSING,65750.19722167026
EMP-28966,software engineer,Human Resources,5.0,Level-2 (Medium),148246.64754979525
EMP-73296,Software Engineer,Finance,8.0,Level-3 (High),78747.62627798809
EMP-98987,software engineer,Finance,5.0,Level-1 (Low),43333.87252707354
EMP-20964,Software Engineer,Engineering,8.0,Level-1 (Low),86661.37738735961
EMP-36750,software engineer,Marketing,8.0,MISSING,78177.23070272245
EMP-42968,  Manager  ,Engineering,3.0,Level-2 (Medium),51042.65983843942
EMP-90795,Project Manager,Finance,8.0,Level-2 (Medium),176288.0502721662
EMP-72313,Data Analyst,Finance,3.0,Level-3 (High),72063.27600947995
EMP-78989,software engineer,Engineering,5.0,Level-2 (Medium),90001.6702261084
EMP-65455,Data Analyst,Engineering,99.0,Level-1 (Low),168299.86635738364
EMP-61285,software engineer,Engineering,,Level-2 (Medium),51389.62001758387
EMP-10227,Software Engineer,Finance,3.0,Level-1 (Low),167552.13576580855
EMP-53592,software engineer,Finance,,Level-2 (Medium),133368.77846279685
EMP-12211,Data Analyst,Engineering,8.0,Level-1 (Low),64920.91380589008
EMP-56176,SOFTWARE ENGINEER,Engineering,3.0,Level-2 (Medium),25043.592248714078
EMP-22370,Project Manager,Engineering,1.0,Level-1 (Low),177921.36552203406
EMP-36752,Software Engineer,Marketing,8.0,Level-2 (Medium),138255.89245739946
EMP-62023,software engineer,Human Resources,3.0,Level-3 (High),29710.786663635496
EMP-13989,software engineer,Engineering,1.0,Level-3 (High),39756.53463769324
EMP-90139,Software Engineer,Marketing,35.0,Level-2 (Medium),147139.35802254113
EMP-48478,,Marketing,1.0,Level-2 (Medium),
EMP-99994,Data Analyst,Marketing,12.0,Level-3 (High),110283.8878357156
EMP-85068,software engineer,Engineering,8.0,Level-3 (High),169252.6680544703
EMP-70933,Data Analyst,Human Resources,8.0,Level-1 (Low),141714.54156859065
EMP-54528,Data Analyst,Engineering,12.0,Level-3 (High),58923.36306015762
EMP-63427,,Marketing,35.0,Level-3 (High),
EMP-67567,,Engineering,1.0,Level-1 (Low),
EMP-55755,Project Manager,Engineering,12.0,MISSING,74192.74180700639
EMP-41284,Data Analyst,Engineering,8.0,Level-2 (Medium),42867.09488408832
EMP-42654,SOFTWARE ENGINEER,Engineering,5.0,Level-1 (Low),173562.4969434058
EMP-45705,,Engineering,1.0,Level-2 (Medium),
EMP-92116,UNKNOWN,N/A,5.0,Level-3 (High),154609.42841771815
EMP-98335,Data Analyst,N/A,1.0,Level-1 (Low),146469.05330994586
EMP-33446,Data Analyst,Marketing,99.0,Level-1 (Low),148413.03420467375
EMP-78164,data analyst,Marketing,3.0,Level-3 (High),28864.152381514377
EMP-31170,Software Engineer,Engineering,99.0,MISSING,177091.23118560083
EMP-46059,data analyst,Engineering,8.0,Level-2 (Medium),57946.079113772714
EMP-90002,Data Analyst,Engineering,3.0,Level-1 (Low),148198.2858622956
EMP-99341,Software Engineer,Finance,5.0,Level-3 (High),52579.1361874306
EMP-56855,software engineer,Marketing,3.0,Level-3 (High),37991.297618649856
EMP-73358,,N/A,3.0,Level-2 (Medium),
EMP-65251,Software Engineer,Human Resources,35.0,Level-2 (Medium),93761.69738524845
EMP-27933,data analyst,Human Resources,12.0,Level-2 (Medium),47349.850071649125
EMP-42077,UNKNOWN,Finance,,Level-1 (Low),114674.128769011
EMP-66726,Data Analyst,Engineering,35.0,Level-2 (Medium),123274.80478782636
EMP-21435,  Manager  ,Finance,8.0,Level-1 (Low),28123.99321735082
EMP-68193,Data Analyst,N/A,35.0,Level-1 (Low),34810.973257346464
EMP-16537,Software Engineer,Finance,12.0,Level-1 (Low),41596.66990733871
EMP-49465,Data Analyst,Marketing,1.0,Level-3 (High),114609.26242319214
EMP-62005,SOFTWARE ENGINEER,Human Resources,3.0,MISSING,146161.99160163413
EMP-41521,Data Analyst,Finance,5.0,Level-1 (Low),81521.95136794719
EMP-67378,Software Engineer,Engineering,3.0,Level-1 (Low),45452.26441215123
EMP-27829,Software Engineer,Finance,5.0,Level-2 (Medium),27399.971228538627
EMP-60381,Data Analyst,Engineering,5.0,Level-2 (Medium),171608.99091404435
EMP-36478,data analyst,Marketing,,MISSING,179073.86063960803
EMP-22345,Data Analyst,N/A,99.0,Level-2 (Medium),147902.7612252556
EMP-15186,Project Manager,Engineering,,Level-2 (Medium),60997.83997387522
EMP-71771,Data Analyst,Finance,5.0,Level-3 (High),36874.25004189473
EMP-24111,  Manager  ,Marketing,35.0,Level-1 (Low),43186.16769460704
EMP-63646,Software Engineer,Human Resources,1.0,Level-3 (High),104377.4487856595
EMP-66607,Data Analyst,Marketing,1.0,Level-1 (Low),54874.49318305282
EMP-81226,Project Manager,Finance,5.0,Level-2 (Medium),43891.243491670946
EMP-98728,  Manager  ,Engineering,1.0,Level-3 (High),110736.35558250292
EMP-81949,Software Engineer,Marketing,12.0,Level-1 (Low),95627.12564823576
EMP-16380,software engineer,Finance,12.0,Level-1 (Low),66442.78455747625
EMP-59850,software engineer,Finance,1.0,Level-1 (Low),80538.01172972983
EMP-92972,software engineer,Finance,5.0,Level-2 (Medium),175163.20598469602
EMP-85944,Data Analyst,Finance,1.0,Level-3 (High),148791.73677021757
EMP-93313,UNKNOWN,Engineering,-2.0,Level-2 (Medium),27638.20288879046
EMP-59512,  Manager  ,Human Resources,5.0,Level-1 (Low),120300.10406710287
EMP-77691,data analyst,Finance,12.0,Level-3 (High),173785.2641303436
EMP-63260,Data Analyst,Engineering,3.0,Level-2 (Medium),172391.3834666174
EMP-22679,Project Manager,Marketing,5.0,Level-1 (Low),73985.27327565127
EMP-29017,Software Engineer,Human Resources,,Level-3 (High),78598.37475938397
EMP-37217,Data Analyst,Engineering,5.0,Level-3 (High),62638.03040011085
EMP-90081,  Manager  ,Engineering,3.0,MISSING,26315.716198684706
EMP-53145,software engineer,Human Resources,5.0,Level-3 (High),111012.71747140348
EMP-54609,Software Engineer,Marketing,,Level-2 (Medium),139066.20031266415
EMP-83511,Data Analyst,Engineering,8.0,Level-1 (Low),119860.75142379335
EMP-30310,software engineer,Engineering,35.0,Level-2 (Medium),86305.15168666252
EMP-81462,SOFTWARE ENGINEER,Engineering,8.0,Level-3 (High),120442.05502170797
EMP-12093,Project Manager,Engineering,3.0,Level-2 (Medium),134325.27694220626
EMP-35184,software engineer,Marketing,3.0,Level-3 (High),123479.76331217845
EMP-12003,Data Analyst,Finance,3.0,Level-3 (High),142360.81351241106
EMP-40154,Project Manager,Marketing,5.0,Level-1 (Low),180157.03913896842
EMP-62214,data analyst,Human Resources,5.0,Level-2 (Medium),154173.97051434667
EMP-93078,Software Engineer,Marketing,5.0,Level-3 (High),178587.81338833185
EMP-52212,Software Engineer,Finance,3.0,Level-3 (High),37990.341338769635
EMP-34594,software engineer,Engineering,8.0,Level-3 (High),58261.7029943264
EMP-47259,Data Analyst,Human Resources,12.0,Level-3 (High),140996.79002504275
EMP-65294,UNKNOWN,Finance,8.0,Level-2 (Medium),48991.27845809648
EMP-32691,Project Manager,Marketing,8.0,Level-1 (Low),156098.42341344318
EMP-81400,Software Engineer,Marketing,8.0,Level-3 (High),61878.775257989284
EMP-93029,SOFTWARE ENGINEER,Engineering,8.0,Level-2 (Medium),143574.16446183325
EMP-40500,Software Engineer,Marketing,5.0,Level-1 (Low),61436.44299752923
EMP-38260,software engineer,Engineering,5.0,Level-1 (Low),44651.47888701754
EMP-13020,Data Analyst,Finance,5.0,Level-2 (Medium),105250.76006973976
EMP-14849,Software Engineer,Human Resources,5.0,Level-2 (Medium),160686.86709122
EMP-31094,data analyst,Finance,3.0,Level-2 (Medium),141070.52402609127
EMP-12740,Software Engineer,Finance,3.0,Level-3 (High),72376.49414687001
EMP-75615,  Manager  ,Engineering,8.0,Level-2 (Medium),180110.87457386844
EMP-59229,data analyst,Engineering,1.0,Level-2 (Medium),134597.47337186447
EMP-66586,  Manager  ,Engineering,1.0,Level-2 (Medium),180612.2630301521
EMP-70665,Project Manager,Marketing,1.0,Level-3 (High),147206.1479394121
EMP-95376,Project Manager,Marketing,1.0,Level-2 (Medium),146926.82196172792
EMP-73768,software engineer,Finance,5.0,Level-2 (Medium),31463.439303751173
EMP-74798,Data Analyst,Finance,,Level-1 (Low),60634.36349551386
EMP-52136,,Finance,35.0,Level-1 (Low),
EMP-87800,  Manager  ,Marketing,5.0,Level-1 (Low),61137.38814361992
EMP-15873,data analyst,Marketing,,Level-2 (Medium),178012.1976455575
EMP-59775,Data Analyst,Engineering,1.0,Level-3 (High),57102.10096206735
EMP-49168,software engineer,Finance,1.0,Level-1 (Low),182177.18456966738
EMP-45715,Project Manager,Engineering,5.0,Level-3 (High),155175.02192864788
EMP-58883,Data Analyst,Finance,3.0,Level-3 (High),128131.15789601115
EMP-98854,software engineer,Engineering,3.0,Level-1 (Low),40033.621973304835
EMP-35624,Data Analyst,Human Resources,8.0,Level-3 (High),161022.24742544
EMP-93047,Software Engineer,Marketing,1.0,Level-2 (Medium),126671.45174816868
EMP-70855,Software Engineer,Engineering,5.0,Level-2 (Medium),56443.78649919295
EMP-18877,Software Engineer,Finance,35.0,Level-3 (High),90867.69014432667
EMP-16836,software engineer,Marketing,12.0,Level-3 (High),91945.88527665538
EMP-56764,SOFTWARE ENGINEER,Engineering,3.0,MISSING,117912.98996453537
EMP-35324,Data Analyst,Marketing,1.0,Level-1 (Low),134343.1216781612
EMP-21678,data analyst,Marketing,5.0,Level-3 (High),69256.56680095833
EMP-64923,Project Manager,Human Resources,1.0,Level-1 (Low),51457.075280799836
EMP-98229,Project Manager,Finance,1.0,Level-1 (Low),138626.99267603317
EMP-31426,  Manager  ,Human Resources,5.0,Level-2 (Medium),29301.60830784754
EMP-93545,SOFTWARE ENGINEER,Human Resources,1.0,Level-2 (Medium),85372.37613629189
EMP-20042,Data Analyst,Finance,1.0,Level-1 (Low),107766.57093021486
EMP-78150,Software Engineer,Marketing,3.0,Level-1 (Low),161129.84387601333
EMP-41206,software engineer,Human Resources,99.0,Level-3 (High),65897.87647591301
EMP-82046,Project Manager,Finance,5.0,Level-1 (Low),98909.23916270491
EMP-20335,Software Engineer,Marketing,12.0,Level-2 (Medium),73210.76417117578
EMP-60007,SOFTWARE ENGINEER,Marketing,5.0,Level-2 (Medium),90042.42163531756
EMP-48057,Software Engineer,Marketing,1.0,Level-1 (Low),177553.92172535622
EMP-42034,,Engineering,,Level-1 (Low),
EMP-30425,Software Engineer,Marketing,,Level-1 (Low),96015.6711568676
EMP-73771,data analyst,Finance,5.0,MISSING,170311.10471626243
EMP-25266,Data Analyst,Human Resources,1.0,Level-3 (High),49754.335195173946
EMP-98799,Software Engineer,Engineering,-2.0,Level-3 (High),65810.93011168894
EMP-15971,Data Analyst,Marketing,3.0,Level-2 (Medium),148339.0097103351
EMP-61406,software engineer,Engineering,3.0,Level-2 (Medium),77844.53262667189
EMP-34120,Project Manager,Engineering,35.0,Level-2 (Medium),113589.70983198535
EMP-62857,Project Manager,Marketing,1.0,Level-1 (Low),128850.41694601823
EMP-63616,Software Engineer,Marketing,1.0,Level-1 (Low),82472.43203937175
EMP-79406,software engineer,Finance,35.0,Level-2 (Medium),130583.39018250105
EMP-66733,Software Engineer,Human Resources,8.0,Level-1 (Low),28367.66841878694
EMP-18084,UNKNOWN,N/A,12.0,Level-1 (Low),63386.66992075396
EMP-90193,Software Engineer,Finance,1.0,Level-1 (Low),164980.6077269897
EMP-51779,software engineer,Finance,3.0,Level-1 (Low),143625.9343626085
EMP-42049,data analyst,Finance,5.0,Level-2 (Medium),169247.6726984054
EMP-96694,data analyst,Finance,3.0,MISSING,152876.71076638746
EMP-50477,software engineer,Engineering,5.0,Level-1 (Low),68513.95572425376
EMP-80192,UNKNOWN,Marketing,5.0,Level-2 (Medium),68231.71946806181
EMP-53348,software engineer,Engineering,12.0,Level-2 (Medium),30308.10764554179
EMP-48296,Project Manager,Engineering,99.0,Level-2 (Medium),95638.28910730116
EMP-96611,  Manager  ,Engineering,1.0,MISSING,178037.0835693321
EMP-80670,SOFTWARE ENGINEER,Engineering,3.0,Level-2 (Medium),93615.28039222313
EMP-22496,Data Analyst,Human Resources,5.0,Level-2 (Medium),72336.08535338858
EMP-58858,Data Analyst,Engineering,5.0,Level-1 (Low),117898.22557231477
EMP-35959,SOFTWARE ENGINEER,Engineering,8.0,Level-1 (Low),125258.80332881508
EMP-80684,  Manager  ,Finance,35.0,Level-2 (Medium),103676.39823519572
EMP-70902,Data Analyst,Engineering,,Level-2 (Medium),168862.31688359057
EMP-18425,Project Manager,Finance,3.0,Level-3 (High),25335.234673930652
EMP-71746,SOFTWARE ENGINEER,Engineering,5.0,Level-2 (Medium),84261.21502484503
EMP-21885,data analyst,Human Resources,8.0,Level-3 (High),32007.40887837874
EMP-85837,Project Manager,Marketing,35.0,Level-3 (High),88009.74486093537
EMP-82478,Project Manager,Human Resources,1.0,Level-1 (Low),162643.00385528817
EMP-58345,software engineer,Finance,1.0,Level-2 (Medium),125137.71792728099
EMP-66218,software engineer,Marketing,8.0,Level-3 (High),115482.27957688583
EMP-86365,data analyst,Engineering,-2.0,Level-3 (High),47922.321560772616
EMP-11853,Software Engineer,Human Resources,8.0,Level-2 (Medium),52244.758235979134
EMP-57336,Project Manager,Engineering,1.0,Level-1 (Low),58758.31930857002
EMP-14327,Software Engineer,Finance,3.0,Level-1 (Low),80583.01042447226
EMP-92105,data analyst,Engineering,3.0,Level-1 (Low),107340.87164055325
EMP-79607,Data Analyst,Engineering,1.0,Level-2 (Medium),183082.90143382247
EMP-68541,Software Engineer,Engineering,,Level-2 (Medium),32158.54449691408
EMP-53154,Project Manager,Engineering,3.0,Level-2 (Medium),102735.07232448882
EMP-36023,Data Analyst,Human Resources,5.0,Level-3 (High),28458.634292906932
EMP-13262,data analyst,N/A,3.0,Level-1 (Low),140068.4377375525
EMP-40982,Data Analyst,Human Resources,3.0,Level-1 (Low),142271.37302345037
EMP-23973,Project Manager,Finance,99.0,Level-2 (Medium),62652.5702114747
EMP-30728,SOFTWARE ENGINEER,Finance,,Level-2 (Medium),86229.68240299136
EMP-64848,Data Analyst,Finance,,Level-2 (Medium),108903.63570839891
EMP-92084,Software Engineer,Finance,12.0,Level-2 (Medium),131493.27178698272
EMP-88528,SOFTWARE ENGINEER,Human Resources,1.0,Level-2 (Medium),142638.12002281455
EMP-21520,Data Analyst,Marketing,5.0,Level-3 (High),70477.9553650482
EMP-88869,Software Engineer,Engineering,3.0,Level-3 (High),108275.6251708594
EMP-30874,software engineer,Human Resources,,Level-1 (Low),120630.89239228066
EMP-92153,data analyst,Finance,8.0,Level-1 (Low),155629.982095031
EMP-55040,Data Analyst,Human Resources,3.0,Level-2 (Medium),130170.03216113566
EMP-53538,Software Engineer,Human Resources,,Level-2 (Medium),160223.78076566692
EMP-53627,Project Manager,Marketing,5.0,Level-1 (Low),152204.16205952066
EMP-95766,Data Analyst,Marketing,8.0,Level-3 (High),68417.5872542073
EMP-17165,  Manager  ,Human Resources,1.0,Level-2 (Medium),91303.65126038613
EMP-93194,Project Manager,Finance,12.0,Level-2 (Medium),149772.8682767739
EMP-56844,Software Engineer,Engineering,12.0,Level-1 (Low),61927.932719065524
EMP-64048,software engineer,Engineering,3.0,MISSING,106962.60530417434
EMP-55763,SOFTWARE ENGINEER,Marketing,35.0,Level-3 (High),106179.01769722828
EMP-15999,software engineer,Marketing,1.0,Level-3 (High),131806.32656410744
EMP-22731,software engineer,Finance,35.0,Level-2 (Medium),61528.782797189604
EMP-69053,software engineer,Marketing,3.0,Level-2 (Medium),112717.53242015449
EMP-67694,software engineer,Engineering,3.0,Level-3 (High),134818.7132089148
EMP-24909,SOFTWARE ENGINEER,Engineering,3.0,Level-2 (Medium),178023.4176197667
EMP-80716,  Manager  ,Engineering,,Level-2 (Medium),39179.98990461404
EMP-50629,software engineer,Engineering,1.0,MISSING,45983.66731653979
EMP-97210,Project Manager,Marketing,5.0,Level-1 (Low),128322.82230371135
EMP-89577,Data Analyst,Finance,12.0,Level-2 (Medium),135960.3374687168
EMP-74411,Project Manager,Finance,5.0,Level-3 (High),109063.7967481145
EMP-92568,software engineer,Marketing,5.0,Level-1 (Low),35790.72689190859
EMP-89525,software engineer,N/A,,Level-1 (Low),94419.74058378012
EMP-73545,Data Analyst,Engineering,5.0,Level-3 (High),144312.78658911068
EMP-73269,Data Analyst,Marketing,8.0,Level-2 (Medium),86627.67855520517
EMP-79827,software engineer,Engineering,5.0,Level-3 (High),54526.81067506551
EMP-30754,UNKNOWN,Marketing,35.0,Level-2 (Medium),131624.3589954945
EMP-87061,Project Manager,Engineering,5.0,Level-3 (High),100459.12044974761
EMP-92010,software engineer,N/A,8.0,Level-3 (High),60675.67029881703
EMP-92647,data analyst,Finance,-2.0,Level-1 (Low),57310.36302061827
EMP-28689,Software Engineer,Marketing,12.0,Level-2 (Medium),48931.363721691545
EMP-13064,UNKNOWN,Finance,,Level-1 (Low),45546.18790701921
EMP-57735,  Manager  ,Human Resources,3.0,Level-3 (High),158258.24258131412
EMP-68962,software engineer,Engineering,1.0,Level-2 (Medium),123127.51416312493
EMP-71595,UNKNOWN,Marketing,3.0,Level-2 (Medium),82128.94218693866
EMP-24763,SOFTWARE ENGINEER,Human Resources,5.0,Level-2 (Medium),138293.06296557712
EMP-36093,SOFTWARE ENGINEER,Engineering,1.0,Level-1 (Low),173761.44419767655
EMP-22287,SOFTWARE ENGINEER,Finance,8.0,MISSING,52676.54652958107
EMP-95679,SOFTWARE ENGINEER,Engineering,12.0,Level-2 (Medium),142133.1645512599
EMP-17427,Software Engineer,Marketing,8.0,Level-1 (Low),39467.27657984045
EMP-86475,Data Analyst,Engineering,1.0,Level-1 (Low),167291.89283868953
EMP-43484,Project Manager,Engineering,12.0,Level-3 (High),160839.72353983184
EMP-74223,Data Analyst,Engineering,3.0,Level-3 (High),36120.16827128496
EMP-99838,Software Engineer,Finance,1.0,Level-3 (High),100254.64827178836
EMP-49385,Data Analyst,Human Resources,5.0,Level-1 (Low),133998.51424930204
EMP-14661,  Manager  ,Engineering,3.0,Level-3 (High),43540.87834653715
EMP-22441,Software Engineer,Engineering,5.0,Level-2 (Medium),67237.18330866192
EMP-75171,Software Engineer,Marketing,12.0,Level-2 (Medium),119228.22182380978
EMP-62565,  Manager  ,Engineering,35.0,Level-2 (Medium),36479.47909695608
EMP-54386,Software Engineer,Engineering,5.0,Level-2 (Medium),142319.03254992052
EMP-11131,UNKNOWN,Finance,35.0,Level-1 (Low),160508.09690668635
EMP-48040,Data Analyst,Marketing,3.0,Level-1 (Low),57818.78056250058
EMP-35445,software engineer,Engineering,,Level-2 (Medium),42225.03414816616
EMP-47188,data analyst,Engineering,8.0,Level-3 (High),150733.1768038334
EMP-49892,SOFTWARE ENGINEER,Human Resources,5.0,Level-2 (Medium),82248.54730785603
EMP-44729,software engineer,Human Resources,12.0,Level-2 (Medium),47317.42305272908
EMP-69396,Data Analyst,Engineering,12.0,Level-2 (Medium),152946.7167942096
EMP-41652,UNKNOWN,Engineering,5.0,Level-1 (Low),79979.54633348808
EMP-60835,software engineer,Finance,35.0,Level-2 (Medium),138908.29998365464
EMP-73625,data analyst,Marketing,12.0,Level-3 (High),173719.91115209577
EMP-92806,Data Analyst,Engineering,1.0,Level-1 (Low),37867.78078052579
EMP-90036,software engineer,Finance,12.0,Level-1 (Low),131353.23469166385
EMP-45901,software engineer,Marketing,12.0,Level-3 (High),132477.02828523744
EMP-42099,Software Engineer,Human Resources,8.0,Level-1 (Low),155275.62333147635
EMP-61253,data analyst,Engineering,99.0,Level-2 (Medium),42894.223521899075
EMP-97488,,Engineering,5.0,Level-2 (Medium),
EMP-75377,UNKNOWN,Engineering,3.0,Level-2 (Medium),67379.53431857609
EMP-38682,Project Manager,Marketing,3.0,Level-2 (Medium),171651.08731628826
EMP-45512,Data Analyst,Finance,5.0,Level-3 (High),42897.20876681645
EMP-84588,software engineer,Engineering,3.0,MISSING,162685.86841163528
EMP-55192,Data Analyst,Human Resources,-2.0,Level-2 (Medium),42572.81381867055
EMP-37470,SOFTWARE ENGINEER,Human Resources,3.0,Level-3 (High),53327.63426995056
EMP-34123,Software Engineer,Human Resources,,Level-2 (Medium),117778.86478718171
EMP-67145,software engineer,Human Resources,3.0,Level-3 (High),121371.34148292398
EMP-52894,  Manager  ,Human Resources,1.0,Level-3 (High),50771.1828457656
EMP-57556,Software Engineer,Engineering,5.0,Level-2 (Medium),75106.36747563322
EMP-13649,UNKNOWN,Marketing,1.0,Level-1 (Low),105303.13954451596
EMP-70951,software engineer,Finance,8.0,MISSING,124094.19602461059
EMP-26052,software engineer,Marketing,1.0,Level-3 (High),64760.59183802219
EMP-88548,software engineer,Engineering,5.0,Level-2 (Medium),62462.57375538113
EMP-50112,software engineer,Engineering,8.0,Level-3 (High),160113.78127339363
EMP-83242,SOFTWARE ENGINEER,Engineering,35.0,Level-3 (High),52316.03036403064
EMP-97412,software engineer,Engineering,5.0,Level-1 (Low),147009.03110592483
EMP-84519,Data Analyst,Marketing,8.0,Level-3 (High),94934.42395952663
EMP-33997,,Finance,5.0,MISSING,
EMP-78390,software engineer,Engineering,3.0,Level-1 (Low),145198.30644094746
EMP-94592,Software Engineer,Marketing,-2.0,Level-3 (High),121310.25435323016
EMP-62382,software engineer,Engineering,1.0,Level-2 (Medium),76008.40324879903
EMP-92811,Software Engineer,Human Resources,12.0,Level-2 (Medium),62982.185634334586
EMP-92573,Data Analyst,Marketing,3.0,Level-2 (Medium),54918.299414819194
EMP-18312,Data Analyst,Engineering,1.0,Level-1 (Low),29706.702461219265
EMP-24140,Project Manager,Engineering,3.0,Level-3 (High),131305.37092172157
EMP-58617,Project Manager,Human Resources,35.0,MISSING,104075.61326441733
EMP-70314,software engineer,Engineering,8.0,Level-3 (High),118834.90442036715
EMP-35704,Software Engineer,Engineering,3.0,Level-3 (High),171517.00110612487
EMP-49033,Project Manager,Engineering,,Level-3 (High),69313.42189864813
EMP-24607,Data Analyst,N/A,5.0,Level-1 (Low),128488.78296524653
EMP-76681,Software Engineer,Human Resources,35.0,Level-3 (High),30607.598321114438
EMP-23554,  Manager  ,Marketing,3.0,Level-1 (Low),70697.61310166564
EMP-67534,Software Engineer,Human Resources,3.0,Level-1 (Low),128972.09379394789
EMP-10343,data analyst,Finance,,Level-1 (Low),153935.920033241
EMP-55856,Software Engineer,Finance,1.0,MISSING,130273.88148421097
EMP-91038,Data Analyst,Finance,8.0,Level-2 (Medium),59453.01268329247
EMP-83845,Software Engineer,Engineering,3.0,Level-2 (Medium),70027.6047003778
EMP-66733,Data Analyst,Human Resources,12.0,Level-2 (Medium),29144.0914489681
EMP-16974,Software Engineer,Finance,3.0,Level-1 (Low),47116.488974666645
EMP-67429,Data Analyst,Engineering,8.0,Level-1 (Low),30121.299590703038
EMP-63183,software engineer,Marketing,3.0,Level-3 (High),160004.59731324544
EMP-44993,software engineer,Engineering,8.0,Level-1 (Low),143673.97571387223
EMP-27717,software engineer,N/A,1.0,Level-1 (Low),178480.40849220532
EMP-69585,Software Engineer,Engineering,3.0,Level-1 (Low),138019.6861521877
EMP-68773,Data Analyst,Marketing,35.0,Level-2 (Medium),166803.30538384742
EMP-59235,Software Engineer,Engineering,35.0,Level-2 (Medium),33458.61896241399
EMP-33752,SOFTWARE ENGINEER,Finance,3.0,Level-3 (High),69212.68260159183
EMP-98204,software engineer,Human Resources,5.0,Level-2 (Medium),86586.6152663342
EMP-97138,Data Analyst,Finance,1.0,Level-3 (High),42552.697183949975
EMP-16977,software engineer,Engineering,5.0,Level-2 (Medium),161748.01047872961
EMP-59839,Software Engineer,N/A,35.0,Level-2 (Medium),65777.26881120374
EMP-35556,data analyst,Human Resources,1.0,Level-1 (Low),164292.63378574917
EMP-85060,SOFTWARE ENGINEER,N/A,99.0,Level-2 (Medium),126213.81589913656
EMP-16331,Project Manager,Engineering,3.0,Level-2 (Medium),164233.76211157566
EMP-82401,Data Analyst,Marketing,1.0,Level-2 (Medium),40531.031217307485
EMP-18172,Project Manager,Human Resources,35.0,Level-2 (Medium),126859.237761273
EMP-86499,Software Engineer,Engineering,12.0,Level-2 (Medium),44123.49878819022
EMP-61133,Software Engineer,Marketing,3.0,Level-2 (Medium),157490.910054897
EMP-47011,UNKNOWN,Marketing,35.0,Level-3 (High),123989.01756311514
EMP-19974,software engineer,Engineering,3.0,Level-3 (High),53538.37374002977
EMP-10882,UNKNOWN,Finance,35.0,Level-2 (Medium),131579.62228733653
EMP-18861,Data Analyst,Finance,8.0,Level-2 (Medium),142562.04897606475
EMP-29414,software engineer,Engineering,5.0,Level-3 (High),50275.98372706857
EMP-65082,Data Analyst,Engineering,3.0,Level-1 (Low),35300.78860888356
EMP-94562,SOFTWARE ENGINEER,Marketing,8.0,Level-2 (Medium),72117.79856621951
EMP-45866,Project Manager,Finance,3.0,Level-2 (Medium),139137.1523245538
EMP-68911,software engineer,Engineering,3.0,Level-2 (Medium),68612.93648275116
EMP-56061,Data Analyst,Engineering,,Level-2 (Medium),54498.57876131755
EMP-93028,software engineer,Marketing,1.0,Level-3 (High),93316.40661176553
EMP-48587,SOFTWARE ENGINEER,Human Resources,3.0,Level-1 (Low),68759.762901991
EMP-12945,Project Manager,Human Resources,99.0,Level-2 (Medium),143829.02379441314
EMP-62610,UNKNOWN,Engineering,35.0,Level-1 (Low),41662.01785190696
EMP-83607,software engineer,Marketing,35.0,Level-2 (Medium),64843.257479318214
EMP-50980,  Manager  ,Engineering,1.0,Level-3 (High),32618.149388724778
EMP-95166,software engineer,Engineering,5.0,Level-3 (High),83669.09026121165
EMP-80922,Project Manager,Finance,5.0,Level-1 (Low),76205.36084241359
EMP-83166,Data Analyst,Marketing,,Level-2 (Medium),72415.08969212894
EMP-21180,UNKNOWN,Engineering,1.0,Level-2 (Medium),87064.39438186612
EMP-95986,software engineer,Marketing,3.0,Level-2 (Medium),70300.65195229156
EMP-20188,data analyst,Human Resources,8.0,Level-2 (Medium),75150.26515869334
EMP-30571,Project Manager,Engineering,8.0,Level-2 (Medium),115684.26710415608
EMP-48067,Software Engineer,Marketing,5.0,Level-3 (High),39371.6648047822
EMP-12905,UNKNOWN,Engineering,12.0,Level-2 (Medium),82826.81076528922
EMP-84248,Data Analyst,Engineering,3.0,Level-3 (High),122216.0836307798
EMP-98976,software engineer,Human Resources,8.0,Level-2 (Medium),142031.31959863333
EMP-21167,software engineer,Marketing,12.0,Level-2 (Medium),163080.90834648345
EMP-77458,data analyst,Finance,5.0,Level-1 (Low),52484.64209040074
EMP-95292,UNKNOWN,Finance,3.0,Level-1 (Low),75088.21466326938
EMP-19279,data analyst,Finance,1.0,Level-1 (Low),162784.98811130927
EMP-47436,SOFTWARE ENGINEER,Finance,3.0,Level-1 (Low),162290.84814445532
EMP-75433,software engineer,Marketing,8.0,Level-2 (Medium),171491.97344803973
EMP-39016,data analyst,Marketing,35.0,Level-2 (Medium),172123.66676074464
EMP-78476,software engineer,Engineering,8.0,Level-2 (Medium),45020.76128256494
EMP-32904,Project Manager,Engineering,8.0,Level-1 (Low),179066.3194924139
EMP-36836,Software Engineer,Engineering,35.0,Level-3 (High),71261.20986066935
EMP-65686,  Manager  ,Finance,35.0,Level-2 (Medium),87391.1659942372
EMP-55088,software engineer,Engineering,8.0,Level-3 (High),45150.02954276172
EMP-40018,Software Engineer,Engineering,,Level-2 (Medium),146642.17481762165
EMP-25619,Software Engineer,Engineering,12.0,Level-2 (Medium),109546.77864436973
EMP-63634,data analyst,Marketing,5.0,Level-1 (Low),50191.21020588676
EMP-28871,software engineer,Engineering,1.0,Level-3 (High),139990.97585964462
EMP-68051,data analyst,Finance,1.0,Level-2 (Medium),136216.89662770618
EMP-23903,Software Engineer,Engineering,35.0,Level-2 (Medium),34880.666679187605
EMP-29572,Software Engineer,Marketing,5.0,Level-2 (Medium),120413.0858831917
EMP-23435,Data Analyst,Engineering,5.0,Level-1 (Low),171064.16930526483
EMP-99666,Project Manager,Marketing,,Level-1 (Low),128438.23631810401
EMP-66805,Project Manager,Engineering,5.0,Level-1 (Low),61059.34952711339
EMP-83097,Software Engineer,Marketing,35.0,Level-3 (High),72823.8137274305
EMP-55028,,Engineering,1.0,Level-3 (High),
EMP-40047,Data Analyst,N/A,8.0,Level-1 (Low),61106.49082658526
EMP-13239,,Finance,,Level-2 (Medium),
EMP-66075,  Manager  ,N/A,8.0,Level-2 (Medium),105552.63812634481
EMP-46079,Project Manager,Engineering,5.0,Level-3 (High),141062.50016050454
EMP-57060,software engineer,N/A,1.0,MISSING,133778.38145067182
EMP-28138,Software Engineer,Human Resources,5.0,Level-1 (Low),100297.00840490923
EMP-81193,data analyst,Human Resources,35.0,Level-2 (Medium),120504.23833524395
EMP-46551,software engineer,Finance,1.0,Level-2 (Medium),28888.313152161907
EMP-42497,SOFTWARE ENGINEER,Engineering,8.0,Level-3 (High),162371.24369397335
EMP-86268,SOFTWARE ENGINEER,Human Resources,35.0,Level-2 (Medium),112929.53694902561
EMP-34278,software engineer,Engineering,1.0,Level-3 (High),145236.91167157592
EMP-42158,Software Engineer,Engineering,-2.0,Level-3 (High),34817.64278899119
EMP-12124,Data Analyst,Marketing,12.0,Level-2 (Medium),97545.76300332762
EMP-17097,Software Engineer,Finance,3.0,Level-2 (Medium),44585.42199308584
EMP-34067,software engineer,Human Resources,3.0,Level-2 (Medium),53705.195163113065
EMP-37985,data analyst,Marketing,5.0,Level-2 (Medium),94798.97461786495
EMP-24722,Project Manager,Finance,3.0,Level-2 (Medium),122423.584068818
EMP-72095,software engineer,Finance,1.0,Level-3 (High),181220.9228795439
EMP-44371,software engineer,Marketing,3.0,Level-2 (Medium),163150.79892495292
EMP-86732,  Manager  ,Human Resources,3.0,Level-3 (High),142578.358184324
EMP-48065,Software Engineer,Engineering,35.0,Level-1 (Low),50281.936204689264
EMP-42987,SOFTWARE ENGINEER,Engineering,1.0,Level-3 (High),152441.3032536193
EMP-93802,software engineer,Engineering,35.0,Level-3 (High),107839.0383105309
EMP-25625,SOFTWARE ENGINEER,Engineering,8.0,Level-1 (Low),126766.27699634877
EMP-79397,Software Engineer,Marketing,3.0,Level-3 (High),120666.8232473232
EMP-68647,Software Engineer,Engineering,5.0,Level-2 (Medium),84636.38764746106
EMP-37367,SOFTWARE ENGINEER,Human Resources,3.0,Level-2 (Medium),99573.7711099634
EMP-32061,software engineer,Human Resources,12.0,Level-3 (High),123710.06694433403
EMP-12470,UNKNOWN,Finance,8.0,Level-3 (High),81820.53770602886
EMP-95901,,Marketing,8.0,Level-2 (Medium),
EMP-77613,SOFTWARE ENGINEER,Engineering,5.0,Level-2 (Medium),72287.84757794943
EMP-71933,software engineer,Marketing,35.0,Level-1 (Low),61657.0883605452
EMP-77328,SOFTWARE ENGINEER,Human Resources,8.0,Level-2 (Medium),85821.6537579916
EMP-59057,Data Analyst,Engineering,3.0,Level-1 (Low),142915.3932907778
EMP-74850,Software Engineer,Engineering,5.0,Level-2 (Medium),54477.13838519204
EMP-59583,SOFTWARE ENGINEER,Finance,,Level-2 (Medium),66625.88193905953
EMP-87822,software engineer,Finance,35.0,MISSING,76753.73228844348
EMP-17874,software engineer,N/A,8.0,Level-3 (High),75471.2249703964
EMP-67383,Data Analyst,N/A,12.0,Level-2 (Medium),119762.79800033147
EMP-58775,SOFTWARE ENGINEER,Marketing,1.0,Level-1 (Low),149235.61761972788
EMP-36616,data analyst,Engineering,3.0,Level-1 (Low),135515.49380819866
EMP-65129,software engineer,Engineering,8.0,Level-2 (Medium),65836.79546492838
EMP-19035,Data Analyst,Human Resources,1.0,Level-3 (High),88417.47352876306
EMP-70776,data analyst,Finance,5.0,Level-2 (Medium),52709.40419648944
EMP-15548,Data Analyst,Engineering,-2.0,Level-3 (High),140091.64128815717
EMP-46454,software engineer,Finance,1.0,Level-3 (High),173803.57462651248
EMP-76527,  Manager  ,Engineering,,Level-3 (High),120294.20034004199
EMP-44225,Software Engineer,N/A,3.0,Level-3 (High),100727.44618073502
EMP-76378,Software Engineer,Engineering,35.0,Level-3 (High),113883.82665994823
EMP-95032,Software Engineer,Finance,8.0,Level-3 (High),62437.924786002215
EMP-13079,Software Engineer,Finance,5.0,Level-3 (High),45049.386055509895
EMP-55434,software engineer,Marketing,1.0,Level-2 (Medium),35886.3400936262
EMP-14082,Project Manager,Human Resources,8.0,Level-1 (Low),40925.026086706035
EMP-82261,data analyst,N/A,35.0,Level-2 (Medium),25112.73570932305
EMP-72286,Software Engineer,Engineering,3.0,MISSING,130101.25248805569
EMP-94867,UNKNOWN,Marketing,1.0,Level-2 (Medium),39837.92817213606
EMP-87284,UNKNOWN,Engineering,5.0,Level-3 (High),26197.22341357738
EMP-55686,Software Engineer,Engineering,1.0,Level-1 (Low),103724.64740597902
EMP-11892,data analyst,Engineering,1.0,Level-2 (Medium),170044.77871965166
EMP-15129,Software Engineer,Engineering,3.0,Level-1 (Low),151634.37755588
EMP-75085,Data Analyst,Human Resources,,MISSING,51858.43309857173
EMP-84260,data analyst,Engineering,8.0,MISSING,102597.14939477223
EMP-12320,Software Engineer,Engineering,1.0,Level-2 (Medium),168764.36686590096
EMP-96106,Software Engineer,Marketing,8.0,Level-1 (Low),111849.08302881084
EMP-18384,software engineer,Engineering,3.0,Level-2 (Medium),138129.24577862868
EMP-90799,Project Manager,Finance,3.0,Level-2 (Medium),76389.89217447647
EMP-27204,Data Analyst,Engineering,3.0,Level-2 (Medium),110584.03563542254
EMP-25460,Software Engineer,Human Resources,5.0,Level-2 (Medium),164818.8628290648
EMP-12039,Software Engineer,Marketing,35.0,Level-1 (Low),66937.9452028959
EMP-35384,Data Analyst,Engineering,1.0,Level-2 (Medium),77397.52325109602
EMP-84246,software engineer,Engineering,,Level-2 (Medium),151964.35506978477
EMP-94748,SOFTWARE ENGINEER,Marketing,1.0,Level-2 (Medium),152282.10952390067
EMP-61712,  Manager  ,Marketing,12.0,MISSING,98821.75094554262
EMP-31612,  Manager  ,Finance,3.0,Level-2 (Medium),164357.32428773434
EMP-98609,data analyst,Finance,3.0,Level-3 (High),48038.43737263452
EMP-27656,Data Analyst,Marketing,5.0,Level-3 (High),157096.7937340424
EMP-63820,software engineer,Human Resources,3.0,Level-2 (Medium),80072.20211234258
EMP-65423,Software Engineer,Finance,1.0,Level-3 (High),83495.25632531037
EMP-79270,Project Manager,Engineering,1.0,Level-1 (Low),35696.39313870269
EMP-74634,  Manager  ,Engineering,35.0,Level-1 (Low),30192.857428755247
EMP-13745,data analyst,Engineering,1.0,Level-1 (Low),34577.377000163324
EMP-65123,Software Engineer,Engineering,35.0,Level-2 (Medium),85664.99974494879
EMP-45103,software engineer,Marketing,,Level-1 (Low),67112.7230667593
EMP-89108,  Manager  ,Engineering,1.0,Level-2 (Medium),109185.1243170566
EMP-75288,software engineer,Finance,5.0,Level-3 (High),80974.76314548691
EMP-70246,software engineer,Engineering,8.0,Level-1 (Low),110890.03306862
EMP-91556,data analyst,Engineering,35.0,Level-2 (Medium),125335.52816206455
EMP-31969,Data Analyst,Marketing,5.0,Level-2 (Medium),29609.384912293935
EMP-91783,Software Engineer,Engineering,5.0,Level-3 (High),145565.27684439073
EMP-77673,software engineer,Marketing,3.0,Level-3 (High),39272.773401797065
EMP-44124,  Manager  ,Human Resources,3.0,Level-2 (Medium),30398.48344804419
EMP-22804,software engineer,N/A,1.0,Level-1 (Low),75320.90207681805
EMP-57640,Data Analyst,Engineering,3.0,Level-2 (Medium),88906.50233754344
EMP-79134,,Engineering,3.0,Level-2 (Medium),
EMP-76263,UNKNOWN,Engineering,-2.0,Level-2 (Medium),51728.68727948359
EMP-47186,software engineer,Human Resources,1.0,Level-3 (High),59832.401222640554
EMP-13013,Software Engineer,Engineering,5.0,Level-2 (Medium),94471.60528078768
EMP-10926,data analyst,Marketing,1.0,Level-1 (Low),119338.0941464634
EMP-19289,UNKNOWN,Human Resources,5.0,Level-1 (Low),100656.25554714257
EMP-17354,data analyst,N/A,,Level-3 (High),44253.071682385445
EMP-21132,software engineer,Human Resources,5.0,Level-2 (Medium),161324.87844106834
EMP-56629,data analyst,Finance,3.0,Level-3 (High),131877.67840689418
EMP-18531,Project Manager,Finance,3.0,Level-1 (Low),183800.41540395742
EMP-96350,Software Engineer,Marketing,8.0,MISSING,43601.822421212244
EMP-38656,Software Engineer,Engineering,5.0,MISSING,145707.12671041928
EMP-68261,Project Manager,Engineering,3.0,Level-1 (Low),105540.87389560392
EMP-54550,Project Manager,Engineering,35.0,Level-3 (High),87385.18499969336
EMP-93367,Software Engineer,Engineering,5.0,Level-1 (Low),103621.23848318656
EMP-56884,SOFTWARE ENGINEER,Finance,,Level-1 (Low),111402.0616219296
EMP-34158,UNKNOWN,Engineering,8.0,Level-1 (Low),90981.64229484057
EMP-30276,Project Manager,Marketing,35.0,Level-1 (Low),139345.69667026267
EMP-94864,Data Analyst,Finance,8.0,Level-1 (Low),68850.4090832349
EMP-38635,software engineer,Finance,1.0,Level-2 (Medium),31118.530783043196
EMP-97993,UNKNOWN,Engineering,8.0,Level-2 (Medium),36813.25051538753
EMP-58326,data analyst,Human Resources,3.0,Level-2 (Medium),89431.7259325484
EMP-39842,data analyst,Finance,5.0,Level-2 (Medium),172668.6634405215
EMP-47405,software engineer,Engineering,35.0,Level-1 (Low),25062.200108654906
EMP-18807,data analyst,Engineering,8.0,Level-2 (Medium),141088.02919512568
EMP-79770,SOFTWARE ENGINEER,Finance,1.0,Level-2 (Medium),78894.19325831805
EMP-71302,Software Engineer,Engineering,,Level-1 (Low),98762.43904790274
EMP-10752,  Manager  ,Engineering,8.0,Level-3 (High),56237.53552762569
EMP-46596,Data Analyst,Human Resources,8.0,Level-1 (Low),51430.62097275415
EMP-56858,data analyst,N/A,3.0,Level-1 (Low),130425.14123395996
EMP-38446,Software Engineer,N/A,1.0,Level-1 (Low),49583.272933991335
EMP-23015,Data Analyst,N/A,5.0,Level-3 (High),149872.21394335627
EMP-90894,Software Engineer,Engineering,12.0,Level-1 (Low),62584.673087972435
EMP-77102,SOFTWARE ENGINEER,Finance,8.0,Level-1 (Low),52768.60598644216
EMP-86973,Software Engineer,Marketing,3.0,Level-3 (High),131469.71360608476
EMP-12080,  Manager  ,Finance,3.0,Level-3 (High),138974.28279458388
EMP-55410,software engineer,Finance,1.0,Level-2 (Medium),95748.87817971216
EMP-11968,Data Analyst,Marketing,3.0,Level-2 (Medium),169007.83914267682
EMP-88059,Data Analyst,Engineering,99.0,Level-1 (Low),95004.39156484777
EMP-63458,Data Analyst,Human Resources,8.0,Level-2 (Medium),59690.145471412136
EMP-90581,UNKNOWN,Engineering,1.0,Level-1 (Low),38324.62804375485
EMP-48556,Software Engineer,Engineering,3.0,Level-3 (High),59882.26937763628
EMP-89091,SOFTWARE ENGINEER,Engineering,35.0,Level-1 (Low),145894.63640776806
EMP-77797,SOFTWARE ENGINEER,Finance,12.0,Level-1 (Low),171184.94953986915
EMP-50079,Software Engineer,Finance,12.0,Level-3 (High),145246.07121525315
EMP-11786,Data Analyst,Marketing,5.0,Level-3 (High),55735.531759668855
EMP-99551,  Manager  ,Engineering,1.0,Level-1 (Low),119031.3916979774
EMP-48735,SOFTWARE ENGINEER,Finance,1.0,Level-3 (High),89083.12865697723
EMP-68594,software engineer,Engineering,12.0,Level-1 (Low),174538.99452286793
EMP-51876,Software Engineer,Engineering,1.0,Level-1 (Low),60129.76929796814
EMP-62541,Data Analyst,Engineering,5.0,Level-1 (Low),70968.08307165906
EMP-44187,Software Engineer,Human Resources,12.0,MISSING,173493.02775877182
EMP-52337,Data Analyst,Finance,1.0,MISSING,183105.2551310893
EMP-59153,Project Manager,Engineering,8.0,Level-1 (Low),50732.78835788095
EMP-21596,Data Analyst,Finance,1.0,Level-2 (Medium),163618.5929759107
EMP-38542,SOFTWARE ENGINEER,Finance,5.0,Level-2 (Medium),85846.11270500913
EMP-18030,software engineer,Finance,1.0,Level-2 (Medium),170419.06557609656
EMP-11352,software engineer,Marketing,3.0,Level-2 (Medium),101228.86892871361
EMP-65130,software engineer,Human Resources,8.0,Level-2 (Medium),164569.06061899505
EMP-72569,data analyst,Finance,3.0,Level-3 (High),42921.54715900791
EMP-76063,Software Engineer,Engineering,12.0,Level-2 (Medium),170240.38250772035
EMP-49626,Software Engineer,N/A,12.0,Level-1 (Low),135413.06957090058
EMP-82942,SOFTWARE ENGINEER,Engineering,3.0,Level-1 (Low),150902.77003290877
EMP-51437,SOFTWARE ENGINEER,N/A,5.0,Level-1 (Low),26197.74094192584
EMP-43982,  Manager  ,Engineering,1.0,Level-2 (Medium),139318.91910972632
EMP-52258,Software Engineer,Engineering,12.0,Level-1 (Low),152308.2094520059
EMP-48814,Data Analyst,Engineering,1.0,Level-2 (Medium),70772.4862949335
EMP-98686,Project Manager,Finance,1.0,Level-2 (Medium),82101.79601890083
EMP-70214,software engineer,Engineering,1.0,Level-2 (Medium),92128.59500000747
EMP-64667,Data Analyst,Human Resources,3.0,Level-2 (Medium),78921.35567005759
EMP-95557,Software Engineer,Finance,5.0,Level-2 (Medium),90485.39493211336
EMP-23401,software engineer,Engineering,,Level-3 (High),78006.72280755675
EMP-45606,Software Engineer,Human Resources,3.0,Level-3 (High),55279.35285683333
EMP-74702,SOFTWARE ENGINEER,Engineering,99.0,Level-1 (Low),132702.81876209186
EMP-82551,Data Analyst,Engineering,3.0,Level-2 (Medium),127473.82080348149
EMP-11322,Data Analyst,Finance,3.0,Level-3 (High),177188.90779926124
EMP-73989,software engineer,N/A,3.0,Level-3 (High),102020.39134234024
EMP-78173,  Manager  ,N/A,3.0,Level-3 (High),72871.38630409185
EMP-77129,data analyst,Engineering,99.0,Level-1 (Low),85298.58669279565
EMP-87462,Project Manager,Engineering,8.0,Level-3 (High),99715.96869714228
EMP-76118,data analyst,Engineering,3.0,Level-2 (Medium),182875.1934632271
EMP-90414,data analyst,Engineering,5.0,Level-2 (Medium),67418.18290372727
EMP-67864,software engineer,Finance,1.0,Level-1 (Low),119387.52216788215
EMP-28902,Project Manager,N/A,8.0,Level-3 (High),90432.53897907573
EMP-21738,UNKNOWN,Engineering,1.0,Level-3 (High),41298.92504568785
EMP-57255,software engineer,Engineering,5.0,Level-2 (Medium),101539.81586772682
EMP-74152,SOFTWARE ENGINEER,Marketing,5.0,Level-3 (High),112009.02526831393
EMP-60359,UNKNOWN,Finance,35.0,Level-2 (Medium),137786.36793795924
EMP-92296,Software Engineer,Engineering,3.0,Level-2 (Medium),172781.669039333
EMP-67818,software engineer,N/A,5.0,Level-3 (High),157367.2445990275
EMP-76053,Project Manager,Engineering,8.0,Level-1 (Low),122174.81279146616
EMP-23767,Project Manager,Marketing,8.0,Level-3 (High),79963.36772685043
EMP-32134,Data Analyst,Engineering,5.0,Level-1 (Low),28516.07772326952
EMP-69464,Software Engineer,Finance,8.0,Level-3 (High),27126.5465563377
EMP-66364,SOFTWARE ENGINEER,Finance,3.0,Level-1 (Low),162573.02859616966
EMP-15708,  Manager  ,Marketing,5.0,Level-3 (High),131670.21390075015
EMP-43586,data analyst,Finance,12.0,Level-2 (Medium),97991.99640495605
EMP-98216,Data Analyst,Finance,1.0,Level-2 (Medium),105559.07852827117
EMP-12727,data analyst,Engineering,-2.0,Level-2 (Medium),116728.28757102872
EMP-40054,software engineer,Marketing,3.0,Level-3 (High),52815.081655028065
EMP-16906,Data Analyst,Engineering,8.0,Level-2 (Medium),142288.27481520432
EMP-34955,SOFTWARE ENGINEER,Engineering,3.0,Level-2 (Medium),51812.83866985204
EMP-49494,Software Engineer,N/A,99.0,Level-2 (Medium),40484.943740915754
EMP-55226,SOFTWARE ENGINEER,Engineering,35.0,Level-2 (Medium),152360.63119944392
EMP-49321,UNKNOWN,Finance,5.0,Level-3 (High),37999.40120177207
EMP-62451,Software Engineer,Human Resources,5.0,Level-3 (High),34617.80755312155
EMP-39222,Data Analyst,Finance,3.0,Level-2 (Medium),133184.54351550672
EMP-76399,software engineer,Finance,5.0,Level-2 (Medium),117331.1884595071
EMP-64804,data analyst,Engineering,1.0,Level-3 (High),30002.928890950643
EMP-96434,SOFTWARE ENGINEER,Human Resources,3.0,Level-1 (Low),145018.88368715998
EMP-36699,  Manager  ,N/A,8.0,Level-3 (High),114224.5836549033
EMP-10683,  Manager  ,Human Resources,,Level-2 (Medium),167185.81645104516
EMP-50924,data analyst,Engineering,3.0,Level-2 (Medium),37225.91787905971
EMP-22969,software engineer,Engineering,8.0,Level-1 (Low),72249.1359753393
EMP-35410,UNKNOWN,Engineering,3.0,Level-1 (Low),145203.4204742637
EMP-52947,software engineer,Engineering,,Level-1 (Low),175886.25835257
EMP-74723,,Marketing,8.0,Level-2 (Medium),
EMP-21423,software engineer,Finance,8.0,Level-3 (High),177369.80597627346
EMP-26467,SOFTWARE ENGINEER,Engineering,-2.0,Level-1 (Low),92615.76575674866
EMP-98562,Project Manager,Engineering,1.0,Level-2 (Medium),36932.02915571275
EMP-74146,Software Engineer,Finance,12.0,Level-2 (Medium),50455.047632945134
EMP-88799,data analyst,Engineering,1.0,Level-2 (Medium),94347.44954924281
EMP-25620,Software Engineer,Engineering,5.0,Level-2 (Medium),175400.54769185753
EMP-81591,SOFTWARE ENGINEER,Engineering,3.0,Level-3 (High),68421.53822911487
EMP-72124,Data Analyst,Engineering,8.0,MISSING,157364.17570464258
EMP-40317,software engineer,Finance,8.0,Level-3 (High),176323.24345722384
EMP-13124,Software Engineer,Marketing,5.0,Level-3 (High),83464.67370064202
EMP-75833,,Finance,5.0,Level-3 (High),
EMP-31322,Project Manager,Engineering,5.0,Level-3 (High),143983.4720787101
EMP-95216,,Engineering,1.0,Level-3 (High),
EMP-98458,,Engineering,3.0,Level-1 (Low),
EMP-94855,,Finance,3.0,Level-3 (High),
EMP-89674,SOFTWARE ENGINEER,Finance,5.0,Level-2 (Medium),102774.099610544
EMP-89303,software engineer,Engineering,12.0,Level-2 (Medium),149687.7228323726
EMP-47664,Project Manager,Engineering,1.0,Level-1 (Low),43541.90810179248
EMP-79367,,Engineering,3.0,Level-1 (Low),
EMP-15151,Software Engineer,Marketing,3.0,Level-3 (High),43448.72441049045
EMP-63799,Project Manager,Engineering,,Level-2 (Medium),141892.7541888632
EMP-13310,UNKNOWN,Engineering,5.0,Level-3 (High),66354.10790163724
EMP-12297,UNKNOWN,Finance,3.0,Level-3 (High),56991.3704997076
EMP-51278,data analyst,Human Resources,8.0,Level-2 (Medium),65179.07152088916
EMP-33184,SOFTWARE ENGINEER,Marketing,8.0,Level-3 (High),157288.88654219283
EMP-84292,data analyst,Engineering,1.0,Level-3 (High),172137.7801393628
EMP-49762,Data Analyst,Finance,1.0,Level-2 (Medium),141854.2674583025
EMP-65328,Data Analyst,Finance,1.0,Level-3 (High),35752.6329265599
EMP-73677,Software Engineer,Marketing,1.0,Level-3 (High),123400.1370054275
EMP-15338,Data Analyst,Human Resources,1.0,MISSING,70813.35881649119
EMP-78650,data analyst,Human Resources,3.0,Level-1 (Low),97805.73018495101
EMP-40158,  Manager  ,N/A,1.0,Level-1 (Low),136765.45899451128
EMP-42228,UNKNOWN,Marketing,,Level-1 (Low),92963.38981953172
EMP-12364,UNKNOWN,Engineering,99.0,Level-2 (Medium),98066.03749026968
EMP-21836,Project Manager,Engineering,12.0,Level-2 (Medium),60598.95157577364
EMP-99136,software engineer,Engineering,5.0,Level-1 (Low),118097.82010642346
EMP-46231,Data Analyst,Marketing,12.0,Level-1 (Low),44341.70730601865
EMP-68204,Data Analyst,Finance,3.0,Level-2 (Medium),80425.67986471343
EMP-46380,Project Manager,Marketing,99.0,Level-1 (Low),145688.03230581502
EMP-73181,Software Engineer,N/A,12.0,Level-1 (Low),126026.6870216099
EMP-68293,Data Analyst,Marketing,5.0,Level-2 (Medium),114532.5581458596
EMP-41662,Software Engineer,Engineering,8.0,Level-1 (Low),81472.89359522701
EMP-98597,Software Engineer,Engineering,3.0,MISSING,30029.722447694345
EMP-61179,software engineer,Finance,35.0,Level-2 (Medium),167858.21992681472
EMP-20050,UNKNOWN,Marketing,,Level-1 (Low),170028.150851288
EMP-62740,SOFTWARE ENGINEER,Finance,12.0,Level-1 (Low),47570.58345682571
EMP-99066,data analyst,Engineering,1.0,Level-2 (Medium),104272.34675836284
EMP-44179,UNKNOWN,Human Resources,,Level-2 (Medium),41911.860301441615
EMP-57568,software engineer,Marketing,3.0,Level-2 (Medium),151405.73426953529
EMP-89830,software engineer,Marketing,1.0,Level-2 (Medium),137952.60007642026
EMP-42048,Software Engineer,Engineering,35.0,Level-1 (Low),56462.98500413302
EMP-25878,software engineer,Engineering,-2.0,Level-2 (Medium),104221.28361203974
EMP-47908,  Manager  ,Engineering,5.0,Level-1 (Low),133220.15946436964
EMP-13089,Software Engineer,Finance,8.0,Level-2 (Medium),180815.04327193234
EMP-40263,data analyst,Engineering,1.0,Level-2 (Medium),106124.26607777111
EMP-27982,software engineer,Engineering,5.0,Level-3 (High),163888.06677275233
EMP-14067,SOFTWARE ENGINEER,Marketing,8.0,Level-3 (High),46224.26591907608
EMP-65951,software engineer,Engineering,35.0,Level-3 (High),181118.72324993892
EMP-40715,software engineer,Marketing,,Level-2 (Medium),48224.79515809524
EMP-96486,,Finance,3.0,MISSING,
EMP-32477,Project Manager,Engineering,5.0,MISSING,59442.171232435416
EMP-95446,Project Manager,Marketing,-2.0,Level-2 (Medium),125788.21516860204
EMP-87902,software engineer,Engineering,5.0,Level-2 (Medium),150887.73607444103
EMP-53575,SOFTWARE ENGINEER,Finance,35.0,Level-1 (Low),51505.43009218776
EMP-70967,Software Engineer,Engineering,5.0,Level-2 (Medium),89649.33999421932
EMP-14242,Software Engineer,Engineering,8.0,MISSING,53130.55598705329
EMP-24928,software engineer,N/A,8.0,Level-3 (High),181776.98977618385
EMP-86582,software engineer,Marketing,3.0,Level-1 (Low),148035.61741376747
EMP-84864,software engineer,Engineering,1.0,MISSING,156267.58310294183
EMP-99303,software engineer,Engineering,1.0,Level-1 (Low),71682.458223028
EMP-55351,Software Engineer,Engineering,12.0,Level-1 (Low),98243.30590311685
EMP-57621,data analyst,Marketing,12.0,Level-3 (High),49444.788890753305
EMP-48446,software engineer,Human Resources,3.0,Level-3 (High),170061.04911456752
EMP-99069,Project Manager,Marketing,8.0,Level-3 (High),69577.61961252002
EMP-53505,Data Analyst,Engineering,5.0,Level-2 (Medium),141283.285105329
EMP-84755,UNKNOWN,Engineering,,Level-2 (Medium),140085.92755319522
EMP-23466,data analyst,Engineering,5.0,Level-1 (Low),55350.87352669089
EMP-12646,Data Analyst,Marketing,3.0,Level-1 (Low),68605.75395356491
EMP-41513,Data Analyst,Engineering,8.0,Level-3 (High),175136.6922963146
EMP-91129,data analyst,Finance,1.0,Level-2 (Medium),159286.41252573355
EMP-42877,Software Engineer,Finance,1.0,Level-2 (Medium),173639.8299365177
EMP-67488,  Manager  ,Finance,5.0,Level-3 (High),94659.69886500361
EMP-72645,UNKNOWN,Finance,35.0,Level-1 (Low),44177.035196145305
EMP-79458,Software Engineer,Engineering,12.0,Level-2 (Medium),43927.509211471726
EMP-31712,software engineer,Marketing,3.0,Level-3 (High),32323.078383560696
EMP-71783,Project Manager,Human Resources,35.0,Level-3 (High),149491.7994374736
EMP-38420,  Manager  ,Finance,3.0,Level-2 (Medium),87897.30521473303
EMP-20693,Software Engineer,Human Resources,35.0,Level-2 (Medium),84863.64995058693
EMP-22172,Data Analyst,Marketing,35.0,Level-1 (Low),118382.16511339539
EMP-67311,Software Engineer,Engineering,35.0,Level-1 (Low),25143.79662732031
EMP-48318,software engineer,Engineering,8.0,Level-2 (Medium),122227.69453909583
EMP-53869,software engineer,Finance,8.0,Level-2 (Medium),148206.97008500493
EMP-11709,software engineer,Finance,8.0,Level-2 (Medium),179398.92993540928
EMP-58398,UNKNOWN,Engineering,5.0,Level-3 (High),42086.169789163214
EMP-74095,Software Engineer,Engineering,3.0,Level-3 (High),39455.36570003579
EMP-24843,Data Analyst,Finance,1.0,Level-3 (High),38408.93450473075
EMP-26994,Software Engineer,Engineering,1.0,Level-2 (Medium),68280.11345044766
EMP-73491,Software Engineer,Engineering,35.0,Level-3 (High),73181.87214878704
EMP-35234,Software Engineer,Marketing,3.0,Level-2 (Medium),182460.31290995894
EMP-52272,software engineer,Marketing,1.0,Level-3 (High),62412.45751578161
EMP-44509,Project Manager,N/A,1.0,Level-2 (Medium),55587.95912008955
EMP-89137,Software Engineer,Finance,5.0,Level-3 (High),139935.8084641361
EMP-45113,SOFTWARE ENGINEER,Engineering,12.0,Level-2 (Medium),135127.71200113534
EMP-69595,Project Manager,Finance,35.0,Level-2 (Medium),72694.33577354041
EMP-69543,  Manager  ,Marketing,35.0,Level-2 (Medium),30819.582007948527
EMP-64299,Data Analyst,Engineering,8.0,Level-1 (Low),30388.356915522207
EMP-43547,Software Engineer,Finance,1.0,Level-1 (Low),136096.66094178316
EMP-98418,UNKNOWN,Marketing,3.0,Level-2 (Medium),162372.76721835847
EMP-29884,data analyst,Marketing,3.0,Level-1 (Low),26503.14634947346
EMP-35513,Software Engineer,Engineering,5.0,Level-1 (Low),90403.4987858056
EMP-16445,  Manager  ,Engineering,5.0,Level-3 (High),84021.24964155306
EMP-65438,Software Engineer,Marketing,5.0,Level-2 (Medium),80804.8835907196
EMP-80386,Software Engineer,Human Resources,3.0,Level-2 (Medium),101663.00328547106
EMP-78651,Project Manager,Engineering,8.0,Level-2 (Medium),52237.326854451996
EMP-85270,software engineer,Human Resources,1.0,Level-1 (Low),182193.24196570308
EMP-22869,data analyst,Engineering,8.0,Level-2 (Medium),40321.32886991329
EMP-55430,Data Analyst,Marketing,3.0,Level-3 (High),158447.36849785614
EMP-51904,SOFTWARE ENGINEER,Engineering,,Level-2 (Medium),51938.562151583785
EMP-78813,software engineer,Engineering,3.0,Level-2 (Medium),138651.68391307592
EMP-40653,Software Engineer,Finance,8.0,Level-1 (Low),149539.41992986467
EMP-17927,data analyst,Engineering,,Level-3 (High),100277.78753717671
EMP-15627,data analyst,Marketing,3.0,MISSING,71579.29415538351
EMP-71092,software engineer,Engineering,35.0,Level-2 (Medium),47479.70791527344
EMP-90794,Data Analyst,Marketing,35.0,Level-2 (Medium),166918.9292530679
EMP-57327,Project Manager,Engineering,1.0,Level-1 (Low),79769.04814897882
EMP-86353,Software Engineer,N/A,3.0,Level-1 (Low),60599.65961031313
EMP-95211,software engineer,Engineering,35.0,Level-2 (Medium),89554.9881675636
EMP-88473,Data Analyst,Engineering,35.0,Level-2 (Medium),67367.33866644718
EMP-74318,  Manager  ,N/A,1.0,Level-1 (Low),84511.29067021882
EMP-51113,Software Engineer,Human Resources,5.0,Level-3 (High),143800.541770919
EMP-35489,  Manager  ,Marketing,8.0,Level-2 (Medium),57599.2243903167
EMP-78057,data analyst,Finance,,Level-2 (Medium),160908.07907194676
EMP-84076,Data Analyst,Engineering,8.0,Level-3 (High),55151.70415324974
EMP-24270,Data Analyst,Human Resources,5.0,Level-2 (Medium),128368.92191317427
EMP-11691,Data Analyst,Human Resources,8.0,Level-2 (Medium),81183.16072225594
EMP-48969,software engineer,Engineering,3.0,Level-2 (Medium),55693.835985632875
EMP-91774,data analyst,Engineering,8.0,Level-2 (Medium),106143.33698916016
EMP-93705,data analyst,Human Resources,,Level-2 (Medium),139581.27489965654
EMP-41868,Software Engineer,Engineering,5.0,Level-1 (Low),44276.407222266964
EMP-48136,SOFTWARE ENGINEER,Finance,12.0,Level-3 (High),45262.08597127836
EMP-92753,,Finance,1.0,Level-3 (High),
EMP-98707,Software Engineer,Engineering,12.0,Level-3 (High),145327.84136044263
EMP-40836,Data Analyst,Finance,1.0,Level-3 (High),112543.17559552172
EMP-65240,software engineer,Engineering,1.0,Level-1 (Low),98152.22194954274
EMP-90086,Software Engineer,Engineering,12.0,Level-3 (High),80243.14737944538
EMP-48832,software engineer,Finance,5.0,Level-3 (High),34074.093891787204
EMP-66180,data analyst,Engineering,5.0,Level-2 (Medium),170416.84498213325
EMP-82527,Data Analyst,Engineering,8.0,Level-2 (Medium),169491.63906501193
EMP-63633,data analyst,Marketing,5.0,Level-1 (Low),123835.36554307163
EMP-11598,Data Analyst,N/A,12.0,Level-1 (Low),142098.74169139593
EMP-53616,Software Engineer,Engineering,3.0,Level-2 (Medium),171313.98745207003
EMP-31511,SOFTWARE ENGINEER,Engineering,35.0,Level-2 (Medium),37622.077237825506
EMP-75134,,Finance,3.0,Level-1 (Low),
EMP-60866,Data Analyst,Engineering,35.0,Level-2 (Medium),124387.12895070769
EMP-29549,UNKNOWN,Engineering,3.0,Level-2 (Medium),169321.91573365443
EMP-79331,,Finance,1.0,Level-2 (Medium),
EMP-29628,data analyst,Finance,-2.0,Level-2 (Medium),37755.93209288521
EMP-50797,software engineer,Engineering,,Level-3 (High),65346.711977015846
EMP-60211,SOFTWARE ENGINEER,Engineering,8.0,Level-1 (Low),170155.18080301434
EMP-11798,Data Analyst,Finance,8.0,Level-2 (Medium),29362.39508611262
EMP-10343,SOFTWARE ENGINEER,Finance,,Level-2 (Medium),96328.90414714838
EMP-63294,SOFTWARE ENGINEER,Human Resources,3.0,Level-1 (Low),46217.52355846745
EMP-62022,Project Manager,Marketing,-2.0,Level-2 (Medium),91472.70544890873
EMP-90397,Data Analyst,Finance,3.0,Level-2 (Medium),141056.31252333603
EMP-72136,Data Analyst,Finance,5.0,Level-2 (Medium),157483.58175563422
EMP-76122,software engineer,Engineering,35.0,Level-3 (High),73223.09551191426
EMP-94233,UNKNOWN,Human Resources,8.0,Level-2 (Medium),99933.90328424444
EMP-86076,Software Engineer,Human Resources,3.0,Level-2 (Medium),37155.1719452289
EMP-97782,UNKNOWN,Engineering,3.0,Level-2 (Medium),152023.72950000069
EMP-67152,Data Analyst,Finance,8.0,Level-2 (Medium),147532.58523386408
EMP-72383,software engineer,Engineering,1.0,Level-1 (Low),43537.089155049136
EMP-71122,Project Manager,Engineering,3.0,Level-3 (High),169813.52520317378
EMP-14629,Software Engineer,Human Resources,-2.0,Level-2 (Medium),37429.78783245267
EMP-22264,software engineer,Marketing,35.0,Level-2 (Medium),32894.20565868168
EMP-53011,Data Analyst,Finance,,Level-2 (Medium),166013.06008349583
EMP-69797,Data Analyst,Human Resources,12.0,Level-2 (Medium),184209.82989222027
EMP-23885,Software Engineer,Marketing,35.0,Level-2 (Medium),96325.70718640336
EMP-43304,Data Analyst,Finance,99.0,Level-2 (Medium),87585.42336733713
EMP-58281,software engineer,Finance,12.0,Level-1 (Low),29106.874008142877
EMP-79646,SOFTWARE ENGINEER,Engineering,1.0,Level-2 (Medium),132241.58232467028
EMP-52411,SOFTWARE ENGINEER,Engineering,,Level-2 (Medium),51397.996729373415
EMP-71212,SOFTWARE ENGINEER,Marketing,12.0,Level-3 (High),107032.28029213204
EMP-22832,Data Analyst,Finance,1.0,Level-1 (Low),133643.40349896895
EMP-60632,data analyst,Human Resources,12.0,Level-3 (High),100554.15711343281
EMP-98382,,Engineering,,Level-3 (High),
EMP-19458,data analyst,Finance,5.0,Level-2 (Medium),139207.21943970004
EMP-28038,software engineer,Finance,5.0,Level-3 (High),50885.85226506399
EMP-77325,software engineer,Human Resources,,Level-2 (Medium),58353.492208864634
EMP-33394,Software Engineer,Human Resources,12.0,Level-1 (Low),103237.97489827724
EMP-60356,software engineer,Marketing,5.0,Level-3 (High),28159.950050669824
EMP-71925,  Manager  ,Human Resources,1.0,Level-2 (Medium),182243.98938683828
EMP-89229,data analyst,Engineering,8.0,Level-2 (Medium),100242.00796130188
EMP-39057,Data Analyst,Engineering,,Level-3 (High),73062.14811883315
EMP-48129,  Manager  ,Human Resources,3.0,Level-1 (Low),153491.0737793621
EMP-37123,  Manager  ,N/A,1.0,Level-2 (Medium),54246.78890324474
EMP-36846,Project Manager,N/A,5.0,MISSING,45737.82985565042
EMP-16264,Software Engineer,Engineering,1.0,Level-1 (Low),148970.8246875468
EMP-58603,Software Engineer,Human Resources,,Level-2 (Medium),72767.8739785066
EMP-82076,data analyst,Marketing,1.0,Level-2 (Medium),101049.10555574295
EMP-74390,Software Engineer,Finance,3.0,Level-3 (High),92752.34529092482
EMP-67163,Project Manager,Marketing,3.0,Level-2 (Medium),26335.945816948653
EMP-47266,Data Analyst,Engineering,3.0,Level-2 (Medium),56998.22562438664
EMP-56819,  Manager  ,Engineering,-2.0,Level-2 (Medium),94909.2455498003
EMP-36904,Software Engineer,Engineering,5.0,Level-2 (Medium),181843.57005782152
EMP-90661,Data Analyst,Engineering,5.0,Level-3 (High),34063.903015839685
EMP-39505,Project Manager,Marketing,3.0,Level-2 (Medium),103663.35611484203
EMP-57737,UNKNOWN,Human Resources,5.0,Level-2 (Medium),77857.5186895665
EMP-18203,data analyst,Marketing,12.0,Level-1 (Low),88862.84044437483
EMP-99104,software engineer,Marketing,8.0,Level-1 (Low),184963.35174774416
EMP-34133,software engineer,Human Resources,3.0,Level-2 (Medium),63639.78813700159
EMP-97623,SOFTWARE ENGINEER,Engineering,12.0,Level-2 (Medium),68858.08482727245
EMP-25740,SOFTWARE ENGINEER,Engineering,,MISSING,43975.99370025434
EMP-10480,UNKNOWN,Marketing,8.0,Level-2 (Medium),98424.46858423292
EMP-48765,SOFTWARE ENGINEER,Marketing,8.0,Level-3 (High),110336.10007510807
EMP-50231,Data Analyst,Engineering,5.0,Level-2 (Medium),63418.12155466546
EMP-70887,Software Engineer,Marketing,8.0,Level-3 (High),121292.49597593377
EMP-49550,  Manager  ,Engineering,3.0,Level-2 (Medium),53479.40201993282
EMP-63401,software engineer,Marketing,3.0,Level-2 (Medium),175794.16950144115
EMP-75491,Software Engineer,Engineering,1.0,MISSING,173161.96280842816
EMP-14487,Software Engineer,Engineering,35.0,Level-3 (High),107715.55222708578
EMP-33556,Data Analyst,Engineering,3.0,Level-2 (Medium),86810.37765886121
EMP-42444,SOFTWARE ENGINEER,Finance,12.0,Level-2 (Medium),77444.99264935302
EMP-16290,software engineer,Marketing,3.0,Level-2 (Medium),80389.65648865944
EMP-98264,,Engineering,-2.0,MISSING,
EMP-95517,SOFTWARE ENGINEER,Human Resources,99.0,Level-3 (High),107695.18981940892
EMP-51752,data analyst,Finance,8.0,Level-3 (High),99796.51199034532
EMP-25448,data analyst,Finance,,Level-2 (Medium),115262.12549785251
EMP-55235,software engineer,Engineering,8.0,Level-2 (Medium),100619.89808197627
EMP-11119,software engineer,Engineering,35.0,Level-2 (Medium),44968.65068350074
EMP-94334,data analyst,Engineering,12.0,Level-3 (High),50297.95789978454
EMP-33850,Data Analyst,Marketing,5.0,Level-2 (Medium),55664.5973005258
EMP-83367,software engineer,Marketing,5.0,Level-2 (Medium),168641.30538053124
EMP-76750,UNKNOWN,Human Resources,1.0,Level-1 (Low),26515.177621994022
EMP-39543,Software Engineer,Finance,5.0,Level-2 (Medium),173112.0323741791
EMP-23417,SOFTWARE ENGINEER,Engineering,8.0,Level-2 (Medium),157385.64937097722
EMP-74393,Software Engineer,Human Resources,8.0,Level-3 (High),127164.22901393315
EMP-19253,software engineer,N/A,12.0,Level-1 (Low),165986.90824204194
EMP-36667,software engineer,Engineering,8.0,Level-1 (Low),119934.7883252629
EMP-27240,Data Analyst,N/A,3.0,Level-3 (High),154678.12909740946
EMP-15147,Project Manager,Engineering,12.0,Level-2 (Medium),169290.16547677957
EMP-35448,data analyst,N/A,35.0,Level-2 (Medium),155425.94230085405
EMP-98318,Data Analyst,Finance,5.0,Level-2 (Medium),110606.42406505853
EMP-77233,Software Engineer,Finance,35.0,Level-2 (Medium),44366.976801762765
EMP-24810,UNKNOWN,Engineering,8.0,Level-3 (High),127548.53393851056
EMP-74710,UNKNOWN,Finance,5.0,Level-2 (Medium),90817.69238909059
EMP-36183,SOFTWARE ENGINEER,Engineering,1.0,Level-2 (Medium),101377.13345102072
EMP-39821,software engineer,Engineering,8.0,Level-2 (Medium),125989.68233481847
EMP-78245,Software Engineer,Finance,35.0,Level-1 (Low),164547.02795680673
EMP-11515,data analyst,Engineering,5.0,Level-3 (High),180271.4511965625
EMP-77756,software engineer,Engineering,3.0,Level-3 (High),101728.93883128237
EMP-61790,Project Manager,Human Resources,35.0,Level-2 (Medium),144818.08873707533
EMP-88159,software engineer,Finance,1.0,Level-2 (Medium),55060.56645026181
EMP-76920,data analyst,Engineering,5.0,Level-1 (Low),100977.27075733252
EMP-89952,Data Analyst,Finance,1.0,Level-2 (Medium),178751.8483534085
EMP-73556,software engineer,Human Resources,5.0,Level-2 (Medium),36984.00531546332
EMP-26625,SOFTWARE ENGINEER,Marketing,1.0,Level-2 (Medium),125691.84187729712
EMP-11019,Software Engineer,Marketing,12.0,Level-2 (Medium),28774.402880003916
EMP-32198,Software Engineer,Finance,3.0,Level-1 (Low),155535.8177143934
EMP-35329,  Manager  ,Human Resources,3.0,Level-1 (Low),179517.3935981772
EMP-42025,software engineer,Finance,3.0,Level-2 (Medium),123464.92161165466
EMP-66544,software engineer,Engineering,12.0,Level-1 (Low),78333.6487841067
EMP-78815,Data Analyst,Engineering,8.0,Level-2 (Medium),96141.9222213225
EMP-49169,data analyst,Marketing,12.0,MISSING,78787.71152880538
EMP-69732,Software Engineer,Engineering,5.0,Level-3 (High),51414.40233320857
EMP-14136,software engineer,Finance,3.0,Level-2 (Medium),137657.8325668947
EMP-83078,UNKNOWN,Finance,8.0,Level-3 (High),137132.36154800997
EMP-88312,Software Engineer,Finance,,Level-3 (High),162582.02790977733
EMP-58807,software engineer,Human Resources,35.0,Level-1 (Low),106675.45031192621
EMP-40910,software engineer,Finance,3.0,Level-1 (Low),68120.47453347212
EMP-98028,SOFTWARE ENGINEER,Marketing,8.0,Level-1 (Low),94868.44961916842
EMP-97534,Software Engineer,Marketing,99.0,Level-1 (Low),172208.02402041282
EMP-62630,software engineer,Engineering,3.0,Level-1 (Low),120550.02986107497
EMP-20233,  Manager  ,Engineering,5.0,Level-1 (Low),58916.29149092205
EMP-15302,  Manager  ,Engineering,12.0,Level-2 (Medium),58890.55836442442
EMP-72215,Project Manager,Engineering,3.0,Level-2 (Medium),70216.70106329813
EMP-67464,Data Analyst,Engineering,1.0,Level-1 (Low),66378.81608872997
EMP-29227,data analyst,Engineering,3.0,MISSING,162294.9831576086
EMP-96789,Software Engineer,Marketing,1.0,Level-1 (Low),42931.78833566545
EMP-75511,,Marketing,8.0,Level-2 (Medium),
EMP-82517,Project Manager,Human Resources,8.0,Level-3 (High),26220.05900522417
EMP-55014,Project Manager,Engineering,3.0,Level-2 (Medium),73657.5521963273
EMP-50987,Project Manager,Marketing,5.0,Level-1 (Low),82925.99169969466
EMP-47358,software engineer,Engineering,5.0,MISSING,149389.20411032223
EMP-53891,UNKNOWN,Marketing,12.0,Level-2 (Medium),112737.68276046104
EMP-29273,  Manager  ,Engineering,,Level-3 (High),161029.29376159323
EMP-49184,data analyst,Marketing,3.0,Level-1 (Low),27896.357988629035
EMP-12153,Data Analyst,Engineering,3.0,Level-2 (Medium),114629.40367023005
EMP-60758,Data Analyst,Engineering,12.0,MISSING,163375.84254760068
EMP-21259,software engineer,Human Resources,,Level-1 (Low),31971.670585887092
EMP-26740,Software Engineer,Engineering,3.0,Level-2 (Medium),135073.87866390127
EMP-40133,Software Engineer,Engineering,5.0,Level-3 (High),179360.30493954473
EMP-33370,  Manager  ,Engineering,5.0,Level-1 (Low),128566.6495129245
EMP-62155,Project Manager,Finance,8.0,Level-2 (Medium),115790.81499091977
EMP-11315,Software Engineer,Finance,3.0,Level-2 (Medium),60124.05131631374
EMP-11709,Software Engineer,Engineering,3.0,Level-3 (High),119126.19174082161
EMP-56807,software engineer,Finance,12.0,Level-2 (Medium),36760.01098408417
EMP-87217,SOFTWARE ENGINEER,Human Resources,5.0,Level-2 (Medium),168879.30444997465
EMP-81693,Data Analyst,Engineering,8.0,Level-1 (Low),97872.48571598761
EMP-48613,  Manager  ,Human Resources,3.0,Level-3 (High),76818.53885983737
EMP-35929,,Engineering,5.0,Level-3 (High),
EMP-93792,Software Engineer,Finance,3.0,MISSING,80816.84212761148
EMP-34069,  Manager  ,Finance,,Level-2 (Medium),133006.54550126675
EMP-18503,Software Engineer,Marketing,3.0,Level-2 (Medium),181882.89869583442
EMP-75804,software engineer,Marketing,3.0,Level-2 (Medium),83876.55485254427
EMP-22874,SOFTWARE ENGINEER,Marketing,3.0,Level-2 (Medium),90479.53097395436
EMP-94113,software engineer,Human Resources,12.0,Level-3 (High),143457.1799413856
EMP-24948,data analyst,Engineering,35.0,Level-3 (High),145844.6477238619
EMP-18987,Data Analyst,Engineering,3.0,Level-3 (High),46281.335087084706
EMP-60431,data analyst,Finance,,Level-2 (Medium),73066.37072143267
EMP-79975,Software Engineer,Finance,1.0,Level-3 (High),138428.39263970466
EMP-65577,  Manager  ,Engineering,3.0,Level-3 (High),148086.96149787522
EMP-51539,data analyst,Marketing,5.0,Level-2 (Medium),53062.63483516482
EMP-47737,UNKNOWN,Marketing,1.0,Level-2 (Medium),119491.90199510609
EMP-66641,Data Analyst,Engineering,8.0,Level-2 (Medium),98143.19643143048
EMP-24376,Software Engineer,Engineering,5.0,Level-2 (Medium),140734.65481587563
EMP-45549,SOFTWARE ENGINEER,Finance,8.0,Level-3 (High),182290.02375796685
EMP-11205,Data Analyst,Marketing,3.0,MISSING,151706.3307737583
EMP-77110,  Manager  ,Engineering,12.0,Level-1 (Low),134902.3896162481
EMP-22328,Data Analyst,Engineering,-2.0,Level-2 (Medium),75545.71539471
EMP-63677,Data Analyst,Engineering,5.0,Level-1 (Low),166342.04381333687
EMP-95408,software engineer,N/A,5.0,Level-1 (Low),81016.80425754785
EMP-68548,SOFTWARE ENGINEER,Engineering,3.0,Level-1 (Low),108807.59615590457
EMP-80441,data analyst,Engineering,5.0,Level-2 (Medium),172537.83364427424
EMP-77081,SOFTWARE ENGINEER,Engineering,1.0,Level-3 (High),69982.28096790516
EMP-35970,Project Manager,Marketing,,Level-2 (Medium),129559.23436137686
EMP-11443,Software Engineer,Human Resources,12.0,Level-2 (Medium),105797.12799274978
EMP-69604,Software Engineer,Engineering,5.0,Level-2 (Medium),50097.241671295924
EMP-59003,SOFTWARE ENGINEER,Finance,5.0,Level-2 (Medium),55675.63507526192
EMP-78165,Project Manager,Marketing,5.0,Level-3 (High),102521.14703223523
EMP-68492,Data Analyst,Engineering,12.0,Level-1 (Low),112653.27324992957
EMP-84601,Software Engineer,Marketing,1.0,Level-1 (Low),73365.78482817608
EMP-87023,Software Engineer,Engineering,8.0,Level-3 (High),140751.43840398925
EMP-14796,Software Engineer,Finance,8.0,Level-2 (Medium),43434.78193463046
EMP-95308,Software Engineer,Engineering,99.0,Level-2 (Medium),33760.58559953057
EMP-49206,software engineer,Marketing,5.0,Level-2 (Medium),86852.11549323054
EMP-75004,UNKNOWN,Marketing,3.0,Level-2 (Medium),169858.71406874512
EMP-66821,Software Engineer,Engineering,8.0,Level-2 (Medium),163711.7029021116
EMP-82941,Data Analyst,Marketing,5.0,MISSING,37108.15854696513
EMP-75192,Data Analyst,Human Resources,,Level-3 (High),35085.81675193973
EMP-74447,data analyst,Finance,,Level-2 (Medium),43638.51531009528
EMP-81404,Software Engineer,Finance,-2.0,Level-2 (Medium),77849.68963666915
EMP-29021,software engineer,Marketing,5.0,Level-2 (Medium),120412.18714372069
EMP-90331,Data Analyst,Finance,5.0,Level-1 (Low),180287.75716371732
EMP-20214,software engineer,Finance,12.0,Level-2 (Medium),34749.78869007698
EMP-87730,software engineer,Human Resources,3.0,Level-2 (Medium),139469.1346040176
EMP-98853,UNKNOWN,Finance,12.0,Level-2 (Medium),86659.33793012495
EMP-47169,software engineer,Marketing,5.0,Level-3 (High),107004.21874462688
EMP-82954,Project Manager,Finance,12.0,Level-3 (High),184168.23859612015
EMP-18544,Software Engineer,Engineering,1.0,MISSING,110509.59033092843
EMP-16258,SOFTWARE ENGINEER,Marketing,8.0,Level-3 (High),35529.90404504433
EMP-70934,Software Engineer,Human Resources,1.0,Level-2 (Medium),75465.54506251692
EMP-67593,software engineer,Human Resources,1.0,Level-2 (Medium),57540.4330627779
EMP-51674,,Finance,8.0,Level-2 (Medium),
EMP-77983,UNKNOWN,Engineering,1.0,Level-2 (Medium),114991.41747649654
EMP-25661,,Finance,12.0,Level-1 (Low),
EMP-75312,Data Analyst,Engineering,1.0,Level-1 (Low),65243.5826085428
EMP-14852,Project Manager,Engineering,1.0,Level-3 (High),31270.926700224598
EMP-67290,Data Analyst,Marketing,5.0,MISSING,141057.34984386218
EMP-62560,Project Manager,Engineering,3.0,Level-1 (Low),166564.51858116052
EMP-88530,,Finance,3.0,Level-2 (Medium),
EMP-29083,software engineer,Marketing,8.0,Level-3 (High),49317.35351098473
EMP-24475,software engineer,Human Resources,5.0,MISSING,57185.67497427865
EMP-34159,Project Manager,Engineering,12.0,Level-2 (Medium),122458.35196089702
EMP-90458,SOFTWARE ENGINEER,Marketing,,MISSING,148224.54969781486
EMP-18883,Software Engineer,Human Resources,,Level-3 (High),37926.31106708244
EMP-98955,,Human Resources,5.0,Level-1 (Low),
EMP-41404,software engineer,Engineering,5.0,Level-3 (High),30557.360421146863
EMP-49624,software engineer,Engineering,35.0,Level-1 (Low),84751.54992157468
EMP-44212,Project Manager,Engineering,3.0,Level-2 (Medium),49100.7263354253
EMP-85510,software engineer,Marketing,5.0,Level-2 (Medium),163312.60899649662
EMP-90296,SOFTWARE ENGINEER,Finance,,Level-2 (Medium),165643.80592556272
EMP-18189,data analyst,Engineering,3.0,MISSING,146569.84718362574
EMP-38468,data analyst,Engineering,5.0,Level-3 (High),30209.308249408106
EMP-23999,Project Manager,Finance,12.0,Level-1 (Low),173236.37295354487
EMP-33109,Project Manager,Finance,8.0,Level-3 (High),55380.70483990927
EMP-50822,Data Analyst,Marketing,8.0,Level-1 (Low),62198.18615110432
EMP-76548,Software Engineer,Marketing,1.0,MISSING,35287.87960603534
EMP-60328,software engineer,Finance,8.0,Level-2 (Medium),179144.0629494265
EMP-78325,Data Analyst,Marketing,8.0,Level-1 (Low),82225.23717752186
EMP-51820,  Manager  ,Engineering,1.0,Level-3 (High),183363.44948689055
EMP-37386,Project Manager,Engineering,8.0,Level-1 (Low),116464.81612917704
EMP-10257,Software Engineer,Engineering,,Level-3 (High),103774.6865996444
EMP-76619,software engineer,Engineering,1.0,Level-1 (Low),162879.42024853037
EMP-95015,  Manager  ,Finance,99.0,MISSING,171093.1742441113
EMP-48444,Software Engineer,Finance,5.0,Level-2 (Medium),131622.63357701892
EMP-19914,Software Engineer,Human Resources,35.0,Level-2 (Medium),25882.654781760284
EMP-98185,data analyst,Engineering,3.0,Level-3 (High),39530.45228136009
EMP-70509,SOFTWARE ENGINEER,Marketing,3.0,Level-3 (High),150692.98429899558
EMP-22559,SOFTWARE ENGINEER,Engineering,3.0,Level-2 (Medium),168448.14787504214
EMP-23668,data analyst,Finance,3.0,Level-2 (Medium),172711.06680739246
EMP-61182,Software Engineer,Finance,8.0,Level-1 (Low),170548.8132948567
EMP-28741,Project Manager,Engineering,8.0,Level-2 (Medium),141888.58081939293
EMP-81406,Project Manager,Human Resources,3.0,Level-1 (Low),181349.98800345062
EMP-41752,Project Manager,Finance,5.0,Level-2 (Medium),94498.27574136238
EMP-17493,data analyst,Marketing,12.0,Level-2 (Medium),42335.855518772565
EMP-16325,data analyst,Marketing,5.0,Level-2 (Medium),90970.42045815889
EMP-59132,,Engineering,,Level-1 (Low),
EMP-61149,Software Engineer,Human Resources,3.0,Level-2 (Medium),55862.28544640599
EMP-64011,,Finance,5.0,Level-2 (Medium),
EMP-15900,  Manager  ,Finance,3.0,Level-2 (Medium),88644.38792456753
EMP-85743,software engineer,Engineering,3.0,Level-2 (Medium),127754.73593270796
EMP-75769,Data Analyst,Engineering,8.0,Level-1 (Low),36140.62654417321
EMP-42049,software engineer,Finance,12.0,Level-2 (Medium),37760.49483633738
EMP-10315,Data Analyst,Engineering,1.0,Level-2 (Medium),37359.03059665736
EMP-74015,Data Analyst,Finance,,Level-2 (Medium),153281.5022674757
EMP-89637,software engineer,Engineering,,Level-2 (Medium),140918.79892149853
EMP-55506,data analyst,Engineering,12.0,Level-2 (Medium),184665.24844033754
EMP-64368,,Marketing,5.0,Level-1 (Low),
EMP-67022,software engineer,Engineering,8.0,Level-3 (High),141592.62912610633
EMP-18850,SOFTWARE ENGINEER,Human Resources,5.0,Level-3 (High),51589.086952135636
EMP-17784,UNKNOWN,Finance,35.0,Level-3 (High),69023.06466468045
EMP-16596,software engineer,Engineering,5.0,MISSING,92417.43408381527
EMP-59449,software engineer,Human Resources,,Level-2 (Medium),113688.81927939392
EMP-72052,Software Engineer,Finance,12.0,Level-2 (Medium),40679.457686654634
EMP-10201,UNKNOWN,Human Resources,12.0,Level-2 (Medium),184236.5661922396
EMP-22182,Project Manager,Marketing,3.0,Level-3 (High),164302.97076755913
EMP-56288,Software Engineer,Finance,1.0,Level-2 (Medium),70406.56852768059
EMP-44550,software engineer,Marketing,5.0,MISSING,29110.524606083425
EMP-81080,software engineer,Finance,3.0,Level-1 (Low),27749.79606041553
EMP-45023,software engineer,Engineering,12.0,Level-3 (High),172694.84426938705
EMP-95178,Software Engineer,Finance,5.0,Level-2 (Medium),130523.87271054428
EMP-86438,Project Manager,Human Resources,3.0,Level-3 (High),64462.68834674328
EMP-18225,Data Analyst,Human Resources,8.0,Level-1 (Low),159708.22725910204
EMP-66292,data analyst,Engineering,1.0,Level-2 (Medium),89825.59018131392
EMP-39925,Software Engineer,Engineering,,Level-3 (High),48094.27359138867
EMP-81134,SOFTWARE ENGINEER,Human Resources,8.0,Level-2 (Medium),156028.4040384642
EMP-82395,software engineer,Human Resources,-2.0,Level-2 (Medium),67155.97990350658
EMP-31479,software engineer,Marketing,3.0,Level-2 (Medium),99417.25978791983
EMP-34724,Project Manager,Marketing,,Level-2 (Medium),40448.67346590939
EMP-30418,Software Engineer,Engineering,12.0,Level-1 (Low),169537.9709756027
EMP-64166,Software Engineer,Human Resources,8.0,Level-2 (Medium),32135.82495760436
EMP-14379,SOFTWARE ENGINEER,Engineering,3.0,Level-3 (High),173438.13230178584
EMP-52081,Software Engineer,Engineering,,Level-2 (Medium),89579.03930718676
EMP-88644,Software Engineer,Human Resources,5.0,Level-2 (Medium),124521.03161884885
EMP-42172,  Manager  ,Engineering,-2.0,MISSING,145970.7847843074
EMP-75309,data analyst,Engineering,12.0,Level-3 (High),49882.04030108532
EMP-91914,SOFTWARE ENGINEER,Marketing,3.0,Level-2 (Medium),144928.40907581267
EMP-93201,Data Analyst,Marketing,8.0,Level-2 (Medium),173188.79146822478
EMP-48121,,Marketing,3.0,Level-3 (High),
EMP-64478,Project Manager,Engineering,,Level-3 (High),119951.9240338649
EMP-23345,data analyst,Finance,3.0,Level-1 (Low),105057.43870464606
EMP-65021,Data Analyst,Engineering,5.0,Level-3 (High),27685.25035190649
EMP-13901,software engineer,Marketing,5.0,Level-1 (Low),111326.13367186378
EMP-37109,software engineer,Finance,35.0,Level-2 (Medium),100624.84985757942
EMP-65873,software engineer,Engineering,1.0,Level-1 (Low),76792.80833063059
EMP-11842,software engineer,Engineering,12.0,Level-1 (Low),100996.6137639298
EMP-20489,Software Engineer,Engineering,3.0,Level-3 (High),184607.0856623365
EMP-51128,UNKNOWN,Finance,8.0,Level-3 (High),121198.94483786816
EMP-48051,Data Analyst,Marketing,5.0,Level-2 (Medium),90668.55361350508
EMP-37539,  Manager  ,Engineering,,MISSING,129316.10697872189
EMP-53709,Software Engineer,Marketing,35.0,Level-2 (Medium),158146.68531788792
EMP-39898,software engineer,Engineering,8.0,Level-1 (Low),126491.74835304201
EMP-80517,software engineer,Engineering,12.0,Level-2 (Medium),84828.73831753136
EMP-76140,data analyst,Human Resources,3.0,Level-2 (Medium),110107.61277513904
EMP-95276,SOFTWARE ENGINEER,Marketing,3.0,Level-3 (High),53501.0526095391
EMP-52774,Software Engineer,Engineering,1.0,Level-2 (Medium),99030.93877764199
EMP-31344,Data Analyst,Finance,5.0,Level-2 (Medium),155453.1508412595
EMP-46544,Software Engineer,Finance,1.0,Level-1 (Low),148241.2839823574
EMP-54897,Software Engineer,Engineering,5.0,Level-3 (High),73328.18809170846
EMP-47069,  Manager  ,Engineering,5.0,MISSING,55259.905407260776
EMP-49105,Project Manager,Marketing,5.0,Level-3 (High),140083.80556492007
EMP-31421,Software Engineer,Human Resources,-2.0,Level-3 (High),71047.71093363772
EMP-76509,Software Engineer,Engineering,1.0,Level-2 (Medium),184267.7486905216
EMP-35538,Data Analyst,Engineering,1.0,Level-1 (Low),140990.46818367066
EMP-39367,Project Manager,Engineering,5.0,Level-3 (High),95876.8199985719
EMP-57335,software engineer,Marketing,8.0,Level-2 (Medium),159782.93403972875
EMP-66229,Software Engineer,Engineering,8.0,Level-2 (Medium),113371.03489363375
EMP-85705,data analyst,Finance,5.0,Level-1 (Low),53786.667606830815
EMP-80634,SOFTWARE ENGINEER,Marketing,5.0,Level-2 (Medium),95085.24393605928
EMP-63896,Software Engineer,Finance,8.0,Level-2 (Medium),65258.59956453246
EMP-33064,,N/A,1.0,Level-2 (Medium),
EMP-59978,Software Engineer,Finance,12.0,Level-3 (High),107615.50315221601
EMP-21327,data analyst,Human Resources,3.0,Level-2 (Medium),165030.90308570006
EMP-68373,software engineer,Engineering,5.0,Level-3 (High),34426.11028882574
EMP-94246,SOFTWARE ENGINEER,Human Resources,8.0,Level-3 (High),93261.60887856186
EMP-83546,software engineer,N/A,5.0,Level-3 (High),172944.01565909866
EMP-82157,software engineer,Engineering,3.0,Level-2 (Medium),154383.72817547608
EMP-85614,UNKNOWN,Engineering,8.0,Level-2 (Medium),42829.94921373447
EMP-29804,Project Manager,Finance,12.0,Level-2 (Medium),63548.104964344195
EMP-94927,Data Analyst,Engineering,5.0,Level-2 (Medium),115784.03139348103
EMP-89986,Project Manager,Engineering,8.0,Level-2 (Medium),25581.859190494728
EMP-16767,Software Engineer,Marketing,1.0,Level-3 (High),87274.18454983558
EMP-13241,,Engineering,1.0,Level-3 (High),
EMP-13099,,Human Resources,8.0,Level-1 (Low),
EMP-73428,Data Analyst,Marketing,3.0,Level-2 (Medium),146796.49612410506
EMP-40610,SOFTWARE ENGINEER,Engineering,8.0,Level-2 (Medium),77441.80736006988
EMP-31368,SOFTWARE ENGINEER,Engineering,8.0,Level-2 (Medium),51733.99587829133
EMP-55762,Software Engineer,Marketing,3.0,Level-2 (Medium),53262.010017120134
EMP-19677,Data Analyst,Engineering,1.0,Level-2 (Medium),121411.67473128314
EMP-39605,Software Engineer,Finance,8.0,MISSING,68708.50450070962
EMP-71991,,Marketing,,Level-1 (Low),
EMP-96428,Project Manager,Engineering,5.0,Level-2 (Medium),139077.02659591637
EMP-26793,software engineer,Finance,99.0,Level-3 (High),184102.2555610604
EMP-24503,Software Engineer,Marketing,12.0,Level-3 (High),178271.96365697632
EMP-55035,software engineer,Engineering,3.0,Level-3 (High),143316.11752717278
EMP-70942,software engineer,Engineering,5.0,Level-1 (Low),47792.8027840197
EMP-98589,Data Analyst,Marketing,1.0,Level-2 (Medium),107558.30672874759
EMP-49069,software engineer,Human Resources,8.0,Level-2 (Medium),89659.52994307766
EMP-22615,Software Engineer,Engineering,,Level-3 (High),171890.02959258703
EMP-73608,Project Manager,Human Resources,12.0,Level-3 (High),146479.95400084346
EMP-13434,SOFTWARE ENGINEER,Engineering,12.0,Level-2 (Medium),97178.98348301383
EMP-56927,,Finance,8.0,Level-1 (Low),
EMP-55756,software engineer,Engineering,3.0,Level-2 (Medium),173069.79718097657
EMP-48898,UNKNOWN,Engineering,3.0,Level-2 (Medium),57008.435003028615
EMP-50904,Software Engineer,Finance,8.0,Level-1 (Low),32557.98537898226
EMP-55191,software engineer,N/A,3.0,Level-3 (High),151618.80454111774
EMP-20261,Data Analyst,Engineering,3.0,Level-2 (Medium),125462.41776897563
EMP-88749,  Manager  ,Finance,35.0,Level-3 (High),35295.37211985785
EMP-95813,Software Engineer,Engineering,12.0,Level-3 (High),43637.59649086252
EMP-76845,software engineer,Marketing,12.0,Level-3 (High),37178.51203439727
EMP-29568,,Engineering,5.0,Level-2 (Medium),
EMP-76940,software engineer,Finance,35.0,Level-3 (High),129771.53628662354
EMP-30970,software engineer,Finance,3.0,Level-3 (High),98446.15654778144
EMP-97068,Data Analyst,Engineering,12.0,Level-3 (High),165749.55296912164
EMP-28918,Data Analyst,Human Resources,1.0,Level-2 (Medium),59796.91815923516
EMP-86695,Software Engineer,Finance,1.0,Level-2 (Medium),148385.65589459834
EMP-12470,UNKNOWN,Finance,12.0,Level-1 (Low),124947.14766921401
EMP-62454,Data Analyst,Finance,3.0,Level-3 (High),111905.76994885408
EMP-55902,data analyst,Engineering,5.0,Level-1 (Low),120967.54337432067
EMP-53198,Data Analyst,Finance,12.0,Level-1 (Low),27483.42945137967
EMP-28488,Data Analyst,Engineering,8.0,Level-3 (High),36065.959993746525
EMP-96473,UNKNOWN,Marketing,35.0,Level-1 (Low),136298.87644569756
EMP-94108,  Manager  ,Engineering,35.0,Level-3 (High),39881.58929972448
EMP-47073,,Engineering,12.0,Level-1 (Low),
EMP-55015,Project Manager,Marketing,5.0,MISSING,154238.01841336174
EMP-33791,,Finance,5.0,Level-2 (Medium),
EMP-84245,Software Engineer,Engineering,1.0,Level-2 (Medium),184223.20017701696
EMP-35417,  Manager  ,Engineering,12.0,Level-2 (Medium),127987.58003688301
EMP-42658,UNKNOWN,Finance,3.0,Level-2 (Medium),172794.7211948453
EMP-47264,SOFTWARE ENGINEER,N/A,-2.0,Level-2 (Medium),109280.8865458761
EMP-14446,Project Manager,Human Resources,3.0,Level-2 (Medium),113006.12972077624
EMP-49791,Data Analyst,Engineering,5.0,Level-3 (High),125307.08931845275
EMP-97196,Software Engineer,Human Resources,,Level-2 (Medium),69098.25615247808
EMP-87469,data analyst,Finance,3.0,Level-3 (High),118785.64988441861
EMP-64437,Data Analyst,Engineering,8.0,Level-2 (Medium),113458.25396013958
EMP-52384,software engineer,Engineering,5.0,Level-1 (Low),27033.60626595279
EMP-72476,,Engineering,35.0,Level-1 (Low),
EMP-78879,Software Engineer,Finance,1.0,Level-3 (High),92508.28905725213
EMP-46398,Software Engineer,Engineering,12.0,Level-1 (Low),135347.1139398526
EMP-83368,Software Engineer,Marketing,5.0,Level-2 (Medium),138246.87117734132
EMP-44230,software engineer,Finance,12.0,Level-3 (High),147947.22835404472
EMP-12054,Project Manager,Engineering,5.0,Level-3 (High),115086.21960856917
EMP-94396,data analyst,Engineering,12.0,Level-1 (Low),93262.13171376784
EMP-82601,software engineer,Engineering,1.0,MISSING,119270.14433414888
EMP-39064,data analyst,Marketing,8.0,Level-1 (Low),166638.1097858091
EMP-88747,  Manager  ,Human Resources,5.0,Level-2 (Medium),105322.1822871948
EMP-57569,Software Engineer,Finance,8.0,Level-2 (Medium),166044.94969172246
EMP-95354,Software Engineer,Human Resources,3.0,Level-2 (Medium),31540.008072761444
EMP-10953,data analyst,Human Resources,8.0,Level-3 (High),151815.998137546
EMP-37167,Software Engineer,Engineering,5.0,Level-1 (Low),42707.05536461454
EMP-54133,software engineer,Marketing,5.0,Level-3 (High),92113.74919752551
EMP-86672,,Marketing,12.0,Level-2 (Medium),
EMP-44982,Data Analyst,Human Resources,35.0,Level-1 (Low),93106.53665374685
EMP-93464,software engineer,Human Resources,3.0,Level-1 (Low),93338.30262107936
EMP-31399,Data Analyst,Human Resources,1.0,Level-2 (Medium),105188.00284793215
EMP-88318,data analyst,Engineering,5.0,MISSING,84837.39295204965
EMP-57496,data analyst,Engineering,1.0,Level-1 (Low),70621.02772177028
EMP-70871,software engineer,Human Resources,5.0,Level-1 (Low),39254.40951562052
EMP-46458,Software Engineer,Finance,99.0,Level-1 (Low),105210.34407348407
EMP-33315,data analyst,Engineering,5.0,Level-3 (High),152583.12028531168
EMP-16229,SOFTWARE ENGINEER,Engineering,12.0,Level-1 (Low),166399.30438349966
EMP-13274,software engineer,Engineering,5.0,Level-2 (Medium),31481.44962354344
EMP-95139,data analyst,Marketing,5.0,Level-3 (High),42521.93296196425
EMP-42341,software engineer,Engineering,3.0,Level-3 (High),63440.85898995852
EMP-90003,SOFTWARE ENGINEER,Engineering,3.0,Level-1 (Low),107106.64695138378
EMP-53952,Software Engineer,Finance,3.0,Level-2 (Medium),128993.85901356698
EMP-84849,Software Engineer,Marketing,5.0,Level-3 (High),90255.24156417782
EMP-57939,software engineer,Finance,3.0,Level-2 (Medium),160627.49253693817
EMP-77580,Software Engineer,Finance,5.0,Level-1 (Low),71719.44703178247
EMP-81811,Software Engineer,Finance,99.0,MISSING,75414.5185151045
EMP-23020,Software Engineer,Engineering,5.0,Level-3 (High),137493.2497180975
EMP-79229,software engineer,Finance,12.0,Level-2 (Medium),78444.08596491459
EMP-49911,Data Analyst,N/A,35.0,Level-3 (High),161092.73462657834
EMP-79485,Project Manager,Human Resources,5.0,MISSING,32816.513224212096
EMP-65200,data analyst,Finance,5.0,Level-2 (Medium),68369.93177822151
EMP-58747,software engineer,Human Resources,5.0,Level-2 (Medium),54814.010939908476
EMP-44605,Data Analyst,Marketing,12.0,Level-2 (Medium),176906.17805708665
EMP-42693,software engineer,Finance,8.0,Level-1 (Low),165837.98725985817
EMP-69797,Project Manager,Engineering,5.0,Level-3 (High),176654.6527433038
EMP-42651,Software Engineer,Engineering,5.0,Level-2 (Medium),81586.62137020343
EMP-45190,software engineer,Human Resources,,Level-2 (Medium),29034.001779453272
EMP-91281,Project Manager,Finance,12.0,Level-1 (Low),171426.21074140727
EMP-93624,  Manager  ,Marketing,8.0,Level-3 (High),157952.92425843814
EMP-16257,,Marketing,,Level-2 (Medium),
EMP-34719,Software Engineer,Finance,8.0,Level-2 (Medium),85273.99749733384
EMP-35664,Data Analyst,Human Resources,1.0,Level-2 (Medium),110414.22499987326
EMP-26010,,Engineering,3.0,Level-2 (Medium),
EMP-90505,Project Manager,Human Resources,35.0,MISSING,157031.43495626215
EMP-42786,Project Manager,Finance,5.0,Level-3 (High),26157.487501645668
EMP-50706,Data Analyst,Human Resources,5.0,Level-3 (High),67843.67264836738
EMP-82668,Project Manager,Human Resources,8.0,Level-2 (Medium),73328.85177625803
EMP-28295,Software Engineer,Finance,,Level-3 (High),52501.7652757184
EMP-56958,Data Analyst,Engineering,1.0,Level-1 (Low),106403.43103827605
EMP-85082,Software Engineer,Engineering,12.0,Level-2 (Medium),129465.04574258921
EMP-48008,,Finance,8.0,Level-2 (Medium),
EMP-29245,,Engineering,3.0,Level-1 (Low),
EMP-79380,SOFTWARE ENGINEER,Finance,8.0,Level-2 (Medium),73779.98994912526
EMP-80177,Software Engineer,Engineering,1.0,MISSING,158536.48759696365
EMP-22148,data analyst,Human Resources,,Level-3 (High),176341.6191160645
EMP-75018,  Manager  ,Human Resources,35.0,Level-2 (Medium),64669.52396615083
EMP-22917,Data Analyst,Marketing,8.0,Level-1 (Low),48571.176816858875
EMP-83306,data analyst,Engineering,3.0,Level-2 (Medium),178705.49076445834
EMP-82907,UNKNOWN,Engineering,5.0,Level-1 (Low),107140.37401532294
EMP-64929,software engineer,Marketing,35.0,MISSING,48255.184358794344
EMP-67135,Software Engineer,Finance,-2.0,Level-1 (Low),53258.6273971132
EMP-74434,SOFTWARE ENGINEER,Marketing,12.0,Level-2 (Medium),100142.18998179788
EMP-81276,SOFTWARE ENGINEER,Finance,5.0,Level-1 (Low),81541.16027278059
EMP-12941,software engineer,Marketing,5.0,Level-3 (High),68053.45150628724
EMP-21931,  Manager  ,Finance,3.0,Level-2 (Medium),95287.3819736577
EMP-27062,Project Manager,Engineering,3.0,Level-3 (High),132393.41800720996
EMP-15756,data analyst,Marketing,5.0,Level-2 (Medium),55626.960602504754
EMP-77148,data analyst,Finance,-2.0,Level-1 (Low),42789.410484573105
EMP-13895,Software Engineer,Engineering,1.0,Level-1 (Low),28330.096708317
EMP-28421,,Engineering,1.0,Level-2 (Medium),
EMP-54417,data analyst,Engineering,8.0,Level-2 (Medium),124292.62238407983
EMP-56178,Project Manager,Marketing,3.0,Level-2 (Medium),44907.34803493248
EMP-69456,SOFTWARE ENGINEER,Marketing,12.0,Level-2 (Medium),73112.46574073168
EMP-28324,software engineer,Engineering,3.0,Level-1 (Low),43019.78448288367
EMP-95639,Project Manager,Engineering,,Level-3 (High),33455.88486286681
EMP-64943,SOFTWARE ENGINEER,Engineering,5.0,Level-1 (Low),86367.19929630702
EMP-38579,data analyst,Human Resources,8.0,Level-1 (Low),72333.1013965946
EMP-76252,,Engineering,-2.0,Level-1 (Low),
EMP-19993,Software Engineer,Engineering,5.0,Level-3 (High),83388.98273866804
EMP-99885,Software Engineer,Finance,8.0,Level-2 (Medium),90925.81364111805
EMP-77989,Software Engineer,Human Resources,5.0,Level-1 (Low),116295.43773682087
EMP-60963,data analyst,Human Resources,8.0,MISSING,134022.52886864846
EMP-34723,Software Engineer,Human Resources,8.0,Level-1 (Low),177425.0765143184
EMP-14005,Project Manager,Human Resources,8.0,Level-1 (Low),89657.6093479764
EMP-97532,software engineer,Engineering,-2.0,Level-3 (High),29395.61180562519
EMP-24976,software engineer,Engineering,,MISSING,101450.60967185262
EMP-60564,Project Manager,Engineering,3.0,Level-1 (Low),92157.89733699994
EMP-80506,SOFTWARE ENGINEER,Finance,12.0,Level-2 (Medium),165938.207000621
EMP-69786,Software Engineer,Marketing,35.0,Level-3 (High),65481.95294433949
EMP-48061,  Manager  ,Finance,12.0,Level-3 (High),62250.0642641916
EMP-39721,UNKNOWN,Engineering,8.0,Level-2 (Medium),111665.70837913682
EMP-69982,UNKNOWN,Engineering,3.0,Level-1 (Low),164106.70097738242
EMP-67867,data analyst,Finance,5.0,Level-2 (Medium),83822.26419346414
EMP-16772,Data Analyst,Engineering,8.0,Level-1 (Low),134366.51718495565
EMP-74695,,Engineering,-2.0,Level-2 (Medium),
EMP-55801,Data Analyst,Finance,1.0,Level-2 (Medium),86140.75868460418
EMP-30006,software engineer,Finance,,Level-3 (High),90221.39173252496
EMP-52508,Data Analyst,Marketing,3.0,Level-3 (High),131601.8006529772
EMP-63883,Data Analyst,Finance,35.0,Level-2 (Medium),26144.321335916808
EMP-77907,SOFTWARE ENGINEER,Marketing,35.0,Level-2 (Medium),33320.958649047054
EMP-29925,Software Engineer,N/A,8.0,Level-3 (High),140952.74182344083
EMP-25575,Data Analyst,Engineering,3.0,Level-3 (High),177804.2245468724
EMP-32421,UNKNOWN,Marketing,5.0,Level-3 (High),148031.23096377807
EMP-82719,UNKNOWN,Engineering,3.0,Level-2 (Medium),104202.49974458634
EMP-12670,  Manager  ,Human Resources,8.0,Level-3 (High),174103.84095968874
EMP-47908,data analyst,Engineering,8.0,Level-2 (Medium),104066.15484960575
EMP-97301,Software Engineer,Engineering,3.0,Level-2 (Medium),134851.6204406675
EMP-20464,UNKNOWN,Human Resources,3.0,Level-2 (Medium),39057.74412648164
EMP-84711,data analyst,Human Resources,1.0,Level-2 (Medium),61217.66330649468
EMP-42456,Data Analyst,Engineering,5.0,Level-3 (High),48282.14015839546
EMP-10469,Project Manager,Engineering,5.0,Level-1 (Low),134108.79072808474
EMP-90789,Software Engineer,Engineering,8.0,Level-2 (Medium),51052.237233418244
EMP-62193,software engineer,Finance,8.0,Level-1 (Low),152848.95150941977
EMP-34666,Software Engineer,Finance,,Level-2 (Medium),173273.75605438542
EMP-27896,software engineer,Marketing,3.0,Level-1 (Low),56012.619433137195
EMP-57989,Data Analyst,Marketing,3.0,Level-3 (High),117246.43200589137
EMP-70839,software engineer,Engineering,3.0,Level-3 (High),142255.9199964857
EMP-46332,software engineer,Human Resources,5.0,Level-1 (Low),179257.40919950954
EMP-49323,Data Analyst,Engineering,3.0,Level-2 (Medium),176839.39357096248
EMP-72647,software engineer,Human Resources,3.0,Level-1 (Low),96783.9851267937
EMP-26673,software engineer,N/A,8.0,Level-1 (Low),82706.91906404131
EMP-47456,data analyst,Engineering,5.0,Level-1 (Low),119074.05173032437
EMP-17161,Data Analyst,Finance,3.0,Level-2 (Medium),83158.63054849967
EMP-10456,Data Analyst,Marketing,8.0,Level-1 (Low),52961.5615217389
EMP-46777,Software Engineer,Engineering,8.0,Level-2 (Medium),84625.47199901733
EMP-51476,data analyst,Marketing,12.0,Level-3 (High),143316.23730416506
EMP-50152,UNKNOWN,N/A,1.0,Level-2 (Medium),168866.12051588114
EMP-85868,Data Analyst,Finance,3.0,Level-2 (Medium),29498.65132371732
EMP-86967,Software Engineer,Marketing,12.0,Level-1 (Low),44537.71638591995
EMP-22277,Software Engineer,Finance,5.0,Level-1 (Low),42070.1580420848
EMP-74125,Software Engineer,Finance,1.0,Level-2 (Medium),161525.9090758618
EMP-73183,,Finance,1.0,Level-2 (Medium),
EMP-83110,Data Analyst,Engineering,5.0,Level-2 (Medium),78094.23803772505
EMP-59876,software engineer,Human Resources,12.0,Level-3 (High),57912.79445375531
EMP-98300,Data Analyst,N/A,5.0,Level-1 (Low),37915.80613756601
EMP-93003,Software Engineer,Human Resources,1.0,Level-3 (High),176146.67064930682
EMP-44771,UNKNOWN,Marketing,8.0,Level-3 (High),68776.00321366289
EMP-81213,software engineer,Human Resources,5.0,Level-1 (Low),165670.36055061265
EMP-87855,software engineer,Marketing,3.0,Level-2 (Medium),146636.19237161527
EMP-84423,SOFTWARE ENGINEER,Engineering,1.0,Level-3 (High),129178.3966314407
EMP-87792,,Engineering,5.0,Level-3 (High),
EMP-97508,SOFTWARE ENGINEER,Engineering,1.0,MISSING,68699.00423653505
EMP-47881,  Manager  ,Human Resources,5.0,Level-2 (Medium),178973.09243568595
EMP-64641,data analyst,Marketing,5.0,Level-1 (Low),104041.52923218659
EMP-50195,Software Engineer,Marketing,3.0,Level-1 (Low),85864.13982836927
EMP-72044,software engineer,Engineering,35.0,Level-3 (High),132457.0396367581
EMP-35166,UNKNOWN,Engineering,35.0,Level-2 (Medium),44668.78745178801
EMP-25223,software engineer,Marketing,,Level-2 (Medium),55493.615495924096
EMP-86555,Project Manager,Human Resources,5.0,Level-3 (High),158910.53470922366
EMP-52447,UNKNOWN,Human Resources,5.0,Level-2 (Medium),173023.76178420414
EMP-87707,,Finance,12.0,Level-3 (High),
EMP-91686,Project Manager,N/A,1.0,Level-2 (Medium),49284.035862224424
EMP-85936,Software Engineer,Engineering,5.0,Level-2 (Medium),130144.99117876949
EMP-59405,SOFTWARE ENGINEER,Marketing,-2.0,Level-1 (Low),37776.736129191515
EMP-60644,software engineer,N/A,,Level-2 (Medium),177629.0308355145
EMP-24654,Software Engineer,Human Resources,3.0,Level-1 (Low),72205.53289668079
EMP-46541,Data Analyst,Finance,12.0,Level-1 (Low),135806.65888320818
EMP-51232,Data Analyst,Engineering,1.0,Level-1 (Low),96324.693720123
EMP-55568,Data Analyst,Engineering,8.0,Level-3 (High),67282.2341710171
EMP-37224,Software Engineer,Engineering,5.0,MISSING,139569.54823059402
EMP-79108,Project Manager,Finance,12.0,Level-3 (High),133108.93351853936
EMP-39786,software engineer,Marketing,8.0,Level-2 (Medium),48591.29902068661
EMP-66439,Project Manager,Marketing,8.0,Level-2 (Medium),140619.59178226726
EMP-67974,Software Engineer,Finance,1.0,Level-1 (Low),176436.23161694413
EMP-49230,UNKNOWN,Engineering,99.0,Level-2 (Medium),58442.33276339374
EMP-97850,Software Engineer,Marketing,3.0,Level-2 (Medium),27121.94979239051
EMP-91505,Data Analyst,Engineering,99.0,Level-1 (Low),171841.73979243726
EMP-28621,  Manager  ,Engineering,1.0,Level-2 (Medium),121132.49968000628
EMP-59750,software engineer,Marketing,3.0,Level-2 (Medium),44751.712025655674
EMP-89248,Data Analyst,Finance,12.0,Level-1 (Low),123760.66531317058
EMP-55055,software engineer,Marketing,3.0,Level-3 (High),130594.02159835213
EMP-47369,Project Manager,Engineering,3.0,Level-1 (Low),45741.57076538677
EMP-10835,software engineer,Engineering,1.0,Level-2 (Medium),113664.4377097726
EMP-21856,software engineer,Engineering,1.0,Level-2 (Medium),175440.00560982584
EMP-96836,SOFTWARE ENGINEER,Engineering,8.0,Level-1 (Low),42473.43533234288
EMP-54106,SOFTWARE ENGINEER,Finance,1.0,Level-1 (Low),182339.19251286678
EMP-39174,Software Engineer,Human Resources,3.0,Level-1 (Low),104237.85937272206
EMP-10873,Data Analyst,Engineering,5.0,Level-2 (Medium),91771.5442341232
EMP-46884,,Finance,1.0,Level-2 (Medium),
EMP-12750,Data Analyst,Engineering,8.0,Level-2 (Medium),45015.67297942877
EMP-89506,SOFTWARE ENGINEER,Engineering,3.0,Level-2 (Medium),174655.8776555793
EMP-66017,Software Engineer,Engineering,8.0,Level-2 (Medium),160460.05967458515
EMP-81527,data analyst,Finance,8.0,Level-3 (High),184173.07429649297
EMP-79312,UNKNOWN,Engineering,5.0,Level-2 (Medium),149805.5168824007
EMP-37591,Software Engineer,Finance,3.0,Level-1 (Low),83329.37251510879
EMP-30621,,Engineering,12.0,Level-2 (Medium),
EMP-66865,Software Engineer,Marketing,1.0,Level-2 (Medium),36695.67807217989
EMP-55464,Project Manager,Engineering,8.0,Level-2 (Medium),169397.815169357
EMP-55304,SOFTWARE ENGINEER,Engineering,1.0,Level-2 (Medium),183602.4287404276
EMP-94107,Software Engineer,Marketing,8.0,Level-2 (Medium),34470.8315822631
EMP-58580,software engineer,Finance,35.0,Level-2 (Medium),124544.56112638957
EMP-38347,Software Engineer,Engineering,35.0,Level-2 (Medium),110028.18598575886
EMP-58926,software engineer,Finance,,Level-3 (High),58219.109238581856
EMP-44324,  Manager  ,Finance,12.0,Level-1 (Low),40381.661178412585
EMP-16344,UNKNOWN,Finance,5.0,Level-1 (Low),120363.77868784203
EMP-13122,software engineer,Marketing,5.0,Level-2 (Medium),137115.43476158887
EMP-80696,Data Analyst,Human Resources,35.0,Level-2 (Medium),172875.02668988856
EMP-87581,Data Analyst,Engineering,8.0,Level-3 (High),59750.0888105163
EMP-91681,Software Engineer,Marketing,8.0,Level-1 (Low),93326.19988645607
EMP-56502,software engineer,Engineering,8.0,Level-1 (Low),44442.27774430685
EMP-16171,software engineer,Engineering,5.0,Level-1 (Low),169344.90073206814
EMP-42436,UNKNOWN,Engineering,3.0,Level-1 (Low),73586.67235771244
EMP-28856,SOFTWARE ENGINEER,N/A,3.0,Level-3 (High),81536.54177175552
EMP-67543,Software Engineer,Finance,1.0,Level-2 (Medium),68331.50850728748
EMP-82613,,Engineering,1.0,Level-1 (Low),
EMP-31144,Software Engineer,Finance,5.0,Level-2 (Medium),163758.50801320936
EMP-33857,Software Engineer,Engineering,5.0,Level-3 (High),30282.09811238092
EMP-98541,software engineer,Marketing,8.0,Level-2 (Medium),89270.98939007206
EMP-69061,data analyst,Marketing,,Level-1 (Low),174020.55017046412
EMP-50426,Software Engineer,Human Resources,1.0,Level-1 (Low),137114.05472090567
EMP-17167,Software Engineer,Human Resources,8.0,Level-2 (Medium),86121.04276242325
EMP-89969,Project Manager,Engineering,12.0,Level-3 (High),150710.40038579638
EMP-87265,Data Analyst,Marketing,1.0,Level-2 (Medium),112647.92132028486
EMP-28003,SOFTWARE ENGINEER,Finance,12.0,Level-2 (Medium),182590.30745005087
EMP-54938,SOFTWARE ENGINEER,Engineering,1.0,Level-3 (High),152639.9360705571
EMP-42100,SOFTWARE ENGINEER,Marketing,12.0,Level-3 (High),128300.22241606265
EMP-24151,software engineer,Human Resources,5.0,Level-1 (Low),120501.85863965056
EMP-86534,UNKNOWN,Engineering,1.0,Level-3 (High),81815.48985195477
EMP-40950,SOFTWARE ENGINEER,Engineering,1.0,Level-2 (Medium),101594.83017899442
EMP-27350,data analyst,Engineering,8.0,MISSING,145840.01115047123
EMP-36031,Project Manager,Engineering,8.0,Level-3 (High),44379.04674041038
EMP-79182,data analyst,Human Resources,8.0,Level-2 (Medium),165817.28067956233
EMP-41368,  Manager  ,Finance,3.0,Level-1 (Low),43724.48692775633
EMP-71128,Data Analyst,Engineering,3.0,Level-2 (Medium),53160.97083487131
EMP-87516,Software Engineer,Engineering,,MISSING,176973.26565333738
EMP-27338,UNKNOWN,Human Resources,5.0,Level-2 (Medium),83150.74044520546
EMP-74301,software engineer,Engineering,8.0,Level-3 (High),143740.73727905162
EMP-66013,Data Analyst,Engineering,35.0,Level-2 (Medium),149836.51666391565
EMP-78243,SOFTWARE ENGINEER,Marketing,3.0,MISSING,133060.9733077523
EMP-75508,UNKNOWN,Engineering,8.0,Level-1 (Low),90101.24872773407
EMP-81675,Data Analyst,Engineering,3.0,Level-1 (Low),158537.978646069
EMP-27632,SOFTWARE ENGINEER,Engineering,12.0,Level-2 (Medium),66689.68650634857
EMP-73874,software engineer,Marketing,,Level-1 (Low),132235.9344749332
EMP-88270,Data Analyst,Engineering,3.0,Level-3 (High),178682.21871050788
EMP-63179,SOFTWARE ENGINEER,Engineering,5.0,Level-3 (High),67185.08203092442
EMP-17082,Data Analyst,Marketing,3.0,Level-3 (High),27988.925226613865
EMP-56276,,Human Resources,5.0,Level-2 (Medium),
EMP-40230,software engineer,Marketing,8.0,Level-1 (Low),51574.89035925183
EMP-13568,Software Engineer,Finance,35.0,Level-2 (Medium),56264.099970427014
EMP-55874,software engineer,Engineering,3.0,Level-2 (Medium),64175.08229851943
EMP-61675,software engineer,Engineering,,Level-3 (High),47342.364720411715
EMP-94453,data analyst,Marketing,3.0,Level-2 (Medium),126887.57727603149
EMP-49987,Data Analyst,Marketing,3.0,Level-1 (Low),162164.6172932638
EMP-35915,SOFTWARE ENGINEER,Marketing,1.0,Level-3 (High),124847.83123702357
EMP-73280,Project Manager,Finance,1.0,Level-2 (Medium),152708.51514931716
EMP-54969,SOFTWARE ENGINEER,Finance,5.0,Level-2 (Medium),26047.368578496305
EMP-25751,  Manager  ,Finance,8.0,Level-1 (Low),34703.63727303591
EMP-17268,software engineer,Engineering,5.0,Level-3 (High),108648.94525540418
EMP-56377,data analyst,Finance,1.0,Level-3 (High),175411.93883621914
EMP-73648,data analyst,Engineering,12.0,Level-3 (High),96556.35775796509
EMP-29746,Software Engineer,Finance,3.0,Level-2 (Medium),138771.81599366004
EMP-57571,Software Engineer,Human Resources,1.0,Level-3 (High),182678.59899969833
EMP-25015,SOFTWARE ENGINEER,Engineering,8.0,Level-1 (Low),46586.48664922529
EMP-23166,Software Engineer,Engineering,8.0,Level-2 (Medium),41009.49868538198
EMP-17302,Software Engineer,Finance,8.0,Level-3 (High),133308.32936265488
EMP-54477,software engineer,Human Resources,8.0,Level-2 (Medium),173788.73599916385
EMP-45198,  Manager  ,Engineering,1.0,Level-2 (Medium),45656.35379624849
EMP-46531,software engineer,Human Resources,3.0,Level-2 (Medium),167361.86875777884
EMP-28905,Software Engineer,Engineering,3.0,Level-2 (Medium),170242.12722734667
EMP-20400,software engineer,Human Resources,12.0,Level-2 (Medium),56161.54330634947
EMP-84648,SOFTWARE ENGINEER,Human Resources,1.0,Level-1 (Low),104543.7290298886
EMP-90800,software engineer,Engineering,1.0,Level-2 (Medium),68354.50032217518
EMP-65249,  Manager  ,Engineering,5.0,MISSING,97758.89666365755
EMP-58598,Software Engineer,Human Resources,99.0,Level-2 (Medium),86673.57634937248
EMP-23282,Data Analyst,Engineering,8.0,Level-2 (Medium),108001.01862161778
EMP-14137,  Manager  ,Marketing,8.0,Level-1 (Low),49389.85942111806
EMP-21158,Software Engineer,Marketing,5.0,Level-2 (Medium),61638.098374854824
EMP-15661,Data Analyst,Engineering,,Level-2 (Medium),35739.71793000435
EMP-15340,Software Engineer,Marketing,99.0,Level-2 (Medium),178722.46157644034
EMP-51733,Software Engineer,Finance,8.0,Level-1 (Low),94199.18992230725
EMP-73276,Software Engineer,Finance,5.0,Level-2 (Medium),103865.68035902095
EMP-18333,Data Analyst,Marketing,5.0,Level-3 (High),87240.11158970279
EMP-27732,data analyst,Engineering,3.0,Level-2 (Medium),69000.18804989182
EMP-80971,data analyst,Engineering,,Level-2 (Medium),87391.23245560957
EMP-20012,software engineer,Engineering,5.0,Level-2 (Medium),113815.49733211628
EMP-45041,software engineer,Human Resources,5.0,Level-1 (Low),95528.40905433228
EMP-15152,software engineer,Marketing,,Level-2 (Medium),55646.26148184853
EMP-62099,software engineer,Marketing,8.0,Level-1 (Low),143323.18695853156
EMP-49581,Software Engineer,Engineering,8.0,Level-2 (Medium),133600.2483667645
EMP-52055,software engineer,Engineering,3.0,Level-3 (High),121207.02777972084
EMP-96409,Software Engineer,Engineering,8.0,Level-1 (Low),128872.8512954059
EMP-74344,Software Engineer,Marketing,1.0,Level-1 (Low),126601.8941743268
EMP-33239,,Finance,8.0,Level-2 (Medium),
EMP-36747,software engineer,Engineering,35.0,Level-2 (Medium),55512.590504732056
EMP-95576,software engineer,Engineering,3.0,Level-3 (High),102744.1495911096
EMP-22172,Data Analyst,Engineering,8.0,MISSING,180064.50879791417
EMP-44809,Project Manager,Marketing,,Level-2 (Medium),184438.43241985637
EMP-59155,Project Manager,Marketing,8.0,Level-2 (Medium),75075.88578075758
EMP-15119,Software Engineer,N/A,3.0,Level-2 (Medium),161020.4334709432
EMP-16863,Software Engineer,Engineering,35.0,Level-2 (Medium),34976.21708524985
EMP-24814,data analyst,Engineering,3.0,Level-3 (High),56025.47160078434
EMP-41526,data analyst,Engineering,12.0,Level-2 (Medium),148309.89634135694
EMP-40636,  Manager  ,Marketing,5.0,Level-3 (High),82337.14777560097
EMP-98966,Project Manager,Engineering,1.0,MISSING,44932.46707567588
EMP-33967,software engineer,N/A,1.0,Level-2 (Medium),177682.21254667657
EMP-68240,  Manager  ,Human Resources,8.0,Level-2 (Medium),178238.3608728001
EMP-46802,Project Manager,Marketing,3.0,Level-3 (High),170685.81654569873
EMP-23504,data analyst,Engineering,5.0,MISSING,179351.2773468286
EMP-47570,Project Manager,Engineering,8.0,Level-1 (Low),26209.297032467428
EMP-98094,Software Engineer,Engineering,1.0,Level-2 (Medium),172740.58894461422
EMP-69413,software engineer,Finance,3.0,Level-1 (Low),60915.97486335958
EMP-19249,Project Manager,Engineering,5.0,Level-1 (Low),83470.92551256788
EMP-61401,data analyst,Engineering,,Level-2 (Medium),125629.98294267249
EMP-66837,Project Manager,Marketing,5.0,MISSING,33195.96422059687
EMP-14249,  Manager  ,Marketing,3.0,Level-2 (Medium),137690.07574795623
EMP-55469,software engineer,Finance,5.0,Level-3 (High),73362.37711724336
EMP-42427,Data Analyst,Finance,12.0,Level-1 (Low),70781.28326201125
EMP-72650,software engineer,Marketing,3.0,Level-1 (Low),145443.9293842126
EMP-56656,software engineer,Engineering,1.0,Level-1 (Low),124584.79494913667
EMP-80453,,N/A,,Level-2 (Medium),
EMP-54396,Project Manager,Engineering,35.0,Level-2 (Medium),80218.18722520224
EMP-72461,data analyst,Finance,3.0,Level-3 (High),174657.4126569386
EMP-12718,Project Manager,Finance,3.0,Level-2 (Medium),106060.75155503323
EMP-66269,software engineer,Engineering,5.0,Level-2 (Medium),126650.74591682554
EMP-71890,software engineer,Marketing,3.0,Level-1 (Low),73469.79547852621
EMP-37014,Data Analyst,Finance,3.0,Level-2 (Medium),146384.97170077587
EMP-56927,Software Engineer,Engineering,3.0,Level-1 (Low),64126.30140690675
EMP-89644,software engineer,Human Resources,8.0,Level-1 (Low),85069.4809953345
EMP-33704,SOFTWARE ENGINEER,Marketing,8.0,Level-2 (Medium),108198.35340989979
EMP-29641,SOFTWARE ENGINEER,Human Resources,3.0,Level-3 (High),75340.2643576304
EMP-67981,software engineer,Engineering,5.0,Level-2 (Medium),93513.0476379626
EMP-34750,Data Analyst,Engineering,5.0,Level-3 (High),160645.5638946477
EMP-11504,,Marketing,12.0,Level-2 (Medium),
EMP-45835,software engineer,Engineering,,Level-3 (High),167630.35049726546
EMP-90246,SOFTWARE ENGINEER,Engineering,5.0,Level-2 (Medium),158981.37089818707
EMP-46345,,Finance,3.0,Level-2 (Medium),
EMP-39821,Project Manager,N/A,12.0,Level-1 (Low),57744.22353036764
EMP-31411,software engineer,Engineering,8.0,Level-2 (Medium),179945.52714032945
EMP-35435,Project Manager,Engineering,8.0,Level-3 (High),65739.01370145884
EMP-72187,Software Engineer,Finance,3.0,Level-1 (Low),98384.31038224309
EMP-89898,Data Analyst,Engineering,12.0,Level-2 (Medium),139843.25968721166
EMP-64689,Data Analyst,Engineering,3.0,Level-2 (Medium),169209.53672637965
EMP-22077,software engineer,Human Resources,3.0,Level-2 (Medium),56270.30542925287
EMP-44503,Software Engineer,Finance,8.0,Level-1 (Low),170650.8267276186
EMP-29278,Data Analyst,Human Resources,3.0,Level-2 (Medium),77762.66233441065
EMP-46060,software engineer,N/A,,Level-1 (Low),89723.27892173413
EMP-22421,SOFTWARE ENGINEER,Human Resources,8.0,Level-3 (High),89631.41499773314
EMP-97208,Software Engineer,N/A,5.0,Level-3 (High),120706.73391518822
EMP-85455,data analyst,Finance,,Level-1 (Low),82352.89988947421
EMP-96934,Data Analyst,Engineering,,Level-2 (Medium),49827.478058530265
EMP-85702,software engineer,Finance,1.0,Level-3 (High),113775.30181308645
EMP-45770,Software Engineer,Engineering,12.0,Level-2 (Medium),69204.21867396121
EMP-76315,SOFTWARE ENGINEER,Marketing,8.0,Level-3 (High),152393.63652452937
EMP-28109,software engineer,Marketing,1.0,Level-2 (Medium),89679.04687009752
EMP-20993,Software Engineer,Marketing,5.0,Level-1 (Low),184878.81302040734
EMP-13489,Software Engineer,Engineering,1.0,Level-2 (Medium),176245.35423994716
EMP-11260,Data Analyst,Marketing,5.0,Level-1 (Low),111172.0361966156
EMP-69726,UNKNOWN,Human Resources,12.0,Level-2 (Medium),170596.83112687574
EMP-28239,Software Engineer,Marketing,35.0,Level-1 (Low),131257.26959374914
EMP-93450,software engineer,Engineering,-2.0,Level-1 (Low),43887.34019967199
EMP-63575,Software Engineer,N/A,5.0,Level-2 (Medium),83964.3990423725
EMP-27427,Data Analyst,Marketing,1.0,Level-2 (Medium),37972.00375940713
EMP-68632,SOFTWARE ENGINEER,Engineering,35.0,Level-3 (High),73100.00141583894
EMP-87575,  Manager  ,Engineering,35.0,MISSING,49322.1002994542
EMP-97482,software engineer,Marketing,8.0,Level-1 (Low),168947.73495089807
EMP-47596,software engineer,Engineering,3.0,Level-1 (Low),77724.93433014481
EMP-60813,Project Manager,Marketing,1.0,Level-2 (Medium),76228.07518152276
EMP-36023,Data Analyst,Finance,5.0,Level-3 (High),134787.15254423505
EMP-63587,software engineer,Engineering,5.0,Level-3 (High),37319.98698814328
EMP-55465,  Manager  ,N/A,5.0,Level-1 (Low),79571.28800160353
EMP-41019,SOFTWARE ENGINEER,Human Resources,1.0,Level-2 (Medium),47135.72177182666
EMP-53053,Project Manager,Engineering,12.0,MISSING,182791.22870583693
EMP-33563,,Human Resources,3.0,Level-2 (Medium),
EMP-78054,SOFTWARE ENGINEER,Engineering,5.0,Level-1 (Low),47588.70944965977
EMP-65582,data analyst,Human Resources,3.0,Level-3 (High),154554.50387559342
EMP-15485,Project Manager,Engineering,8.0,Level-2 (Medium),34223.244369109605
EMP-41326,data analyst,Engineering,3.0,Level-1 (Low),92342.26436066905
EMP-65584,software engineer,Engineering,5.0,Level-3 (High),60817.4232799597
EMP-45684,UNKNOWN,Finance,8.0,Level-3 (High),129833.98041075797
EMP-16851,Software Engineer,Engineering,,Level-3 (High),76747.26680224144
EMP-68892,software engineer,Engineering,3.0,Level-3 (High),141283.30628130346
EMP-14949,Software Engineer,Engineering,3.0,Level-1 (Low),54906.07094462759
EMP-45501,Project Manager,Marketing,5.0,Level-1 (Low),134572.97497624558
EMP-87568,software engineer,Finance,99.0,Level-1 (Low),46660.78709686902
EMP-92741,Project Manager,Engineering,3.0,Level-2 (Medium),182027.96031237897
EMP-29438,  Manager  ,Engineering,1.0,Level-3 (High),110478.50378895982
EMP-41047,Data Analyst,Engineering,1.0,Level-2 (Medium),25700.34725077905
EMP-79924,software engineer,Finance,1.0,Level-3 (High),41213.4190710829
EMP-93349,software engineer,Human Resources,8.0,Level-2 (Medium),173654.4031124894
EMP-13448,Project Manager,Marketing,5.0,Level-1 (Low),82947.80462641935
EMP-15466,Software Engineer,Engineering,3.0,Level-2 (Medium),146824.90822266805
EMP-11878,SOFTWARE ENGINEER,Engineering,5.0,Level-2 (Medium),40372.83180623644
EMP-44124,Software Engineer,Engineering,8.0,Level-3 (High),57009.4998080015
EMP-16235,,Marketing,5.0,Level-1 (Low),
EMP-17194,Software Engineer,Human Resources,12.0,Level-2 (Medium),62240.74195757628
EMP-79795,SOFTWARE ENGINEER,Marketing,5.0,Level-1 (Low),155248.67604080113
EMP-98752,,Engineering,8.0,Level-1 (Low),
EMP-23857,Data Analyst,N/A,35.0,Level-3 (High),129411.19660509958
EMP-58881,Project Manager,Engineering,8.0,Level-3 (High),28989.07693259428
EMP-31885,SOFTWARE ENGINEER,Marketing,12.0,Level-1 (Low),99943.73771383971
EMP-69189,,Engineering,5.0,Level-2 (Medium),
EMP-24754,Software Engineer,Engineering,35.0,MISSING,69948.96925909418
EMP-51055,Data Analyst,Marketing,12.0,Level-2 (Medium),136085.8824881899
EMP-91938,  Manager  ,Engineering,5.0,Level-3 (High),74067.28627277065
EMP-20081,  Manager  ,Human Resources,5.0,Level-3 (High),55789.96050210121
EMP-46216,data analyst,Finance,12.0,Level-2 (Medium),108468.095543731
EMP-41663,Software Engineer,Engineering,35.0,Level-3 (High),128139.78262497239
EMP-26173,data analyst,Finance,1.0,Level-2 (Medium),138914.6844574581
EMP-49280,software engineer,Engineering,1.0,Level-1 (Low),74694.93431743872
EMP-49460,data analyst,Engineering,5.0,Level-1 (Low),170354.31224706754
EMP-85654,Software Engineer,Human Resources,1.0,Level-2 (Medium),111364.90890546831
EMP-33711,Software Engineer,Engineering,3.0,Level-1 (Low),125837.7348563083
EMP-91809,Software Engineer,Engineering,8.0,Level-2 (Medium),43246.33034470446
EMP-35571,software engineer,Engineering,8.0,Level-2 (Medium),60359.52418800924
EMP-22661,Software Engineer,Marketing,8.0,Level-1 (Low),145877.8737967019
EMP-30481,Data Analyst,Marketing,8.0,Level-2 (Medium),169988.11106845064
EMP-82906,software engineer,Human Resources,8.0,Level-1 (Low),117541.88212389163
EMP-90285,Data Analyst,Finance,3.0,Level-2 (Medium),27863.19261749494
EMP-16978,Data Analyst,Engineering,35.0,Level-3 (High),86122.42058580645
EMP-85042,Data Analyst,Engineering,8.0,Level-1 (Low),124316.27259072407
EMP-58361,Data Analyst,Marketing,3.0,Level-1 (Low),168600.3412025004
EMP-64307,software engineer,Engineering,5.0,Level-1 (Low),68760.41641194219
EMP-87637,SOFTWARE ENGINEER,Engineering,35.0,Level-2 (Medium),54431.77896727759
EMP-48019,SOFTWARE ENGINEER,Finance,3.0,Level-3 (High),79611.17069707703
EMP-17315,Software Engineer,Engineering,5.0,Level-3 (High),151576.05143679518
EMP-86602,software engineer,Engineering,12.0,Level-3 (High),45050.97906552635
EMP-46703,,Engineering,1.0,MISSING,
EMP-23996,data analyst,Finance,,MISSING,59903.04693725946
EMP-75947,,Engineering,12.0,Level-2 (Medium),
EMP-41862,Data Analyst,Finance,8.0,Level-2 (Medium),129085.53845965437
EMP-20587,software engineer,Finance,8.0,Level-1 (Low),91153.52013644716
EMP-13603,Data Analyst,Engineering,8.0,Level-2 (Medium),25449.904011177474
EMP-26407,Software Engineer,Human Resources,3.0,Level-2 (Medium),45648.66427095837
EMP-21547,Software Engineer,Engineering,5.0,Level-1 (Low),184954.57804631436
EMP-82790,  Manager  ,Marketing,,Level-3 (High),28935.54759267227
EMP-33383,Data Analyst,Human Resources,1.0,Level-2 (Medium),112310.52027769422
EMP-43135,UNKNOWN,Engineering,3.0,Level-1 (Low),162986.77845984205
EMP-37453,software engineer,Marketing,,Level-2 (Medium),111439.43763092736
EMP-60838,Software Engineer,Human Resources,12.0,Level-3 (High),36507.71355337012
EMP-56986,Data Analyst,Engineering,3.0,Level-1 (Low),34284.45171818689
EMP-43357,SOFTWARE ENGINEER,Engineering,3.0,Level-1 (Low),150618.53927865915
EMP-13383,software engineer,Engineering,35.0,Level-3 (High),174828.7806793019
EMP-47266,Project Manager,Engineering,3.0,Level-3 (High),88729.3302888604
EMP-79390,software engineer,Finance,1.0,Level-2 (Medium),109991.04028070606
EMP-35254,  Manager  ,N/A,1.0,Level-1 (Low),143859.846490007
EMP-87969,,Engineering,5.0,MISSING,
EMP-81137,Data Analyst,Finance,8.0,Level-2 (Medium),84391.17219253161
EMP-75285,Software Engineer,Engineering,35.0,Level-2 (Medium),170395.3518023758
EMP-47541,  Manager  ,Human Resources,12.0,Level-2 (Medium),177223.89704870497
EMP-45298,SOFTWARE ENGINEER,Engineering,5.0,Level-2 (Medium),111987.928894014
EMP-89168,Project Manager,Marketing,35.0,Level-1 (Low),67916.39160350489
EMP-87888,Software Engineer,Finance,8.0,Level-1 (Low),46564.019010050826
EMP-91010,Data Analyst,Finance,,Level-2 (Medium),43411.452273540956
EMP-76902,data analyst,Marketing,5.0,Level-3 (High),176245.0015221679
EMP-87209,Project Manager,Engineering,8.0,Level-1 (Low),26346.08354106982
EMP-69959,Software Engineer,Engineering,3.0,Level-2 (Medium),35904.964786309996
EMP-40690,software engineer,Marketing,1.0,Level-1 (Low),146305.68395404925
EMP-84744,Project Manager,Engineering,8.0,Level-1 (Low),91836.82906558466
EMP-70998,SOFTWARE ENGINEER,N/A,-2.0,Level-1 (Low),143883.49640754404
EMP-62972,Data Analyst,Engineering,8.0,Level-1 (Low),170650.7479438785
EMP-22881,Software Engineer,Finance,8.0,Level-1 (Low),67558.42265155817
EMP-83685,Software Engineer,Engineering,1.0,Level-3 (High),157047.73386571207
EMP-45928,Data Analyst,Marketing,3.0,Level-3 (High),106341.06000258964
EMP-73609,Software Engineer,Marketing,,Level-2 (Medium),114243.80046171302
EMP-59883,Software Engineer,Engineering,5.0,Level-2 (Medium),127143.00710419932
EMP-52435,software engineer,Engineering,8.0,Level-2 (Medium),72899.24972683805
EMP-13024,Project Manager,Human Resources,1.0,Level-2 (Medium),106954.61033361804
EMP-96223,software engineer,N/A,,Level-3 (High),131775.85596792304
EMP-82094,Project Manager,Finance,,Level-2 (Medium),85638.93062205339
EMP-23096,  Manager  ,Finance,12.0,Level-3 (High),99957.53741492504
EMP-70697,software engineer,Human Resources,,Level-3 (High),84101.17648257104
EMP-73547,Data Analyst,Engineering,8.0,MISSING,42593.59599966093
EMP-46567,Software Engineer,Engineering,3.0,MISSING,83847.0278257055
EMP-88842,  Manager  ,Marketing,12.0,Level-2 (Medium),110889.52567328468
EMP-18806,software engineer,N/A,1.0,Level-1 (Low),83319.66165225639
EMP-18704,data analyst,Marketing,8.0,Level-2 (Medium),160373.73192252303
EMP-66567,data analyst,Human Resources,3.0,Level-1 (Low),116470.46578091038
EMP-70191,software engineer,Engineering,8.0,Level-1 (Low),76409.1807741182
EMP-46938,Software Engineer,Marketing,8.0,Level-1 (Low),106081.41898932944
EMP-54026,SOFTWARE ENGINEER,Human Resources,5.0,Level-2 (Medium),109745.5527634516
EMP-14156,UNKNOWN,Engineering,3.0,Level-2 (Medium),30616.17417022692
EMP-43584,SOFTWARE ENGINEER,Human Resources,5.0,Level-2 (Medium),166482.08879873215
EMP-20769,data analyst,Human Resources,3.0,Level-3 (High),181730.216049388
EMP-81405,data analyst,Engineering,5.0,Level-3 (High),43163.20161718522
EMP-12357,Data Analyst,Marketing,35.0,Level-3 (High),38941.62971203
EMP-12851,data analyst,Finance,5.0,Level-2 (Medium),155616.4952277914
EMP-97415,software engineer,Marketing,12.0,Level-3 (High),129792.50722919285
EMP-54752,Data Analyst,Engineering,5.0,Level-1 (Low),113695.58021781934
EMP-65423,SOFTWARE ENGINEER,Finance,5.0,Level-2 (Medium),43195.14828181737
EMP-57901,software engineer,Engineering,3.0,Level-2 (Medium),164617.7913741199
EMP-13166,SOFTWARE ENGINEER,N/A,5.0,Level-2 (Medium),73661.2786801817
EMP-33990,Software Engineer,Finance,35.0,Level-1 (Low),119288.8733367881
EMP-74675,SOFTWARE ENGINEER,Engineering,12.0,Level-2 (Medium),167956.1864396438
EMP-75014,Data Analyst,Human Resources,3.0,Level-1 (Low),118599.83751788075
EMP-66788,Software Engineer,Engineering,12.0,Level-2 (Medium),150319.68047803763
EMP-10396,,Finance,5.0,Level-2 (Medium),
EMP-77141,  Manager  ,Human Resources,1.0,Level-2 (Medium),113403.60967114336
EMP-14031,Project Manager,Engineering,5.0,MISSING,60529.94781824132
EMP-29612,  Manager  ,Finance,8.0,Level-2 (Medium),183878.92421383192
EMP-84718,software engineer,Marketing,8.0,Level-2 (Medium),59707.98852095557
EMP-53847,Software Engineer,Marketing,1.0,Level-3 (High),95767.75969429457
EMP-26637,Data Analyst,Engineering,12.0,Level-2 (Medium),32955.76957434617
EMP-36868,SOFTWARE ENGINEER,Engineering,5.0,MISSING,120851.44041501681
EMP-95303,Data Analyst,Engineering,,MISSING,65621.24613055358
EMP-29752,software engineer,Marketing,5.0,Level-2 (Medium),153749.61556448188
EMP-22437,data analyst,Human Resources,12.0,Level-3 (High),107540.4342131253
EMP-56164,SOFTWARE ENGINEER,Engineering,1.0,Level-1 (Low),110284.2510212799
EMP-51317,,Marketing,5.0,Level-2 (Medium),
EMP-26692,Data Analyst,Marketing,1.0,Level-3 (High),182867.6425680682
EMP-21432,Software Engineer,Finance,8.0,Level-2 (Medium),160177.36742316023
EMP-22022,Software Engineer,Engineering,5.0,Level-3 (High),112547.4579982957
EMP-63528,Data Analyst,Engineering,5.0,Level-1 (Low),123504.72158545471
EMP-45274,software engineer,Human Resources,5.0,Level-2 (Medium),112391.77858686725
EMP-64040,Data Analyst,Engineering,8.0,Level-2 (Medium),170945.63714028616
EMP-16357,software engineer,Finance,3.0,Level-2 (Medium),84452.16697053637
EMP-92349,,Finance,,Level-2 (Medium),
EMP-85892,software engineer,Engineering,8.0,Level-1 (Low),154055.16308781912
EMP-20081,,Finance,1.0,Level-3 (High),
EMP-42064,data analyst,Engineering,3.0,Level-1 (Low),50760.28949555484
EMP-57855,Data Analyst,Engineering,8.0,Level-2 (Medium),113935.35123979658
EMP-68319,SOFTWARE ENGINEER,Engineering,12.0,Level-2 (Medium),93953.24488030517
EMP-67551,Project Manager,Marketing,99.0,Level-1 (Low),36982.74119191744
EMP-84022,software engineer,Marketing,1.0,Level-2 (Medium),101226.58057343223
EMP-17969,software engineer,Human Resources,35.0,Level-2 (Medium),171687.62648097487
EMP-32411,software engineer,Human Resources,8.0,MISSING,143192.20422830162
EMP-87384,UNKNOWN,Marketing,12.0,Level-2 (Medium),38860.957008691345
EMP-97260,data analyst,Engineering,3.0,Level-2 (Medium),119197.72003652285
EMP-41608,SOFTWARE ENGINEER,Human Resources,3.0,Level-1 (Low),90077.69801057948
EMP-90075,,Finance,35.0,Level-1 (Low),
EMP-21710,software engineer,Marketing,5.0,Level-3 (High),62258.13302312638
EMP-89026,SOFTWARE ENGINEER,Marketing,35.0,Level-2 (Medium),124084.0841319022
EMP-89902,UNKNOWN,Engineering,8.0,Level-3 (High),139462.88469416043
EMP-63525,Software Engineer,Finance,8.0,Level-2 (Medium),124323.96528306791
EMP-34047,Project Manager,Human Resources,5.0,Level-2 (Medium),150846.29282397724
EMP-41818,UNKNOWN,Finance,12.0,Level-1 (Low),36275.58127238671
EMP-41230,data analyst,Human Resources,5.0,Level-1 (Low),173854.76721137686
EMP-18146,Software Engineer,Human Resources,1.0,Level-1 (Low),51043.410556079216
EMP-28885,software engineer,Finance,3.0,Level-1 (Low),47254.77418820457
EMP-70478,software engineer,Marketing,8.0,Level-1 (Low),30455.541259222053
EMP-17104,  Manager  ,Human Resources,3.0,Level-1 (Low),38937.44376831481
EMP-37703,software engineer,Engineering,3.0,Level-2 (Medium),95829.50986810397
EMP-52888,SOFTWARE ENGINEER,Engineering,3.0,Level-2 (Medium),101561.47354045534
EMP-75475,software engineer,Human Resources,5.0,Level-3 (High),134541.2256246133
EMP-76153,Data Analyst,Engineering,3.0,Level-2 (Medium),66361.30210323498
EMP-37845,  Manager  ,Human Resources,8.0,Level-1 (Low),106581.69590609355
EMP-54510,Software Engineer,Marketing,3.0,Level-3 (High),112730.73644892436
EMP-72843,SOFTWARE ENGINEER,Human Resources,8.0,Level-2 (Medium),183129.0249425219
EMP-67088,UNKNOWN,Engineering,5.0,Level-2 (Medium),51066.9841983387
EMP-37955,Software Engineer,Engineering,35.0,Level-3 (High),168320.67061905
EMP-50789,Data Analyst,Engineering,5.0,Level-3 (High),171224.24355036413
EMP-50718,Software Engineer,Human Resources,99.0,Level-2 (Medium),168160.74286090804
EMP-82037,  Manager  ,Finance,8.0,Level-2 (Medium),93279.98925286185
EMP-33571,  Manager  ,Engineering,1.0,Level-3 (High),95633.05561634568
EMP-88126,,Human Resources,8.0,Level-2 (Medium),
EMP-23285,software engineer,Finance,5.0,Level-2 (Medium),138350.3803538715
EMP-79969,software engineer,Marketing,3.0,Level-1 (Low),107476.048150346
EMP-18675,software engineer,Finance,5.0,Level-3 (High),34382.43221004747
EMP-39962,Software Engineer,N/A,1.0,Level-2 (Medium),82355.55623386963
EMP-40220,Data Analyst,Finance,35.0,Level-1 (Low),174176.73059291256
EMP-78033,  Manager  ,Marketing,35.0,Level-2 (Medium),63227.90538432418
EMP-71551,Data Analyst,Engineering,,Level-1 (Low),167714.82007148463
EMP-10042,Software Engineer,Engineering,3.0,Level-1 (Low),45572.06953759951
EMP-28584,Data Analyst,Finance,8.0,Level-2 (Medium),42152.29612765981
EMP-27910,Project Manager,Engineering,,Level-2 (Medium),130098.47914527233
EMP-74057,Software Engineer,Engineering,3.0,Level-3 (High),181730.44237564146
EMP-98443,data analyst,Human Resources,5.0,Level-2 (Medium),91689.53023164223
EMP-47540,SOFTWARE ENGINEER,Engineering,8.0,Level-3 (High),74602.46552843113
EMP-21799,Data Analyst,Finance,12.0,Level-3 (High),184898.08563000394
EMP-82489,Project Manager,N/A,8.0,Level-2 (Medium),177093.27359494852
EMP-48111,software engineer,Marketing,3.0,Level-2 (Medium),91453.9696604811
EMP-73616,Software Engineer,Engineering,5.0,Level-1 (Low),27677.801488018864
EMP-58197,data analyst,Marketing,5.0,Level-2 (Medium),145536.44097657548
EMP-71147,SOFTWARE ENGINEER,Human Resources,8.0,Level-3 (High),175975.53156738
EMP-19603,data analyst,Engineering,1.0,Level-2 (Medium),94526.77124698841
EMP-27858,Software Engineer,Human Resources,12.0,Level-3 (High),109525.13691798337
EMP-69603,Software Engineer,Marketing,35.0,Level-2 (Medium),179251.3229956423
EMP-98185,SOFTWARE ENGINEER,Finance,12.0,Level-1 (Low),33429.763107529274
EMP-31136,,Finance,,Level-2 (Medium),
EMP-97397,Software Engineer,Marketing,,Level-2 (Medium),137104.9912367661
EMP-52775,SOFTWARE ENGINEER,N/A,-2.0,Level-3 (High),82728.86726721091
EMP-51732,Software Engineer,Marketing,1.0,Level-1 (Low),162882.97157006108
EMP-66682,Project Manager,Engineering,3.0,Level-3 (High),107124.6878685042
EMP-61797,Data Analyst,Engineering,12.0,Level-3 (High),28624.118827081482
EMP-43984,Data Analyst,Human Resources,12.0,Level-3 (High),28370.10028597504
EMP-93716,software engineer,Human Resources,5.0,Level-3 (High),169983.0287359925
EMP-83312,Project Manager,Marketing,5.0,Level-2 (Medium),114229.86910560034
EMP-69973,Data Analyst,Engineering,5.0,Level-2 (Medium),38646.227304435124
EMP-45395,data analyst,Marketing,5.0,Level-3 (High),35152.633113530275
EMP-66921,Software Engineer,Marketing,8.0,Level-3 (High),167144.65304341144
EMP-75077,software engineer,Finance,,Level-3 (High),135597.07062469344
EMP-45000,software engineer,Engineering,8.0,Level-1 (Low),89613.23687658737
EMP-41742,software engineer,Engineering,12.0,Level-1 (Low),31148.86175203795
EMP-90019,Project Manager,Marketing,3.0,Level-1 (Low),184427.4228494785
EMP-60211,SOFTWARE ENGINEER,Marketing,3.0,Level-3 (High),98202.8790224793
EMP-23869,,Marketing,,Level-3 (High),
EMP-14260,Data Analyst,Marketing,35.0,Level-1 (Low),170619.89407039032
EMP-39182,SOFTWARE ENGINEER,Marketing,3.0,MISSING,30784.45213732282
EMP-12397,software engineer,Engineering,,Level-2 (Medium),140446.83142308117
EMP-76232,software engineer,Engineering,1.0,Level-2 (Medium),61225.910660722395
EMP-76243,SOFTWARE ENGINEER,Human Resources,35.0,Level-2 (Medium),95846.6328714396
EMP-22044,SOFTWARE ENGINEER,Engineering,,Level-1 (Low),126404.21266240557
EMP-80758,data analyst,Marketing,35.0,Level-3 (High),165642.68124551277
EMP-69881,Software Engineer,Engineering,99.0,Level-2 (Medium),31379.509246753656
EMP-14374,SOFTWARE ENGINEER,Engineering,12.0,Level-1 (Low),115282.90248409678
EMP-69467,Data Analyst,Finance,8.0,Level-2 (Medium),162739.9937833835
EMP-84144,Project Manager,Marketing,35.0,Level-2 (Medium),167628.02308493305
EMP-47780,data analyst,Marketing,35.0,Level-2 (Medium),73271.1431737103
EMP-66711,Data Analyst,Engineering,1.0,Level-1 (Low),73290.63658423958
EMP-19545,software engineer,Engineering,5.0,Level-1 (Low),120978.16444614055
EMP-59544,,Marketing,3.0,MISSING,
EMP-38555,software engineer,Engineering,1.0,Level-2 (Medium),34323.881557385306
EMP-87612,Software Engineer,Engineering,1.0,Level-1 (Low),102641.11562355653
EMP-20411,software engineer,Marketing,12.0,Level-2 (Medium),184056.51738598463
EMP-65126,software engineer,Finance,8.0,Level-2 (Medium),42692.59019486274
EMP-57060,Data Analyst,Marketing,35.0,Level-3 (High),127388.54237253925
EMP-36919,,Marketing,5.0,Level-2 (Medium),
EMP-21846,Data Analyst,Marketing,5.0,Level-3 (High),76455.31278040196
EMP-27187,Data Analyst,Marketing,8.0,Level-2 (Medium),78171.85493673467
EMP-85687,SOFTWARE ENGINEER,Marketing,,Level-2 (Medium),155787.39825888586
EMP-11487,Project Manager,Finance,3.0,Level-1 (Low),101263.61426030769
EMP-40530,  Manager  ,Human Resources,12.0,Level-2 (Medium),159930.66246846685
EMP-92230,software engineer,Finance,12.0,MISSING,83119.3479142572
EMP-94511,Software Engineer,Marketing,5.0,Level-3 (High),140118.3002581987
EMP-18574,,Finance,12.0,Level-1 (Low),
EMP-46639,Software Engineer,Finance,5.0,Level-2 (Medium),180131.05461412322
EMP-97563,  Manager  ,Human Resources,5.0,Level-2 (Medium),68360.24504378301
EMP-90958,SOFTWARE ENGINEER,Finance,8.0,Level-3 (High),39668.55477831656
EMP-60662,Data Analyst,N/A,1.0,Level-1 (Low),166827.57292823185
EMP-28142,Software Engineer,Marketing,3.0,Level-1 (Low),42613.2838343246
EMP-67183,software engineer,Marketing,1.0,Level-1 (Low),113673.34356846662
EMP-23265,software engineer,Marketing,8.0,Level-2 (Medium),167386.09716796575
EMP-13515,,Marketing,8.0,MISSING,
EMP-53266,software engineer,Engineering,12.0,Level-2 (Medium),119721.12321015145
EMP-36687,data analyst,N/A,5.0,Level-2 (Medium),77253.67033684487
EMP-26697,Data Analyst,Finance,3.0,MISSING,147131.643263954
EMP-88892,Project Manager,Engineering,1.0,Level-1 (Low),78233.24955833222
EMP-28187,software engineer,Finance,1.0,Level-3 (High),104050.63044345194
EMP-94437,Project Manager,Engineering,,Level-1 (Low),59840.775558948284
EMP-78972,Data Analyst,Human Resources,35.0,Level-3 (High),146536.91882623977
EMP-44716,SOFTWARE ENGINEER,Marketing,,Level-2 (Medium),164395.0638210546
EMP-53173,,Engineering,5.0,Level-1 (Low),
EMP-63372,,N/A,12.0,Level-1 (Low),
EMP-43290,data analyst,Engineering,3.0,Level-2 (Medium),182626.68222232326
EMP-74664,software engineer,Marketing,5.0,Level-2 (Medium),64939.07631345221
EMP-37686,data analyst,Marketing,5.0,Level-3 (High),173467.14263181432
EMP-74341,software engineer,Human Resources,8.0,Level-2 (Medium),160211.79567275307
EMP-94378,UNKNOWN,Engineering,5.0,Level-1 (Low),42428.43555876304
EMP-59340,SOFTWARE ENGINEER,Human Resources,1.0,Level-1 (Low),33885.05062110617
EMP-78573,SOFTWARE ENGINEER,Finance,-2.0,Level-2 (Medium),42541.79569133253
EMP-26999,Software Engineer,Marketing,8.0,Level-3 (High),145675.01832202607
EMP-94204,,Engineering,1.0,Level-1 (Low),
EMP-59408,data analyst,Marketing,8.0,Level-3 (High),175057.96838371942
EMP-58357,UNKNOWN,Finance,,Level-2 (Medium),94372.35705123217
EMP-86175,software engineer,Finance,8.0,Level-2 (Medium),133061.9645607223
EMP-75756,Data Analyst,Human Resources,1.0,Level-1 (Low),145470.7706686331
EMP-60713,software engineer,Human Resources,35.0,Level-3 (High),62246.84391657254
EMP-54809,SOFTWARE ENGINEER,Engineering,-2.0,Level-2 (Medium),105006.5199266657
EMP-34073,Data Analyst,Engineering,3.0,Level-2 (Medium),85800.7422013254
EMP-38038,software engineer,Engineering,5.0,Level-2 (Medium),104255.93784091323
EMP-87870,software engineer,Engineering,3.0,Level-2 (Medium),145508.07387513347
EMP-77650,Data Analyst,Finance,3.0,Level-1 (Low),77072.7258137704
EMP-60577,Software Engineer,Engineering,3.0,Level-2 (Medium),174579.55608715466
EMP-85198,Data Analyst,Human Resources,8.0,Level-2 (Medium),111763.59440371403
EMP-63895,SOFTWARE ENGINEER,Engineering,1.0,Level-3 (High),43703.03033007978
EMP-17926,software engineer,Finance,1.0,Level-2 (Medium),107272.2911519644
EMP-26934,Data Analyst,Marketing,12.0,Level-1 (Low),126625.03649560698
EMP-99378,,Engineering,3.0,Level-2 (Medium),
EMP-80414,software engineer,Engineering,35.0,Level-3 (High),175463.1519554039
EMP-45345,software engineer,Finance,8.0,Level-2 (Medium),27688.250219708087
EMP-34395,Project Manager,Engineering,8.0,Level-2 (Medium),71255.62765437775
EMP-86798,software engineer,Engineering,35.0,Level-3 (High),119615.71533879032
EMP-32231,Data Analyst,Finance,12.0,Level-2 (Medium),98020.97153507978
EMP-80917,Data Analyst,Finance,5.0,Level-2 (Medium),154617.5547736411
EMP-88809,  Manager  ,Finance,1.0,Level-2 (Medium),107584.7854531504
EMP-61897,Project Manager,Engineering,12.0,Level-1 (Low),61188.19725085876
EMP-63612,Software Engineer,Finance,5.0,Level-2 (Medium),177024.6447254902
EMP-63336,Software Engineer,Engineering,3.0,Level-2 (Medium),72296.46148905571
EMP-48172,Software Engineer,Engineering,1.0,Level-1 (Low),35800.94227745503
EMP-92766,Software Engineer,Human Resources,12.0,Level-3 (High),94828.80208940523
EMP-93149,Project Manager,Marketing,35.0,Level-2 (Medium),85250.94244271061
EMP-70471,SOFTWARE ENGINEER,Marketing,5.0,Level-1 (Low),154296.35325368075
EMP-76254,Project Manager,Human Resources,3.0,Level-2 (Medium),27444.334216435032
EMP-71192,,Engineering,3.0,Level-2 (Medium),
EMP-40860,software engineer,Marketing,12.0,Level-3 (High),27652.74859348278
EMP-65915,SOFTWARE ENGINEER,Marketing,3.0,Level-1 (Low),138660.93380788935
EMP-54474,software engineer,Engineering,3.0,Level-2 (Medium),40542.17633896846
EMP-35842,software engineer,Human Resources,,Level-3 (High),178269.3620974862
EMP-80041,Data Analyst,Finance,3.0,Level-1 (Low),150516.3034204814
EMP-78790,UNKNOWN,Engineering,1.0,Level-1 (Low),97731.55151916822
EMP-14564,Data Analyst,Engineering,3.0,Level-2 (Medium),157315.43181405743
EMP-24345,SOFTWARE ENGINEER,Finance,5.0,Level-3 (High),122641.44021950538
EMP-59000,software engineer,N/A,5.0,Level-2 (Medium),36341.681140543864
EMP-71311,data analyst,Marketing,3.0,Level-1 (Low),161688.1668710601
EMP-40990,Software Engineer,Finance,35.0,Level-2 (Medium),38973.49483856363
EMP-77549,Data Analyst,N/A,5.0,Level-2 (Medium),74610.15084804472
EMP-23884,UNKNOWN,Engineering,,Level-1 (Low),178163.72159194152
EMP-40829,UNKNOWN,Marketing,1.0,Level-2 (Medium),63013.20896171731
EMP-67397,software engineer,Finance,3.0,Level-3 (High),40453.916401534734
EMP-42731,software engineer,Finance,8.0,Level-1 (Low),87769.28143886395
EMP-54630,Software Engineer,Engineering,8.0,Level-3 (High),47669.11085873419
EMP-37216,Software Engineer,Engineering,99.0,Level-2 (Medium),171125.81219426304
EMP-13301,Software Engineer,Finance,1.0,Level-2 (Medium),181416.79916149503
EMP-35585,SOFTWARE ENGINEER,N/A,1.0,Level-3 (High),88012.16132064025
EMP-34744,SOFTWARE ENGINEER,Human Resources,3.0,Level-2 (Medium),179339.1997006486
EMP-46247,Software Engineer,Engineering,5.0,Level-2 (Medium),141311.1173778982
EMP-48101,Data Analyst,N/A,8.0,Level-2 (Medium),58433.74781732017
EMP-13857,software engineer,N/A,1.0,Level-1 (Low),135214.2153444867
EMP-86301,Software Engineer,Engineering,8.0,Level-3 (High),149144.15368998318
EMP-82889,Data Analyst,Finance,8.0,Level-2 (Medium),25009.06374286494
EMP-67811,data analyst,Marketing,12.0,Level-2 (Medium),39910.27395422279
EMP-50083,  Manager  ,Engineering,5.0,Level-2 (Medium),144282.14789288057
EMP-96175,Data Analyst,Marketing,12.0,Level-3 (High),91918.05723144446
EMP-42042,software engineer,Engineering,-2.0,Level-2 (Medium),39881.98030519124
EMP-22901,Project Manager,Finance,3.0,Level-2 (Medium),108757.12429875621
EMP-71461,Project Manager,Finance,1.0,Level-1 (Low),54889.27118344108
EMP-41181,SOFTWARE ENGINEER,Marketing,5.0,Level-1 (Low),171129.7942800329
EMP-27694,Software Engineer,Engineering,3.0,Level-2 (Medium),29927.341101211056
EMP-90334,Data Analyst,Engineering,5.0,Level-1 (Low),65338.656113651545
EMP-31006,software engineer,Finance,3.0,Level-2 (Medium),45340.7720042501
EMP-77984,  Manager  ,Marketing,5.0,Level-1 (Low),52071.14739304627
EMP-75862,Software Engineer,N/A,1.0,Level-2 (Medium),49966.06890393517
EMP-80950,  Manager  ,Engineering,5.0,Level-2 (Medium),88251.64187312835
EMP-81058,Software Engineer,Marketing,1.0,Level-3 (High),166624.50697485954
EMP-15794,SOFTWARE ENGINEER,Engineering,,Level-2 (Medium),73747.51083261124
EMP-13233,Software Engineer,Marketing,12.0,Level-2 (Medium),116727.67379935134
EMP-14288,Project Manager,Marketing,5.0,Level-2 (Medium),30926.784272799105
EMP-97120,,Finance,1.0,MISSING,
EMP-88195,data analyst,Engineering,8.0,Level-1 (Low),60270.34701532399
EMP-55076,Data Analyst,Finance,12.0,Level-2 (Medium),128015.81377102883
EMP-99493,Project Manager,Engineering,3.0,Level-2 (Medium),155822.15161896258
EMP-12311,Software Engineer,Finance,35.0,Level-2 (Medium),63515.383688588794
EMP-42857,data analyst,Marketing,5.0,Level-2 (Medium),178304.7625097389
EMP-56954,Software Engineer,N/A,8.0,Level-2 (Medium),184804.20650303544
EMP-62275,UNKNOWN,Engineering,1.0,Level-2 (Medium),179042.2032523571
EMP-94763,software engineer,Human Resources,5.0,Level-2 (Medium),104510.67402157685
EMP-57137,software engineer,Engineering,8.0,Level-2 (Medium),74908.02270826887
EMP-20354,Data Analyst,Marketing,1.0,Level-2 (Medium),138861.64940450655
EMP-82407,Software Engineer,Engineering,1.0,Level-2 (Medium),67780.58791358731
EMP-51250,Software Engineer,Engineering,5.0,Level-2 (Medium),101337.1334587538
EMP-44344,SOFTWARE ENGINEER,Engineering,1.0,Level-1 (Low),118652.76446763126
EMP-83654,Project Manager,Engineering,,Level-1 (Low),132192.42699553235
EMP-10694,,Engineering,,Level-1 (Low),
EMP-95418,,Finance,35.0,Level-3 (High),
EMP-61527,,Human Resources,3.0,Level-3 (High),
EMP-83697,Software Engineer,Engineering,8.0,MISSING,111289.92278756197
EMP-39125,UNKNOWN,Finance,8.0,Level-1 (Low),75886.43156731747
EMP-96196,UNKNOWN,Engineering,,Level-1 (Low),50836.73886428027
EMP-52684,data analyst,Engineering,3.0,Level-2 (Medium),156952.94558654685
EMP-61957,software engineer,Engineering,1.0,Level-2 (Medium),102650.68513321484
EMP-39722,  Manager  ,Engineering,3.0,Level-3 (High),90945.81107619009
EMP-32937,Project Manager,Engineering,3.0,Level-1 (Low),148008.41700539182
EMP-96342,data analyst,Engineering,1.0,Level-2 (Medium),33612.47149385516
EMP-64728,,Engineering,1.0,Level-1 (Low),
EMP-20616,SOFTWARE ENGINEER,Marketing,12.0,Level-2 (Medium),28008.9997863041
EMP-44789,data analyst,Engineering,99.0,Level-2 (Medium),165166.1326406081
EMP-40756,Software Engineer,Engineering,3.0,Level-1 (Low),127746.6154398639
EMP-55941,SOFTWARE ENGINEER,Marketing,3.0,Level-1 (Low),53366.068054478754
EMP-82127,UNKNOWN,Finance,1.0,Level-3 (High),138579.45890510193
EMP-31707,Software Engineer,Engineering,,Level-3 (High),117306.27066139923
EMP-76301,Project Manager,Engineering,5.0,MISSING,97659.98635139562
EMP-10389,Data Analyst,Engineering,,Level-3 (High),45952.46626340618
EMP-34224,,Engineering,99.0,Level-2 (Medium),
EMP-40884,Data Analyst,N/A,8.0,Level-1 (Low),144777.391062156
EMP-83810,SOFTWARE ENGINEER,Engineering,5.0,Level-3 (High),99418.2471885603
EMP-66159,Data Analyst,N/A,3.0,Level-3 (High),123595.54380864072
EMP-36611,  Manager  ,Finance,3.0,Level-3 (High),73166.63927417001
EMP-24708,software engineer,Engineering,35.0,Level-2 (Medium),99284.08115630133
EMP-28382,Data Analyst,Engineering,3.0,Level-2 (Medium),171362.25187882796
EMP-78336,software engineer,Engineering,3.0,Level-2 (Medium),29039.636921568235
EMP-95464,software engineer,Finance,1.0,Level-1 (Low),124718.43889267952
EMP-76185,software engineer,Marketing,8.0,Level-1 (Low),173302.134376737
EMP-87353,Data Analyst,Engineering,8.0,Level-3 (High),100832.898767598
EMP-97715,Data Analyst,Engineering,3.0,Level-2 (Medium),181805.09334076414
EMP-96011,software engineer,N/A,1.0,Level-1 (Low),112544.67298113932
EMP-53962,data analyst,Finance,3.0,Level-2 (Medium),126420.87545450471
EMP-18716,Software Engineer,N/A,35.0,Level-2 (Medium),161171.68086976386
EMP-24439,software engineer,Engineering,5.0,Level-1 (Low),177861.10647492827
EMP-36619,UNKNOWN,Human Resources,12.0,Level-1 (Low),167485.543334687
EMP-44464,Software Engineer,Finance,5.0,MISSING,160320.53362660483
EMP-90217,SOFTWARE ENGINEER,Engineering,5.0,Level-3 (High),62565.405911911206
EMP-64581,Project Manager,Engineering,5.0,Level-2 (Medium),162481.13776135308
EMP-39078,SOFTWARE ENGINEER,Engineering,5.0,Level-1 (Low),155513.73779298822
EMP-10209,SOFTWARE ENGINEER,Engineering,8.0,Level-1 (Low),69785.00005696551
EMP-30487,SOFTWARE ENGINEER,Finance,,Level-3 (High),71549.92431713661
EMP-22750,Software Engineer,Finance,3.0,Level-1 (Low),63572.71494373348
EMP-13596,data analyst,Engineering,8.0,Level-3 (High),179159.82743288105
EMP-36034,SOFTWARE ENGINEER,Engineering,5.0,Level-1 (Low),85528.44291461905
EMP-33089,Project Manager,Human Resources,1.0,Level-3 (High),87274.14829337949
EMP-26802,software engineer,Engineering,8.0,Level-1 (Low),40301.12925755514
EMP-59158,Software Engineer,Engineering,3.0,Level-2 (Medium),147733.74552094674
EMP-69613,data analyst,Engineering,12.0,Level-2 (Medium),174684.806611036
EMP-49457,software engineer,Engineering,3.0,Level-2 (Medium),27651.512850496474
EMP-25300,data analyst,Engineering,35.0,Level-1 (Low),42456.47587302791
EMP-66799,Project Manager,Finance,12.0,Level-3 (High),122136.43668196927
EMP-67449,Software Engineer,Marketing,5.0,Level-1 (Low),30802.02982377294
EMP-95717,Software Engineer,Finance,1.0,Level-1 (Low),145260.8992159862
EMP-43933,Software Engineer,Engineering,3.0,Level-3 (High),112278.2840600284
EMP-24383,UNKNOWN,Engineering,3.0,Level-2 (Medium),174616.0945894442
EMP-94370,Project Manager,N/A,1.0,Level-2 (Medium),179842.32674927474
EMP-43550,data analyst,Marketing,1.0,Level-2 (Medium),29507.87136048625
EMP-73352,Data Analyst,Marketing,5.0,Level-2 (Medium),175012.0712066309
EMP-75547,data analyst,Engineering,8.0,Level-2 (Medium),85977.20861059148
EMP-59850,Project Manager,Marketing,8.0,Level-2 (Medium),70673.82681977403
EMP-81473,Software Engineer,Human Resources,35.0,Level-2 (Medium),64459.35099500613
EMP-55206,data analyst,Marketing,35.0,Level-1 (Low),30150.281164584863
EMP-73971,Software Engineer,Marketing,8.0,Level-1 (Low),54225.23264607266
EMP-65373,Software Engineer,Engineering,8.0,Level-1 (Low),135064.8535435403
EMP-28099,Data Analyst,Engineering,1.0,Level-3 (High),93577.09788410064
EMP-63933,Software Engineer,Finance,1.0,Level-2 (Medium),69051.90570811245
EMP-75051,Project Manager,Human Resources,35.0,Level-2 (Medium),90393.26342055449
EMP-19852,Software Engineer,Marketing,35.0,Level-2 (Medium),142283.7056654445
EMP-95576,Data Analyst,N/A,35.0,Level-3 (High),61143.21157531261
EMP-38747,Data Analyst,Marketing,3.0,Level-3 (High),112856.06603515329
EMP-58996,data analyst,Finance,3.0,Level-2 (Medium),86724.20320877679
EMP-74801,Data Analyst,Marketing,3.0,Level-2 (Medium),100348.64471520469
EMP-99892,SOFTWARE ENGINEER,Engineering,3.0,Level-1 (Low),60317.006188672
EMP-91560,Software Engineer,Engineering,3.0,Level-2 (Medium),163681.26558552985
EMP-34624,Data Analyst,Marketing,12.0,Level-3 (High),65563.05079523829
EMP-58713,Project Manager,Engineering,3.0,Level-1 (Low),64245.22607596098
EMP-74057,software engineer,N/A,1.0,Level-3 (High),86655.08229248207
EMP-94563,data analyst,Engineering,,Level-3 (High),77903.28777022052
EMP-71300,UNKNOWN,Human Resources,,Level-2 (Medium),80761.85194234127
EMP-32417,UNKNOWN,Marketing,3.0,Level-3 (High),45802.68611923474
EMP-74228,Software Engineer,Finance,-2.0,MISSING,89662.49908202648
EMP-34675,,Human Resources,5.0,Level-1 (Low),
EMP-34312,Project Manager,Engineering,3.0,Level-2 (Medium),178351.31085684634
EMP-81051,Data Analyst,Human Resources,1.0,Level-3 (High),184927.72598642163
EMP-52039,data analyst,Engineering,3.0,Level-2 (Medium),161756.94636816153
EMP-13661,data analyst,Finance,35.0,Level-3 (High),141111.7937121247
EMP-98728,Software Engineer,Engineering,5.0,Level-2 (Medium),63159.145104789015
EMP-17802,Data Analyst,Marketing,1.0,Level-3 (High),138678.12555853167
EMP-39566,Project Manager,Engineering,-2.0,Level-1 (Low),90369.01891912024
EMP-17748,Software Engineer,Human Resources,35.0,Level-2 (Medium),101433.06093024634
EMP-91369,UNKNOWN,Engineering,8.0,Level-1 (Low),41276.75573576347
EMP-84267,UNKNOWN,Human Resources,12.0,Level-2 (Medium),28352.155479396864
EMP-61119,  Manager  ,Finance,5.0,Level-2 (Medium),50898.684240185496
EMP-48010,software engineer,Engineering,,Level-1 (Low),158317.27626833404
EMP-51648,software engineer,Marketing,8.0,Level-2 (Medium),116247.48277493162
EMP-75894,Data Analyst,Marketing,35.0,Level-2 (Medium),133196.1744330692
EMP-67483,Data Analyst,Engineering,8.0,Level-2 (Medium),66904.3204824866
EMP-87157,software engineer,Engineering,8.0,Level-3 (High),168619.00069514412
EMP-64824,software engineer,Engineering,3.0,Level-2 (Medium),112808.07961139006
EMP-67787,software engineer,Engineering,5.0,Level-2 (Medium),67736.7780233387
EMP-15941,SOFTWARE ENGINEER,Marketing,3.0,Level-2 (Medium),171471.2727692901
EMP-53395,  Manager  ,Finance,8.0,Level-1 (Low),88651.37435068135
EMP-74912,UNKNOWN,Finance,8.0,MISSING,28759.324504313605
EMP-62223,Project Manager,Finance,1.0,Level-3 (High),55327.02109014373
EMP-29686,data analyst,Engineering,5.0,Level-3 (High),42730.4678528831
EMP-15878,  Manager  ,Engineering,5.0,Level-2 (Medium),37150.37465500373
EMP-61715,Data Analyst,Human Resources,1.0,Level-3 (High),74138.51074746778
EMP-93582,data analyst,Finance,12.0,Level-2 (Medium),80091.28974383176
EMP-17138,Software Engineer,Engineering,8.0,Level-2 (Medium),147704.21597394452
EMP-91428,Project Manager,N/A,5.0,Level-2 (Medium),49172.52999576011
EMP-40549,software engineer,Engineering,1.0,Level-2 (Medium),100640.48572580694
EMP-91069,data analyst,Engineering,3.0,Level-2 (Medium),29907.368834120847
EMP-77472,SOFTWARE ENGINEER,Engineering,8.0,Level-2 (Medium),150705.34642870148
EMP-78440,Project Manager,Human Resources,5.0,Level-2 (Medium),128597.87363577487
EMP-36782,software engineer,Engineering,3.0,Level-1 (Low),35333.66101061295
EMP-50216,Project Manager,Marketing,3.0,Level-3 (High),53760.373182393305
EMP-37902,Data Analyst,N/A,35.0,Level-2 (Medium),62047.53179611243
EMP-94553,Software Engineer,Finance,5.0,Level-2 (Medium),112045.1756915634
EMP-55973,software engineer,Marketing,3.0,Level-2 (Medium),151573.35831377888
EMP-35989,  Manager  ,Marketing,5.0,Level-3 (High),126845.48754316368
EMP-90482,SOFTWARE ENGINEER,Human Resources,3.0,Level-3 (High),176960.49426410333
EMP-15628,SOFTWARE ENGINEER,Marketing,1.0,Level-1 (Low),67317.76943974887
EMP-98925,Software Engineer,Engineering,3.0,Level-3 (High),94815.86221997347
EMP-14744,SOFTWARE ENGINEER,Engineering,5.0,MISSING,123019.88634104875
EMP-69710,  Manager  ,Engineering,5.0,Level-3 (High),162498.3235459462
EMP-92943,software engineer,Marketing,8.0,Level-2 (Medium),100400.8802022512
EMP-55385,software engineer,Engineering,8.0,Level-2 (Medium),114104.69685466138
EMP-72365,software engineer,Engineering,5.0,Level-3 (High),160533.36171068694
EMP-92873,software engineer,Marketing,5.0,Level-3 (High),106499.28445970496
EMP-61639,Software Engineer,Finance,5.0,Level-2 (Medium),131491.3503535352
EMP-14876,Software Engineer,Engineering,3.0,Level-1 (Low),162329.2842998708
EMP-58166,  Manager  ,Marketing,5.0,Level-3 (High),181102.83885338236
EMP-26593,software engineer,Marketing,-2.0,MISSING,174056.5027287751
EMP-45595,SOFTWARE ENGINEER,Engineering,8.0,Level-2 (Medium),36224.712526577176
EMP-78856,data analyst,Engineering,8.0,Level-2 (Medium),123884.77150714352
EMP-88165,software engineer,Engineering,1.0,Level-2 (Medium),119910.13342123828
EMP-90831,Software Engineer,N/A,5.0,Level-2 (Medium),135316.4715920682
EMP-43311,Project Manager,Marketing,99.0,Level-3 (High),36090.412921918556
EMP-96238,SOFTWARE ENGINEER,Finance,5.0,Level-1 (Low),115912.2185493483
EMP-65412,software engineer,Finance,5.0,MISSING,123305.04380015106
EMP-86335,Project Manager,Finance,,Level-2 (Medium),87000.57409390944
EMP-49862,  Manager  ,Engineering,5.0,Level-1 (Low),139113.92933537334
EMP-61986,Software Engineer,Finance,8.0,Level-1 (Low),112463.87279822941
EMP-99143,Project Manager,Marketing,3.0,Level-1 (Low),132925.09558923735
EMP-40129,  Manager  ,Engineering,3.0,MISSING,31932.177992806228
EMP-43785,data analyst,Engineering,3.0,Level-3 (High),101753.16010454102
EMP-30604,software engineer,Engineering,3.0,Level-2 (Medium),92128.47580469139
EMP-18862,  Manager  ,Engineering,5.0,Level-1 (Low),76975.17510850266
EMP-74756,software engineer,Engineering,12.0,MISSING,43377.07685266912
EMP-15229,software engineer,Marketing,8.0,Level-3 (High),157136.81773135843
EMP-19661,Software Engineer,Human Resources,35.0,Level-1 (Low),54104.34598739966
EMP-95502,software engineer,Engineering,35.0,Level-2 (Medium),58954.50365516618
EMP-30917,Data Analyst,Engineering,,Level-1 (Low),155746.32900610578
EMP-80930,Data Analyst,Engineering,3.0,Level-3 (High),45961.32949433618
EMP-45849,SOFTWARE ENGINEER,Human Resources,3.0,Level-2 (Medium),60678.64778057819
EMP-78122,software engineer,Marketing,8.0,Level-3 (High),28048.660658415924
EMP-17388,Software Engineer,Engineering,1.0,Level-2 (Medium),104658.30616116429
EMP-81141,data analyst,Human Resources,35.0,Level-2 (Medium),62018.1681969504
EMP-42930,Data Analyst,Finance,5.0,Level-2 (Medium),64130.468185192665
EMP-38665,software engineer,N/A,8.0,MISSING,64579.49283614461
EMP-71521,Project Manager,Finance,5.0,Level-1 (Low),112174.08553190074
EMP-23032,software engineer,Engineering,,Level-1 (Low),138350.31217116295
EMP-16513,Project Manager,Marketing,8.0,Level-2 (Medium),156045.79270485594
EMP-43827,Data Analyst,Engineering,,Level-1 (Low),60324.784513100676
EMP-92474,,Engineering,3.0,MISSING,
EMP-81498,data analyst,Human Resources,5.0,Level-2 (Medium),140810.79113199166
EMP-65034,Data Analyst,Engineering,5.0,Level-1 (Low),148400.57342929585
EMP-22557,Software Engineer,Engineering,8.0,Level-1 (Low),28212.98528029299
EMP-80890,software engineer,Marketing,8.0,Level-1 (Low),116490.29616177715
EMP-94581,Data Analyst,Engineering,5.0,Level-1 (Low),62560.489743371225
EMP-53476,Data Analyst,Engineering,3.0,Level-1 (Low),184061.8567363244
EMP-95752,software engineer,Human Resources,12.0,Level-1 (Low),39605.300559332085
EMP-31630,Project Manager,Finance,12.0,Level-2 (Medium),81213.70902614042
EMP-47438,Project Manager,Marketing,5.0,Level-3 (High),67683.08876766163
EMP-59896,Data Analyst,Marketing,3.0,Level-2 (Medium),59360.58660752515
EMP-33256,,Engineering,3.0,Level-1 (Low),
EMP-71540,software engineer,Marketing,12.0,Level-1 (Low),165750.2297293043
EMP-21920,software engineer,Human Resources,,MISSING,135920.34758593957
EMP-82498,,Engineering,,MISSING,
EMP-66874,,Marketing,1.0,Level-2 (Medium),
EMP-75977,software engineer,Engineering,3.0,Level-1 (Low),45694.36432981187
EMP-58103,Data Analyst,Marketing,12.0,Level-2 (Medium),61237.483388964174
EMP-11358,software engineer,N/A,3.0,Level-2 (Medium),137925.93696600047
EMP-47188,software engineer,Engineering,,Level-2 (Medium),52019.15729717689
EMP-57067,Data Analyst,Marketing,12.0,Level-2 (Medium),62882.4877513601
EMP-75669,software engineer,N/A,1.0,Level-2 (Medium),128062.19180717674
EMP-10589,Data Analyst,Finance,8.0,Level-2 (Medium),168863.002695459
EMP-64091,SOFTWARE ENGINEER,Engineering,35.0,Level-2 (Medium),30913.587351518607
EMP-47206,software engineer,Engineering,12.0,Level-2 (Medium),65113.43702884524
EMP-98969,data analyst,Finance,5.0,MISSING,127820.9145714015
EMP-77781,data analyst,Engineering,35.0,Level-2 (Medium),182618.76340637114
EMP-16164,software engineer,Engineering,1.0,Level-2 (Medium),79323.58135618514
EMP-68608,software engineer,Finance,5.0,Level-2 (Medium),96763.83062938953
EMP-29009,software engineer,Finance,3.0,Level-2 (Medium),139199.40268548008
EMP-88596,SOFTWARE ENGINEER,Marketing,,Level-2 (Medium),116370.50440494696
EMP-54808,UNKNOWN,N/A,8.0,Level-3 (High),31229.656139709885
EMP-65417,UNKNOWN,Marketing,8.0,Level-2 (Medium),80443.69710749647
EMP-86881,Project Manager,Engineering,5.0,Level-2 (Medium),145256.9942675135
EMP-75277,Software Engineer,Engineering,8.0,MISSING,146726.50464359083
EMP-83746,data analyst,Finance,5.0,Level-2 (Medium),93254.71509176235
EMP-66408,Software Engineer,Marketing,1.0,Level-3 (High),58775.9434343295
EMP-99681,Data Analyst,Engineering,99.0,Level-3 (High),116703.95631531192
EMP-91897,data analyst,Marketing,,Level-2 (Medium),75412.17715465667
EMP-89941,  Manager  ,Marketing,3.0,Level-2 (Medium),75987.2247939058
EMP-95816,Project Manager,Engineering,3.0,Level-1 (Low),154777.58406921045
EMP-45096,  Manager  ,Finance,3.0,MISSING,70954.87670387125
EMP-70427,software engineer,Marketing,1.0,Level-2 (Medium),49375.30402678542
EMP-60353,data analyst,Marketing,3.0,Level-2 (Medium),38746.28157698859
EMP-45193,Data Analyst,Finance,3.0,Level-3 (High),143495.24283352675
EMP-85147,  Manager  ,Engineering,1.0,Level-3 (High),120984.30188407688
EMP-25614,SOFTWARE ENGINEER,Engineering,35.0,Level-2 (Medium),170899.87260794392
EMP-82437,  Manager  ,Marketing,35.0,MISSING,178727.50675920022
EMP-62515,Software Engineer,Marketing,3.0,Level-2 (Medium),150448.60672177805
EMP-63687,data analyst,Engineering,,Level-2 (Medium),162184.5904125219
EMP-63785,Software Engineer,Human Resources,3.0,Level-3 (High),62937.77335448542
EMP-24587,software engineer,Finance,35.0,Level-2 (Medium),176120.43770329223
EMP-30916,data analyst,Marketing,3.0,Level-2 (Medium),129403.93264037986
EMP-91867,Software Engineer,Engineering,-2.0,Level-1 (Low),182020.48690730426
EMP-50662,Software Engineer,Finance,3.0,Level-1 (Low),58626.68317886458
EMP-67350,software engineer,Engineering,5.0,Level-1 (Low),48962.050386438175
EMP-53810,software engineer,Engineering,8.0,Level-2 (Medium),73128.63206358583
EMP-89676,data analyst,Engineering,12.0,Level-2 (Medium),116120.72936588118
EMP-98624,software engineer,Finance,3.0,Level-2 (Medium),177847.44266893424
EMP-50975,software engineer,N/A,5.0,Level-2 (Medium),48306.26309086579
EMP-39145,Project Manager,Human Resources,8.0,Level-1 (Low),136533.1551014432
EMP-18174,software engineer,Human Resources,35.0,Level-2 (Medium),39617.52864209242
EMP-98409,Project Manager,Engineering,1.0,Level-2 (Medium),152304.022175121
EMP-14223,Data Analyst,Marketing,,Level-3 (High),65683.33777080584
EMP-12886,Software Engineer,Human Resources,3.0,Level-3 (High),159238.0788501598
EMP-40688,UNKNOWN,Finance,12.0,Level-2 (Medium),92271.25725549982
EMP-17382,Project Manager,Marketing,8.0,Level-2 (Medium),121073.66994651649
EMP-64853,data analyst,Human Resources,5.0,MISSING,117403.98590324908
EMP-14525,SOFTWARE ENGINEER,Engineering,8.0,Level-2 (Medium),178380.96510668687
EMP-87487,Project Manager,N/A,3.0,Level-2 (Medium),155241.40068401882
EMP-36143,data analyst,Human Resources,3.0,Level-2 (Medium),59845.83173063319
EMP-85342,Project Manager,Finance,5.0,Level-1 (Low),120543.29817685296
EMP-31479,,Engineering,,Level-3 (High),
EMP-75118,Software Engineer,Engineering,1.0,Level-2 (Medium),42340.07807266023
EMP-54871,data analyst,Engineering,3.0,Level-2 (Medium),70489.56100710836
EMP-29123,Project Manager,Engineering,35.0,Level-2 (Medium),33481.155751710096
EMP-17472,Data Analyst,Marketing,3.0,Level-1 (Low),99260.39573245034
EMP-53724,Project Manager,Marketing,12.0,Level-1 (Low),59050.949914599114
EMP-41592,SOFTWARE ENGINEER,Engineering,1.0,Level-1 (Low),76794.75924718888
EMP-85704,Software Engineer,Finance,5.0,Level-2 (Medium),110800.08770264915
EMP-42494,Data Analyst,Engineering,8.0,Level-2 (Medium),163853.60106277151
EMP-26021,Software Engineer,Engineering,-2.0,Level-2 (Medium),102013.84944563756
EMP-61363,UNKNOWN,Engineering,1.0,Level-2 (Medium),65457.62725645556
EMP-38310,Project Manager,Finance,12.0,Level-2 (Medium),92388.31316884943
EMP-84393,Software Engineer,Engineering,8.0,Level-1 (Low),168881.69276256673
EMP-33778,data analyst,Human Resources,1.0,Level-2 (Medium),115168.23849063623
EMP-11708,,Finance,3.0,Level-2 (Medium),
EMP-96646,software engineer,Marketing,,Level-3 (High),30221.033489442045
EMP-60658,Software Engineer,N/A,8.0,Level-2 (Medium),95213.18954381028
EMP-79201,Software Engineer,Human Resources,,Level-3 (High),147689.75010752562
EMP-25496,Software Engineer,Human Resources,8.0,Level-2 (Medium),84218.86838309615
EMP-28893,Project Manager,Human Resources,8.0,Level-2 (Medium),25035.037844453374
EMP-22704,  Manager  ,Marketing,3.0,Level-1 (Low),184204.12514516094
EMP-80515,Software Engineer,Marketing,1.0,Level-2 (Medium),154246.1008128801
EMP-79813,data analyst,Marketing,3.0,Level-3 (High),39059.86327533892
EMP-89074,Data Analyst,Engineering,5.0,Level-1 (Low),178775.86947116873
EMP-75963,Software Engineer,Human Resources,1.0,MISSING,126802.05326932829
EMP-20980,Software Engineer,Engineering,1.0,Level-3 (High),38835.63895832507
EMP-72960,,N/A,35.0,Level-2 (Medium),
EMP-37855,software engineer,Engineering,3.0,Level-2 (Medium),179364.6054418701
EMP-40885,Software Engineer,Engineering,3.0,Level-1 (Low),138039.9780654595
EMP-16054,SOFTWARE ENGINEER,Human Resources,3.0,MISSING,90256.28069967628
EMP-26054,software engineer,Engineering,12.0,Level-3 (High),180762.84431602323
EMP-52329,Software Engineer,Marketing,,Level-2 (Medium),137221.04381772078
EMP-28115,  Manager  ,Human Resources,12.0,Level-3 (High),85362.68343071674
EMP-46882,Software Engineer,Marketing,3.0,Level-2 (Medium),163903.30808082293
EMP-58610,Software Engineer,Marketing,1.0,Level-1 (Low),114549.76995590224
EMP-16893,  Manager  ,Marketing,3.0,Level-3 (High),103093.50848705102
EMP-77910,UNKNOWN,Finance,5.0,Level-2 (Medium),91662.7301699069
EMP-29708,Data Analyst,Marketing,5.0,Level-1 (Low),159831.07703024466
EMP-44387,UNKNOWN,Human Resources,5.0,Level-2 (Medium),49493.77628058365
EMP-68443,Data Analyst,Human Resources,8.0,Level-3 (High),34725.885185211446
EMP-35722,data analyst,Finance,5.0,MISSING,52048.31809123817
EMP-96370,Software Engineer,Engineering,3.0,Level-1 (Low),92312.21227919876
EMP-89741,data analyst,Human Resources,12.0,Level-2 (Medium),100256.08679328405
EMP-23904,Software Engineer,Finance,8.0,Level-1 (Low),96948.9220078139
EMP-43797,Data Analyst,Finance,5.0,Level-2 (Medium),165763.49047079057
EMP-94932,Data Analyst,Finance,5.0,Level-1 (Low),55384.453617153384
EMP-44920,,Finance,12.0,Level-1 (Low),
EMP-90485,software engineer,Finance,1.0,Level-1 (Low),31274.05944537621
EMP-31720,Software Engineer,Engineering,35.0,Level-1 (Low),138486.37501244067
EMP-40988,UNKNOWN,Human Resources,5.0,Level-3 (High),57636.45548119587
EMP-62490,Software Engineer,Engineering,35.0,MISSING,131731.59004474725
EMP-53371,Data Analyst,N/A,5.0,Level-2 (Medium),60147.2287835081
EMP-22609,data analyst,N/A,3.0,MISSING,71936.03644852724
EMP-42939,Project Manager,Engineering,,Level-2 (Medium),148833.0414649942
EMP-12035,Software Engineer,Finance,3.0,Level-3 (High),52376.025030351484
EMP-93107,  Manager  ,Marketing,8.0,Level-3 (High),69600.57096272412
EMP-31514,software engineer,Engineering,1.0,Level-1 (Low),120085.80733524372
EMP-32632,SOFTWARE ENGINEER,Engineering,,Level-2 (Medium),126574.02538839322
EMP-57514,Software Engineer,Engineering,5.0,Level-2 (Medium),75307.33822961645
EMP-42841,Software Engineer,Engineering,5.0,Level-3 (High),110402.57151956364
EMP-91128,Project Manager,Human Resources,8.0,Level-1 (Low),46881.51859864078
EMP-51846,  Manager  ,Finance,3.0,Level-2 (Medium),99379.90838194443
EMP-91233,Data Analyst,Engineering,8.0,Level-2 (Medium),50602.82156411656
EMP-40766,software engineer,Marketing,8.0,Level-1 (Low),99280.9835572669
EMP-57207,Data Analyst,Engineering,35.0,Level-3 (High),79721.82258901892
EMP-60557,Software Engineer,Human Resources,1.0,Level-2 (Medium),152949.34026847366
EMP-29930,software engineer,Marketing,5.0,Level-3 (High),159639.74930362726
EMP-73007,Data Analyst,Finance,,Level-2 (Medium),53669.501595297574
EMP-96360,data analyst,Finance,5.0,Level-2 (Medium),142931.96847420064
EMP-80372,Data Analyst,Human Resources,5.0,Level-2 (Medium),124010.29138694853
EMP-36022,software engineer,Marketing,3.0,Level-2 (Medium),79902.85845158671
EMP-14359,,Finance,5.0,Level-2 (Medium),
EMP-67546,Software Engineer,Engineering,5.0,Level-3 (High),82377.85208566961
EMP-23786,software engineer,Engineering,5.0,Level-3 (High),138847.65357667516
EMP-89746,Software Engineer,Human Resources,8.0,Level-2 (Medium),178052.76368930005
EMP-41785,Data Analyst,Marketing,35.0,Level-2 (Medium),118666.73652530168
EMP-48729,Project Manager,Finance,5.0,Level-2 (Medium),97976.02849588712
EMP-77652,data analyst,Finance,5.0,Level-2 (Medium),96653.75631733202
EMP-19501,SOFTWARE ENGINEER,Marketing,12.0,MISSING,184747.4180356477
EMP-62267,software engineer,Human Resources,5.0,Level-1 (Low),37198.483431283385
EMP-78326,software engineer,Engineering,12.0,Level-3 (High),62369.25925302989
EMP-93983,Data Analyst,Human Resources,3.0,Level-3 (High),32455.626156427756
EMP-93264,Data Analyst,Human Resources,5.0,Level-3 (High),122060.19395811658
EMP-16729,SOFTWARE ENGINEER,Human Resources,5.0,Level-2 (Medium),110462.82654872218
EMP-70243,UNKNOWN,N/A,3.0,Level-2 (Medium),58307.224656053266
EMP-83439,UNKNOWN,Finance,,Level-3 (High),155340.72924134383
EMP-95013,Software Engineer,N/A,5.0,Level-2 (Medium),63627.10834204018
EMP-90330,software engineer,Finance,1.0,MISSING,177283.90432855993
EMP-52476,software engineer,Finance,12.0,Level-3 (High),29685.91053794892
EMP-14679,software engineer,Engineering,1.0,Level-2 (Medium),154399.94834011194
EMP-87178,Software Engineer,Engineering,5.0,Level-1 (Low),69942.25685454713
EMP-63277,Software Engineer,Engineering,5.0,Level-2 (Medium),151181.30242716795
EMP-87781,UNKNOWN,Engineering,1.0,Level-1 (Low),66270.53446402984
EMP-78982,Project Manager,Engineering,1.0,Level-3 (High),127349.69733145348
EMP-15426,Data Analyst,Marketing,5.0,Level-3 (High),133416.63303794432
EMP-98494,software engineer,Engineering,5.0,Level-1 (Low),173236.43761330287
EMP-41030,Software Engineer,Human Resources,3.0,Level-1 (Low),166681.84885101762
EMP-49332,software engineer,Human Resources,1.0,Level-1 (Low),147889.81200120563
EMP-39908,Software Engineer,Finance,,Level-2 (Medium),82275.12589168054
EMP-50025,Data Analyst,Human Resources,5.0,Level-1 (Low),25073.651002227885
EMP-75944,Software Engineer,Engineering,8.0,Level-1 (Low),148220.40779305532
EMP-68672,data analyst,Human Resources,5.0,Level-1 (Low),181996.2516736986
EMP-11688,software engineer,Engineering,1.0,Level-3 (High),141236.78635380123
EMP-96594,Data Analyst,Marketing,8.0,Level-3 (High),168393.5760328604
EMP-23586,Data Analyst,Marketing,1.0,Level-3 (High),97200.24155170593
EMP-50883,SOFTWARE ENGINEER,Marketing,5.0,Level-2 (Medium),175731.0913260581
EMP-77480,software engineer,Finance,5.0,Level-1 (Low),127261.0105918673
EMP-54906,,Finance,8.0,Level-2 (Medium),
EMP-65142,,Human Resources,3.0,Level-1 (Low),
EMP-39180,SOFTWARE ENGINEER,Human Resources,,Level-3 (High),150112.5323632034
EMP-39747,,N/A,8.0,Level-3 (High),
EMP-88875,Software Engineer,Human Resources,3.0,Level-2 (Medium),52831.948896458554
EMP-74246,Data Analyst,Engineering,,Level-2 (Medium),180673.93762782367
EMP-24330,Project Manager,Engineering,3.0,Level-2 (Medium),30392.83007816902
EMP-47634,SOFTWARE ENGINEER,Finance,35.0,Level-1 (Low),75973.85504867812
EMP-57442,data analyst,Finance,8.0,Level-2 (Medium),176887.44593705103
EMP-74970,data analyst,Finance,5.0,Level-2 (Medium),27169.873932220093
EMP-18786,software engineer,Human Resources,5.0,Level-1 (Low),146342.9268344263
EMP-55819,SOFTWARE ENGINEER,Engineering,,Level-3 (High),128231.41324341323
EMP-91669,software engineer,Marketing,8.0,MISSING,33810.2064448845
EMP-41312,SOFTWARE ENGINEER,Engineering,5.0,Level-1 (Low),153921.6371666314
EMP-11679,Software Engineer,Engineering,5.0,Level-1 (Low),161948.88297958332
EMP-53688,data analyst,Engineering,,Level-1 (Low),50163.49255104276
EMP-52498,software engineer,Engineering,3.0,Level-3 (High),68047.12391566456
EMP-88265,Project Manager,Human Resources,3.0,Level-3 (High),128043.39485014585
EMP-25740,SOFTWARE ENGINEER,Finance,1.0,Level-1 (Low),28356.590710194956
EMP-13303,Data Analyst,Marketing,1.0,Level-2 (Medium),99328.58298519022
EMP-50776,UNKNOWN,Finance,35.0,Level-1 (Low),55809.06001399967
EMP-70777,software engineer,Marketing,12.0,Level-2 (Medium),127312.08649440773
EMP-26409,Data Analyst,Engineering,12.0,Level-2 (Medium),112367.0817799317
EMP-91944,  Manager  ,Human Resources,12.0,Level-2 (Medium),155876.80839367
EMP-38958,data analyst,Engineering,,Level-3 (High),87935.88854524565
EMP-97723,  Manager  ,Human Resources,99.0,Level-2 (Medium),158592.32614869016
EMP-32243,  Manager  ,Marketing,8.0,Level-2 (Medium),121870.61027675185
EMP-28856,Software Engineer,Finance,1.0,Level-3 (High),176924.92451646648
EMP-96480,Data Analyst,Engineering,3.0,Level-2 (Medium),155655.45361389115
EMP-57479,software engineer,Engineering,3.0,Level-1 (Low),107433.04486581986
EMP-58999,UNKNOWN,Finance,3.0,Level-1 (Low),49973.33664158653
EMP-12142,software engineer,Engineering,3.0,Level-2 (Medium),179327.08226667595
EMP-72632,Data Analyst,Finance,8.0,Level-3 (High),32856.48849020413
EMP-95641,software engineer,Engineering,5.0,Level-2 (Medium),54891.50001799288
EMP-82889,software engineer,Finance,99.0,Level-3 (High),118725.85881596802
EMP-30805,Project Manager,Human Resources,8.0,Level-2 (Medium),131292.13630672533
EMP-41148,,Marketing,3.0,Level-2 (Medium),
EMP-89672,Software Engineer,Finance,8.0,Level-1 (Low),54798.206760009336
EMP-14455,Software Engineer,Marketing,3.0,Level-2 (Medium),81949.12776187675
EMP-42955,,Human Resources,,Level-3 (High),
EMP-25941,Software Engineer,Engineering,5.0,Level-2 (Medium),114371.65848730045
EMP-59832,Software Engineer,Human Resources,1.0,Level-1 (Low),177616.52870275176
EMP-83022,software engineer,Marketing,5.0,Level-2 (Medium),25653.56860954914
EMP-34905,data analyst,Finance,8.0,Level-1 (Low),138609.00281504312
EMP-71609,Data Analyst,Human Resources,3.0,Level-2 (Medium),102592.1129021705
EMP-87012,Project Manager,Finance,3.0,Level-3 (High),161145.59121140308
EMP-40220,software engineer,Engineering,8.0,Level-1 (Low),181774.734806396
EMP-27761,Project Manager,Human Resources,3.0,Level-2 (Medium),176470.88228511804
EMP-67152,SOFTWARE ENGINEER,Finance,1.0,Level-2 (Medium),83671.15856154996
EMP-31313,  Manager  ,Marketing,3.0,Level-1 (Low),149125.24862835841
EMP-89937,Software Engineer,Engineering,35.0,Level-2 (Medium),87980.30117277984
EMP-43912,Data Analyst,Marketing,35.0,MISSING,184347.16853171863
EMP-63220,software engineer,Engineering,-2.0,Level-2 (Medium),174106.2829062401
EMP-47321,SOFTWARE ENGINEER,Finance,12.0,Level-2 (Medium),101689.93425781591
EMP-48597,Data Analyst,Finance,5.0,Level-2 (Medium),106061.60750089386
EMP-99109,SOFTWARE ENGINEER,Human Resources,,Level-2 (Medium),64604.17770998145
EMP-50095,Project Manager,Engineering,5.0,Level-2 (Medium),178125.4382646534
EMP-98516,software engineer,Engineering,8.0,Level-2 (Medium),51337.85092550953
EMP-27450,Data Analyst,Finance,8.0,Level-2 (Medium),177806.21379448386
EMP-25947,UNKNOWN,Human Resources,12.0,Level-3 (High),77580.18804306952
EMP-67164,Software Engineer,Engineering,3.0,Level-2 (Medium),46015.98572932689
EMP-14656,software engineer,Human Resources,,Level-2 (Medium),35338.47543849275
EMP-20624,SOFTWARE ENGINEER,Engineering,,Level-3 (High),39501.327686655684
EMP-57406,Software Engineer,Engineering,,Level-2 (Medium),159698.00533537604
EMP-48418,SOFTWARE ENGINEER,Engineering,1.0,Level-3 (High),61076.71661338976
EMP-20062,SOFTWARE ENGINEER,Finance,,Level-2 (Medium),175374.40856452682
EMP-30691,Software Engineer,Engineering,12.0,Level-2 (Medium),92443.77090075325
EMP-22594,  Manager  ,Marketing,12.0,Level-3 (High),127668.0487144515
EMP-89128,software engineer,Marketing,3.0,Level-2 (Medium),70397.95148008867
EMP-49653,SOFTWARE ENGINEER,Human Resources,,Level-3 (High),172082.76950184663
EMP-16067,Project Manager,Finance,8.0,Level-3 (High),137898.99263276183
EMP-87514,software engineer,Engineering,8.0,Level-1 (Low),67759.35608535694
EMP-61550,Software Engineer,Marketing,5.0,Level-2 (Medium),155063.25481245274
EMP-45106,Data Analyst,Engineering,5.0,Level-2 (Medium),120480.13817608429
EMP-12820,Software Engineer,Engineering,35.0,Level-2 (Medium),41823.70264256253
EMP-55566,Data Analyst,Engineering,35.0,Level-2 (Medium),45479.39790245296
EMP-67063,Data Analyst,Engineering,8.0,Level-3 (High),65744.92788258885
EMP-45872,Data Analyst,Engineering,3.0,Level-2 (Medium),151619.09121856838
EMP-98770,software engineer,Engineering,35.0,Level-2 (Medium),164984.60652615232
EMP-84402,Software Engineer,Engineering,5.0,Level-2 (Medium),93004.54645312917
EMP-36276,software engineer,Marketing,1.0,Level-2 (Medium),126801.59113719007
EMP-38536,Data Analyst,Marketing,1.0,MISSING,62416.510815133195
EMP-36405,Data Analyst,Engineering,35.0,Level-3 (High),32107.390681587392
EMP-77595,Data Analyst,Engineering,12.0,Level-3 (High),79435.60353317167
EMP-35413,Software Engineer,Engineering,5.0,Level-1 (Low),125750.91368947175
EMP-64487,Software Engineer,Marketing,3.0,Level-3 (High),39408.20884635597
EMP-29843,,Finance,12.0,Level-1 (Low),
EMP-56274,UNKNOWN,Marketing,,Level-2 (Medium),35018.70885521022
EMP-33083,data analyst,Marketing,3.0,Level-1 (Low),85550.19127213013
EMP-26437,software engineer,Human Resources,8.0,Level-2 (Medium),107032.96830724037
EMP-87270,software engineer,Finance,8.0,Level-1 (Low),123191.95416823681
EMP-87373,Data Analyst,Engineering,1.0,Level-1 (Low),115818.66476223513
EMP-13804,Software Engineer,Human Resources,-2.0,Level-2 (Medium),31687.127938963276
EMP-68401,data analyst,Finance,1.0,Level-2 (Medium),113562.5832198858
EMP-97177,software engineer,Marketing,5.0,Level-3 (High),80590.48351127008
EMP-78945,SOFTWARE ENGINEER,Finance,12.0,Level-3 (High),174416.97420964195
EMP-57036,software engineer,Marketing,12.0,Level-1 (Low),130707.1049579858
EMP-83281,Project Manager,Finance,3.0,Level-2 (Medium),178176.78798038888
EMP-12141,SOFTWARE ENGINEER,Engineering,1.0,Level-2 (Medium),91977.18840770998
EMP-49307,Data Analyst,Human Resources,3.0,Level-2 (Medium),113645.75458838168
EMP-67816,Software Engineer,Engineering,5.0,Level-3 (High),59267.48134240578
EMP-60032,SOFTWARE ENGINEER,Engineering,5.0,Level-3 (High),142045.1262262646
EMP-42469,Software Engineer,Engineering,5.0,Level-1 (Low),111328.12905669835
EMP-16075,data analyst,Marketing,8.0,Level-1 (Low),171130.17532693886
EMP-11767,Data Analyst,N/A,3.0,Level-2 (Medium),152774.06788709806
EMP-76271,  Manager  ,Finance,3.0,Level-2 (Medium),119827.30305479794
EMP-96614,software engineer,Marketing,35.0,Level-2 (Medium),144857.04386435353
EMP-55242,Software Engineer,Marketing,12.0,MISSING,137759.32304135236
EMP-65809,data analyst,Marketing,3.0,Level-3 (High),78424.63206660998
EMP-40888,Software Engineer,Human Resources,35.0,Level-2 (Medium),113463.88802369013
EMP-41584,  Manager  ,Marketing,8.0,Level-2 (Medium),92327.31463003384
EMP-48468,SOFTWARE ENGINEER,Finance,1.0,Level-3 (High),172841.31929452906
EMP-37101,  Manager  ,Human Resources,12.0,MISSING,137186.74589108783
EMP-95945,data analyst,Engineering,12.0,MISSING,172459.11261845857
EMP-12362,SOFTWARE ENGINEER,Marketing,12.0,Level-3 (High),94294.45078956496
EMP-96105,SOFTWARE ENGINEER,Finance,1.0,Level-2 (Medium),88917.85709094064
EMP-89362,,Engineering,5.0,Level-1 (Low),
EMP-17253,software engineer,Human Resources,3.0,Level-2 (Medium),61310.33775274911
EMP-63240,Data Analyst,Finance,,Level-1 (Low),155475.9643356619
EMP-20893,Data Analyst,Marketing,1.0,Level-2 (Medium),75641.250194636
EMP-33912,software engineer,Engineering,5.0,Level-2 (Medium),178023.38333671226
EMP-46487,UNKNOWN,Engineering,1.0,Level-2 (Medium),81810.75434675576
EMP-57718,Project Manager,Human Resources,3.0,Level-1 (Low),123446.23996549954
EMP-63956,Project Manager,Marketing,,Level-1 (Low),171864.68792257723
EMP-66117,software engineer,Human Resources,1.0,Level-3 (High),58983.57142115735
EMP-95128,Data Analyst,Engineering,3.0,Level-2 (Medium),84581.44552226888
EMP-98004,Software Engineer,Finance,99.0,Level-2 (Medium),65862.01645614256
EMP-95887,Software Engineer,Human Resources,12.0,Level-3 (High),48935.342948187885
EMP-43036,Software Engineer,Marketing,8.0,Level-1 (Low),101564.66784965008
EMP-76440,software engineer,Engineering,,Level-2 (Medium),39521.700981656344
EMP-94306,data analyst,Engineering,8.0,Level-2 (Medium),184809.2699600252
EMP-50238,Software Engineer,Engineering,3.0,Level-2 (Medium),75021.41698780871
EMP-25120,Project Manager,Engineering,3.0,Level-3 (High),148218.02927918464
EMP-52672,software engineer,Finance,5.0,Level-1 (Low),180853.7898111752
EMP-50706,software engineer,Human Resources,3.0,MISSING,183218.50312454152
EMP-54166,Data Analyst,Engineering,35.0,Level-3 (High),49571.593227457735
EMP-70001,UNKNOWN,Engineering,3.0,Level-1 (Low),34970.022536602715
EMP-11346,data analyst,Marketing,5.0,MISSING,89583.83788564395
EMP-67996,Data Analyst,Marketing,3.0,Level-3 (High),143733.85829599877
EMP-73966,data analyst,Finance,1.0,Level-2 (Medium),32801.745591342435
EMP-85324,  Manager  ,Finance,1.0,Level-2 (Medium),26187.96631048065
EMP-66269,software engineer,Human Resources,8.0,Level-3 (High),95382.69980270804
EMP-28492,Software Engineer,Finance,,Level-1 (Low),46576.877438000556
EMP-84223,Data Analyst,Engineering,,Level-2 (Medium),63265.57317481516
EMP-35603,SOFTWARE ENGINEER,Engineering,3.0,Level-2 (Medium),120049.36548136096
EMP-45665,Data Analyst,Engineering,5.0,Level-2 (Medium),58210.88050850046
EMP-54416,SOFTWARE ENGINEER,Finance,3.0,Level-1 (Low),111286.32561833235
EMP-85736,SOFTWARE ENGINEER,Finance,12.0,Level-3 (High),132815.41139202422
EMP-49725,Software Engineer,Engineering,8.0,Level-1 (Low),146280.01662209764
EMP-13088,Software Engineer,Engineering,35.0,Level-2 (Medium),86431.5039820651
EMP-95745,Software Engineer,Finance,5.0,Level-3 (High),42104.39662616748
EMP-62320,,Human Resources,5.0,Level-2 (Medium),
EMP-61771,Project Manager,Finance,5.0,Level-2 (Medium),127008.03637037071
EMP-93047,data analyst,Finance,5.0,Level-1 (Low),42389.43464974112
EMP-11572,software engineer,Marketing,,Level-2 (Medium),62509.55577136656
EMP-74582,Data Analyst,Finance,3.0,Level-2 (Medium),60388.766209567264
EMP-42968,Software Engineer,Marketing,5.0,Level-3 (High),71871.2217752374
EMP-78642,UNKNOWN,Engineering,3.0,Level-2 (Medium),80003.76054854001
EMP-96792,Data Analyst,Finance,3.0,Level-2 (Medium),183941.41275303366
EMP-10819,data analyst,Human Resources,1.0,Level-3 (High),151526.54629972158
EMP-39092,Data Analyst,Engineering,12.0,Level-3 (High),179344.22814529287
EMP-25723,data analyst,Human Resources,5.0,Level-1 (Low),103443.91683554366
EMP-63532,software engineer,Engineering,8.0,Level-2 (Medium),64456.66970688057
EMP-51221,Data Analyst,Engineering,35.0,Level-2 (Medium),54857.256020137924
EMP-90774,data analyst,Marketing,3.0,Level-2 (Medium),77514.61985229832
EMP-36433,SOFTWARE ENGINEER,Engineering,35.0,Level-2 (Medium),34953.45563773046
EMP-70090,data analyst,Engineering,12.0,Level-2 (Medium),57926.67386216353
EMP-64847,SOFTWARE ENGINEER,Engineering,5.0,Level-1 (Low),101795.14424001049
EMP-59716,UNKNOWN,Marketing,1.0,Level-3 (High),150764.6916318987
EMP-52929,Software Engineer,Marketing,12.0,Level-2 (Medium),154171.64370959648
EMP-21021,software engineer,Human Resources,3.0,Level-2 (Medium),146087.05321283446
EMP-96945,UNKNOWN,Marketing,99.0,Level-2 (Medium),64915.94435043773
EMP-10155,Software Engineer,Engineering,1.0,Level-3 (High),168911.46168817836
EMP-70453,Data Analyst,N/A,,Level-1 (Low),108010.35322237112
EMP-96558,software engineer,Engineering,1.0,Level-1 (Low),60304.7585244607
EMP-39146,Data Analyst,Engineering,12.0,Level-2 (Medium),82836.43070064588
EMP-10272,Project Manager,Engineering,8.0,Level-1 (Low),73756.20666465726
EMP-59506,software engineer,Engineering,3.0,Level-3 (High),162342.05372535076
EMP-52046,Project Manager,Engineering,12.0,Level-2 (Medium),130441.00029521438
EMP-81803,Software Engineer,Human Resources,5.0,Level-1 (Low),30195.777238086805
EMP-60526,Data Analyst,Finance,12.0,Level-2 (Medium),158194.16196694216
EMP-67288,software engineer,Human Resources,12.0,Level-1 (Low),117071.93482964336
EMP-33388,Data Analyst,Engineering,35.0,Level-1 (Low),45241.28883476282
EMP-31695,data analyst,Engineering,1.0,Level-1 (Low),179218.0957755944
EMP-43606,Data Analyst,Engineering,3.0,Level-3 (High),86172.4918561455
EMP-62789,Project Manager,Finance,1.0,MISSING,114760.35633290744
EMP-43825,UNKNOWN,Engineering,12.0,MISSING,139231.46430465282
EMP-33750,,Human Resources,35.0,Level-3 (High),
EMP-18028,Data Analyst,Marketing,5.0,Level-3 (High),76538.51289832435
EMP-47074,software engineer,Engineering,99.0,Level-3 (High),68049.32596837939
EMP-24484,Software Engineer,Finance,5.0,Level-1 (Low),134754.303637247
EMP-94409,Software Engineer,Marketing,35.0,Level-2 (Medium),175268.77122765343
EMP-49528,Software Engineer,Human Resources,5.0,Level-1 (Low),89083.73145558356
EMP-91498,Data Analyst,Engineering,3.0,Level-3 (High),45783.52723549104
EMP-93921,software engineer,Human Resources,8.0,Level-3 (High),157338.39152417154
EMP-65138,Project Manager,Engineering,12.0,Level-1 (Low),82159.46569188478
EMP-10533,data analyst,Human Resources,3.0,Level-3 (High),133980.77301358385
EMP-78434,Data Analyst,Finance,1.0,Level-3 (High),25011.044494890342
EMP-19169,Software Engineer,Engineering,3.0,Level-3 (High),33621.25755490398
EMP-57125,data analyst,Marketing,5.0,Level-3 (High),80043.31391305372
EMP-60888,data analyst,Finance,3.0,Level-3 (High),36848.187220204134
EMP-41651,  Manager  ,Engineering,3.0,Level-1 (Low),178252.63575454016
EMP-60131,Software Engineer,Marketing,99.0,Level-2 (Medium),133739.5676162254
EMP-86767,  Manager  ,Engineering,3.0,Level-2 (Medium),184825.5745634214
EMP-76948,,Engineering,5.0,Level-2 (Medium),
EMP-41684,SOFTWARE ENGINEER,Engineering,5.0,Level-2 (Medium),106495.56558888436
EMP-35655,Data Analyst,Human Resources,1.0,Level-1 (Low),142740.0317854621
EMP-15948,Data Analyst,Human Resources,3.0,Level-3 (High),84106.38498091002
EMP-94801,Software Engineer,Human Resources,,Level-2 (Medium),52732.14169723687
EMP-74659,UNKNOWN,Engineering,5.0,Level-1 (Low),31362.977171364826
EMP-74494,  Manager  ,Marketing,35.0,Level-2 (Medium),80752.4774248945
EMP-79685,Software Engineer,Engineering,99.0,Level-2 (Medium),37053.47579064416
EMP-97361,data analyst,N/A,3.0,Level-3 (High),84153.4266663929
EMP-52390,Project Manager,Engineering,-2.0,Level-2 (Medium),159312.29225534332
EMP-42512,software engineer,Finance,5.0,Level-3 (High),116584.39331987052
EMP-84830,UNKNOWN,Finance,12.0,Level-2 (Medium),145475.01147989975
EMP-42003,Data Analyst,Finance,5.0,Level-1 (Low),130201.58040780084
EMP-92087,data analyst,Engineering,1.0,MISSING,158012.879010687
EMP-46662,UNKNOWN,Marketing,1.0,Level-2 (Medium),47931.45688888192
EMP-66822,  Manager  ,Marketing,8.0,Level-2 (Medium),26439.85682052003
EMP-73449,,Finance,5.0,Level-2 (Medium),
EMP-93896,Data Analyst,Marketing,5.0,Level-2 (Medium),147641.8157473012
EMP-25418,Software Engineer,Engineering,3.0,Level-2 (Medium),92105.51403932732
EMP-73211,software engineer,Engineering,8.0,Level-1 (Low),101562.84214610535
EMP-35099,,Engineering,,Level-2 (Medium),
EMP-85113,  Manager  ,Human Resources,8.0,Level-3 (High),164475.85546893495
EMP-34768,software engineer,N/A,1.0,Level-1 (Low),65847.5666140671
EMP-96573,,Engineering,12.0,Level-3 (High),
EMP-32486,Software Engineer,Engineering,35.0,Level-3 (High),170927.43977037005
EMP-83919,SOFTWARE ENGINEER,Engineering,,Level-2 (Medium),58331.83754919537
EMP-13199,SOFTWARE ENGINEER,Human Resources,5.0,Level-1 (Low),134640.98211715478
EMP-50081,Software Engineer,Finance,3.0,Level-3 (High),105775.7669113292
EMP-68680,software engineer,Human Resources,3.0,Level-1 (Low),124851.05382914234
EMP-18557,Software Engineer,Human Resources,5.0,Level-2 (Medium),111623.83515461998
EMP-64336,Software Engineer,Finance,,Level-2 (Medium),29690.24092761723
EMP-46432,Software Engineer,Engineering,12.0,Level-3 (High),179354.36303278338
EMP-63383,Software Engineer,Finance,3.0,Level-1 (Low),45869.849140829974
EMP-17145,software engineer,Engineering,12.0,Level-1 (Low),60084.70174922325
EMP-36318,SOFTWARE ENGINEER,Engineering,5.0,Level-1 (Low),85068.8451680491
EMP-57497,software engineer,Engineering,1.0,Level-2 (Medium),159025.85154468857
EMP-66826,Software Engineer,Marketing,5.0,Level-3 (High),91309.05271780251
EMP-19286,data analyst,Engineering,3.0,Level-3 (High),33541.67303107559
EMP-60679,data analyst,Marketing,,Level-1 (Low),157458.70874994865
EMP-97429,SOFTWARE ENGINEER,Engineering,3.0,Level-1 (Low),33691.13394772759
EMP-26436,software engineer,Engineering,3.0,Level-1 (Low),148888.06570001057
EMP-54903,UNKNOWN,Engineering,12.0,Level-1 (Low),32031.8559325419
EMP-43543,SOFTWARE ENGINEER,Marketing,12.0,Level-3 (High),92640.90466174948
EMP-33724,software engineer,Finance,1.0,Level-1 (Low),71745.23038230951
EMP-80732,Software Engineer,N/A,3.0,Level-1 (Low),38085.42866158879
EMP-57249,Data Analyst,Human Resources,,Level-1 (Low),111031.36141442174
EMP-79198,software engineer,Engineering,5.0,Level-2 (Medium),96818.6384639186
EMP-62934,software engineer,Marketing,5.0,Level-1 (Low),33117.3841425597
EMP-97059,software engineer,Finance,5.0,Level-1 (Low),165482.3895195796
EMP-93633,Project Manager,Marketing,8.0,Level-2 (Medium),113797.56490978222
EMP-79987,Project Manager,Finance,3.0,Level-1 (Low),92145.36166311028
EMP-18423,Data Analyst,Engineering,,Level-2 (Medium),32044.64594370039
EMP-61790,software engineer,Engineering,3.0,Level-3 (High),179830.94929418722
EMP-59886,Data Analyst,Engineering,3.0,Level-2 (Medium),99311.69357036524
EMP-11300,data analyst,Engineering,1.0,Level-1 (Low),41045.65552422281
EMP-13594,Software Engineer,Human Resources,5.0,Level-2 (Medium),50168.67932578794
EMP-80781,SOFTWARE ENGINEER,N/A,,Level-2 (Medium),172409.74087723097
EMP-64626,Data Analyst,Engineering,8.0,Level-2 (Medium),130234.76373139133
EMP-22395,Software Engineer,Finance,1.0,Level-2 (Medium),156979.9194586929
EMP-67832,Software Engineer,Finance,1.0,Level-3 (High),82826.13140573904
EMP-81580,data analyst,Marketing,8.0,Level-2 (Medium),165730.88116618188
EMP-94801,Data Analyst,Finance,35.0,Level-1 (Low),152068.90606861934
EMP-73552,software engineer,Engineering,3.0,Level-3 (High),126729.82964688173
EMP-59858,Software Engineer,Engineering,5.0,Level-1 (Low),148417.4116869996
EMP-91338,Software Engineer,Engineering,5.0,Level-3 (High),58637.51001324175
EMP-65745,software engineer,Human Resources,35.0,Level-2 (Medium),148721.7857379418
EMP-39166,software engineer,Finance,5.0,MISSING,152757.73785304732
EMP-55644,data analyst,Engineering,3.0,Level-1 (Low),77031.54094459454
EMP-67653,Software Engineer,Engineering,3.0,Level-1 (Low),160745.63951735653
EMP-80799,Data Analyst,Engineering,3.0,Level-2 (Medium),153939.4860036029
EMP-15110,software engineer,Finance,3.0,Level-2 (Medium),133860.7657398015
EMP-20490,SOFTWARE ENGINEER,Finance,5.0,Level-1 (Low),30869.4289235072
EMP-25610,SOFTWARE ENGINEER,Human Resources,35.0,Level-3 (High),99840.85281501741
EMP-45150,Data Analyst,Marketing,3.0,Level-3 (High),142358.6798955159
EMP-64294,software engineer,Finance,3.0,Level-1 (Low),93328.67623596075
EMP-70343,Project Manager,Marketing,3.0,Level-1 (Low),64920.835861393694
EMP-78471,Data Analyst,Marketing,8.0,Level-2 (Medium),166010.54613978934
EMP-81248,Software Engineer,Engineering,1.0,Level-2 (Medium),133222.0508268894
EMP-85597,data analyst,Engineering,8.0,Level-1 (Low),110765.37505169486
EMP-57210,UNKNOWN,Finance,,MISSING,161818.2819823621
EMP-43682,Data Analyst,Marketing,8.0,Level-2 (Medium),58729.937176274165
EMP-22697,  Manager  ,Finance,3.0,Level-2 (Medium),51155.192708670416
EMP-40988,software engineer,Finance,5.0,Level-3 (High),51567.62628467092
EMP-82634,Software Engineer,Human Resources,5.0,Level-2 (Medium),73819.548697997
EMP-89677,Software Engineer,Engineering,-2.0,Level-2 (Medium),181852.80680952143
EMP-91735,Software Engineer,Marketing,1.0,Level-1 (Low),116808.66678206115
EMP-78400,Project Manager,Human Resources,8.0,Level-3 (High),143576.84638139224
EMP-90438,software engineer,Engineering,5.0,Level-2 (Medium),118807.80929797691
EMP-54401,software engineer,Engineering,35.0,Level-1 (Low),169716.42833830044
EMP-51519,Data Analyst,Engineering,3.0,Level-2 (Medium),58061.65254743988
EMP-90914,Software Engineer,Engineering,3.0,Level-3 (High),127733.99870414089
EMP-81861,Data Analyst,Human Resources,5.0,Level-1 (Low),160027.62576826717
EMP-35478,software engineer,Engineering,12.0,Level-3 (High),120236.70402269984
EMP-66435,Data Analyst,Finance,35.0,Level-1 (Low),149355.3139165307
EMP-98590,data analyst,Marketing,35.0,Level-2 (Medium),34672.966048170936
EMP-18492,UNKNOWN,Finance,12.0,Level-1 (Low),165500.6853218573
EMP-44606,SOFTWARE ENGINEER,Finance,1.0,Level-3 (High),88788.42778570246
EMP-55231,Software Engineer,Marketing,1.0,Level-3 (High),85118.46924849047
EMP-31168,software engineer,Human Resources,5.0,Level-1 (Low),47682.741492278
EMP-13112,Software Engineer,Engineering,8.0,Level-2 (Medium),78148.52805185351
EMP-40187,Data Analyst,Engineering,35.0,Level-2 (Medium),36455.43778995128
EMP-25338,UNKNOWN,Marketing,8.0,Level-3 (High),152410.38589560974
EMP-42443,Data Analyst,Engineering,35.0,Level-2 (Medium),97260.26189775957
EMP-98934,Data Analyst,Finance,12.0,Level-1 (Low),70661.32586334177
EMP-46755,Data Analyst,Marketing,3.0,Level-2 (Medium),178869.4233311579
EMP-72371,  Manager  ,Human Resources,12.0,Level-2 (Medium),143461.3362107701
EMP-33680,UNKNOWN,Engineering,35.0,Level-3 (High),127107.9978493748
EMP-37407,Software Engineer,Engineering,3.0,Level-1 (Low),25008.744034171978
EMP-93327,Software Engineer,Marketing,1.0,Level-1 (Low),118767.30800710614
EMP-15411,Data Analyst,Engineering,1.0,Level-2 (Medium),106444.95548228228
EMP-98407,software engineer,Human Resources,5.0,Level-1 (Low),101725.1746894735
EMP-93327,SOFTWARE ENGINEER,Engineering,12.0,Level-1 (Low),182861.76703439862
EMP-35107,Data Analyst,Finance,12.0,Level-1 (Low),58040.505258828554
EMP-98145,UNKNOWN,Marketing,8.0,Level-1 (Low),126580.05621387453
EMP-67970,Data Analyst,N/A,35.0,Level-2 (Medium),114604.52050829332
EMP-17191,,Finance,,Level-3 (High),
EMP-81708,Project Manager,Marketing,1.0,Level-2 (Medium),26504.872422919074
EMP-15370,UNKNOWN,Engineering,8.0,Level-1 (Low),174248.00941097032
EMP-71554,Project Manager,Finance,5.0,Level-1 (Low),110741.25614506162
EMP-60146,Software Engineer,Human Resources,8.0,Level-2 (Medium),168395.9662864185
EMP-82345,Software Engineer,Human Resources,,Level-1 (Low),173559.35258383126
EMP-35506,software engineer,Marketing,5.0,Level-3 (High),125134.69478278593
EMP-41704,software engineer,Human Resources,5.0,MISSING,131625.9585388161
EMP-11075,Software Engineer,Finance,5.0,Level-1 (Low),151085.0626402452
EMP-41462,data analyst,Engineering,8.0,MISSING,103294.97542014318
EMP-11605,Data Analyst,Engineering,8.0,Level-1 (Low),149918.97346922097
EMP-39663,Data Analyst,Engineering,8.0,Level-3 (High),113126.0198752177
EMP-94666,UNKNOWN,Engineering,35.0,Level-2 (Medium),167614.10233337633
EMP-55957,SOFTWARE ENGINEER,Finance,5.0,Level-3 (High),31651.046003771466
EMP-91895,software engineer,Marketing,12.0,Level-3 (High),132456.38665006816
EMP-83685,UNKNOWN,Marketing,12.0,Level-3 (High),129984.32254350264
EMP-61452,Software Engineer,N/A,8.0,Level-3 (High),74053.815907839
EMP-59290,software engineer,N/A,,Level-3 (High),123774.49632256814
EMP-67201,Data Analyst,Finance,,Level-1 (Low),141580.21479179244
EMP-23111,Software Engineer,Marketing,5.0,Level-2 (Medium),184598.66488187565
EMP-94080,Data Analyst,Human Resources,5.0,Level-2 (Medium),111406.53717967712
EMP-57233,,Engineering,8.0,Level-1 (Low),
EMP-11387,Data Analyst,Human Resources,,Level-1 (Low),128223.33642702046
EMP-97829,SOFTWARE ENGINEER,Marketing,,Level-3 (High),42298.90000547492
EMP-37397,SOFTWARE ENGINEER,Marketing,3.0,Level-1 (Low),78983.49330299417
EMP-81885,Data Analyst,Human Resources,5.0,Level-2 (Medium),101756.97758647556
EMP-31152,data analyst,Human Resources,,Level-3 (High),112946.41650437324
EMP-42217,,Engineering,,Level-2 (Medium),
EMP-93276,software engineer,Engineering,3.0,Level-1 (Low),62091.93154162076
EMP-95914,data analyst,Finance,35.0,Level-2 (Medium),154115.23195144415
EMP-66214,SOFTWARE ENGINEER,Human Resources,5.0,Level-2 (Medium),50081.85310371721
EMP-75480,software engineer,Engineering,8.0,Level-3 (High),67703.63250094805
EMP-55228,software engineer,Human Resources,12.0,Level-2 (Medium),119091.13890640014
EMP-69022,UNKNOWN,Finance,5.0,Level-1 (Low),141028.0949664496
EMP-37277,Data Analyst,Engineering,,Level-3 (High),169626.13539107164
EMP-70897,software engineer,Finance,5.0,Level-1 (Low),25889.5227224882
EMP-70988,Software Engineer,Engineering,12.0,Level-2 (Medium),45971.08255012655
EMP-14713,Project Manager,Human Resources,35.0,Level-3 (High),41604.41425113909
EMP-99510,Software Engineer,Finance,3.0,Level-2 (Medium),97036.97044343762
EMP-66340,UNKNOWN,Engineering,3.0,Level-3 (High),83101.82062122585
EMP-12223,software engineer,Engineering,5.0,Level-2 (Medium),96684.66975117578
EMP-22397,Software Engineer,Marketing,12.0,Level-2 (Medium),102741.52059986624
EMP-39503,SOFTWARE ENGINEER,Engineering,99.0,Level-2 (Medium),91229.91950817536
EMP-96605,SOFTWARE ENGINEER,Human Resources,3.0,Level-2 (Medium),175471.88452272606
EMP-74159,Software Engineer,Marketing,3.0,Level-3 (High),33597.23777662204
EMP-35584,Project Manager,Engineering,5.0,Level-2 (Medium),147954.14166797712
EMP-73609,software engineer,Finance,35.0,Level-2 (Medium),151830.88450371445
EMP-38000,Project Manager,Engineering,5.0,Level-1 (Low),147235.86702463706
EMP-54923,Data Analyst,Marketing,8.0,Level-3 (High),103773.09174632629
EMP-77932,UNKNOWN,Finance,3.0,Level-2 (Medium),29308.16422744382
EMP-43678,Data Analyst,Engineering,3.0,Level-3 (High),146547.15117011144
EMP-63184,  Manager  ,Engineering,35.0,Level-2 (Medium),124444.59392737894
EMP-48354,Project Manager,Engineering,5.0,Level-2 (Medium),55580.12210906048
EMP-24397,data analyst,Finance,3.0,Level-2 (Medium),158801.94948176542
EMP-49912,Data Analyst,Finance,3.0,Level-2 (Medium),35906.289936129935
EMP-37157,Data Analyst,Finance,1.0,Level-1 (Low),169973.9696558933
EMP-54414,Software Engineer,Engineering,8.0,Level-1 (Low),131275.72623445318
EMP-46226,Software Engineer,Finance,,Level-2 (Medium),142174.53085576647
EMP-66960,Software Engineer,Engineering,3.0,Level-2 (Medium),73376.29019108662
EMP-78612,Project Manager,Marketing,1.0,Level-2 (Medium),66445.44352582468
EMP-95772,,Engineering,-2.0,Level-2 (Medium),
EMP-12796,software engineer,Human Resources,5.0,Level-1 (Low),159052.05542980676
EMP-93402,software engineer,N/A,3.0,Level-3 (High),61707.26483605019
EMP-35082,software engineer,Marketing,12.0,Level-3 (High),156492.06125312732
EMP-71922,software engineer,Engineering,,Level-3 (High),94074.37072670957
EMP-83213,,Marketing,3.0,Level-2 (Medium),
EMP-91505,Software Engineer,Marketing,5.0,Level-1 (Low),49809.4645984667
EMP-56369,software engineer,Finance,12.0,Level-1 (Low),39694.20306734529
EMP-75813,software engineer,Marketing,3.0,Level-1 (Low),127646.38565436326
EMP-79675,Software Engineer,Engineering,99.0,Level-2 (Medium),125676.84502841976
EMP-41993,SOFTWARE ENGINEER,Engineering,1.0,Level-1 (Low),117516.05753878127
EMP-82470,Software Engineer,Engineering,5.0,Level-3 (High),92653.29121951343
EMP-42386,Software Engineer,Engineering,3.0,MISSING,145086.8731458402
EMP-25431,software engineer,Engineering,5.0,Level-1 (Low),88025.13862899998
EMP-77174,Project Manager,N/A,,Level-2 (Medium),141280.683146174
EMP-14810,Software Engineer,Marketing,3.0,Level-3 (High),56352.406739387035
EMP-31277,Software Engineer,Human Resources,8.0,Level-1 (Low),49057.01044757741
EMP-39656,Project Manager,Engineering,35.0,Level-3 (High),127841.85864952672
EMP-58885,Data Analyst,Human Resources,8.0,Level-1 (Low),172845.3863133984
EMP-76244,Software Engineer,Marketing,1.0,Level-1 (Low),181229.7310426669
EMP-67024,Data Analyst,Human Resources,3.0,Level-2 (Medium),181027.4494444481
EMP-31142,Software Engineer,Finance,1.0,Level-3 (High),149619.16807049594
EMP-83063,data analyst,Marketing,3.0,Level-1 (Low),94530.12300590049
EMP-71730,software engineer,Finance,3.0,Level-3 (High),123827.05986409134
EMP-49182,Data Analyst,N/A,1.0,Level-3 (High),137466.04957545968
EMP-89180,software engineer,N/A,1.0,Level-2 (Medium),144600.44323457277
EMP-22076,software engineer,Engineering,,Level-2 (Medium),152911.11008458727
EMP-86473,Project Manager,Engineering,3.0,Level-3 (High),117282.95228377388
EMP-34756,,Human Resources,8.0,Level-2 (Medium),
EMP-62873,Project Manager,Engineering,3.0,Level-1 (Low),49676.59771006636
EMP-79193,Software Engineer,Engineering,,Level-2 (Medium),94088.08858542201
EMP-28797,SOFTWARE ENGINEER,Engineering,5.0,Level-2 (Medium),91350.29884059387
EMP-97415,data analyst,Engineering,5.0,Level-2 (Medium),100862.84598878035
EMP-20000,  Manager  ,Marketing,8.0,Level-2 (Medium),100255.29931406227
EMP-90947,Software Engineer,Marketing,99.0,Level-2 (Medium),106443.5332291521
EMP-35640,software engineer,Finance,12.0,Level-2 (Medium),153552.71761628048
EMP-17918,SOFTWARE ENGINEER,Engineering,5.0,MISSING,69200.77434485749
EMP-63442,Data Analyst,Human Resources,-2.0,Level-3 (High),70557.56707872175
EMP-91184,  Manager  ,Engineering,3.0,Level-1 (Low),51090.286612294716
EMP-24389,data analyst,Engineering,5.0,Level-3 (High),45711.86822025073
EMP-79445,,Finance,3.0,Level-3 (High),
EMP-52084,Project Manager,Human Resources,3.0,Level-3 (High),129525.85471108418
EMP-60786,Data Analyst,Engineering,8.0,Level-2 (Medium),81091.24378484125
EMP-86963,Data Analyst,Engineering,8.0,Level-2 (Medium),51139.61125643976
EMP-52415,  Manager  ,Engineering,3.0,Level-2 (Medium),99666.60279799809
EMP-26136,Data Analyst,Marketing,1.0,Level-2 (Medium),134981.00347762252
EMP-80389,software engineer,Marketing,8.0,Level-2 (Medium),48834.35371974588
EMP-26424,data analyst,Engineering,12.0,Level-2 (Medium),25045.979156737238
EMP-93338,SOFTWARE ENGINEER,Engineering,,Level-1 (Low),172205.7920687865
EMP-26820,SOFTWARE ENGINEER,Engineering,-2.0,Level-2 (Medium),111676.71786932752
EMP-59642,software engineer,Finance,3.0,Level-1 (Low),83867.97865319574
EMP-41606,Project Manager,N/A,8.0,Level-2 (Medium),103629.55178390886
EMP-69590,SOFTWARE ENGINEER,Engineering,8.0,Level-2 (Medium),33016.931098112924
EMP-81019,UNKNOWN,Finance,1.0,Level-2 (Medium),162012.14977273237
EMP-31807,data analyst,Engineering,12.0,Level-2 (Medium),167199.65918832255
EMP-91958,Data Analyst,Human Resources,1.0,Level-2 (Medium),179977.32143509082
EMP-65206,software engineer,Engineering,1.0,Level-2 (Medium),84664.80129506713
EMP-45733,software engineer,Finance,8.0,Level-3 (High),156112.37849249598
EMP-49126,Data Analyst,Marketing,3.0,Level-2 (Medium),78901.4517839442
EMP-28218,Software Engineer,Marketing,3.0,Level-1 (Low),135386.44417048356
EMP-66803,SOFTWARE ENGINEER,Finance,3.0,Level-2 (Medium),64673.05606734993
EMP-84698,software engineer,Marketing,1.0,Level-3 (High),170670.4886881056
EMP-59278,SOFTWARE ENGINEER,Human Resources,12.0,Level-2 (Medium),103360.72593809321
EMP-49591,,Marketing,8.0,Level-2 (Medium),
EMP-60542,Software Engineer,Engineering,,Level-2 (Medium),59269.31419128185
EMP-12242,Project Manager,Engineering,5.0,Level-3 (High),129078.15839807405
EMP-94411,SOFTWARE ENGINEER,Engineering,5.0,Level-2 (Medium),101476.77222518265
EMP-13518,data analyst,Engineering,3.0,Level-2 (Medium),81915.23026798971
EMP-93094,Data Analyst,Human Resources,1.0,Level-2 (Medium),120600.39171445547
EMP-15698,Project Manager,Marketing,1.0,Level-1 (Low),97328.48890489251
EMP-66102,data analyst,Engineering,5.0,Level-2 (Medium),138476.87242733192
EMP-11774,Project Manager,Engineering,3.0,Level-3 (High),173821.75591588838
EMP-73194,SOFTWARE ENGINEER,Human Resources,12.0,Level-2 (Medium),162009.9070043123
EMP-15076,Data Analyst,Engineering,5.0,Level-2 (Medium),84922.21293971807
EMP-51993,  Manager  ,Engineering,1.0,Level-3 (High),29821.97665621477
EMP-87452,data analyst,Finance,3.0,Level-2 (Medium),102872.55357374268
EMP-13107,data analyst,Engineering,5.0,Level-2 (Medium),63985.94425151636
EMP-52950,software engineer,Human Resources,12.0,Level-1 (Low),148233.23484286357
EMP-59044,software engineer,Human Resources,3.0,MISSING,99464.08047392796
EMP-78023,  Manager  ,Human Resources,12.0,MISSING,68915.35749852688
EMP-43778,software engineer,Finance,1.0,Level-2 (Medium),143276.19677694418
EMP-94864,software engineer,Engineering,,Level-2 (Medium),138435.1716951299
EMP-35252,SOFTWARE ENGINEER,N/A,,Level-3 (High),81901.2183734036
EMP-98022,Software Engineer,Engineering,3.0,Level-2 (Medium),152957.78438070582
EMP-89851,Project Manager,N/A,8.0,Level-2 (Medium),143373.22312109324
EMP-36274,Project Manager,Engineering,8.0,Level-2 (Medium),116990.72174373275
EMP-43275,Software Engineer,Engineering,-2.0,Level-1 (Low),42308.91541339517
EMP-75106,Software Engineer,Engineering,35.0,Level-2 (Medium),148750.60936632156
EMP-41777,Software Engineer,Engineering,1.0,Level-1 (Low),158077.6852537784
EMP-31470,software engineer,Finance,8.0,Level-2 (Medium),72140.40937824524
EMP-64777,data analyst,Marketing,,Level-3 (High),125051.96623642612
EMP-36004,software engineer,Finance,8.0,Level-3 (High),184366.2774015627
EMP-77404,Software Engineer,Finance,3.0,Level-2 (Medium),126937.76846724788
EMP-50674,  Manager  ,Marketing,,Level-2 (Medium),91323.64607617827
EMP-52710,Data Analyst,Finance,3.0,Level-2 (Medium),144538.69395868282
EMP-84091,Data Analyst,Marketing,35.0,Level-3 (High),129031.84810210348
EMP-24233,software engineer,Human Resources,3.0,Level-3 (High),175244.37428758814
EMP-51190,SOFTWARE ENGINEER,Marketing,,Level-2 (Medium),77156.0936370946
EMP-64410,Software Engineer,Engineering,35.0,Level-2 (Medium),158919.7455843109
EMP-58715,Data Analyst,Marketing,8.0,Level-2 (Medium),120676.2825744843
EMP-73079,software engineer,Human Resources,35.0,Level-2 (Medium),34315.69353040414
EMP-91129,Software Engineer,Finance,12.0,Level-2 (Medium),174313.4578991575
EMP-67732,SOFTWARE ENGINEER,Engineering,3.0,Level-1 (Low),70114.78180883628
EMP-43638,software engineer,Marketing,3.0,Level-2 (Medium),82906.09393892704
EMP-40009,data analyst,Engineering,8.0,Level-1 (Low),158477.4354313938
EMP-52656,Data Analyst,N/A,5.0,Level-1 (Low),162098.03995213844
EMP-10290,Data Analyst,Engineering,3.0,Level-1 (Low),102301.24827401357
EMP-88371,Project Manager,Engineering,1.0,Level-2 (Medium),146176.619414925
EMP-99211,software engineer,Finance,1.0,Level-1 (Low),161393.05600688478
EMP-22216,software engineer,Marketing,35.0,Level-3 (High),66954.93609270177
EMP-92352,software engineer,Engineering,3.0,Level-3 (High),48134.337754764776
EMP-91740,software engineer,Engineering,1.0,Level-1 (Low),60696.7559256047
EMP-94195,Project Manager,Marketing,1.0,Level-2 (Medium),157390.56570359526
EMP-33085,Project Manager,Finance,3.0,Level-2 (Medium),63601.062591058
EMP-94933,SOFTWARE ENGINEER,Engineering,5.0,Level-2 (Medium),32250.657845836966
EMP-93328,software engineer,Marketing,1.0,Level-2 (Medium),38049.0197026951
EMP-89218,Data Analyst,Engineering,5.0,Level-2 (Medium),101790.81349946783
EMP-67412,  Manager  ,N/A,1.0,Level-3 (High),83434.91051218545
EMP-83399,Software Engineer,Marketing,35.0,Level-2 (Medium),26956.47446423008
EMP-94893,SOFTWARE ENGINEER,Human Resources,12.0,Level-2 (Medium),180023.76764789646
EMP-11173,data analyst,Marketing,8.0,Level-2 (Medium),120808.1419146838
EMP-32387,Data Analyst,Engineering,12.0,Level-2 (Medium),25230.630839078534
EMP-90226,software engineer,N/A,,Level-2 (Medium),65924.61710338978
EMP-75182,Software Engineer,Finance,8.0,Level-3 (High),75641.5612872022
EMP-35568,,Engineering,12.0,Level-2 (Medium),
EMP-72454,Data Analyst,Engineering,35.0,Level-2 (Medium),33738.44766183638
EMP-96411,UNKNOWN,Finance,35.0,Level-3 (High),75024.94549524179
EMP-94005,software engineer,Marketing,3.0,Level-3 (High),128517.60276423866
EMP-60341,  Manager  ,Engineering,8.0,Level-1 (Low),59746.43382618354
EMP-90870,Project Manager,Human Resources,8.0,MISSING,84467.8239585954
EMP-21423,software engineer,Marketing,8.0,Level-2 (Medium),26460.072668982553
EMP-65423,software engineer,Finance,5.0,Level-3 (High),145151.81805740087
EMP-95123,,Marketing,3.0,Level-2 (Medium),
EMP-69425,  Manager  ,Finance,8.0,Level-1 (Low),181821.68457236578
EMP-25315,SOFTWARE ENGINEER,Marketing,3.0,Level-2 (Medium),91655.63065625384
EMP-49042,Project Manager,Finance,3.0,MISSING,176782.57418049328
EMP-14461,UNKNOWN,Finance,,MISSING,43969.68200671072
EMP-28086,SOFTWARE ENGINEER,Engineering,3.0,MISSING,115407.27445303123
EMP-63388,SOFTWARE ENGINEER,Engineering,8.0,Level-2 (Medium),56253.58661046231
EMP-43194,software engineer,Engineering,1.0,Level-3 (High),156301.46054913968
EMP-71259,Software Engineer,Finance,8.0,Level-2 (Medium),137764.83293106893
EMP-94723,  Manager  ,Finance,5.0,Level-1 (Low),63528.515226520845
EMP-62907,UNKNOWN,Engineering,3.0,Level-3 (High),51152.934944372464
EMP-77966,Data Analyst,Finance,99.0,Level-3 (High),85353.7657981746
EMP-23960,Data Analyst,N/A,,Level-2 (Medium),156540.56405894415
EMP-45354,Data Analyst,Marketing,3.0,Level-1 (Low),102500.11921441669
EMP-26089,,Human Resources,8.0,Level-1 (Low),
EMP-80614,data analyst,Finance,99.0,Level-2 (Medium),162023.32595104713
EMP-75982,software engineer,Marketing,8.0,Level-3 (High),100343.95024246007
EMP-98825,Project Manager,Human Resources,12.0,Level-3 (High),164336.18303527756
EMP-80427,Software Engineer,Engineering,5.0,Level-2 (Medium),73016.74364825728
EMP-18351,software engineer,Engineering,12.0,Level-3 (High),142001.23546293622
EMP-56005,SOFTWARE ENGINEER,Engineering,-2.0,Level-3 (High),123788.42957638706
EMP-40219,UNKNOWN,Marketing,5.0,Level-3 (High),94237.65195402961
EMP-43255,Data Analyst,Finance,12.0,Level-1 (Low),40556.57107147553
EMP-31476,Software Engineer,Human Resources,5.0,Level-3 (High),25466.84385707529
EMP-11479,Data Analyst,Engineering,5.0,Level-3 (High),131896.14574083843
EMP-20997,UNKNOWN,Human Resources,3.0,Level-2 (Medium),117435.99929273673
EMP-76320,data analyst,Finance,12.0,Level-2 (Medium),132905.17430970882
EMP-74601,SOFTWARE ENGINEER,Finance,1.0,Level-3 (High),144265.77397884682
EMP-52701,Data Analyst,Finance,5.0,Level-2 (Medium),137885.67110474972
EMP-53705,Software Engineer,Finance,8.0,Level-2 (Medium),153145.85124188627
EMP-98487,SOFTWARE ENGINEER,Engineering,8.0,Level-3 (High),105850.4419308661
EMP-29776,Software Engineer,Finance,5.0,Level-3 (High),53593.72219346936
EMP-27630,Software Engineer,Marketing,1.0,Level-2 (Medium),104912.8621297457
EMP-43002,software engineer,Finance,5.0,Level-1 (Low),136841.76325638723
EMP-16278,Data Analyst,Finance,5.0,Level-2 (Medium),184611.62422693652
EMP-18635,Data Analyst,Marketing,35.0,Level-2 (Medium),29374.10021270795
EMP-71779,Project Manager,Finance,8.0,Level-2 (Medium),113141.99043689504
EMP-28416,Software Engineer,Finance,35.0,Level-2 (Medium),52486.557962682506
EMP-68627,Software Engineer,Engineering,5.0,Level-3 (High),39586.2615724089
EMP-71726,Software Engineer,Human Resources,3.0,Level-1 (Low),184886.0724786274
EMP-54171,data analyst,Human Resources,1.0,Level-1 (Low),88640.3013912539
EMP-38230,software engineer,Finance,12.0,Level-2 (Medium),121707.70134342654
EMP-92547,software engineer,Marketing,12.0,Level-2 (Medium),158617.01671537958
EMP-18897,Data Analyst,Engineering,35.0,Level-3 (High),141105.5153210031
EMP-15208,SOFTWARE ENGINEER,Engineering,1.0,Level-2 (Medium),132114.32790841657
EMP-15509,software engineer,Engineering,8.0,Level-2 (Medium),125566.79665911576
EMP-68435,Data Analyst,N/A,3.0,Level-3 (High),61073.64818702923
EMP-35954,Project Manager,Engineering,5.0,MISSING,54549.36937567739
EMP-86745,Software Engineer,Human Resources,1.0,Level-2 (Medium),71238.02525104195
EMP-22114,  Manager  ,Engineering,35.0,Level-2 (Medium),106283.87152886878
EMP-27501,Data Analyst,Engineering,3.0,Level-2 (Medium),95475.22583877938
EMP-15283,data analyst,Engineering,5.0,Level-3 (High),109168.02787460748
EMP-77039,Project Manager,Engineering,3.0,Level-1 (Low),119736.20773812462
EMP-46050,Software Engineer,Human Resources,3.0,Level-3 (High),122874.76008737675
EMP-96459,Data Analyst,Finance,8.0,Level-3 (High),55927.26498036326
EMP-70245,Software Engineer,Engineering,1.0,Level-2 (Medium),91852.89084339025
EMP-64044,Project Manager,Human Resources,1.0,Level-3 (High),179905.7020811636
EMP-88151,Software Engineer,Marketing,8.0,Level-1 (Low),63115.8299737139
EMP-37943,Software Engineer,Engineering,,Level-1 (Low),52142.06255771297
EMP-39897,Project Manager,Human Resources,8.0,Level-1 (Low),117034.9995817985
EMP-83361,SOFTWARE ENGINEER,Human Resources,3.0,Level-1 (Low),58345.328594612125
EMP-73297,SOFTWARE ENGINEER,Human Resources,3.0,Level-1 (Low),113039.16441374503
EMP-75479,,Engineering,5.0,Level-2 (Medium),
EMP-35484,Software Engineer,Marketing,3.0,Level-2 (Medium),89001.83020691492
EMP-11721,software engineer,Engineering,3.0,Level-3 (High),183884.75131936252
EMP-49965,Software Engineer,Finance,8.0,Level-2 (Medium),67816.05742680334
EMP-81778,Data Analyst,Engineering,3.0,MISSING,36522.038633461096
EMP-77430,Project Manager,N/A,5.0,MISSING,130730.24384581554
EMP-79647,data analyst,Marketing,1.0,Level-1 (Low),148134.33686342975
EMP-85773,  Manager  ,Marketing,8.0,Level-2 (Medium),58788.366698378704
EMP-67559,Project Manager,Engineering,12.0,Level-3 (High),106258.5030929309
EMP-89878,Data Analyst,Marketing,99.0,Level-2 (Medium),150541.25318164472
EMP-89830,software engineer,Finance,35.0,MISSING,55919.63176856375
EMP-39008,Project Manager,Human Resources,8.0,Level-3 (High),105933.96223827485
EMP-62076,Data Analyst,Marketing,8.0,Level-2 (Medium),183411.4444143603
EMP-31292,data analyst,Finance,99.0,Level-3 (High),26938.576557404907
EMP-36146,Data Analyst,Marketing,5.0,Level-2 (Medium),36479.19452692188
EMP-66516,Software Engineer,Marketing,1.0,Level-1 (Low),87196.63243798004
EMP-71434,Project Manager,Engineering,12.0,Level-1 (Low),133234.6661545231
EMP-84165,Data Analyst,Human Resources,12.0,Level-1 (Low),176260.4895089793
EMP-89838,data analyst,Engineering,,Level-2 (Medium),155207.5163909939
EMP-15164,UNKNOWN,Human Resources,1.0,Level-2 (Medium),28000.968372109084
EMP-65217,Project Manager,Marketing,5.0,Level-1 (Low),112102.68662185394
EMP-14608,software engineer,Human Resources,5.0,Level-1 (Low),112622.47093343356
EMP-88473,software engineer,Engineering,3.0,MISSING,122961.91169527653
EMP-26033,Project Manager,Engineering,8.0,Level-1 (Low),71680.35714658041
EMP-59461,Data Analyst,Human Resources,5.0,Level-1 (Low),36886.23925487546
EMP-26311,data analyst,Finance,8.0,Level-1 (Low),38710.69891569397
EMP-13420,,Human Resources,3.0,Level-1 (Low),
EMP-94681,data analyst,Marketing,5.0,Level-2 (Medium),177144.03333625844
EMP-44473,Data Analyst,Finance,12.0,Level-2 (Medium),99038.93376238468
EMP-92621,SOFTWARE ENGINEER,Marketing,35.0,Level-1 (Low),122475.89837521043
EMP-70328,Data Analyst,Human Resources,-2.0,Level-2 (Medium),93627.54970225849
EMP-61285,UNKNOWN,Finance,3.0,Level-2 (Medium),178181.18071338223
EMP-69483,software engineer,Engineering,3.0,Level-1 (Low),59188.88322862827
EMP-84115,Data Analyst,Engineering,,Level-3 (High),167407.27860191918
EMP-42206,Software Engineer,Finance,1.0,Level-1 (Low),122377.00146609674
EMP-27672,Data Analyst,Marketing,,Level-1 (Low),56722.62985999108
EMP-54716,  Manager  ,Engineering,3.0,Level-3 (High),177007.4397925671
EMP-23811,data analyst,Engineering,1.0,Level-2 (Medium),49785.39379142919
EMP-40391,Software Engineer,Human Resources,1.0,Level-2 (Medium),92407.17339468808
EMP-28098,Project Manager,Marketing,1.0,Level-1 (Low),123199.89127528404
EMP-58380,Project Manager,Engineering,5.0,Level-2 (Medium),181012.50056639686
EMP-67414,Software Engineer,Engineering,1.0,Level-3 (High),124615.52551415453
EMP-21458,software engineer,Engineering,5.0,Level-2 (Medium),57955.59957038588
EMP-85814,UNKNOWN,Marketing,1.0,Level-3 (High),95657.69021433899
EMP-52117,data analyst,Engineering,1.0,Level-3 (High),97495.4682206242
EMP-43780,Data Analyst,Finance,35.0,Level-2 (Medium),124644.49972025662
EMP-86089,Data Analyst,Engineering,35.0,MISSING,106205.89520261728
EMP-95221,Software Engineer,Engineering,5.0,Level-1 (Low),145404.1615825027
EMP-40494,SOFTWARE ENGINEER,Human Resources,35.0,Level-3 (High),135360.92565403783
EMP-29405,  Manager  ,Engineering,35.0,Level-1 (Low),172384.4174939548
EMP-85874,  Manager  ,Engineering,3.0,Level-2 (Medium),79775.32109685749
EMP-87289,data analyst,Finance,12.0,MISSING,144438.12342411542
EMP-33545,Data Analyst,Engineering,8.0,Level-1 (Low),116735.56477129582
EMP-94250,Software Engineer,Marketing,8.0,Level-2 (Medium),120587.69947002565
EMP-15780,Project Manager,Human Resources,5.0,Level-2 (Medium),39345.36842238455
EMP-54363,Software Engineer,N/A,5.0,Level-2 (Medium),166290.03288472188
EMP-65191,Data Analyst,Engineering,35.0,Level-3 (High),116273.17766235679
EMP-27332,SOFTWARE ENGINEER,Engineering,99.0,Level-3 (High),163535.02389632064
EMP-38488,Project Manager,Marketing,12.0,Level-3 (High),123863.03557335085
EMP-51913,data analyst,Engineering,35.0,Level-2 (Medium),40158.58208431816
EMP-76047,software engineer,Human Resources,,MISSING,155418.92414109048
EMP-16994,SOFTWARE ENGINEER,Engineering,8.0,Level-3 (High),67974.38481416891
EMP-41680,SOFTWARE ENGINEER,Engineering,-2.0,Level-1 (Low),84859.99590469911
EMP-41096,software engineer,Engineering,5.0,Level-2 (Medium),80107.9070220633
EMP-15856,Project Manager,Engineering,,Level-1 (Low),80558.5621954705
EMP-17070,Data Analyst,Engineering,8.0,Level-1 (Low),107835.05040929286
EMP-96741,Project Manager,Human Resources,1.0,Level-2 (Medium),28427.273029923334
EMP-94825,Software Engineer,Marketing,1.0,Level-2 (Medium),47732.17848186295
EMP-69846,SOFTWARE ENGINEER,Human Resources,1.0,Level-3 (High),121121.87771751283
EMP-84059,software engineer,Finance,5.0,Level-3 (High),143116.938873092
EMP-79212,Software Engineer,N/A,5.0,Level-1 (Low),131146.25413548478
EMP-79082,  Manager  ,Marketing,3.0,Level-1 (Low),169505.51319375326
EMP-98377,data analyst,Engineering,,Level-2 (Medium),94732.56811963314
EMP-96217,SOFTWARE ENGINEER,Human Resources,5.0,Level-1 (Low),89790.07948513364
EMP-31142,Software Engineer,Finance,,Level-2 (Medium),119402.89569397586
EMP-35248,Project Manager,Engineering,35.0,Level-3 (High),142641.2510234256
EMP-60709,Data Analyst,Marketing,12.0,Level-3 (High),142026.10720055635
EMP-89059,Data Analyst,Engineering,8.0,Level-2 (Medium),76665.0034612173
EMP-85441,UNKNOWN,Finance,12.0,Level-2 (Medium),94500.15663889579
EMP-18192,Software Engineer,Engineering,8.0,Level-2 (Medium),32880.01029764759
EMP-20568,  Manager  ,Human Resources,1.0,Level-2 (Medium),131871.89720955212
EMP-98033,Project Manager,Engineering,3.0,Level-2 (Medium),163113.3864041532
EMP-25051,Data Analyst,Engineering,5.0,Level-3 (High),46327.45437105678
EMP-32311,Software Engineer,Engineering,35.0,Level-3 (High),132441.6274130167
EMP-57868,Project Manager,Engineering,,Level-1 (Low),44922.857497158475
EMP-92033,Project Manager,Human Resources,35.0,Level-2 (Medium),119115.10514876785
EMP-14801,UNKNOWN,Finance,5.0,Level-3 (High),42676.42981905279
EMP-62772,data analyst,Human Resources,12.0,Level-2 (Medium),167620.0845535427
EMP-20369,UNKNOWN,Human Resources,3.0,Level-1 (Low),83060.55881802109
EMP-40353,software engineer,Engineering,3.0,Level-2 (Medium),125019.44516213116
EMP-86978,software engineer,Human Resources,8.0,Level-1 (Low),168771.3777256501
EMP-92689,  Manager  ,Engineering,3.0,Level-2 (Medium),107428.25871743323
EMP-43419,data analyst,Finance,35.0,Level-3 (High),140722.0263025735
EMP-89733,,Human Resources,1.0,Level-2 (Medium),
EMP-78056,Project Manager,Finance,-2.0,MISSING,85667.08390575796
EMP-65064,software engineer,Finance,99.0,Level-2 (Medium),110860.38773347542
EMP-78319,software engineer,Finance,,Level-2 (Medium),96474.28940238303
EMP-74957,Data Analyst,Human Resources,5.0,Level-2 (Medium),28756.47348496889
EMP-29569,Software Engineer,Marketing,3.0,MISSING,166518.73727485188
EMP-34023,software engineer,Finance,8.0,Level-2 (Medium),30371.369392358803
EMP-85705,SOFTWARE ENGINEER,N/A,35.0,Level-2 (Medium),111593.00282020408
EMP-50061,  Manager  ,Finance,12.0,Level-3 (High),170035.05870503394
EMP-52704,Software Engineer,Marketing,35.0,Level-2 (Medium),125548.58034706522
EMP-53707,Data Analyst,Marketing,1.0,Level-2 (Medium),52173.086875011766
EMP-14221,Software Engineer,Engineering,12.0,Level-1 (Low),137766.9348682835
EMP-52945,Project Manager,Marketing,12.0,Level-2 (Medium),60867.9220747115
EMP-92266,,Finance,3.0,Level-1 (Low),
EMP-99932,SOFTWARE ENGINEER,N/A,1.0,Level-1 (Low),150233.1593707765
EMP-28434,Project Manager,Engineering,3.0,Level-2 (Medium),92973.31997647687
EMP-34954,SOFTWARE ENGINEER,Engineering,3.0,Level-1 (Low),55586.192728468595
EMP-78088,Software Engineer,Engineering,5.0,Level-2 (Medium),182452.43695315468
EMP-86266,software engineer,Engineering,1.0,Level-2 (Medium),92421.36865730982
EMP-22121,Software Engineer,Engineering,5.0,Level-2 (Medium),36906.92947115071
EMP-70447,Data Analyst,Finance,3.0,Level-1 (Low),180599.9060249284
EMP-92835,software engineer,Engineering,8.0,Level-1 (Low),55015.05310336999
EMP-56202,Project Manager,Engineering,3.0,Level-3 (High),70690.85721434776
EMP-27188,software engineer,Human Resources,5.0,Level-2 (Medium),116078.42841031404
EMP-45781,Software Engineer,Human Resources,8.0,Level-3 (High),70361.84996237072
EMP-76918,Software Engineer,N/A,5.0,Level-3 (High),33948.45965409919
EMP-72976,software engineer,Engineering,1.0,Level-2 (Medium),28957.424262934062
EMP-38048,Software Engineer,Engineering,5.0,Level-1 (Low),45913.960780845606
EMP-94406,,Engineering,3.0,Level-2 (Medium),
EMP-64653,UNKNOWN,Finance,8.0,Level-2 (Medium),44689.34496733715
EMP-96632,software engineer,Engineering,5.0,Level-3 (High),71990.53540827241
EMP-63812,Project Manager,Human Resources,35.0,Level-3 (High),92703.08393178429
EMP-51751,data analyst,Engineering,3.0,Level-2 (Medium),128002.77284767988
EMP-68536,software engineer,Engineering,12.0,Level-2 (Medium),70202.95299970862
EMP-59069,Software Engineer,Engineering,8.0,Level-3 (High),36713.20950420956
EMP-85397,UNKNOWN,Marketing,1.0,Level-2 (Medium),184778.50149510923
EMP-47062,Data Analyst,Finance,99.0,Level-2 (Medium),154937.4679572545
EMP-97868,SOFTWARE ENGINEER,Finance,35.0,Level-1 (Low),139934.48545617107
EMP-99120,Data Analyst,Engineering,5.0,MISSING,61124.911636707126
EMP-47683,Data Analyst,Human Resources,3.0,Level-1 (Low),48065.173419288185
EMP-47979,Data Analyst,Engineering,35.0,Level-2 (Medium),169426.6767810215
EMP-71881,software engineer,Engineering,35.0,Level-1 (Low),183971.9820053982
EMP-42795,software engineer,Human Resources,5.0,MISSING,45201.15385593957
EMP-99801,  Manager  ,Human Resources,5.0,Level-2 (Medium),159582.37591785876
EMP-85409,software engineer,Engineering,12.0,Level-3 (High),129055.50596477532
EMP-53778,,Human Resources,5.0,Level-2 (Medium),
EMP-19852,data analyst,Engineering,3.0,Level-2 (Medium),138113.62152568233
EMP-72635,  Manager  ,Engineering,1.0,Level-2 (Medium),103560.93013721603
EMP-90117,SOFTWARE ENGINEER,Marketing,8.0,Level-2 (Medium),81221.18821591986
